quality	Set up job	﻿2026-10-05T13:25:57.6102187Z Current runner version: '2.337.0'
quality	Set up job	2026-10-05T13:25:57.6128613Z ##[group]Runner Image Provisioner
quality	Set up job	2026-10-05T13:25:57.6129480Z Hosted Compute Agent
quality	Set up job	2026-10-05T13:25:57.6130137Z Version: 20260901.588
quality	Set up job	2026-10-05T13:25:57.6130795Z Commit: f88ec8081b781fac6c440065ac7ff9e710ce3d0b
quality	Set up job	2026-10-05T13:25:57.6131535Z Build Date: 2026-09-01T19:56:44Z
quality	Set up job	2026-10-05T13:25:57.6132350Z Worker ID: {f0d91e2c-7337-484b-aced-1f671c2018c3}
quality	Set up job	2026-10-05T13:25:57.6133083Z Azure Region: northcentralus
quality	Set up job	2026-10-05T13:25:57.6133728Z ##[endgroup]
quality	Set up job	2026-10-05T13:25:57.6135166Z ##[group]Operating System
quality	Set up job	2026-10-05T13:25:57.6136186Z Ubuntu
quality	Set up job	2026-10-05T13:25:57.6136871Z 24.04.5
quality	Set up job	2026-10-05T13:25:57.6137385Z LTS
quality	Set up job	2026-10-05T13:25:57.6137882Z ##[endgroup]
quality	Set up job	2026-10-05T13:25:57.6138497Z ##[group]Runner Image
quality	Set up job	2026-10-05T13:25:57.6139132Z Image: ubuntu-24.04
quality	Set up job	2026-10-05T13:25:57.6139820Z Version: 20260927.320.1
quality	Set up job	2026-10-05T13:25:57.6140919Z Included Software: https://github.com/actions/runner-images/blob/ubuntu24/20260927.320/images/ubuntu/Ubuntu2404-Readme.md
quality	Set up job	2026-10-05T13:25:57.6142704Z Image Release: https://github.com/actions/runner-images/releases/tag/ubuntu24%2F20260927.320
quality	Set up job	2026-10-05T13:25:57.6143758Z ##[endgroup]
quality	Set up job	2026-10-05T13:25:57.6144882Z ##[group]GITHUB_TOKEN Permissions
quality	Set up job	2026-10-05T13:25:57.6147359Z Contents: read
quality	Set up job	2026-10-05T13:25:57.6148064Z Metadata: read
quality	Set up job	2026-10-05T13:25:57.6148631Z ##[endgroup]
quality	Set up job	2026-10-05T13:25:57.6150957Z Secret source: Actions
quality	Set up job	2026-10-05T13:25:57.6152047Z Cache mode: write
quality	Set up job	2026-10-05T13:25:57.6152931Z Prepare workflow directory
quality	Set up job	2026-10-05T13:25:57.6599562Z Prepare all required actions
quality	Set up job	2026-10-05T13:25:57.6647443Z Getting action download info
quality	Set up job	2026-10-05T13:25:57.9478611Z Download action repository 'actions/checkout@v4' (SHA:11d5960a326750d5838078e36cf38b85af677262)
quality	Set up job	2026-10-05T13:25:58.0483359Z Download action repository 'oven-sh/setup-bun@v2' (SHA:0c5077e51419868618aeaa5fe8019c62421857d6)
quality	Set up job	2026-10-05T13:25:58.3368939Z Download action repository 'actions/upload-artifact@v4' (SHA:ea165f8d65b6e75b540449e92b4886f43607fa02)
quality	Set up job	2026-10-05T13:25:58.5604633Z Complete job name: quality
quality	Initialize containers	﻿2026-10-05T13:25:58.6151891Z ##[group]Checking docker version
quality	Initialize containers	2026-10-05T13:25:58.6164886Z ##[command]/usr/bin/docker version --format '{{.Server.APIVersion}}'
quality	Initialize containers	2026-10-05T13:25:58.7487471Z '1.48'
quality	Initialize containers	2026-10-05T13:25:58.7500560Z Docker daemon API version: '1.48'
quality	Initialize containers	2026-10-05T13:25:58.7501363Z ##[command]/usr/bin/docker version --format '{{.Client.APIVersion}}'
quality	Initialize containers	2026-10-05T13:25:58.7658570Z '1.48'
quality	Initialize containers	2026-10-05T13:25:58.7670897Z Docker client API version: '1.48'
quality	Initialize containers	2026-10-05T13:25:58.7676940Z ##[endgroup]
quality	Initialize containers	2026-10-05T13:25:58.7680281Z ##[group]Clean up resources from previous jobs
quality	Initialize containers	2026-10-05T13:25:58.7685545Z ##[command]/usr/bin/docker ps --all --quiet --no-trunc --filter "label=d6f2a0"
quality	Initialize containers	2026-10-05T13:25:58.7948911Z ##[command]/usr/bin/docker network prune --force --filter "label=d6f2a0"
quality	Initialize containers	2026-10-05T13:25:58.8077499Z ##[endgroup]
quality	Initialize containers	2026-10-05T13:25:58.8078046Z ##[group]Create local container network
quality	Initialize containers	2026-10-05T13:25:58.8088229Z ##[command]/usr/bin/docker network create --label d6f2a0 github_network_4f563a1698fe4989b6591afccbb4aa0f
quality	Initialize containers	2026-10-05T13:25:58.8585375Z d45e239db74056ec6bd24e0562e74e67a9b1f0f8a20d5122a91d56e8e6e04cae
quality	Initialize containers	2026-10-05T13:25:58.8601150Z ##[endgroup]
quality	Initialize containers	2026-10-05T13:25:58.8625925Z ##[group]Starting postgres service container
quality	Initialize containers	2026-10-05T13:25:58.8646148Z ##[command]/usr/bin/docker pull postgres:16
quality	Initialize containers	2026-10-05T13:25:59.2725019Z 16: Pulling from library/postgres
quality	Initialize containers	2026-10-05T13:25:59.3853456Z 6b37362b3da7: Pulling fs layer
quality	Initialize containers	2026-10-05T13:25:59.3854681Z b1fdda8975a0: Pulling fs layer
quality	Initialize containers	2026-10-05T13:25:59.3855999Z 106e7e3cf19a: Pulling fs layer
quality	Initialize containers	2026-10-05T13:25:59.3857087Z ba0e979d0818: Pulling fs layer
quality	Initialize containers	2026-10-05T13:25:59.3858102Z ad29720ebbb9: Pulling fs layer
quality	Initialize containers	2026-10-05T13:25:59.3859374Z 3a749597affc: Pulling fs layer
quality	Initialize containers	2026-10-05T13:25:59.3860410Z 483fb6941c15: Pulling fs layer
quality	Initialize containers	2026-10-05T13:25:59.3861309Z 359ae0fc975d: Pulling fs layer
quality	Initialize containers	2026-10-05T13:25:59.3862468Z 56d4d190ef07: Pulling fs layer
quality	Initialize containers	2026-10-05T13:25:59.3863764Z 74156cf9f063: Pulling fs layer
quality	Initialize containers	2026-10-05T13:25:59.3864700Z f7c7d4dd80ba: Pulling fs layer
quality	Initialize containers	2026-10-05T13:25:59.3866524Z 749acf6dc637: Pulling fs layer
quality	Initialize containers	2026-10-05T13:25:59.3867623Z 4d848243a73e: Pulling fs layer
quality	Initialize containers	2026-10-05T13:25:59.3868505Z 6ad4758748c1: Pulling fs layer
quality	Initialize containers	2026-10-05T13:25:59.3869506Z 3a749597affc: Waiting
quality	Initialize containers	2026-10-05T13:25:59.3870417Z 74156cf9f063: Waiting
quality	Initialize containers	2026-10-05T13:25:59.3871319Z 483fb6941c15: Waiting
quality	Initialize containers	2026-10-05T13:25:59.3872096Z f7c7d4dd80ba: Waiting
quality	Initialize containers	2026-10-05T13:25:59.3873006Z 4d848243a73e: Waiting
quality	Initialize containers	2026-10-05T13:25:59.3873923Z 749acf6dc637: Waiting
quality	Initialize containers	2026-10-05T13:25:59.3874928Z 359ae0fc975d: Waiting
quality	Initialize containers	2026-10-05T13:25:59.3876213Z 56d4d190ef07: Waiting
quality	Initialize containers	2026-10-05T13:25:59.3877305Z 6ad4758748c1: Waiting
quality	Initialize containers	2026-10-05T13:25:59.3878376Z ba0e979d0818: Waiting
quality	Initialize containers	2026-10-05T13:25:59.3879437Z ad29720ebbb9: Waiting
quality	Initialize containers	2026-10-05T13:25:59.4691463Z b1fdda8975a0: Verifying Checksum
quality	Initialize containers	2026-10-05T13:25:59.5623231Z 6b37362b3da7: Verifying Checksum
quality	Initialize containers	2026-10-05T13:25:59.5625421Z 6b37362b3da7: Download complete
quality	Initialize containers	2026-10-05T13:25:59.5696963Z ba0e979d0818: Verifying Checksum
quality	Initialize containers	2026-10-05T13:25:59.6013111Z ba0e979d0818: Download complete
quality	Initialize containers	2026-10-05T13:25:59.6015886Z 106e7e3cf19a: Verifying Checksum
quality	Initialize containers	2026-10-05T13:25:59.6017940Z 106e7e3cf19a: Download complete
quality	Initialize containers	2026-10-05T13:25:59.6627149Z 3a749597affc: Verifying Checksum
quality	Initialize containers	2026-10-05T13:25:59.6646595Z 3a749597affc: Download complete
quality	Initialize containers	2026-10-05T13:25:59.6743736Z 483fb6941c15: Verifying Checksum
quality	Initialize containers	2026-10-05T13:25:59.6752354Z 483fb6941c15: Download complete
quality	Initialize containers	2026-10-05T13:25:59.7368348Z 359ae0fc975d: Verifying Checksum
quality	Initialize containers	2026-10-05T13:25:59.7370801Z 359ae0fc975d: Download complete
quality	Initialize containers	2026-10-05T13:25:59.7950681Z ad29720ebbb9: Verifying Checksum
quality	Initialize containers	2026-10-05T13:25:59.7952386Z ad29720ebbb9: Download complete
quality	Initialize containers	2026-10-05T13:25:59.8116446Z 74156cf9f063: Verifying Checksum
quality	Initialize containers	2026-10-05T13:25:59.8118487Z 74156cf9f063: Download complete
quality	Initialize containers	2026-10-05T13:25:59.8822380Z f7c7d4dd80ba: Verifying Checksum
quality	Initialize containers	2026-10-05T13:25:59.8824568Z f7c7d4dd80ba: Download complete
quality	Initialize containers	2026-10-05T13:25:59.8874607Z 749acf6dc637: Verifying Checksum
quality	Initialize containers	2026-10-05T13:25:59.8877106Z 749acf6dc637: Download complete
quality	Initialize containers	2026-10-05T13:25:59.9602971Z 6ad4758748c1: Verifying Checksum
quality	Initialize containers	2026-10-05T13:25:59.9607218Z 6ad4758748c1: Download complete
quality	Initialize containers	2026-10-05T13:25:59.9611741Z 4d848243a73e: Verifying Checksum
quality	Initialize containers	2026-10-05T13:25:59.9614348Z 4d848243a73e: Download complete
quality	Initialize containers	2026-10-05T13:26:00.1573695Z 56d4d190ef07: Verifying Checksum
quality	Initialize containers	2026-10-05T13:26:00.1574589Z 56d4d190ef07: Download complete
quality	Initialize containers	2026-10-05T13:26:00.7161711Z 6b37362b3da7: Pull complete
quality	Initialize containers	2026-10-05T13:26:01.0037185Z b1fdda8975a0: Pull complete
quality	Initialize containers	2026-10-05T13:26:01.1876472Z 106e7e3cf19a: Pull complete
quality	Initialize containers	2026-10-05T13:26:01.2253599Z ba0e979d0818: Pull complete
quality	Initialize containers	2026-10-05T13:26:01.5307885Z ad29720ebbb9: Pull complete
quality	Initialize containers	2026-10-05T13:26:01.6141358Z 3a749597affc: Pull complete
quality	Initialize containers	2026-10-05T13:26:01.6225057Z 483fb6941c15: Pull complete
quality	Initialize containers	2026-10-05T13:26:01.6334288Z 359ae0fc975d: Pull complete
quality	Initialize containers	2026-10-05T13:26:04.6993723Z 56d4d190ef07: Pull complete
quality	Initialize containers	2026-10-05T13:26:04.7116820Z 74156cf9f063: Pull complete
quality	Initialize containers	2026-10-05T13:26:04.7230989Z f7c7d4dd80ba: Pull complete
quality	Initialize containers	2026-10-05T13:26:04.7307737Z 749acf6dc637: Pull complete
quality	Initialize containers	2026-10-05T13:26:04.7424221Z 4d848243a73e: Pull complete
quality	Initialize containers	2026-10-05T13:26:04.7505223Z 6ad4758748c1: Pull complete
quality	Initialize containers	2026-10-05T13:26:04.7538675Z Digest: sha256:1a6ab3f5345eb6dbe04a1349529caabdb0ab09293a09590fad07b2246bfa4b54
quality	Initialize containers	2026-10-05T13:26:04.7550490Z Status: Downloaded newer image for postgres:16
quality	Initialize containers	2026-10-05T13:26:04.7559059Z docker.io/library/postgres:16
quality	Initialize containers	2026-10-05T13:26:04.7624382Z ##[command]/usr/bin/docker create --name 7b4b54a4e1134c3b93b8fb9f3e65063c_postgres16_afd71e --label d6f2a0 --network github_network_4f563a1698fe4989b6591afccbb4aa0f --network-alias postgres -p 5432:5432 --health-cmd "pg_isready -U postgres" --health-interval 5s --health-timeout 5s --health-retries 10 -e "POSTGRES_HOST_AUTH_METHOD=trust" -e "POSTGRES_DB=crm_build" -e GITHUB_ACTIONS=true -e CI=true postgres:16
quality	Initialize containers	2026-10-05T13:26:04.7961958Z beefd1998b95242e73cf7df2ad5607804368ffadc9fc5a379fd41639d4864254
quality	Initialize containers	2026-10-05T13:26:04.7983712Z ##[command]/usr/bin/docker start beefd1998b95242e73cf7df2ad5607804368ffadc9fc5a379fd41639d4864254
quality	Initialize containers	2026-10-05T13:26:05.0178968Z beefd1998b95242e73cf7df2ad5607804368ffadc9fc5a379fd41639d4864254
quality	Initialize containers	2026-10-05T13:26:05.0204997Z ##[command]/usr/bin/docker ps --all --filter id=beefd1998b95242e73cf7df2ad5607804368ffadc9fc5a379fd41639d4864254 --filter status=running --no-trunc --format "{{.ID}} {{.Status}}"
quality	Initialize containers	2026-10-05T13:26:05.0341992Z beefd1998b95242e73cf7df2ad5607804368ffadc9fc5a379fd41639d4864254 Up Less than a second (health: starting)
quality	Initialize containers	2026-10-05T13:26:05.0360906Z ##[command]/usr/bin/docker port beefd1998b95242e73cf7df2ad5607804368ffadc9fc5a379fd41639d4864254
quality	Initialize containers	2026-10-05T13:26:05.0512375Z 5432/tcp -> 0.0.0.0:5432
quality	Initialize containers	2026-10-05T13:26:05.0513326Z 5432/tcp -> [::]:5432
quality	Initialize containers	2026-10-05T13:26:05.0564066Z ##[endgroup]
quality	Initialize containers	2026-10-05T13:26:05.0572827Z ##[group]Waiting for all services to be ready
quality	Initialize containers	2026-10-05T13:26:05.0586363Z ##[command]/usr/bin/docker inspect --format="{{if .Config.Healthcheck}}{{print .State.Health.Status}}{{end}}" beefd1998b95242e73cf7df2ad5607804368ffadc9fc5a379fd41639d4864254
quality	Initialize containers	2026-10-05T13:26:05.0733856Z starting
quality	Initialize containers	2026-10-05T13:26:05.0754957Z postgres service is starting, waiting 2 seconds before checking again.
quality	Initialize containers	2026-10-05T13:26:07.0754344Z ##[command]/usr/bin/docker inspect --format="{{if .Config.Healthcheck}}{{print .State.Health.Status}}{{end}}" beefd1998b95242e73cf7df2ad5607804368ffadc9fc5a379fd41639d4864254
quality	Initialize containers	2026-10-05T13:26:07.0926250Z starting
quality	Initialize containers	2026-10-05T13:26:07.0938341Z postgres service is starting, waiting 4 seconds before checking again.
quality	Initialize containers	2026-10-05T13:26:11.4829390Z ##[command]/usr/bin/docker inspect --format="{{if .Config.Healthcheck}}{{print .State.Health.Status}}{{end}}" beefd1998b95242e73cf7df2ad5607804368ffadc9fc5a379fd41639d4864254
quality	Initialize containers	2026-10-05T13:26:11.4960385Z healthy
quality	Initialize containers	2026-10-05T13:26:11.4976156Z postgres service is healthy.
quality	Initialize containers	2026-10-05T13:26:11.4976891Z ##[endgroup]
quality	Checkout	﻿2026-10-05T13:26:11.5343271Z ##[group]Run actions/checkout@v4
quality	Checkout	2026-10-05T13:26:11.5343855Z with:
quality	Checkout	2026-10-05T13:26:11.5344115Z   repository: SamandarMansurkhodjaev2713/tayvero
quality	Checkout	2026-10-05T13:26:11.5346849Z   token: ***
quality	Checkout	2026-10-05T13:26:11.5347070Z   ssh-strict: true
quality	Checkout	2026-10-05T13:26:11.5347274Z   ssh-user: git
quality	Checkout	2026-10-05T13:26:11.5347482Z   persist-credentials: true
quality	Checkout	2026-10-05T13:26:11.5347709Z   clean: true
quality	Checkout	2026-10-05T13:26:11.5347916Z   sparse-checkout-cone-mode: true
quality	Checkout	2026-10-05T13:26:11.5348163Z   fetch-depth: 1
quality	Checkout	2026-10-05T13:26:11.5348353Z   fetch-tags: false
quality	Checkout	2026-10-05T13:26:11.5348553Z   show-progress: true
quality	Checkout	2026-10-05T13:26:11.5348753Z   lfs: false
quality	Checkout	2026-10-05T13:26:11.5348933Z   submodules: false
quality	Checkout	2026-10-05T13:26:11.5349146Z   set-safe-directory: true
quality	Checkout	2026-10-05T13:26:11.5349389Z   allow-unsafe-pr-checkout: false
quality	Checkout	2026-10-05T13:26:11.5349860Z env:
quality	Checkout	2026-10-05T13:26:11.5350037Z   CI: true
quality	Checkout	2026-10-05T13:26:11.5350223Z   CRM_TELEMETRY_DISABLED: true
quality	Checkout	2026-10-05T13:26:11.5350555Z   DATABASE_URL: [REDACTED_DATABASE_URL]
quality	Checkout	2026-10-05T13:26:11.5351065Z   TEST_DATABASE_URL: [REDACTED_DATABASE_URL]
quality	Checkout	2026-10-05T13:26:11.5351445Z   ALLOWED_SIGN_IN: example.test
quality	Checkout	2026-10-05T13:26:11.5351721Z   CREDENTIAL_VAULT_ACTIVE_KEY_ID: ci-ephemeral
quality	Checkout	2026-10-05T13:26:11.5352018Z   CREDENTIAL_VAULT_ENFORCE: true
quality	Checkout	2026-10-05T13:26:11.5352254Z ##[endgroup]
quality	Checkout	2026-10-05T13:26:11.6387047Z Syncing repository: SamandarMansurkhodjaev2713/tayvero
quality	Checkout	2026-10-05T13:26:11.6389105Z ##[group]Getting Git version info
quality	Checkout	2026-10-05T13:26:11.6389707Z Working directory is '/home/runner/work/tayvero/tayvero'
quality	Checkout	2026-10-05T13:26:11.6390603Z [command]/usr/bin/git version
quality	Checkout	2026-10-05T13:26:11.6441165Z git version 2.55.0
quality	Checkout	2026-10-05T13:26:11.6465382Z ##[endgroup]
quality	Checkout	2026-10-05T13:26:11.6483077Z Temporarily overriding HOME='/home/runner/work/_temp/ae3af67f-9338-4563-9cd1-b215ab011a9d' before making global git config changes
quality	Checkout	2026-10-05T13:26:11.6486708Z Adding repository directory to the temporary git global config as a safe directory
quality	Checkout	2026-10-05T13:26:11.6490731Z [command]/usr/bin/git config --global --add safe.directory /home/runner/work/tayvero/tayvero
quality	Checkout	2026-10-05T13:26:11.6543953Z Deleting the contents of '/home/runner/work/tayvero/tayvero'
quality	Checkout	2026-10-05T13:26:11.6549366Z ##[group]Initializing the repository
quality	Checkout	2026-10-05T13:26:11.6554294Z [command]/usr/bin/git init /home/runner/work/tayvero/tayvero
quality	Checkout	2026-10-05T13:26:11.6653319Z hint: Using 'master' as the name for the initial branch. This default branch name
quality	Checkout	2026-10-05T13:26:11.6654365Z hint: will change to "main" in Git 3.0. To configure the initial branch name
quality	Checkout	2026-10-05T13:26:11.6655189Z hint: to use in all of your new repositories, which will suppress this warning,
quality	Checkout	2026-10-05T13:26:11.6655614Z hint: call:
quality	Checkout	2026-10-05T13:26:11.6656137Z hint:
quality	Checkout	2026-10-05T13:26:11.6656691Z hint: 	git config --global init.defaultBranch <name>
quality	Checkout	2026-10-05T13:26:11.6657322Z hint:
quality	Checkout	2026-10-05T13:26:11.6657825Z hint: Names commonly chosen instead of 'master' are 'main', 'trunk' and
quality	Checkout	2026-10-05T13:26:11.6658565Z hint: 'development'. The just-created branch can be renamed via this command:
quality	Checkout	2026-10-05T13:26:11.6658996Z hint:
quality	Checkout	2026-10-05T13:26:11.6659204Z hint: 	git branch -m <name>
quality	Checkout	2026-10-05T13:26:11.6659436Z hint:
quality	Checkout	2026-10-05T13:26:11.6659768Z hint: Disable this message with "git config set advice.defaultBranchName false"
quality	Checkout	2026-10-05T13:26:11.6662919Z Initialized empty Git repository in /home/runner/work/tayvero/tayvero/.git/
quality	Checkout	2026-10-05T13:26:11.6675590Z [command]/usr/bin/git remote add origin https://github.com/SamandarMansurkhodjaev2713/tayvero
quality	Checkout	2026-10-05T13:26:11.6724065Z ##[endgroup]
quality	Checkout	2026-10-05T13:26:11.6724698Z ##[group]Disabling automatic garbage collection
quality	Checkout	2026-10-05T13:26:11.6728956Z [command]/usr/bin/git config --local gc.auto 0
quality	Checkout	2026-10-05T13:26:11.6772014Z ##[endgroup]
quality	Checkout	2026-10-05T13:26:11.6772697Z ##[group]Setting up auth
quality	Checkout	2026-10-05T13:26:11.6780694Z [command]/usr/bin/git config --local --name-only --get-regexp core\.sshCommand
quality	Checkout	2026-10-05T13:26:11.6814982Z [command]/usr/bin/git submodule foreach --recursive sh -c "git config --local --name-only --get-regexp 'core\.sshCommand' && git config --local --unset-all 'core.sshCommand' || :"
quality	Checkout	2026-10-05T13:26:11.7214494Z [command]/usr/bin/git config --local --name-only --get-regexp http\.https\:\/\/github\.com\/\.extraheader
quality	Checkout	2026-10-05T13:26:11.7256109Z [command]/usr/bin/git submodule foreach --recursive sh -c "git config --local --name-only --get-regexp 'http\.https\:\/\/github\.com\/\.extraheader' && git config --local --unset-all 'http.https://github.com/.extraheader' || :"
quality	Checkout	2026-10-05T13:26:11.7492721Z [command]/usr/bin/git config --local --name-only --get-regexp ^includeIf\.gitdir:
quality	Checkout	2026-10-05T13:26:11.7530484Z [command]/usr/bin/git submodule foreach --recursive git config --local --show-origin --name-only --get-regexp remote.origin.url
quality	Checkout	2026-10-05T13:26:11.7759832Z [command]/usr/bin/git config --local http.https://github.com/.extraheader AUTHORIZATION: basic ***
quality	Checkout	2026-10-05T13:26:11.7800592Z ##[endgroup]
quality	Checkout	2026-10-05T13:26:11.7801291Z ##[group]Fetching the repository
quality	Checkout	2026-10-05T13:26:11.7810796Z [command]/usr/bin/git -c protocol.version=2 fetch --no-tags --prune --no-recurse-submodules --depth=1 origin +1a9b4e8cb6eb208051e75f4e919739c5cc8cf922:refs/remotes/origin/main
quality	Checkout	2026-10-05T13:26:12.5122122Z From https://github.com/SamandarMansurkhodjaev2713/tayvero
quality	Checkout	2026-10-05T13:26:12.5122867Z  * [new ref]         1a9b4e8cb6eb208051e75f4e919739c5cc8cf922 -> origin/main
quality	Checkout	2026-10-05T13:26:12.5126588Z ##[endgroup]
quality	Checkout	2026-10-05T13:26:12.5127140Z ##[group]Determining the checkout info
quality	Checkout	2026-10-05T13:26:12.5129895Z ##[endgroup]
quality	Checkout	2026-10-05T13:26:12.5136028Z [command]/usr/bin/git sparse-checkout disable
quality	Checkout	2026-10-05T13:26:12.5191417Z [command]/usr/bin/git config --local --unset-all extensions.worktreeConfig
quality	Checkout	2026-10-05T13:26:12.5230991Z ##[group]Checking out the ref
quality	Checkout	2026-10-05T13:26:12.5236980Z [command]/usr/bin/git checkout --progress --force -B main refs/remotes/origin/main
quality	Checkout	2026-10-05T13:26:12.6314580Z Switched to a new branch 'main'
quality	Checkout	2026-10-05T13:26:12.6320708Z branch 'main' set up to track 'origin/main'.
quality	Checkout	2026-10-05T13:26:12.6328597Z ##[endgroup]
quality	Checkout	2026-10-05T13:26:12.6376347Z [command]/usr/bin/git log -1 --format=%H
quality	Checkout	2026-10-05T13:26:12.6403423Z 1a9b4e8cb6eb208051e75f4e919739c5cc8cf922
quality	Set up Bun	﻿2026-10-05T13:26:12.6654509Z ##[group]Run oven-sh/setup-bun@v2
quality	Set up Bun	2026-10-05T13:26:12.6654814Z with:
quality	Set up Bun	2026-10-05T13:26:12.6655010Z   bun-version: 1.3.12
quality	Set up Bun	2026-10-05T13:26:12.6655238Z   no-cache: false
quality	Set up Bun	2026-10-05T13:26:12.6658036Z   token: ***
quality	Set up Bun	2026-10-05T13:26:12.6658240Z env:
quality	Set up Bun	2026-10-05T13:26:12.6658413Z   CI: true
quality	Set up Bun	2026-10-05T13:26:12.6658607Z   CRM_TELEMETRY_DISABLED: true
quality	Set up Bun	2026-10-05T13:26:12.6658945Z   DATABASE_URL: [REDACTED_DATABASE_URL]
quality	Set up Bun	2026-10-05T13:26:12.6659394Z   TEST_DATABASE_URL: [REDACTED_DATABASE_URL]
quality	Set up Bun	2026-10-05T13:26:12.6659772Z   ALLOWED_SIGN_IN: example.test
quality	Set up Bun	2026-10-05T13:26:12.6660048Z   CREDENTIAL_VAULT_ACTIVE_KEY_ID: ci-ephemeral
quality	Set up Bun	2026-10-05T13:26:12.6660353Z   CREDENTIAL_VAULT_ENFORCE: true
quality	Set up Bun	2026-10-05T13:26:12.6660597Z ##[endgroup]
quality	Set up Bun	2026-10-05T13:26:12.9679479Z Downloading a new version of Bun: https://github.com/oven-sh/bun/releases/download/bun-v1.3.12/bun-linux-x64.zip
quality	Set up Bun	2026-10-05T13:26:13.3158937Z [command]/usr/bin/unzip -o -q /home/runner/work/_temp/344bc01c-0291-4104-a902-3d691fa7943b.zip
quality	Set up Bun	2026-10-05T13:26:14.0403090Z [command]/home/runner/.bun/bin/bun --revision
quality	Set up Bun	2026-10-05T13:26:14.0444971Z 1.3.12+700fc117a
quality	Generate job-local keys (not deployment credentials)	﻿2026-10-05T13:26:14.0575598Z ##[group]Run auth_key=$(openssl rand -hex 32)
quality	Generate job-local keys (not deployment credentials)	2026-10-05T13:26:14.0576452Z ^[[36;1mauth_key=$(openssl rand -hex 32)^[[0m
quality	Generate job-local keys (not deployment credentials)	2026-10-05T13:26:14.0576784Z ^[[36;1mbridge_key=$(openssl rand -hex 32)^[[0m
quality	Generate job-local keys (not deployment credentials)	2026-10-05T13:26:14.0577116Z ^[[36;1mvault_key=$(openssl rand -base64 32)^[[0m
quality	Generate job-local keys (not deployment credentials)	2026-10-05T13:26:14.0577469Z ^[[36;1mvault_keys="{\"ci-ephemeral\":\"$vault_key\"}"^[[0m
quality	Generate job-local keys (not deployment credentials)	2026-10-05T13:26:14.0577789Z ^[[36;1mecho "::add-mask::$auth_key"^[[0m
quality	Generate job-local keys (not deployment credentials)	2026-10-05T13:26:14.0578060Z ^[[36;1mecho "::add-mask::$bridge_key"^[[0m
quality	Generate job-local keys (not deployment credentials)	2026-10-05T13:26:14.0578333Z ^[[36;1mecho "::add-mask::$vault_key"^[[0m
quality	Generate job-local keys (not deployment credentials)	2026-10-05T13:26:14.0578603Z ^[[36;1mecho "::add-mask::$vault_keys"^[[0m
quality	Generate job-local keys (not deployment credentials)	2026-10-05T13:26:14.0579215Z ^[[36;1mprintf 'BETTER_AUTH_SECRET=%s\nAGENT_BRIDGE_SECRET=%s\nCREDENTIAL_VAULT_KEYS=%s\n' "$auth_key" "$bridge_key" "$vault_keys" >> "$GITHUB_ENV"^[[0m
quality	Generate job-local keys (not deployment credentials)	2026-10-05T13:26:14.0788123Z shell: /usr/bin/bash --noprofile --norc -e -o pipefail {0}
quality	Generate job-local keys (not deployment credentials)	2026-10-05T13:26:14.0788540Z env:
quality	Generate job-local keys (not deployment credentials)	2026-10-05T13:26:14.0788751Z   CI: true
quality	Generate job-local keys (not deployment credentials)	2026-10-05T13:26:14.0788985Z   CRM_TELEMETRY_DISABLED: true
quality	Generate job-local keys (not deployment credentials)	2026-10-05T13:26:14.0789414Z   DATABASE_URL: [REDACTED_DATABASE_URL]
quality	Generate job-local keys (not deployment credentials)	2026-10-05T13:26:14.0789962Z   TEST_DATABASE_URL: [REDACTED_DATABASE_URL]
quality	Generate job-local keys (not deployment credentials)	2026-10-05T13:26:14.0790421Z   ALLOWED_SIGN_IN: example.test
quality	Generate job-local keys (not deployment credentials)	2026-10-05T13:26:14.0790748Z   CREDENTIAL_VAULT_ACTIVE_KEY_ID: ci-ephemeral
quality	Generate job-local keys (not deployment credentials)	2026-10-05T13:26:14.0791102Z   CREDENTIAL_VAULT_ENFORCE: true
quality	Generate job-local keys (not deployment credentials)	2026-10-05T13:26:14.0791410Z ##[endgroup]
quality	Install dependencies	﻿2026-10-05T13:26:14.1034464Z ##[group]Run bun install --frozen-lockfile
quality	Install dependencies	2026-10-05T13:26:14.1034863Z ^[[36;1mbun install --frozen-lockfile^[[0m
quality	Install dependencies	2026-10-05T13:26:14.1099178Z shell: /usr/bin/bash -e {0}
quality	Install dependencies	2026-10-05T13:26:14.1099443Z env:
quality	Install dependencies	2026-10-05T13:26:14.1099635Z   CI: true
quality	Install dependencies	2026-10-05T13:26:14.1099852Z   CRM_TELEMETRY_DISABLED: true
quality	Install dependencies	2026-10-05T13:26:14.1100199Z   DATABASE_URL: [REDACTED_DATABASE_URL]
quality	Install dependencies	2026-10-05T13:26:14.1100702Z   TEST_DATABASE_URL: [REDACTED_DATABASE_URL]
quality	Install dependencies	2026-10-05T13:26:14.1101101Z   ALLOWED_SIGN_IN: example.test
quality	Install dependencies	2026-10-05T13:26:14.1101394Z   CREDENTIAL_VAULT_ACTIVE_KEY_ID: ci-ephemeral
quality	Install dependencies	2026-10-05T13:26:14.1101720Z   CREDENTIAL_VAULT_ENFORCE: true
quality	Install dependencies	2026-10-05T13:26:14.1102227Z   BETTER_AUTH_SECRET: ***
quality	Install dependencies	2026-10-05T13:26:14.1102649Z   AGENT_BRIDGE_SECRET: ***
quality	Install dependencies	2026-10-05T13:26:14.1103070Z   CREDENTIAL_VAULT_KEYS: ***
quality	Install dependencies	2026-10-05T13:26:14.1103323Z ##[endgroup]
quality	Install dependencies	2026-10-05T13:26:14.1206409Z bun install v1.3.12 (700fc117)
quality	Install dependencies	2026-10-05T13:26:14.1356778Z Resolving dependencies
quality	Install dependencies	2026-10-05T13:26:15.3064806Z Resolved, downloaded and extracted [152]
quality	Install dependencies	2026-10-05T13:26:32.5753564Z
quality	Install dependencies	2026-10-05T13:26:32.5754039Z + @biomejs/biome@2.5.6
quality	Install dependencies	2026-10-05T13:26:32.5754349Z + @oxlint/plugins@1.78.0
quality	Install dependencies	2026-10-05T13:26:32.5754604Z + esbuild@0.25.12
quality	Install dependencies	2026-10-05T13:26:32.5754828Z + knip@6.32.2
quality	Install dependencies	2026-10-05T13:26:32.5755046Z + oxlint@1.78.0
quality	Install dependencies	2026-10-05T13:26:32.5755958Z + turbo@2.10.8
quality	Install dependencies	2026-10-05T13:26:32.5756269Z + typescript@5.9.2 (v7.0.2 available)
quality	Install dependencies	2026-10-05T13:26:32.5756472Z
quality	Install dependencies	2026-10-05T13:26:32.5756580Z 2409 packages installed [18.46s]
quality	Verify disposable pipeline database	﻿2026-10-05T13:26:32.6915910Z ##[group]Run bun run gate:pipeline-postgres
quality	Verify disposable pipeline database	2026-10-05T13:26:32.6916337Z ^[[36;1mbun run gate:pipeline-postgres^[[0m
quality	Verify disposable pipeline database	2026-10-05T13:26:32.6981877Z shell: /usr/bin/bash -e {0}
quality	Verify disposable pipeline database	2026-10-05T13:26:32.6982146Z env:
quality	Verify disposable pipeline database	2026-10-05T13:26:32.6982345Z   CI: true
quality	Verify disposable pipeline database	2026-10-05T13:26:32.6982551Z   CRM_TELEMETRY_DISABLED: true
quality	Verify disposable pipeline database	2026-10-05T13:26:32.6982906Z   DATABASE_URL: [REDACTED_DATABASE_URL]
quality	Verify disposable pipeline database	2026-10-05T13:26:32.6983416Z   TEST_DATABASE_URL: [REDACTED_DATABASE_URL]
quality	Verify disposable pipeline database	2026-10-05T13:26:32.6983851Z   ALLOWED_SIGN_IN: example.test
quality	Verify disposable pipeline database	2026-10-05T13:26:32.6984156Z   CREDENTIAL_VAULT_ACTIVE_KEY_ID: ci-ephemeral
quality	Verify disposable pipeline database	2026-10-05T13:26:32.6984479Z   CREDENTIAL_VAULT_ENFORCE: true
quality	Verify disposable pipeline database	2026-10-05T13:26:32.6985003Z   BETTER_AUTH_SECRET: ***
quality	Verify disposable pipeline database	2026-10-05T13:26:32.6985442Z   AGENT_BRIDGE_SECRET: ***
quality	Verify disposable pipeline database	2026-10-05T13:26:32.6986175Z   CREDENTIAL_VAULT_KEYS: ***
quality	Verify disposable pipeline database	2026-10-05T13:26:32.6986435Z ##[endgroup]
quality	Verify disposable pipeline database	2026-10-05T13:26:32.7085572Z $ node tools/release/run-pipeline-postgres-gate.mjs
quality	Verify disposable pipeline database	2026-10-05T13:26:37.3380091Z {"artifactState":"VERIFIED_CHECKPOINT","criticalChecksPassed":true,"nextScopeId":"CRM-PIPE-SHADOW-READ-006","blockers":[]}
quality	Verify deployed schema agrees with Prisma (read-only)	﻿2026-10-05T13:26:37.3462396Z ##[group]Run bun run --cwd packages/db prisma migrate diff --from-config-datasource --to-schema prisma/schema.prisma --script --exit-code > docs/quality/generated-test-db-schema-diff.sql
quality	Verify deployed schema agrees with Prisma (read-only)	2026-10-05T13:26:37.3463822Z ^[[36;1mbun run --cwd packages/db prisma migrate diff --from-config-datasource --to-schema prisma/schema.prisma --script --exit-code > docs/quality/generated-test-db-schema-diff.sql^[[0m
quality	Verify deployed schema agrees with Prisma (read-only)	2026-10-05T13:26:37.3533824Z shell: /usr/bin/bash -e {0}
quality	Verify deployed schema agrees with Prisma (read-only)	2026-10-05T13:26:37.3534095Z env:
quality	Verify deployed schema agrees with Prisma (read-only)	2026-10-05T13:26:37.3534293Z   CI: true
quality	Verify deployed schema agrees with Prisma (read-only)	2026-10-05T13:26:37.3534501Z   CRM_TELEMETRY_DISABLED: true
quality	Verify deployed schema agrees with Prisma (read-only)	2026-10-05T13:26:37.3534904Z   DATABASE_URL: [REDACTED_DATABASE_URL]
quality	Verify deployed schema agrees with Prisma (read-only)	2026-10-05T13:26:37.3535446Z   TEST_DATABASE_URL: [REDACTED_DATABASE_URL]
quality	Verify deployed schema agrees with Prisma (read-only)	2026-10-05T13:26:37.3536228Z   ALLOWED_SIGN_IN: example.test
quality	Verify deployed schema agrees with Prisma (read-only)	2026-10-05T13:26:37.3536546Z   CREDENTIAL_VAULT_ACTIVE_KEY_ID: ci-ephemeral
quality	Verify deployed schema agrees with Prisma (read-only)	2026-10-05T13:26:37.3536872Z   CREDENTIAL_VAULT_ENFORCE: true
quality	Verify deployed schema agrees with Prisma (read-only)	2026-10-05T13:26:37.3537413Z   BETTER_AUTH_SECRET: ***
quality	Verify deployed schema agrees with Prisma (read-only)	2026-10-05T13:26:37.3537891Z   AGENT_BRIDGE_SECRET: ***
quality	Verify deployed schema agrees with Prisma (read-only)	2026-10-05T13:26:37.3538347Z   CREDENTIAL_VAULT_KEYS: ***
quality	Verify deployed schema agrees with Prisma (read-only)	2026-10-05T13:26:37.3538596Z ##[endgroup]
quality	Verify deployed schema agrees with Prisma (read-only)	2026-10-05T13:26:38.1422172Z Loaded Prisma config from prisma.config.ts.
quality	Verify deployed schema agrees with Prisma (read-only)	2026-10-05T13:26:38.1422683Z
quality	Verify disposable migration and approval database	﻿2026-10-05T13:26:38.4939847Z ##[group]Run bun run gate:operations-postgres
quality	Verify disposable migration and approval database	2026-10-05T13:26:38.4940529Z ^[[36;1mbun run gate:operations-postgres^[[0m
quality	Verify disposable migration and approval database	2026-10-05T13:26:38.5034306Z shell: /usr/bin/bash -e {0}
quality	Verify disposable migration and approval database	2026-10-05T13:26:38.5034753Z env:
quality	Verify disposable migration and approval database	2026-10-05T13:26:38.5035077Z   CI: true
quality	Verify disposable migration and approval database	2026-10-05T13:26:38.5035440Z   CRM_TELEMETRY_DISABLED: true
quality	Verify disposable migration and approval database	2026-10-05T13:26:38.5036279Z   DATABASE_URL: [REDACTED_DATABASE_URL]
quality	Verify disposable migration and approval database	2026-10-05T13:26:38.5037206Z   TEST_DATABASE_URL: [REDACTED_DATABASE_URL]
quality	Verify disposable migration and approval database	2026-10-05T13:26:38.5037978Z   ALLOWED_SIGN_IN: example.test
quality	Verify disposable migration and approval database	2026-10-05T13:26:38.5038507Z   CREDENTIAL_VAULT_ACTIVE_KEY_ID: ci-ephemeral
quality	Verify disposable migration and approval database	2026-10-05T13:26:38.5039083Z   CREDENTIAL_VAULT_ENFORCE: true
quality	Verify disposable migration and approval database	2026-10-05T13:26:38.5040141Z   BETTER_AUTH_SECRET: ***
quality	Verify disposable migration and approval database	2026-10-05T13:26:38.5040949Z   AGENT_BRIDGE_SECRET: ***
quality	Verify disposable migration and approval database	2026-10-05T13:26:38.5041721Z   CREDENTIAL_VAULT_KEYS: ***
quality	Verify disposable migration and approval database	2026-10-05T13:26:38.5042179Z ##[endgroup]
quality	Verify disposable migration and approval database	2026-10-05T13:26:38.5161654Z $ node tools/release/run-operations-postgres-gate.mjs
quality	Verify disposable migration and approval database	2026-10-05T13:26:44.2379262Z {"status":"VERIFIED","blockers":[],"nextScopeId":"MIG-APPROVAL-AUTHENTICATED-E2E-001"}
quality	Run repository quality gate	﻿2026-10-05T13:26:44.2456147Z ##[group]Run bun run quality:gate
quality	Run repository quality gate	2026-10-05T13:26:44.2456734Z ^[[36;1mbun run quality:gate^[[0m
quality	Run repository quality gate	2026-10-05T13:26:44.2519627Z shell: /usr/bin/bash -e {0}
quality	Run repository quality gate	2026-10-05T13:26:44.2519895Z env:
quality	Run repository quality gate	2026-10-05T13:26:44.2520089Z   CI: true
quality	Run repository quality gate	2026-10-05T13:26:44.2520480Z   CRM_TELEMETRY_DISABLED: true
quality	Run repository quality gate	2026-10-05T13:26:44.2520838Z   DATABASE_URL: [REDACTED_DATABASE_URL]
quality	Run repository quality gate	2026-10-05T13:26:44.2521325Z   TEST_DATABASE_URL: [REDACTED_DATABASE_URL]
quality	Run repository quality gate	2026-10-05T13:26:44.2521723Z   ALLOWED_SIGN_IN: example.test
quality	Run repository quality gate	2026-10-05T13:26:44.2522016Z   CREDENTIAL_VAULT_ACTIVE_KEY_ID: ci-ephemeral
quality	Run repository quality gate	2026-10-05T13:26:44.2522328Z   CREDENTIAL_VAULT_ENFORCE: true
quality	Run repository quality gate	2026-10-05T13:26:44.2522826Z   BETTER_AUTH_SECRET: ***
quality	Run repository quality gate	2026-10-05T13:26:44.2523256Z   AGENT_BRIDGE_SECRET: ***
quality	Run repository quality gate	2026-10-05T13:26:44.2523677Z   CREDENTIAL_VAULT_KEYS: ***
quality	Run repository quality gate	2026-10-05T13:26:44.2523930Z ##[endgroup]
quality	Run repository quality gate	2026-10-05T13:26:44.2620296Z $ node scripts/quality-gate.mjs && bun run security:gate
quality	Run repository quality gate	2026-10-05T13:26:44.2908378Z
quality	Run repository quality gate	2026-10-05T13:26:44.2908797Z > /usr/local/bin/node tools/quality/run-local-tests.mjs
quality	Run repository quality gate	2026-10-05T13:26:44.3874391Z TAP version 13
quality	Run repository quality gate	2026-10-05T13:26:44.5497913Z # Subtest: continuation token admits only the exact session/decision body and preserves principal
quality	Run repository quality gate	2026-10-05T13:26:44.5506744Z ok 1 - continuation token admits only the exact session/decision body and preserves principal
quality	Run repository quality gate	2026-10-05T13:26:44.5507533Z   ---
quality	Run repository quality gate	2026-10-05T13:26:44.5507861Z   duration_ms: 12.63043
quality	Run repository quality gate	2026-10-05T13:26:44.5508266Z   type: 'test'
quality	Run repository quality gate	2026-10-05T13:26:44.5508578Z   ...
quality	Run repository quality gate	2026-10-05T13:26:44.5516945Z # Subtest: session/create/general token, altered body, verb, signature and time are rejected before admission
quality	Run repository quality gate	2026-10-05T13:26:44.5536828Z ok 2 - session/create/general token, altered body, verb, signature and time are rejected before admission
quality	Run repository quality gate	2026-10-05T13:26:44.5538014Z   ---
quality	Run repository quality gate	2026-10-05T13:26:44.5538533Z   duration_ms: 7.439419
quality	Run repository quality gate	2026-10-05T13:26:44.5539123Z   type: 'test'
quality	Run repository quality gate	2026-10-05T13:26:44.5539632Z   ...
quality	Run repository quality gate	2026-10-05T13:26:44.5540488Z # Subtest: bounded authentication rejects oversized and malicious JSON without creating consent
quality	Run repository quality gate	2026-10-05T13:26:44.5541983Z ok 3 - bounded authentication rejects oversized and malicious JSON without creating consent
quality	Run repository quality gate	2026-10-05T13:26:44.5543046Z   ---
quality	Run repository quality gate	2026-10-05T13:26:44.5543707Z   duration_ms: 2.488556
quality	Run repository quality gate	2026-10-05T13:26:44.5544382Z   type: 'test'
quality	Run repository quality gate	2026-10-05T13:26:44.5544898Z   ...
quality	Run repository quality gate	2026-10-05T13:26:44.5545642Z # Subtest: expired token during bounded body processing does not enter admission
quality	Run repository quality gate	2026-10-05T13:26:44.5546992Z ok 4 - expired token during bounded body processing does not enter admission
quality	Run repository quality gate	2026-10-05T13:26:44.5547895Z   ---
quality	Run repository quality gate	2026-10-05T13:26:44.5548472Z   duration_ms: 1.089198
quality	Run repository quality gate	2026-10-05T13:26:44.5549103Z   type: 'test'
quality	Run repository quality gate	2026-10-05T13:26:44.5549671Z   ...
quality	Run repository quality gate	2026-10-05T13:26:44.5658984Z # Subtest: transport sends one exact ID request on a real loopback HTTP server, never a new session
quality	Run repository quality gate	2026-10-05T13:26:44.5669001Z ok 5 - transport sends one exact ID request on a real loopback HTTP server, never a new session
quality	Run repository quality gate	2026-10-05T13:26:44.5670166Z   ---
quality	Run repository quality gate	2026-10-05T13:26:44.5670690Z   duration_ms: 32.693516
quality	Run repository quality gate	2026-10-05T13:26:44.5671271Z   type: 'test'
quality	Run repository quality gate	2026-10-05T13:26:44.5671752Z   ...
quality	Run repository quality gate	2026-10-05T13:26:44.5672687Z # Subtest: transport rejects untrusted origins, redirects/errors, mismatched acknowledgement and never retries
quality	Run repository quality gate	2026-10-05T13:26:44.5674218Z ok 6 - transport rejects untrusted origins, redirects/errors, mismatched acknowledgement and never retries
quality	Run repository quality gate	2026-10-05T13:26:44.5675252Z   ---
quality	Run repository quality gate	2026-10-05T13:26:44.5675991Z   duration_ms: 1.961209
quality	Run repository quality gate	2026-10-05T13:26:44.5676604Z   type: 'test'
quality	Run repository quality gate	2026-10-05T13:26:44.5677221Z   ...
quality	Run repository quality gate	2026-10-05T13:26:44.6658152Z # Subtest: both native mutation tools preserve disabled-default behavior before parsing optional input
quality	Run repository quality gate	2026-10-05T13:26:44.6659625Z ok 7 - both native mutation tools preserve disabled-default behavior before parsing optional input
quality	Run repository quality gate	2026-10-05T13:26:44.6660531Z   ---
quality	Run repository quality gate	2026-10-05T13:26:44.6660906Z   duration_ms: 1.383899
quality	Run repository quality gate	2026-10-05T13:26:44.6661348Z   type: 'test'
quality	Run repository quality gate	2026-10-05T13:26:44.6661726Z   ...
quality	Run repository quality gate	2026-10-05T13:26:44.6664803Z # Subtest: native event journal observer is wired outside the best-effort audit catch
quality	Run repository quality gate	2026-10-05T13:26:44.6666216Z ok 8 - native event journal observer is wired outside the best-effort audit catch
quality	Run repository quality gate	2026-10-05T13:26:44.6667471Z   ---
quality	Run repository quality gate	2026-10-05T13:26:44.6668204Z   duration_ms: 0.333104
quality	Run repository quality gate	2026-10-05T13:26:44.6668933Z   type: 'test'
quality	Run repository quality gate	2026-10-05T13:26:44.6669933Z   ...
quality	Run repository quality gate	2026-10-05T13:26:44.6672099Z # Subtest: timeout confirmation remains inside the locked transaction and completion cannot skip pending consent
quality	Run repository quality gate	2026-10-05T13:26:44.6675125Z ok 9 - timeout confirmation remains inside the locked transaction and completion cannot skip pending consent
quality	Run repository quality gate	2026-10-05T13:26:44.6676464Z   ---
quality	Run repository quality gate	2026-10-05T13:26:44.6681816Z   duration_ms: 0.365664
quality	Run repository quality gate	2026-10-05T13:26:44.6682268Z   type: 'test'
quality	Run repository quality gate	2026-10-05T13:26:44.6682640Z   ...
quality	Run repository quality gate	2026-10-05T13:26:44.6683580Z # Subtest: strict Turbo development passes the actual application feature/config variable names
quality	Run repository quality gate	2026-10-05T13:26:44.6684997Z ok 10 - strict Turbo development passes the actual application feature/config variable names
quality	Run repository quality gate	2026-10-05T13:26:44.6686417Z   ---
quality	Run repository quality gate	2026-10-05T13:26:44.6687122Z   duration_ms: 0.720138
quality	Run repository quality gate	2026-10-05T13:26:44.6687818Z   type: 'test'
quality	Run repository quality gate	2026-10-05T13:26:44.6688451Z   ...
quality	Run repository quality gate	2026-10-05T13:26:44.7665132Z # Subtest: unset and example-env blank rules preserve the bounded deployed manifest policy
quality	Run repository quality gate	2026-10-05T13:26:44.7667075Z ok 11 - unset and example-env blank rules preserve the bounded deployed manifest policy
quality	Run repository quality gate	2026-10-05T13:26:44.7667943Z   ---
quality	Run repository quality gate	2026-10-05T13:26:44.7668314Z   duration_ms: 0.985454
quality	Run repository quality gate	2026-10-05T13:26:44.7668731Z   type: 'test'
quality	Run repository quality gate	2026-10-05T13:26:44.7668948Z   ...
quality	Run repository quality gate	2026-10-05T13:26:44.7671925Z # Subtest: malformed configuration fails closed, never silently ignores intended restrictions
quality	Run repository quality gate	2026-10-05T13:26:44.7673576Z ok 12 - malformed configuration fails closed, never silently ignores intended restrictions
quality	Run repository quality gate	2026-10-05T13:26:44.7674593Z   ---
quality	Run repository quality gate	2026-10-05T13:26:44.7675016Z   duration_ms: 0.424074
quality	Run repository quality gate	2026-10-05T13:26:44.7675442Z   type: 'test'
quality	Run repository quality gate	2026-10-05T13:26:44.7676210Z   ...
quality	Run repository quality gate	2026-10-05T13:26:44.7678292Z # Subtest: deployment rules and read-only mode cannot be changed with request fields
quality	Run repository quality gate	2026-10-05T13:26:44.7680782Z ok 13 - deployment rules and read-only mode cannot be changed with request fields
quality	Run repository quality gate	2026-10-05T13:26:44.7681920Z   ---
quality	Run repository quality gate	2026-10-05T13:26:44.7682393Z   duration_ms: 0.173785
quality	Run repository quality gate	2026-10-05T13:26:44.7682954Z   type: 'test'
quality	Run repository quality gate	2026-10-05T13:26:44.7683414Z   ...
quality	Run repository quality gate	2026-10-05T13:26:44.8907856Z # Subtest: the dependency-free service core delegates only through the governed executor
quality	Run repository quality gate	2026-10-05T13:26:44.8909768Z ok 14 - the dependency-free service core delegates only through the governed executor
quality	Run repository quality gate	2026-10-05T13:26:44.8910967Z   ---
quality	Run repository quality gate	2026-10-05T13:26:44.8911622Z   duration_ms: 14.548709
quality	Run repository quality gate	2026-10-05T13:26:44.8912375Z   type: 'test'
quality	Run repository quality gate	2026-10-05T13:26:44.8912967Z   ...
quality	Run repository quality gate	2026-10-05T13:26:44.8913652Z # Subtest: the production service composition uses the same governed path
quality	Run repository quality gate	2026-10-05T13:26:44.8915064Z ok 15 - the production service composition uses the same governed path
quality	Run repository quality gate	2026-10-05T13:26:44.8916097Z   ---
quality	Run repository quality gate	2026-10-05T13:26:44.8936953Z   duration_ms: 0.698387
quality	Run repository quality gate	2026-10-05T13:26:44.8937543Z   type: 'test'
quality	Run repository quality gate	2026-10-05T13:26:44.8937932Z   ...
quality	Run repository quality gate	2026-10-05T13:26:44.8938667Z # Subtest: requires an explicit catalog-only registry
quality	Run repository quality gate	2026-10-05T13:26:44.8939561Z ok 16 - requires an explicit catalog-only registry
quality	Run repository quality gate	2026-10-05T13:26:44.8940251Z   ---
quality	Run repository quality gate	2026-10-05T13:26:44.8940755Z   duration_ms: 0.490237
quality	Run repository quality gate	2026-10-05T13:26:44.8941278Z   type: 'test'
quality	Run repository quality gate	2026-10-05T13:26:44.8941776Z   ...
quality	Run repository quality gate	2026-10-05T13:26:44.8942489Z # Subtest: rejects model attempts to provide execution context or control fields
quality	Run repository quality gate	2026-10-05T13:26:44.8943582Z ok 17 - rejects model attempts to provide execution context or control fields
quality	Run repository quality gate	2026-10-05T13:26:44.8944493Z   ---
quality	Run repository quality gate	2026-10-05T13:26:44.8944996Z   duration_ms: 0.490708
quality	Run repository quality gate	2026-10-05T13:26:44.8945454Z   type: 'test'
quality	Run repository quality gate	2026-10-05T13:26:44.8946147Z   ...
quality	Run repository quality gate	2026-10-05T13:26:44.8946732Z # Subtest: rejects invalid input before any action executor side effect
quality	Run repository quality gate	2026-10-05T13:26:44.8947615Z ok 18 - rejects invalid input before any action executor side effect
quality	Run repository quality gate	2026-10-05T13:26:44.8948706Z   ---
quality	Run repository quality gate	2026-10-05T13:26:44.8949098Z   duration_ms: 0.515555
quality	Run repository quality gate	2026-10-05T13:26:44.8949525Z   type: 'test'
quality	Run repository quality gate	2026-10-05T13:26:44.8949890Z   ...
quality	Run repository quality gate	2026-10-05T13:26:44.8950791Z # Subtest: rejects invalid cancellation objects and unknown execution options
quality	Run repository quality gate	2026-10-05T13:26:44.8951769Z ok 19 - rejects invalid cancellation objects and unknown execution options
quality	Run repository quality gate	2026-10-05T13:26:44.8952495Z   ---
quality	Run repository quality gate	2026-10-05T13:26:44.8952856Z   duration_ms: 0.370092
quality	Run repository quality gate	2026-10-05T13:26:44.8953289Z   type: 'test'
quality	Run repository quality gate	2026-10-05T13:26:44.8953654Z   ...
quality	Run repository quality gate	2026-10-05T13:26:44.8954317Z # Subtest: the Prisma composition persists receipts and audit through the governed path
quality	Run repository quality gate	2026-10-05T13:26:44.8955421Z ok 20 - the Prisma composition persists receipts and audit through the governed path
quality	Run repository quality gate	2026-10-05T13:26:44.8956441Z   ---
quality	Run repository quality gate	2026-10-05T13:26:44.8956815Z   duration_ms: 2.787085
quality	Run repository quality gate	2026-10-05T13:26:44.8957221Z   type: 'test'
quality	Run repository quality gate	2026-10-05T13:26:44.8957579Z   ...
quality	Run repository quality gate	2026-10-05T13:26:44.8958212Z # Subtest: the Prisma composition fails fast when governance dependencies are missing
quality	Run repository quality gate	2026-10-05T13:26:44.8959307Z ok 21 - the Prisma composition fails fast when governance dependencies are missing
quality	Run repository quality gate	2026-10-05T13:26:44.8960074Z   ---
quality	Run repository quality gate	2026-10-05T13:26:44.8960441Z   duration_ms: 0.367828
quality	Run repository quality gate	2026-10-05T13:26:44.8960855Z   type: 'test'
quality	Run repository quality gate	2026-10-05T13:26:44.8961336Z   ...
quality	Run repository quality gate	2026-10-05T13:26:45.0487043Z # Subtest: publishes only the two governed external run actions
quality	Run repository quality gate	2026-10-05T13:26:45.0488316Z ok 22 - publishes only the two governed external run actions
quality	Run repository quality gate	2026-10-05T13:26:45.0489296Z   ---
quality	Run repository quality gate	2026-10-05T13:26:45.0490047Z   duration_ms: 32.935769
quality	Run repository quality gate	2026-10-05T13:26:45.0490739Z   type: 'test'
quality	Run repository quality gate	2026-10-05T13:26:45.0491339Z   ...
quality	Run repository quality gate	2026-10-05T13:26:45.0492181Z # Subtest: passes the full governed idempotency envelope to the CRM side effect
quality	Run repository quality gate	2026-10-05T13:26:45.0493422Z ok 23 - passes the full governed idempotency envelope to the CRM side effect
quality	Run repository quality gate	2026-10-05T13:26:45.0494370Z   ---
quality	Run repository quality gate	2026-10-05T13:26:45.0494948Z   duration_ms: 7.024091
quality	Run repository quality gate	2026-10-05T13:26:45.0495625Z   type: 'test'
quality	Run repository quality gate	2026-10-05T13:26:45.0496501Z   ...
quality	Run repository quality gate	2026-10-05T13:26:45.0497419Z # Subtest: replays a completed governed receipt without repeating the business side effect
quality	Run repository quality gate	2026-10-05T13:26:45.0498879Z ok 24 - replays a completed governed receipt without repeating the business side effect
quality	Run repository quality gate	2026-10-05T13:26:45.0499924Z   ---
quality	Run repository quality gate	2026-10-05T13:26:45.0500501Z   duration_ms: 2.172885
quality	Run repository quality gate	2026-10-05T13:26:45.0501138Z   type: 'test'
quality	Run repository quality gate	2026-10-05T13:26:45.0501712Z   ...
quality	Run repository quality gate	2026-10-05T13:26:45.0502426Z # Subtest: rejects reuse of one run call for different business input
quality	Run repository quality gate	2026-10-05T13:26:45.0503524Z ok 25 - rejects reuse of one run call for different business input
quality	Run repository quality gate	2026-10-05T13:26:45.0504392Z   ---
quality	Run repository quality gate	2026-10-05T13:26:45.0504975Z   duration_ms: 2.755826
quality	Run repository quality gate	2026-10-05T13:26:45.0505606Z   type: 'test'
quality	Run repository quality gate	2026-10-05T13:26:45.0506469Z   ...
quality	Run repository quality gate	2026-10-05T13:26:45.0507351Z # Subtest: denies execution before the side effect when object authorization fails
quality	Run repository quality gate	2026-10-05T13:26:45.0508611Z ok 26 - denies execution before the side effect when object authorization fails
quality	Run repository quality gate	2026-10-05T13:26:45.0523997Z   ---
quality	Run repository quality gate	2026-10-05T13:26:45.0531057Z   duration_ms: 1.279424
quality	Run repository quality gate	2026-10-05T13:26:45.0531785Z   type: 'test'
quality	Run repository quality gate	2026-10-05T13:26:45.0532190Z   ...
quality	Run repository quality gate	2026-10-05T13:26:45.0532802Z # Subtest: rejects model/control-field injection and invalid business input
quality	Run repository quality gate	2026-10-05T13:26:45.0533374Z ok 27 - rejects model/control-field injection and invalid business input
quality	Run repository quality gate	2026-10-05T13:26:45.0533790Z   ---
quality	Run repository quality gate	2026-10-05T13:26:45.0533986Z   duration_ms: 1.191058
quality	Run repository quality gate	2026-10-05T13:26:45.0534218Z   type: 'test'
quality	Run repository quality gate	2026-10-05T13:26:45.0534414Z   ...
quality	Run repository quality gate	2026-10-05T13:26:45.0534859Z # Subtest: honors cancellation before acquiring or executing a side effect
quality	Run repository quality gate	2026-10-05T13:26:45.0535396Z ok 28 - honors cancellation before acquiring or executing a side effect
quality	Run repository quality gate	2026-10-05T13:26:45.0536083Z   ---
quality	Run repository quality gate	2026-10-05T13:26:45.0536414Z   duration_ms: 0.67368
quality	Run repository quality gate	2026-10-05T13:26:45.0536779Z   type: 'test'
quality	Run repository quality gate	2026-10-05T13:26:45.0537106Z   ...
quality	Run repository quality gate	2026-10-05T13:26:45.0537652Z # Subtest: routes Slack through the same governed receipt and execution envelope
quality	Run repository quality gate	2026-10-05T13:26:45.0538999Z ok 29 - routes Slack through the same governed receipt and execution envelope
quality	Run repository quality gate	2026-10-05T13:26:45.0539682Z   ---
quality	Run repository quality gate	2026-10-05T13:26:45.0540014Z   duration_ms: 1.547695
quality	Run repository quality gate	2026-10-05T13:26:45.0540645Z   type: 'test'
quality	Run repository quality gate	2026-10-05T13:26:45.0541006Z   ...
quality	Run repository quality gate	2026-10-05T13:26:45.0541634Z # Subtest: rejects accessor-backed request fields without invoking application code
quality	Run repository quality gate	2026-10-05T13:26:45.0542740Z ok 30 - rejects accessor-backed request fields without invoking application code
quality	Run repository quality gate	2026-10-05T13:26:45.0543554Z   ---
quality	Run repository quality gate	2026-10-05T13:26:45.0543911Z   duration_ms: 0.653633
quality	Run repository quality gate	2026-10-05T13:26:45.0544316Z   type: 'test'
quality	Run repository quality gate	2026-10-05T13:26:45.0544675Z   ...
quality	Run repository quality gate	2026-10-05T13:26:45.0545251Z # Subtest: rejects accessor-backed business input without evaluating its getter
quality	Run repository quality gate	2026-10-05T13:26:45.0546623Z ok 31 - rejects accessor-backed business input without evaluating its getter
quality	Run repository quality gate	2026-10-05T13:26:45.0547347Z   ---
quality	Run repository quality gate	2026-10-05T13:26:45.0547712Z   duration_ms: 0.604742
quality	Run repository quality gate	2026-10-05T13:26:45.0548151Z   type: 'test'
quality	Run repository quality gate	2026-10-05T13:26:45.0548502Z   ...
quality	Run repository quality gate	2026-10-05T13:26:45.0549119Z # Subtest: rejects ambiguous identifier separators before deriving an idempotency key
quality	Run repository quality gate	2026-10-05T13:26:45.0550224Z ok 32 - rejects ambiguous identifier separators before deriving an idempotency key
quality	Run repository quality gate	2026-10-05T13:26:45.0558506Z   ---
quality	Run repository quality gate	2026-10-05T13:26:45.0559032Z   duration_ms: 0.58816
quality	Run repository quality gate	2026-10-05T13:26:45.0559603Z   type: 'test'
quality	Run repository quality gate	2026-10-05T13:26:45.0560053Z   ...
quality	Run repository quality gate	2026-10-05T13:26:45.0560742Z # Subtest: rejects malformed policy decisions before acquiring a receipt
quality	Run repository quality gate	2026-10-05T13:26:45.0561827Z ok 33 - rejects malformed policy decisions before acquiring a receipt
quality	Run repository quality gate	2026-10-05T13:26:45.0562722Z   ---
quality	Run repository quality gate	2026-10-05T13:26:45.0563219Z   duration_ms: 0.908169
quality	Run repository quality gate	2026-10-05T13:26:45.0563779Z   type: 'test'
quality	Run repository quality gate	2026-10-05T13:26:45.0564266Z   ...
quality	Run repository quality gate	2026-10-05T13:26:45.0565016Z # Subtest: rejects misspelled runtime dependencies instead of ignoring configuration
quality	Run repository quality gate	2026-10-05T13:26:45.0566547Z ok 34 - rejects misspelled runtime dependencies instead of ignoring configuration
quality	Run repository quality gate	2026-10-05T13:26:45.0567651Z   ---
quality	Run repository quality gate	2026-10-05T13:26:45.0568259Z   duration_ms: 0.326321
quality	Run repository quality gate	2026-10-05T13:26:45.0568673Z   type: 'test'
quality	Run repository quality gate	2026-10-05T13:26:45.0568891Z   ...
quality	Run repository quality gate	2026-10-05T13:26:45.1540727Z # Subtest: agent runner tools invoke only the governed run-action bridge
quality	Run repository quality gate	2026-10-05T13:26:45.1542123Z ok 35 - agent runner tools invoke only the governed run-action bridge
quality	Run repository quality gate	2026-10-05T13:26:45.1543282Z   ---
quality	Run repository quality gate	2026-10-05T13:26:45.1543957Z   duration_ms: 4.652494
quality	Run repository quality gate	2026-10-05T13:26:45.1544489Z   type: 'test'
quality	Run repository quality gate	2026-10-05T13:26:45.1544809Z   ...
quality	Run repository quality gate	2026-10-05T13:26:45.3474307Z # Subtest: the governed bridge is the sole production caller of low-level run side effects
quality	Run repository quality gate	2026-10-05T13:26:45.3476587Z ok 36 - the governed bridge is the sole production caller of low-level run side effects
quality	Run repository quality gate	2026-10-05T13:26:45.3477526Z   ---
quality	Run repository quality gate	2026-10-05T13:26:45.3478028Z   duration_ms: 193.30337
quality	Run repository quality gate	2026-10-05T13:26:45.3492385Z   type: 'test'
quality	Run repository quality gate	2026-10-05T13:26:45.3492764Z   ...
quality	Run repository quality gate	2026-10-05T13:26:45.3493453Z # Subtest: run-runtime requires the governed envelope and no longer exposes legacy entrypoints
quality	Run repository quality gate	2026-10-05T13:26:45.3494502Z ok 37 - run-runtime requires the governed envelope and no longer exposes legacy entrypoints
quality	Run repository quality gate	2026-10-05T13:26:45.3495199Z   ---
quality	Run repository quality gate	2026-10-05T13:26:45.3495413Z   duration_ms: 0.97266
quality	Run repository quality gate	2026-10-05T13:26:45.3495928Z   type: 'test'
quality	Run repository quality gate	2026-10-05T13:26:45.3496268Z   ...
quality	Run repository quality gate	2026-10-05T13:26:45.3496912Z # Subtest: run.summary remains a run-control capability instead of becoming an external side effect
quality	Run repository quality gate	2026-10-05T13:26:45.3497853Z ok 38 - run.summary remains a run-control capability instead of becoming an external side effect
quality	Run repository quality gate	2026-10-05T13:26:45.3498321Z   ---
quality	Run repository quality gate	2026-10-05T13:26:45.3498524Z   duration_ms: 0.922446
quality	Run repository quality gate	2026-10-05T13:26:45.3498751Z   type: 'test'
quality	Run repository quality gate	2026-10-05T13:26:45.3498946Z   ...
quality	Run repository quality gate	2026-10-05T13:26:45.4419970Z # Subtest: timeout selection cannot fail a run that parked after the query snapshot
quality	Run repository quality gate	2026-10-05T13:26:45.4421142Z ok 39 - timeout selection cannot fail a run that parked after the query snapshot
quality	Run repository quality gate	2026-10-05T13:26:45.4421902Z   ---
quality	Run repository quality gate	2026-10-05T13:26:45.4422736Z   duration_ms: 0.881459
quality	Run repository quality gate	2026-10-05T13:26:45.4423170Z   type: 'test'
quality	Run repository quality gate	2026-10-05T13:26:45.4423539Z   ...
quality	Run repository quality gate	2026-10-05T13:26:45.4424274Z # Subtest: resume uses extended execution budget without changing historical startedAt
quality	Run repository quality gate	2026-10-05T13:26:45.4431369Z ok 40 - resume uses extended execution budget without changing historical startedAt
quality	Run repository quality gate	2026-10-05T13:26:45.4432170Z   ---
quality	Run repository quality gate	2026-10-05T13:26:45.4432380Z   duration_ms: 0.168004
quality	Run repository quality gate	2026-10-05T13:26:45.4432622Z   type: 'test'
quality	Run repository quality gate	2026-10-05T13:26:45.4432832Z   ...
quality	Run repository quality gate	2026-10-05T13:26:45.4433189Z # Subtest: cancelled, detached and terminal runs are never timed out by a stale scan
quality	Run repository quality gate	2026-10-05T13:26:45.4433788Z ok 41 - cancelled, detached and terminal runs are never timed out by a stale scan
quality	Run repository quality gate	2026-10-05T13:26:45.4434195Z   ---
quality	Run repository quality gate	2026-10-05T13:26:45.4434390Z   duration_ms: 0.249086
quality	Run repository quality gate	2026-10-05T13:26:45.4434622Z   type: 'test'
quality	Run repository quality gate	2026-10-05T13:26:45.4434813Z   ...
quality	Run repository quality gate	2026-10-05T13:26:45.4435159Z # Subtest: execution budget rejects corrupt configuration and saved deadlines
quality	Run repository quality gate	2026-10-05T13:26:45.4435950Z ok 42 - execution budget rejects corrupt configuration and saved deadlines
quality	Run repository quality gate	2026-10-05T13:26:45.4436491Z   ---
quality	Run repository quality gate	2026-10-05T13:26:45.4436683Z   duration_ms: 0.425977
quality	Run repository quality gate	2026-10-05T13:26:45.4436904Z   type: 'test'
quality	Run repository quality gate	2026-10-05T13:26:45.4437112Z   ...
quality	Run repository quality gate	2026-10-05T13:26:45.6510267Z # Subtest: approved native request traverses real governed executor once, then receipt completes continuation
quality	Run repository quality gate	2026-10-05T13:26:45.6519027Z ok 43 - approved native request traverses real governed executor once, then receipt completes continuation
quality	Run repository quality gate	2026-10-05T13:26:45.6519926Z   ---
quality	Run repository quality gate	2026-10-05T13:26:45.6520287Z   duration_ms: 80.806701
quality	Run repository quality gate	2026-10-05T13:26:45.6520727Z   type: 'test'
quality	Run repository quality gate	2026-10-05T13:26:45.6521097Z   ...
quality	Run repository quality gate	2026-10-05T13:26:45.6717137Z # Subtest: lost native acknowledgement is reconciled from actual runtime receipt without another HTTP request
quality	Run repository quality gate	2026-10-05T13:26:45.6718535Z ok 44 - lost native acknowledgement is reconciled from actual runtime receipt without another HTTP request
quality	Run repository quality gate	2026-10-05T13:26:45.6719395Z   ---
quality	Run repository quality gate	2026-10-05T13:26:45.6719776Z   duration_ms: 26.221237
quality	Run repository quality gate	2026-10-05T13:26:45.6720165Z   type: 'test'
quality	Run repository quality gate	2026-10-05T13:26:45.6720494Z   ...
quality	Run repository quality gate	2026-10-05T13:26:45.8627018Z # Subtest: native child/session/call binding is durable across fresh service instances
quality	Run repository quality gate	2026-10-05T13:26:45.8645938Z ok 45 - native child/session/call binding is durable across fresh service instances
quality	Run repository quality gate	2026-10-05T13:26:45.8668574Z   ---
quality	Run repository quality gate	2026-10-05T13:26:45.8676785Z   duration_ms: 13.948967
quality	Run repository quality gate	2026-10-05T13:26:45.8677805Z   type: 'test'
quality	Run repository quality gate	2026-10-05T13:26:45.8678204Z   ...
quality	Run repository quality gate	2026-10-05T13:26:45.8678843Z # Subtest: consent alone cannot resume before durable native input and waiting boundary
quality	Run repository quality gate	2026-10-05T13:26:45.8679878Z ok 46 - consent alone cannot resume before durable native input and waiting boundary
quality	Run repository quality gate	2026-10-05T13:26:45.8680601Z   ---
quality	Run repository quality gate	2026-10-05T13:26:45.8680940Z   duration_ms: 3.777217
quality	Run repository quality gate	2026-10-05T13:26:45.8681326Z   type: 'test'
quality	Run repository quality gate	2026-10-05T13:26:45.8681667Z   ...
quality	Run repository quality gate	2026-10-05T13:26:45.8682226Z # Subtest: pending consent parks without dispatch and polling is bounded/fair
quality	Run repository quality gate	2026-10-05T13:26:45.8683181Z ok 47 - pending consent parks without dispatch and polling is bounded/fair
quality	Run repository quality gate	2026-10-05T13:26:45.8683853Z   ---
quality	Run repository quality gate	2026-10-05T13:26:45.8699597Z   duration_ms: 4.131931
quality	Run repository quality gate	2026-10-05T13:26:45.8700043Z   type: 'test'
quality	Run repository quality gate	2026-10-05T13:26:45.8700401Z   ...
quality	Run repository quality gate	2026-10-05T13:26:45.8701134Z # Subtest: wrong session, actor workspace, payload, call and native request cannot rebind consent
quality	Run repository quality gate	2026-10-05T13:26:45.8702286Z ok 48 - wrong session, actor workspace, payload, call and native request cannot rebind consent
quality	Run repository quality gate	2026-10-05T13:26:45.8703079Z   ---
quality	Run repository quality gate	2026-10-05T13:26:45.8703407Z   duration_ms: 3.968214
quality	Run repository quality gate	2026-10-05T13:26:45.8703793Z   type: 'test'
quality	Run repository quality gate	2026-10-05T13:26:45.8704125Z   ...
quality	Run repository quality gate	2026-10-05T13:26:45.8704773Z # Subtest: two dispatchers cannot both submit one approval or two calls of the same waiting run
quality	Run repository quality gate	2026-10-05T13:26:45.8706146Z ok 49 - two dispatchers cannot both submit one approval or two calls of the same waiting run
quality	Run repository quality gate	2026-10-05T13:26:45.8706924Z   ---
quality	Run repository quality gate	2026-10-05T13:26:45.8707257Z   duration_ms: 8.254383
quality	Run repository quality gate	2026-10-05T13:26:45.8708072Z   type: 'test'
quality	Run repository quality gate	2026-10-05T13:26:45.8708406Z   ...
quality	Run repository quality gate	2026-10-05T13:26:45.8709041Z # Subtest: lost transport acknowledgement is quarantined; never whole-run/new-key replay
quality	Run repository quality gate	2026-10-05T13:26:45.8710102Z ok 50 - lost transport acknowledgement is quarantined; never whole-run/new-key replay
quality	Run repository quality gate	2026-10-05T13:26:45.8711248Z   ---
quality	Run repository quality gate	2026-10-05T13:26:45.8711580Z   duration_ms: 3.808014
quality	Run repository quality gate	2026-10-05T13:26:45.8711961Z   type: 'test'
quality	Run repository quality gate	2026-10-05T13:26:45.8712301Z   ...
quality	Run repository quality gate	2026-10-05T13:26:45.8712783Z # Subtest: crashed dispatcher lease is quarantined, not reacquired
quality	Run repository quality gate	2026-10-05T13:26:45.8713615Z ok 51 - crashed dispatcher lease is quarantined, not reacquired
quality	Run repository quality gate	2026-10-05T13:26:45.8714227Z   ---
quality	Run repository quality gate	2026-10-05T13:26:45.8714550Z   duration_ms: 5.699593
quality	Run repository quality gate	2026-10-05T13:26:45.8714962Z   type: 'test'
quality	Run repository quality gate	2026-10-05T13:26:45.8715300Z   ...
quality	Run repository quality gate	2026-10-05T13:26:45.8716192Z # Subtest: exact-session mismatch in transport acknowledgement fails closed
quality	Run repository quality gate	2026-10-05T13:26:45.8717140Z ok 52 - exact-session mismatch in transport acknowledgement fails closed
quality	Run repository quality gate	2026-10-05T13:26:45.8717855Z   ---
quality	Run repository quality gate	2026-10-05T13:26:45.8718213Z   duration_ms: 2.567393
quality	Run repository quality gate	2026-10-05T13:26:45.8718631Z   type: 'test'
quality	Run repository quality gate	2026-10-05T13:26:45.8719000Z   ...
quality	Run repository quality gate	2026-10-05T13:26:45.8719582Z # Subtest: expired/rejected/cancelled approval resumes only a native denial
quality	Run repository quality gate	2026-10-05T13:26:45.8720526Z ok 53 - expired/rejected/cancelled approval resumes only a native denial
quality	Run repository quality gate	2026-10-05T13:26:45.8721211Z   ---
quality	Run repository quality gate	2026-10-05T13:26:45.8721576Z   duration_ms: 8.075399
quality	Run repository quality gate	2026-10-05T13:26:45.8722007Z   type: 'test'
quality	Run repository quality gate	2026-10-05T13:26:45.8722375Z   ...
quality	Run repository quality gate	2026-10-05T13:26:45.8723095Z # Subtest: revoked approver denies; revoked requester quarantines; cancellation never dispatches
quality	Run repository quality gate	2026-10-05T13:26:45.8724512Z ok 54 - revoked approver denies; revoked requester quarantines; cancellation never dispatches
quality	Run repository quality gate	2026-10-05T13:26:45.8725336Z   ---
quality	Run repository quality gate	2026-10-05T13:26:45.8725934Z   duration_ms: 5.292953
quality	Run repository quality gate	2026-10-05T13:26:45.8726360Z   type: 'test'
quality	Run repository quality gate	2026-10-05T13:26:45.8726730Z   ...
quality	Run repository quality gate	2026-10-05T13:26:45.8727405Z # Subtest: approval waiting extends only execution deadline; original startedAt is preserved
quality	Run repository quality gate	2026-10-05T13:26:45.8728559Z ok 55 - approval waiting extends only execution deadline; original startedAt is preserved
quality	Run repository quality gate	2026-10-05T13:26:45.8729362Z   ---
quality	Run repository quality gate	2026-10-05T13:26:45.8729728Z   duration_ms: 1.646831
quality	Run repository quality gate	2026-10-05T13:26:45.8730151Z   type: 'test'
quality	Run repository quality gate	2026-10-05T13:26:45.8730521Z   ...
quality	Run repository quality gate	2026-10-05T13:26:45.8731028Z # Subtest: replayed waiting event cannot park a resumed run again
quality	Run repository quality gate	2026-10-05T13:26:45.8731838Z ok 56 - replayed waiting event cannot park a resumed run again
quality	Run repository quality gate	2026-10-05T13:26:45.8732453Z   ---
quality	Run repository quality gate	2026-10-05T13:26:45.8732806Z   duration_ms: 3.156074
quality	Run repository quality gate	2026-10-05T13:26:45.8733201Z   type: 'test'
quality	Run repository quality gate	2026-10-05T13:26:45.8733554Z   ...
quality	Run repository quality gate	2026-10-05T13:26:45.8734189Z # Subtest: audit failure rolls back waiting/dispatch state and produces no delivery
quality	Run repository quality gate	2026-10-05T13:26:45.8735221Z ok 57 - audit failure rolls back waiting/dispatch state and produces no delivery
quality	Run repository quality gate	2026-10-05T13:26:45.8736230Z   ---
quality	Run repository quality gate	2026-10-05T13:26:45.8736597Z   duration_ms: 1.800999
quality	Run repository quality gate	2026-10-05T13:26:45.8737042Z   type: 'test'
quality	Run repository quality gate	2026-10-05T13:26:45.8737405Z   ...
quality	Run repository quality gate	2026-10-05T13:26:45.8738000Z # Subtest: only a successful matching governed receipt closes observed execution
quality	Run repository quality gate	2026-10-05T13:26:45.8739001Z ok 58 - only a successful matching governed receipt closes observed execution
quality	Run repository quality gate	2026-10-05T13:26:45.8739738Z   ---
quality	Run repository quality gate	2026-10-05T13:26:45.8740103Z   duration_ms: 2.895858
quality	Run repository quality gate	2026-10-05T13:26:45.8740513Z   type: 'test'
quality	Run repository quality gate	2026-10-05T13:26:45.8740875Z   ...
quality	Run repository quality gate	2026-10-05T13:26:45.8741644Z # Subtest: native HTTP admission is one-use and rechecks fresh authority without consuming business consent
quality	Run repository quality gate	2026-10-05T13:26:45.8742959Z ok 59 - native HTTP admission is one-use and rechecks fresh authority without consuming business consent
quality	Run repository quality gate	2026-10-05T13:26:45.8743855Z   ---
quality	Run repository quality gate	2026-10-05T13:26:45.8744217Z   duration_ms: 2.840123
quality	Run repository quality gate	2026-10-05T13:26:45.8744626Z   type: 'test'
quality	Run repository quality gate	2026-10-05T13:26:45.8744989Z   ...
quality	Run repository quality gate	2026-10-05T13:26:45.8746024Z # Subtest: late expiry/revocation/cancellation at native admission cannot use earlier dispatch authority
quality	Run repository quality gate	2026-10-05T13:26:45.8747772Z ok 60 - late expiry/revocation/cancellation at native admission cannot use earlier dispatch authority
quality	Run repository quality gate	2026-10-05T13:26:45.8748288Z   ---
quality	Run repository quality gate	2026-10-05T13:26:45.8748495Z   duration_ms: 5.44145
quality	Run repository quality gate	2026-10-05T13:26:45.8748910Z   type: 'test'
quality	Run repository quality gate	2026-10-05T13:26:45.8749115Z   ...
quality	Run repository quality gate	2026-10-05T13:26:45.8749525Z # Subtest: execution budget already exhausted before waiting is not restored by approval
quality	Run repository quality gate	2026-10-05T13:26:45.8750180Z ok 61 - execution budget already exhausted before waiting is not restored by approval
quality	Run repository quality gate	2026-10-05T13:26:45.8750628Z   ---
quality	Run repository quality gate	2026-10-05T13:26:45.8750842Z   duration_ms: 1.617957
quality	Run repository quality gate	2026-10-05T13:26:45.8751090Z   type: 'test'
quality	Run repository quality gate	2026-10-05T13:26:45.8751309Z   ...
quality	Run repository quality gate	2026-10-05T13:26:45.8751742Z # Subtest: scheduled continuation preserves the dispatch principal, never the immutable version editor
quality	Run repository quality gate	2026-10-05T13:26:45.8752500Z ok 62 - scheduled continuation preserves the dispatch principal, never the immutable version editor
quality	Run repository quality gate	2026-10-05T13:26:45.8753004Z   ---
quality	Run repository quality gate	2026-10-05T13:26:45.8753226Z   duration_ms: 1.640389
quality	Run repository quality gate	2026-10-05T13:26:45.8753476Z   type: 'test'
quality	Run repository quality gate	2026-10-05T13:26:45.8753670Z   ...
quality	Run repository quality gate	2026-10-05T13:26:45.8754169Z # Subtest: historical scheduled run principal follows original dispatch, and contradictory manual identity is denied
quality	Run repository quality gate	2026-10-05T13:26:45.8755024Z ok 63 - historical scheduled run principal follows original dispatch, and contradictory manual identity is denied
quality	Run repository quality gate	2026-10-05T13:26:45.8755603Z   ---
quality	Run repository quality gate	2026-10-05T13:26:45.8756129Z   duration_ms: 0.866211
quality	Run repository quality gate	2026-10-05T13:26:45.8756407Z   type: 'test'
quality	Run repository quality gate	2026-10-05T13:26:45.8756635Z   ...
quality	Run repository quality gate	2026-10-05T13:26:46.0675522Z # Subtest: request is immutable, requester-bound and idempotent across service instances
quality	Run repository quality gate	2026-10-05T13:26:46.0677104Z ok 64 - request is immutable, requester-bound and idempotent across service instances
quality	Run repository quality gate	2026-10-05T13:26:46.0677939Z   ---
quality	Run repository quality gate	2026-10-05T13:26:46.0678326Z   duration_ms: 7.026887
quality	Run repository quality gate	2026-10-05T13:26:46.0678761Z   type: 'test'
quality	Run repository quality gate	2026-10-05T13:26:46.0679144Z   ...
quality	Run repository quality gate	2026-10-05T13:26:46.0696698Z # Subtest: no forged tenant or digest is accepted
quality	Run repository quality gate	2026-10-05T13:26:46.0699565Z ok 65 - no forged tenant or digest is accepted
quality	Run repository quality gate	2026-10-05T13:26:46.0703783Z   ---
quality	Run repository quality gate	2026-10-05T13:26:46.0704356Z   duration_ms: 1.032001
quality	Run repository quality gate	2026-10-05T13:26:46.0704758Z   type: 'test'
quality	Run repository quality gate	2026-10-05T13:26:46.0705115Z   ...
quality	Run repository quality gate	2026-10-05T13:26:46.0705844Z # Subtest: queue and decisions require current administrator membership
quality	Run repository quality gate	2026-10-05T13:26:46.0706728Z ok 66 - queue and decisions require current administrator membership
quality	Run repository quality gate	2026-10-05T13:26:46.0707378Z   ---
quality	Run repository quality gate	2026-10-05T13:26:46.0707734Z   duration_ms: 1.657511
quality	Run repository quality gate	2026-10-05T13:26:46.0708158Z   type: 'test'
quality	Run repository quality gate	2026-10-05T13:26:46.0708513Z   ...
quality	Run repository quality gate	2026-10-05T13:26:46.0709140Z # Subtest: self approval is prohibited for both direct human and agent-run requesters
quality	Run repository quality gate	2026-10-05T13:26:46.0710211Z ok 67 - self approval is prohibited for both direct human and agent-run requesters
quality	Run repository quality gate	2026-10-05T13:26:46.0711001Z   ---
quality	Run repository quality gate	2026-10-05T13:26:46.0711405Z   duration_ms: 1.975005
quality	Run repository quality gate	2026-10-05T13:26:46.0711822Z   type: 'test'
quality	Run repository quality gate	2026-10-05T13:26:46.0712194Z   ...
quality	Run repository quality gate	2026-10-05T13:26:46.0712796Z # Subtest: agent run linkage is loaded server-side and inactive runs fail closed
quality	Run repository quality gate	2026-10-05T13:26:46.0713773Z ok 68 - agent run linkage is loaded server-side and inactive runs fail closed
quality	Run repository quality gate	2026-10-05T13:26:46.0714490Z   ---
quality	Run repository quality gate	2026-10-05T13:26:46.0714841Z   duration_ms: 1.175149
quality	Run repository quality gate	2026-10-05T13:26:46.0715249Z   type: 'test'
quality	Run repository quality gate	2026-10-05T13:26:46.0715597Z   ...
quality	Run repository quality gate	2026-10-05T13:26:46.0716498Z # Subtest: approval and audit are atomic; audit failure cannot leave consent behind
quality	Run repository quality gate	2026-10-05T13:26:46.0717508Z ok 69 - approval and audit are atomic; audit failure cannot leave consent behind
quality	Run repository quality gate	2026-10-05T13:26:46.0718222Z   ---
quality	Run repository quality gate	2026-10-05T13:26:46.0718578Z   duration_ms: 1.66814
quality	Run repository quality gate	2026-10-05T13:26:46.0718980Z   type: 'test'
quality	Run repository quality gate	2026-10-05T13:26:46.0719329Z   ...
quality	Run repository quality gate	2026-10-05T13:26:46.0719979Z # Subtest: repeated same decision is idempotent but stale opposite decisions are blocked
quality	Run repository quality gate	2026-10-05T13:26:46.0721049Z ok 70 - repeated same decision is idempotent but stale opposite decisions are blocked
quality	Run repository quality gate	2026-10-05T13:26:46.0722337Z   ---
quality	Run repository quality gate	2026-10-05T13:26:46.0722700Z   duration_ms: 1.603179
quality	Run repository quality gate	2026-10-05T13:26:46.0723111Z   type: 'test'
quality	Run repository quality gate	2026-10-05T13:26:46.0723470Z   ...
quality	Run repository quality gate	2026-10-05T13:26:46.0724079Z # Subtest: expiry is committed and audited instead of rolled back with an exception
quality	Run repository quality gate	2026-10-05T13:26:46.0725388Z ok 71 - expiry is committed and audited instead of rolled back with an exception
quality	Run repository quality gate	2026-10-05T13:26:46.0756595Z   ---
quality	Run repository quality gate	2026-10-05T13:26:46.0756963Z   duration_ms: 1.611475
quality	Run repository quality gate	2026-10-05T13:26:46.0757395Z   type: 'test'
quality	Run repository quality gate	2026-10-05T13:26:46.0757732Z   ...
quality	Run repository quality gate	2026-10-05T13:26:46.0758139Z # Subtest: cannot explicitly expire before deadline
quality	Run repository quality gate	2026-10-05T13:26:46.0758771Z ok 72 - cannot explicitly expire before deadline
quality	Run repository quality gate	2026-10-05T13:26:46.0759282Z   ---
quality	Run repository quality gate	2026-10-05T13:26:46.0759617Z   duration_ms: 1.444312
quality	Run repository quality gate	2026-10-05T13:26:46.0760011Z   type: 'test'
quality	Run repository quality gate	2026-10-05T13:26:46.0760362Z   ...
quality	Run repository quality gate	2026-10-05T13:26:46.0760990Z # Subtest: cannot approve redacted or truncated content without a complete safe preview
quality	Run repository quality gate	2026-10-05T13:26:46.0762003Z ok 73 - cannot approve redacted or truncated content without a complete safe preview
quality	Run repository quality gate	2026-10-05T13:26:46.0762735Z   ---
quality	Run repository quality gate	2026-10-05T13:26:46.0763060Z   duration_ms: 1.841655
quality	Run repository quality gate	2026-10-05T13:26:46.0763432Z   type: 'test'
quality	Run repository quality gate	2026-10-05T13:26:46.0763774Z   ...
quality	Run repository quality gate	2026-10-05T13:26:46.0764343Z # Subtest: approved consent is one-shot and bound to execution key, digest and actor
quality	Run repository quality gate	2026-10-05T13:26:46.0765318Z ok 74 - approved consent is one-shot and bound to execution key, digest and actor
quality	Run repository quality gate	2026-10-05T13:26:46.0766210Z   ---
quality	Run repository quality gate	2026-10-05T13:26:46.0766538Z   duration_ms: 2.034746
quality	Run repository quality gate	2026-10-05T13:26:46.0766910Z   type: 'test'
quality	Run repository quality gate	2026-10-05T13:26:46.0767236Z   ...
quality	Run repository quality gate	2026-10-05T13:26:46.0767773Z # Subtest: revoked approving administrator invalidates unused consent
quality	Run repository quality gate	2026-10-05T13:26:46.0768573Z ok 75 - revoked approving administrator invalidates unused consent
quality	Run repository quality gate	2026-10-05T13:26:46.0769171Z   ---
quality	Run repository quality gate	2026-10-05T13:26:46.0769488Z   duration_ms: 1.190116
quality	Run repository quality gate	2026-10-05T13:26:46.0769863Z   type: 'test'
quality	Run repository quality gate	2026-10-05T13:26:46.0770181Z   ...
quality	Run repository quality gate	2026-10-05T13:26:46.0770750Z # Subtest: consumption audit failure leaves consent unconsumed and executes nothing
quality	Run repository quality gate	2026-10-05T13:26:46.0771737Z ok 76 - consumption audit failure leaves consent unconsumed and executes nothing
quality	Run repository quality gate	2026-10-05T13:26:46.0772422Z   ---
quality	Run repository quality gate	2026-10-05T13:26:46.0772764Z   duration_ms: 1.274183
quality	Run repository quality gate	2026-10-05T13:26:46.0773139Z   type: 'test'
quality	Run repository quality gate	2026-10-05T13:26:46.0773458Z   ...
quality	Run repository quality gate	2026-10-05T13:26:46.0773941Z # Subtest: cancel and reject are terminal and do not start execution
quality	Run repository quality gate	2026-10-05T13:26:46.0774687Z ok 77 - cancel and reject are terminal and do not start execution
quality	Run repository quality gate	2026-10-05T13:26:46.0775272Z   ---
quality	Run repository quality gate	2026-10-05T13:26:46.0775592Z   duration_ms: 2.835335
quality	Run repository quality gate	2026-10-05T13:26:46.0776191Z   type: 'test'
quality	Run repository quality gate	2026-10-05T13:26:46.0776528Z   ...
quality	Run repository quality gate	2026-10-05T13:26:46.0777152Z # Subtest: legacy unbound approvals are visible but cannot be newly approved or consumed
quality	Run repository quality gate	2026-10-05T13:26:46.0778180Z ok 78 - legacy unbound approvals are visible but cannot be newly approved or consumed
quality	Run repository quality gate	2026-10-05T13:26:46.0778910Z   ---
quality	Run repository quality gate	2026-10-05T13:26:46.0779293Z   duration_ms: 1.008187
quality	Run repository quality gate	2026-10-05T13:26:46.0779703Z   type: 'test'
quality	Run repository quality gate	2026-10-05T13:26:46.0780044Z   ...
quality	Run repository quality gate	2026-10-05T13:26:46.0780593Z # Subtest: two decision callers cannot both create conflicting final states
quality	Run repository quality gate	2026-10-05T13:26:46.0781517Z ok 79 - two decision callers cannot both create conflicting final states
quality	Run repository quality gate	2026-10-05T13:26:46.0782200Z   ---
quality	Run repository quality gate	2026-10-05T13:26:46.0782563Z   duration_ms: 1.478105
quality	Run repository quality gate	2026-10-05T13:26:46.0782977Z   type: 'test'
quality	Run repository quality gate	2026-10-05T13:26:46.0783351Z   ...
quality	Run repository quality gate	2026-10-05T13:26:46.0784050Z # Subtest: two consumers cannot both obtain one approval (query-contract double, not database proof)
quality	Run repository quality gate	2026-10-05T13:26:46.0785308Z ok 80 - two consumers cannot both obtain one approval (query-contract double, not database proof)
quality	Run repository quality gate	2026-10-05T13:26:46.0786407Z   ---
quality	Run repository quality gate	2026-10-05T13:26:46.0786773Z   duration_ms: 1.291055
quality	Run repository quality gate	2026-10-05T13:26:46.0787188Z   type: 'test'
quality	Run repository quality gate	2026-10-05T13:26:46.0787538Z   ...
quality	Run repository quality gate	2026-10-05T13:26:46.0788087Z # Subtest: list cursor keeps distinct requests with identical timestamps
quality	Run repository quality gate	2026-10-05T13:26:46.0788970Z ok 81 - list cursor keeps distinct requests with identical timestamps
quality	Run repository quality gate	2026-10-05T13:26:46.0789928Z   ---
quality	Run repository quality gate	2026-10-05T13:26:46.0790299Z   duration_ms: 51.40202
quality	Run repository quality gate	2026-10-05T13:26:46.0790710Z   type: 'test'
quality	Run repository quality gate	2026-10-05T13:26:46.0791324Z   ...
quality	Run repository quality gate	2026-10-05T13:26:46.0791944Z # Subtest: pending expiry filters reflect deadlines even without a scheduled sweeper
quality	Run repository quality gate	2026-10-05T13:26:46.0792981Z ok 82 - pending expiry filters reflect deadlines even without a scheduled sweeper
quality	Run repository quality gate	2026-10-05T13:26:46.0793741Z   ---
quality	Run repository quality gate	2026-10-05T13:26:46.0794097Z   duration_ms: 1.419647
quality	Run repository quality gate	2026-10-05T13:26:46.0794515Z   type: 'test'
quality	Run repository quality gate	2026-10-05T13:26:46.0794869Z   ...
quality	Run repository quality gate	2026-10-05T13:26:46.0795651Z # Subtest: governed executor requests consent, rechecks authorization, consumes once and replays receipt
quality	Run repository quality gate	2026-10-05T13:26:46.0797263Z ok 83 - governed executor requests consent, rechecks authorization, consumes once and replays receipt
quality	Run repository quality gate	2026-10-05T13:26:46.0798164Z   ---
quality	Run repository quality gate	2026-10-05T13:26:46.0798522Z   duration_ms: 5.810211
quality	Run repository quality gate	2026-10-05T13:26:46.0798920Z   type: 'test'
quality	Run repository quality gate	2026-10-05T13:26:46.0799287Z   ...
quality	Run repository quality gate	2026-10-05T13:26:46.0799762Z # Subtest: denied actions never allocate approval requests
quality	Run repository quality gate	2026-10-05T13:26:46.0800485Z ok 84 - denied actions never allocate approval requests
quality	Run repository quality gate	2026-10-05T13:26:46.0801139Z   ---
quality	Run repository quality gate	2026-10-05T13:26:46.0801490Z   duration_ms: 0.378177
quality	Run repository quality gate	2026-10-05T13:26:46.0801890Z   type: 'test'
quality	Run repository quality gate	2026-10-05T13:26:46.0802255Z   ...
quality	Run repository quality gate	2026-10-05T13:26:46.0802942Z # Subtest: expiry uses the current service clock, never a caller-provided backdated timestamp
quality	Run repository quality gate	2026-10-05T13:26:46.0804118Z ok 85 - expiry uses the current service clock, never a caller-provided backdated timestamp
quality	Run repository quality gate	2026-10-05T13:26:46.0804927Z   ---
quality	Run repository quality gate	2026-10-05T13:26:46.0805332Z   duration_ms: 0.739994
quality	Run repository quality gate	2026-10-05T13:26:46.0806000Z   type: 'test'
quality	Run repository quality gate	2026-10-05T13:26:46.0806379Z   ...
quality	Run repository quality gate	2026-10-05T13:26:46.0806962Z # Subtest: approval cannot be consumed if authority queries cross its deadline
quality	Run repository quality gate	2026-10-05T13:26:46.0807944Z ok 86 - approval cannot be consumed if authority queries cross its deadline
quality	Run repository quality gate	2026-10-05T13:26:46.0808982Z   ---
quality	Run repository quality gate	2026-10-05T13:26:46.0809349Z   duration_ms: 0.870268
quality	Run repository quality gate	2026-10-05T13:26:46.0809772Z   type: 'test'
quality	Run repository quality gate	2026-10-05T13:26:46.0810125Z   ...
quality	Run repository quality gate	2026-10-05T13:26:46.0810890Z # Subtest: decision crossing the deadline becomes an audited expiration instead of late consent
quality	Run repository quality gate	2026-10-05T13:26:46.0812096Z ok 87 - decision crossing the deadline becomes an audited expiration instead of late consent
quality	Run repository quality gate	2026-10-05T13:26:46.0812860Z   ---
quality	Run repository quality gate	2026-10-05T13:26:46.0813068Z   duration_ms: 0.624168
quality	Run repository quality gate	2026-10-05T13:26:46.0813297Z   type: 'test'
quality	Run repository quality gate	2026-10-05T13:26:46.0813500Z   ...
quality	Run repository quality gate	2026-10-05T13:26:46.1946821Z # Subtest: clear means no configured signals, not win probability or ROI
quality	Run repository quality gate	2026-10-05T13:26:46.1956653Z ok 88 - clear means no configured signals, not win probability or ROI
quality	Run repository quality gate	2026-10-05T13:26:46.1957400Z   ---
quality	Run repository quality gate	2026-10-05T13:26:46.1957765Z   duration_ms: 15.518704
quality	Run repository quality gate	2026-10-05T13:26:46.1958204Z   type: 'test'
quality	Run repository quality gate	2026-10-05T13:26:46.1958585Z   ...
quality	Run repository quality gate	2026-10-05T13:26:46.1959238Z # Subtest: closed, unqualified and archived records never get an open-deal risk score
quality	Run repository quality gate	2026-10-05T13:26:46.1960368Z ok 89 - closed, unqualified and archived records never get an open-deal risk score
quality	Run repository quality gate	2026-10-05T13:26:46.1961124Z   ---
quality	Run repository quality gate	2026-10-05T13:26:46.1961503Z   duration_ms: 0.563955
quality	Run repository quality gate	2026-10-05T13:26:46.1961939Z   type: 'test'
quality	Run repository quality gate	2026-10-05T13:26:46.1962297Z   ...
quality	Run repository quality gate	2026-10-05T13:26:46.1962901Z # Subtest: every signal points to a recorded source and a reproducible weight
quality	Run repository quality gate	2026-10-05T13:26:46.1963851Z ok 90 - every signal points to a recorded source and a reproducible weight
quality	Run repository quality gate	2026-10-05T13:26:46.1964560Z   ---
quality	Run repository quality gate	2026-10-05T13:26:46.1964913Z   duration_ms: 0.455261
quality	Run repository quality gate	2026-10-05T13:26:46.1965331Z   type: 'test'
quality	Run repository quality gate	2026-10-05T13:26:46.1965953Z   ...
quality	Run repository quality gate	2026-10-05T13:26:46.1966551Z # Subtest: overdue tasks link to the exact activity, not an inferred commitment
quality	Run repository quality gate	2026-10-05T13:26:46.1967512Z ok 91 - overdue tasks link to the exact activity, not an inferred commitment
quality	Run repository quality gate	2026-10-05T13:26:46.1968214Z   ---
quality	Run repository quality gate	2026-10-05T13:26:46.1968575Z   duration_ms: 0.298408
quality	Run repository quality gate	2026-10-05T13:26:46.1968976Z   type: 'test'
quality	Run repository quality gate	2026-10-05T13:26:46.1969786Z   ...
quality	Run repository quality gate	2026-10-05T13:26:46.1970421Z # Subtest: future/missing source timestamps make score unknown, never silently healthy
quality	Run repository quality gate	2026-10-05T13:26:46.1971491Z ok 92 - future/missing source timestamps make score unknown, never silently healthy
quality	Run repository quality gate	2026-10-05T13:26:46.1972499Z   ---
quality	Run repository quality gate	2026-10-05T13:26:46.1972847Z   duration_ms: 0.604832
quality	Run repository quality gate	2026-10-05T13:26:46.1973258Z   type: 'test'
quality	Run repository quality gate	2026-10-05T13:26:46.1973611Z   ...
quality	Run repository quality gate	2026-10-05T13:26:46.1974132Z # Subtest: task snapshot gaps are not reported as absence of a next step
quality	Run repository quality gate	2026-10-05T13:26:46.1974972Z ok 93 - task snapshot gaps are not reported as absence of a next step
quality	Run repository quality gate	2026-10-05T13:26:46.1975614Z   ---
quality	Run repository quality gate	2026-10-05T13:26:46.1976286Z   duration_ms: 0.318967
quality	Run repository quality gate	2026-10-05T13:26:46.1976687Z   type: 'test'
quality	Run repository quality gate	2026-10-05T13:26:46.1977025Z   ...
quality	Run repository quality gate	2026-10-05T13:26:46.1977641Z # Subtest: business-date comparison follows Tashkent midnight rather than UTC midnight
quality	Run repository quality gate	2026-10-05T13:26:46.1978734Z ok 94 - business-date comparison follows Tashkent midnight rather than UTC midnight
quality	Run repository quality gate	2026-10-05T13:26:46.1979503Z   ---
quality	Run repository quality gate	2026-10-05T13:26:46.1979855Z   duration_ms: 0.55045
quality	Run repository quality gate	2026-10-05T13:26:46.1980249Z   type: 'test'
quality	Run repository quality gate	2026-10-05T13:26:46.1980602Z   ...
quality	Run repository quality gate	2026-10-05T13:26:46.1986671Z # Subtest: activity and stage thresholds use complete days without boundary rounding
quality	Run repository quality gate	2026-10-05T13:26:46.1987920Z ok 95 - activity and stage thresholds use complete days without boundary rounding
quality	Run repository quality gate	2026-10-05T13:26:46.1988870Z   ---
quality	Run repository quality gate	2026-10-05T13:26:46.1989480Z   duration_ms: 0.387374
quality	Run repository quality gate	2026-10-05T13:26:46.1990109Z   type: 'test'
quality	Run repository quality gate	2026-10-05T13:26:46.1990600Z   ...
quality	Run repository quality gate	2026-10-05T13:26:46.1991398Z # Subtest: does not mutate the source record and produces deterministic snapshots
quality	Run repository quality gate	2026-10-05T13:26:46.1992491Z ok 96 - does not mutate the source record and produces deterministic snapshots
quality	Run repository quality gate	2026-10-05T13:26:46.1993399Z   ---
quality	Run repository quality gate	2026-10-05T13:26:46.1993878Z   duration_ms: 1.006894
quality	Run repository quality gate	2026-10-05T13:26:46.1994436Z   type: 'test'
quality	Run repository quality gate	2026-10-05T13:26:46.1994960Z   ...
quality	Run repository quality gate	2026-10-05T13:26:46.1996037Z # Subtest: unknown stage semantics and incomplete task records fail closed
quality	Run repository quality gate	2026-10-05T13:26:46.1997256Z ok 97 - unknown stage semantics and incomplete task records fail closed
quality	Run repository quality gate	2026-10-05T13:26:46.1997920Z   ---
quality	Run repository quality gate	2026-10-05T13:26:46.1998243Z   duration_ms: 0.616864
quality	Run repository quality gate	2026-10-05T13:26:46.1998640Z   type: 'test'
quality	Run repository quality gate	2026-10-05T13:26:46.1998995Z   ...
quality	Run repository quality gate	2026-10-05T13:26:46.2898976Z # Subtest: dual-write defaults off and accepts only explicit strict mode
quality	Run repository quality gate	2026-10-05T13:26:46.2901296Z ok 98 - dual-write defaults off and accepts only explicit strict mode
quality	Run repository quality gate	2026-10-05T13:26:46.2902738Z   ---
quality	Run repository quality gate	2026-10-05T13:26:46.2903074Z   duration_ms: 1.123391
quality	Run repository quality gate	2026-10-05T13:26:46.2903468Z   type: 'test'
quality	Run repository quality gate	2026-10-05T13:26:46.2903821Z   ...
quality	Run repository quality gate	2026-10-05T13:26:46.2907427Z # Subtest: plans assignment creation for a backfilled mapping target
quality	Run repository quality gate	2026-10-05T13:26:46.2910139Z ok 99 - plans assignment creation for a backfilled mapping target
quality	Run repository quality gate	2026-10-05T13:26:46.2910747Z   ---
quality	Run repository quality gate	2026-10-05T13:26:46.2911657Z   duration_ms: 0.838799
quality	Run repository quality gate	2026-10-05T13:26:46.2912039Z   type: 'test'
quality	Run repository quality gate	2026-10-05T13:26:46.2912367Z   ...
quality	Run repository quality gate	2026-10-05T13:26:46.2916527Z # Subtest: is idempotent when legacy and sidecar stages already agree
quality	Run repository quality gate	2026-10-05T13:26:46.2917884Z ok 100 - is idempotent when legacy and sidecar stages already agree
quality	Run repository quality gate	2026-10-05T13:26:46.2918586Z   ---
quality	Run repository quality gate	2026-10-05T13:26:46.2919035Z   duration_ms: 0.173796
quality	Run repository quality gate	2026-10-05T13:26:46.2919440Z   type: 'test'
quality	Run repository quality gate	2026-10-05T13:26:46.2919784Z   ...
quality	Run repository quality gate	2026-10-05T13:26:46.2921766Z # Subtest: plans optimistic assignment update when stages drift
quality	Run repository quality gate	2026-10-05T13:26:46.2923371Z ok 101 - plans optimistic assignment update when stages drift
quality	Run repository quality gate	2026-10-05T13:26:46.2924146Z   ---
quality	Run repository quality gate	2026-10-05T13:26:46.2924596Z   duration_ms: 0.165109
quality	Run repository quality gate	2026-10-05T13:26:46.2925131Z   type: 'test'
quality	Run repository quality gate	2026-10-05T13:26:46.2925472Z   ...
quality	Run repository quality gate	2026-10-05T13:26:46.2928215Z # Subtest: fails closed for missing mapping, non-default mapping or semantic mismatch
quality	Run repository quality gate	2026-10-05T13:26:46.2934391Z ok 102 - fails closed for missing mapping, non-default mapping or semantic mismatch
quality	Run repository quality gate	2026-10-05T13:26:46.2935152Z   ---
quality	Run repository quality gate	2026-10-05T13:26:46.2935709Z   duration_ms: 0.359973
quality	Run repository quality gate	2026-10-05T13:26:46.2936720Z   type: 'test'
quality	Run repository quality gate	2026-10-05T13:26:46.2937062Z   ...
quality	Run repository quality gate	2026-10-05T13:26:46.4163134Z # Subtest: privileged operations derive dedicated workspace and recheck current membership
quality	Run repository quality gate	2026-10-05T13:26:46.4164690Z ok 103 - privileged operations derive dedicated workspace and recheck current membership
quality	Run repository quality gate	2026-10-05T13:26:46.4165512Z   ---
quality	Run repository quality gate	2026-10-05T13:26:46.4166188Z   duration_ms: 19.302534
quality	Run repository quality gate	2026-10-05T13:26:46.4166488Z   type: 'test'
quality	Run repository quality gate	2026-10-05T13:26:46.4166699Z   ...
quality	Run repository quality gate	2026-10-05T13:26:46.4342620Z # Subtest: disabled execution is a real server gate, not a disabled UI button
quality	Run repository quality gate	2026-10-05T13:26:46.4343695Z ok 104 - disabled execution is a real server gate, not a disabled UI button
quality	Run repository quality gate	2026-10-05T13:26:46.4344418Z   ---
quality	Run repository quality gate	2026-10-05T13:26:46.4344877Z   duration_ms: 17.98059
quality	Run repository quality gate	2026-10-05T13:26:46.4345365Z   type: 'test'
quality	Run repository quality gate	2026-10-05T13:26:46.4345999Z   ...
quality	Run repository quality gate	2026-10-05T13:26:46.4426064Z # Subtest: upload persists encrypted bytes and preview survives application recreation
quality	Run repository quality gate	2026-10-05T13:26:46.4427252Z ok 105 - upload persists encrypted bytes and preview survives application recreation
quality	Run repository quality gate	2026-10-05T13:26:46.4428036Z   ---
quality	Run repository quality gate	2026-10-05T13:26:46.4428404Z   duration_ms: 8.206692
quality	Run repository quality gate	2026-10-05T13:26:46.4428656Z   type: 'test'
quality	Run repository quality gate	2026-10-05T13:26:46.4428876Z   ...
quality	Run repository quality gate	2026-10-05T13:26:46.4463772Z # Subtest: invalid encoding, canonical base64, large files and XLSX fail before publication
quality	Run repository quality gate	2026-10-05T13:26:46.4465269Z ok 106 - invalid encoding, canonical base64, large files and XLSX fail before publication
quality	Run repository quality gate	2026-10-05T13:26:46.4466454Z   ---
quality	Run repository quality gate	2026-10-05T13:26:46.4467012Z   duration_ms: 3.715241
quality	Run repository quality gate	2026-10-05T13:26:46.4467627Z   type: 'test'
quality	Run repository quality gate	2026-10-05T13:26:46.4468007Z   ...
quality	Run repository quality gate	2026-10-05T13:26:46.4566919Z # Subtest: source fingerprints and cross-workspace source lookups fail closed
quality	Run repository quality gate	2026-10-05T13:26:46.4596808Z ok 107 - source fingerprints and cross-workspace source lookups fail closed
quality	Run repository quality gate	2026-10-05T13:26:46.4600653Z   ---
quality	Run repository quality gate	2026-10-05T13:26:46.4601067Z   duration_ms: 7.446341
quality	Run repository quality gate	2026-10-05T13:26:46.4601505Z   type: 'test'
quality	Run repository quality gate	2026-10-05T13:26:46.4601896Z   ...
quality	Run repository quality gate	2026-10-05T13:26:46.4683385Z # Subtest: mapping cannot assign owner/tenant fields; unsupported deal writes fail
quality	Run repository quality gate	2026-10-05T13:26:46.4684658Z ok 108 - mapping cannot assign owner/tenant fields; unsupported deal writes fail
quality	Run repository quality gate	2026-10-05T13:26:46.4685566Z   ---
quality	Run repository quality gate	2026-10-05T13:26:46.4686367Z   duration_ms: 14.127261
quality	Run repository quality gate	2026-10-05T13:26:46.4686981Z   type: 'test'
quality	Run repository quality gate	2026-10-05T13:26:46.4687495Z   ...
quality	Run repository quality gate	2026-10-05T13:26:46.4795004Z # Subtest: prepare is atomic, idempotent and immutable for the same command
quality	Run repository quality gate	2026-10-05T13:26:46.4796458Z ok 109 - prepare is atomic, idempotent and immutable for the same command
quality	Run repository quality gate	2026-10-05T13:26:46.4797103Z   ---
quality	Run repository quality gate	2026-10-05T13:26:46.4797488Z   duration_ms: 11.498294
quality	Run repository quality gate	2026-10-05T13:26:46.4797997Z   type: 'test'
quality	Run repository quality gate	2026-10-05T13:26:46.4798553Z   ...
quality	Run repository quality gate	2026-10-05T13:26:46.4872668Z # Subtest: preparation failure rolls back job, plan and issues together
quality	Run repository quality gate	2026-10-05T13:26:46.4874028Z ok 110 - preparation failure rolls back job, plan and issues together
quality	Run repository quality gate	2026-10-05T13:26:46.4875242Z   ---
quality	Run repository quality gate	2026-10-05T13:26:46.4875515Z   duration_ms: 7.673996
quality	Run repository quality gate	2026-10-05T13:26:46.4876024Z   type: 'test'
quality	Run repository quality gate	2026-10-05T13:26:46.4876247Z   ...
quality	Run repository quality gate	2026-10-05T13:26:46.5041715Z # Subtest: every valid row gets a receipt in the transaction creating the CRM record
quality	Run repository quality gate	2026-10-05T13:26:46.5043121Z ok 111 - every valid row gets a receipt in the transaction creating the CRM record
quality	Run repository quality gate	2026-10-05T13:26:46.5044031Z   ---
quality	Run repository quality gate	2026-10-05T13:26:46.5045171Z   duration_ms: 16.272675
quality	Run repository quality gate	2026-10-05T13:26:46.5045634Z   type: 'test'
quality	Run repository quality gate	2026-10-05T13:26:46.5046189Z   ...
quality	Run repository quality gate	2026-10-05T13:26:46.5204678Z # Subtest: repeat execution and repeat import never merge or overwrite exact contacts
quality	Run repository quality gate	2026-10-05T13:26:46.5206375Z ok 112 - repeat execution and repeat import never merge or overwrite exact contacts
quality	Run repository quality gate	2026-10-05T13:26:46.5206924Z   ---
quality	Run repository quality gate	2026-10-05T13:26:46.5207146Z   duration_ms: 16.816123
quality	Run repository quality gate	2026-10-05T13:26:46.5207410Z   type: 'test'
quality	Run repository quality gate	2026-10-05T13:26:46.5207635Z   ...
quality	Run repository quality gate	2026-10-05T13:26:46.5345388Z # Subtest: database receipt failure rolls back customer writes before any retry
quality	Run repository quality gate	2026-10-05T13:26:46.5346907Z ok 113 - database receipt failure rolls back customer writes before any retry
quality	Run repository quality gate	2026-10-05T13:26:46.5347494Z   ---
quality	Run repository quality gate	2026-10-05T13:26:46.5347701Z   duration_ms: 12.874396
quality	Run repository quality gate	2026-10-05T13:26:46.5347940Z   type: 'test'
quality	Run repository quality gate	2026-10-05T13:26:46.5348340Z   ...
quality	Run repository quality gate	2026-10-05T13:26:46.5474846Z # Subtest: crash after CRM commit but before batch settlement replays receipts, not writes
quality	Run repository quality gate	2026-10-05T13:26:46.5476387Z ok 114 - crash after CRM commit but before batch settlement replays receipts, not writes
quality	Run repository quality gate	2026-10-05T13:26:46.5476968Z   ---
quality	Run repository quality gate	2026-10-05T13:26:46.5477256Z   duration_ms: 13.829905
quality	Run repository quality gate	2026-10-05T13:26:46.5477646Z   type: 'test'
quality	Run repository quality gate	2026-10-05T13:26:46.5477938Z   ...
quality	Run repository quality gate	2026-10-05T13:26:46.5587264Z # Subtest: invalid rows and in-file duplicates remain separate, paginatable outcomes
quality	Run repository quality gate	2026-10-05T13:26:46.5588427Z ok 115 - invalid rows and in-file duplicates remain separate, paginatable outcomes
quality	Run repository quality gate	2026-10-05T13:26:46.5589224Z   ---
quality	Run repository quality gate	2026-10-05T13:26:46.5589707Z   duration_ms: 11.392685
quality	Run repository quality gate	2026-10-05T13:26:46.5590238Z   type: 'test'
quality	Run repository quality gate	2026-10-05T13:26:46.5590724Z   ...
quality	Run repository quality gate	2026-10-05T13:26:46.5658359Z # Subtest: source and plan tampering prevent writes
quality	Run repository quality gate	2026-10-05T13:26:46.5660830Z ok 116 - source and plan tampering prevent writes
quality	Run repository quality gate	2026-10-05T13:26:46.5661373Z   ---
quality	Run repository quality gate	2026-10-05T13:26:46.5661762Z   duration_ms: 7.053236
quality	Run repository quality gate	2026-10-05T13:26:46.5662085Z   type: 'test'
quality	Run repository quality gate	2026-10-05T13:26:46.5662296Z   ...
quality	Run repository quality gate	2026-10-05T13:26:46.5816197Z # Subtest: membership revocation between preview and execute prevents all writes
quality	Run repository quality gate	2026-10-05T13:26:46.5819572Z ok 117 - membership revocation between preview and execute prevents all writes
quality	Run repository quality gate	2026-10-05T13:26:46.5820149Z   ---
quality	Run repository quality gate	2026-10-05T13:26:46.5820521Z   duration_ms: 15.781575
quality	Run repository quality gate	2026-10-05T13:26:46.5820898Z   type: 'test'
quality	Run repository quality gate	2026-10-05T13:26:46.5821225Z   ...
quality	Run repository quality gate	2026-10-05T13:26:46.5901624Z # Subtest: cancellation is idempotent, stops new batches and does not claim rollback
quality	Run repository quality gate	2026-10-05T13:26:46.5903745Z ok 118 - cancellation is idempotent, stops new batches and does not claim rollback
quality	Run repository quality gate	2026-10-05T13:26:46.5904682Z   ---
quality	Run repository quality gate	2026-10-05T13:26:46.5905173Z   duration_ms: 8.257339
quality	Run repository quality gate	2026-10-05T13:26:46.5905931Z   type: 'test'
quality	Run repository quality gate	2026-10-05T13:26:46.5906419Z   ...
quality	Run repository quality gate	2026-10-05T13:26:46.6034234Z # Subtest: rollback previews first, requires exact confirmation, archives only own unchanged rows
quality	Run repository quality gate	2026-10-05T13:26:46.6035242Z ok 119 - rollback previews first, requires exact confirmation, archives only own unchanged rows
quality	Run repository quality gate	2026-10-05T13:26:46.6035865Z   ---
quality	Run repository quality gate	2026-10-05T13:26:46.6036074Z   duration_ms: 13.218188
quality	Run repository quality gate	2026-10-05T13:26:46.6036315Z   type: 'test'
quality	Run repository quality gate	2026-10-05T13:26:46.6036522Z   ...
quality	Run repository quality gate	2026-10-05T13:26:46.6131753Z # Subtest: rollback will not archive edited or linked CRM records
quality	Run repository quality gate	2026-10-05T13:26:46.6132721Z ok 120 - rollback will not archive edited or linked CRM records
quality	Run repository quality gate	2026-10-05T13:26:46.6133324Z   ---
quality	Run repository quality gate	2026-10-05T13:26:46.6133687Z   duration_ms: 9.862872
quality	Run repository quality gate	2026-10-05T13:26:46.6134076Z   type: 'test'
quality	Run repository quality gate	2026-10-05T13:26:46.6134405Z   ...
quality	Run repository quality gate	2026-10-05T13:26:46.6311905Z # Subtest: sources used by jobs are retained; unused sources can be tombstoned and physically removed
quality	Run repository quality gate	2026-10-05T13:26:46.6313126Z ok 121 - sources used by jobs are retained; unused sources can be tombstoned and physically removed
quality	Run repository quality gate	2026-10-05T13:26:46.6313862Z   ---
quality	Run repository quality gate	2026-10-05T13:26:46.6314342Z   duration_ms: 17.877076
quality	Run repository quality gate	2026-10-05T13:26:46.6314902Z   type: 'test'
quality	Run repository quality gate	2026-10-05T13:26:46.6315336Z   ...
quality	Run repository quality gate	2026-10-05T13:26:46.6408380Z # Subtest: company imports use source evidence and create-only exact duplicate checks
quality	Run repository quality gate	2026-10-05T13:26:46.6409648Z ok 122 - company imports use source evidence and create-only exact duplicate checks
quality	Run repository quality gate	2026-10-05T13:26:46.6410394Z   ---
quality	Run repository quality gate	2026-10-05T13:26:46.6410731Z   duration_ms: 9.805405
quality	Run repository quality gate	2026-10-05T13:26:46.6411110Z   type: 'test'
quality	Run repository quality gate	2026-10-05T13:26:46.6411444Z   ...
quality	Run repository quality gate	2026-10-05T13:26:46.6497384Z # Subtest: report refuses ambiguous row accounting instead of claiming completion
quality	Run repository quality gate	2026-10-05T13:26:46.6498282Z ok 123 - report refuses ambiguous row accounting instead of claiming completion
quality	Run repository quality gate	2026-10-05T13:26:46.6498942Z   ---
quality	Run repository quality gate	2026-10-05T13:26:46.6499397Z   duration_ms: 8.787079
quality	Run repository quality gate	2026-10-05T13:26:46.6500137Z   type: 'test'
quality	Run repository quality gate	2026-10-05T13:26:46.6500591Z   ...
quality	Run repository quality gate	2026-10-05T13:26:46.6618534Z # Subtest: a lease that expires during CRM writes aborts the entire write transaction
quality	Run repository quality gate	2026-10-05T13:26:46.6620776Z ok 124 - a lease that expires during CRM writes aborts the entire write transaction
quality	Run repository quality gate	2026-10-05T13:26:46.6621782Z   ---
quality	Run repository quality gate	2026-10-05T13:26:46.6622048Z   duration_ms: 12.046458
quality	Run repository quality gate	2026-10-05T13:26:46.6622350Z   type: 'test'
quality	Run repository quality gate	2026-10-05T13:26:46.6622708Z   ...
quality	Run repository quality gate	2026-10-05T13:26:46.6708682Z # Subtest: distinct contacts matching email and phone are rejected, never silently merged
quality	Run repository quality gate	2026-10-05T13:26:46.6711107Z ok 125 - distinct contacts matching email and phone are rejected, never silently merged
quality	Run repository quality gate	2026-10-05T13:26:46.6711865Z   ---
quality	Run repository quality gate	2026-10-05T13:26:46.6712102Z   duration_ms: 9.042989
quality	Run repository quality gate	2026-10-05T13:26:46.6712478Z   type: 'test'
quality	Run repository quality gate	2026-10-05T13:26:46.6712760Z   ...
quality	Run repository quality gate	2026-10-05T13:26:46.6783246Z # Subtest: a replacement admin cannot assign newly imported records to a removed owner
quality	Run repository quality gate	2026-10-05T13:26:46.6784375Z ok 126 - a replacement admin cannot assign newly imported records to a removed owner
quality	Run repository quality gate	2026-10-05T13:26:46.6785447Z   ---
quality	Run repository quality gate	2026-10-05T13:26:46.6785986Z   duration_ms: 7.440581
quality	Run repository quality gate	2026-10-05T13:26:46.6786401Z   type: 'test'
quality	Run repository quality gate	2026-10-05T13:26:46.6786731Z   ...
quality	Run repository quality gate	2026-10-05T13:26:46.6898110Z # Subtest: two application instances replay one prepared job instead of allocating duplicate intents
quality	Run repository quality gate	2026-10-05T13:26:46.6899569Z ok 127 - two application instances replay one prepared job instead of allocating duplicate intents
quality	Run repository quality gate	2026-10-05T13:26:46.6900609Z   ---
quality	Run repository quality gate	2026-10-05T13:26:46.6901017Z   duration_ms: 11.330247
quality	Run repository quality gate	2026-10-05T13:26:46.6901469Z   type: 'test'
quality	Run repository quality gate	2026-10-05T13:26:46.6901883Z   ...
quality	Run repository quality gate	2026-10-05T13:26:46.7540831Z # Subtest: multi-batch report pagination does not truncate row outcomes silently
quality	Run repository quality gate	2026-10-05T13:26:46.7542166Z ok 128 - multi-batch report pagination does not truncate row outcomes silently
quality	Run repository quality gate	2026-10-05T13:26:46.7542877Z   ---
quality	Run repository quality gate	2026-10-05T13:26:46.7543120Z   duration_ms: 64.060831
quality	Run repository quality gate	2026-10-05T13:26:46.7543399Z   type: 'test'
quality	Run repository quality gate	2026-10-05T13:26:46.7543666Z   ...
quality	Run repository quality gate	2026-10-05T13:26:46.7624372Z # Subtest: rollback preserves imported contacts referenced by calendarAttendee
quality	Run repository quality gate	2026-10-05T13:26:46.7626030Z ok 129 - rollback preserves imported contacts referenced by calendarAttendee
quality	Run repository quality gate	2026-10-05T13:26:46.7626831Z   ---
quality	Run repository quality gate	2026-10-05T13:26:46.7627210Z   duration_ms: 8.663701
quality	Run repository quality gate	2026-10-05T13:26:46.7627647Z   type: 'test'
quality	Run repository quality gate	2026-10-05T13:26:46.7628018Z   ...
quality	Run repository quality gate	2026-10-05T13:26:46.7703358Z # Subtest: rollback preserves imported contacts referenced by contactBrief
quality	Run repository quality gate	2026-10-05T13:26:46.7704337Z ok 130 - rollback preserves imported contacts referenced by contactBrief
quality	Run repository quality gate	2026-10-05T13:26:46.7705072Z   ---
quality	Run repository quality gate	2026-10-05T13:26:46.7705444Z   duration_ms: 7.872699
quality	Run repository quality gate	2026-10-05T13:26:46.7706176Z   type: 'test'
quality	Run repository quality gate	2026-10-05T13:26:46.7706567Z   ...
quality	Run repository quality gate	2026-10-05T13:26:46.7793515Z # Subtest: rollback preserves imported contacts referenced by company
quality	Run repository quality gate	2026-10-05T13:26:46.7794436Z ok 131 - rollback preserves imported contacts referenced by company
quality	Run repository quality gate	2026-10-05T13:26:46.7805424Z   ---
quality	Run repository quality gate	2026-10-05T13:26:46.7806032Z   duration_ms: 8.826785
quality	Run repository quality gate	2026-10-05T13:26:46.7806364Z   type: 'test'
quality	Run repository quality gate	2026-10-05T13:26:46.7806730Z   ...
quality	Run repository quality gate	2026-10-05T13:26:46.8444021Z # Subtest: full report export is one persisted snapshot, not the current 100-row page
quality	Run repository quality gate	2026-10-05T13:26:46.8445207Z ok 132 - full report export is one persisted snapshot, not the current 100-row page
quality	Run repository quality gate	2026-10-05T13:26:46.8446120Z   ---
quality	Run repository quality gate	2026-10-05T13:26:46.8446599Z   duration_ms: 64.654502
quality	Run repository quality gate	2026-10-05T13:26:46.8447150Z   type: 'test'
quality	Run repository quality gate	2026-10-05T13:26:46.8447622Z   ...
quality	Run repository quality gate	2026-10-05T13:26:46.8548577Z # Subtest: report CSV neutralizes formula-shaped metadata and includes no raw client contact fields
quality	Run repository quality gate	2026-10-05T13:26:46.8564217Z ok 133 - report CSV neutralizes formula-shaped metadata and includes no raw client contact fields
quality	Run repository quality gate	2026-10-05T13:26:46.8564778Z   ---
quality	Run repository quality gate	2026-10-05T13:26:46.8564993Z   duration_ms: 10.611834
quality	Run repository quality gate	2026-10-05T13:26:46.8565243Z   type: 'test'
quality	Run repository quality gate	2026-10-05T13:26:46.8565452Z   ...
quality	Run repository quality gate	2026-10-05T13:26:46.8617523Z # Subtest: export is reauthorized and never presents an active import as a final report
quality	Run repository quality gate	2026-10-05T13:26:46.8619286Z ok 134 - export is reauthorized and never presents an active import as a final report
quality	Run repository quality gate	2026-10-05T13:26:46.8620011Z   ---
quality	Run repository quality gate	2026-10-05T13:26:46.8620402Z   duration_ms: 7.037526
quality	Run repository quality gate	2026-10-05T13:26:46.8620962Z   type: 'test'
quality	Run repository quality gate	2026-10-05T13:26:46.8621403Z   ...
quality	Run repository quality gate	2026-10-05T13:26:46.8718629Z # Subtest: export audit failure aborts the download instead of silently losing its access record
quality	Run repository quality gate	2026-10-05T13:26:46.8719904Z ok 135 - export audit failure aborts the download instead of silently losing its access record
quality	Run repository quality gate	2026-10-05T13:26:46.8720885Z   ---
quality	Run repository quality gate	2026-10-05T13:26:46.8721444Z   duration_ms: 9.952627
quality	Run repository quality gate	2026-10-05T13:26:46.8721902Z   type: 'test'
quality	Run repository quality gate	2026-10-05T13:26:46.8722260Z   ...
quality	Run repository quality gate	2026-10-05T13:26:46.8790565Z # Subtest: source deletion persists intent, audit and physical-purge acknowledgement
quality	Run repository quality gate	2026-10-05T13:26:46.8791766Z ok 136 - source deletion persists intent, audit and physical-purge acknowledgement
quality	Run repository quality gate	2026-10-05T13:26:46.8792488Z   ---
quality	Run repository quality gate	2026-10-05T13:26:46.8792838Z   duration_ms: 7.241197
quality	Run repository quality gate	2026-10-05T13:26:46.8793192Z   type: 'test'
quality	Run repository quality gate	2026-10-05T13:26:46.8793461Z   ...
quality	Run repository quality gate	2026-10-05T13:26:46.8836233Z # Subtest: deletion audit failure rolls back intent and leaves encrypted bytes intact
quality	Run repository quality gate	2026-10-05T13:26:46.8837990Z ok 137 - deletion audit failure rolls back intent and leaves encrypted bytes intact
quality	Run repository quality gate	2026-10-05T13:26:46.8838842Z   ---
quality	Run repository quality gate	2026-10-05T13:26:46.8839378Z   duration_ms: 4.590658
quality	Run repository quality gate	2026-10-05T13:26:46.8839861Z   type: 'test'
quality	Run repository quality gate	2026-10-05T13:26:46.8840242Z   ...
quality	Run repository quality gate	2026-10-05T13:26:46.8893532Z # Subtest: crash after tombstone leaves visible pending purge and a new process can finish
quality	Run repository quality gate	2026-10-05T13:26:46.8894746Z ok 138 - crash after tombstone leaves visible pending purge and a new process can finish
quality	Run repository quality gate	2026-10-05T13:26:46.8895587Z   ---
quality	Run repository quality gate	2026-10-05T13:26:46.8896241Z   duration_ms: 5.677913
quality	Run repository quality gate	2026-10-05T13:26:46.8896684Z   type: 'test'
quality	Run repository quality gate	2026-10-05T13:26:46.8897070Z   ...
quality	Run repository quality gate	2026-10-05T13:26:46.8986486Z # Subtest: lost purge acknowledgement is reconciled from absent file without resurrecting source
quality	Run repository quality gate	2026-10-05T13:26:46.8988013Z ok 139 - lost purge acknowledgement is reconciled from absent file without resurrecting source
quality	Run repository quality gate	2026-10-05T13:26:46.8988968Z   ---
quality	Run repository quality gate	2026-10-05T13:26:46.8989413Z   duration_ms: 9.233956
quality	Run repository quality gate	2026-10-05T13:26:46.8989947Z   type: 'test'
quality	Run repository quality gate	2026-10-05T13:26:46.8990360Z   ...
quality	Run repository quality gate	2026-10-05T13:26:46.9295433Z # Subtest: retention is preview-first and protects recently uploaded and all job-referenced sources
quality	Run repository quality gate	2026-10-05T13:26:46.9296935Z ok 140 - retention is preview-first and protects recently uploaded and all job-referenced sources
quality	Run repository quality gate	2026-10-05T13:26:46.9297808Z   ---
quality	Run repository quality gate	2026-10-05T13:26:46.9298148Z   duration_ms: 30.69534
quality	Run repository quality gate	2026-10-05T13:26:46.9298539Z   type: 'test'
quality	Run repository quality gate	2026-10-05T13:26:46.9298807Z   ...
quality	Run repository quality gate	2026-10-05T13:26:46.9361370Z # Subtest: creating a job after cleanup preview invalidates the destructive plan
quality	Run repository quality gate	2026-10-05T13:26:46.9362530Z ok 141 - creating a job after cleanup preview invalidates the destructive plan
quality	Run repository quality gate	2026-10-05T13:26:46.9363528Z   ---
quality	Run repository quality gate	2026-10-05T13:26:46.9364345Z   duration_ms: 6.729742
quality	Run repository quality gate	2026-10-05T13:26:46.9364848Z   type: 'test'
quality	Run repository quality gate	2026-10-05T13:26:46.9365223Z   ...
quality	Run repository quality gate	2026-10-05T13:26:46.9454931Z # Subtest: source tombstone prevents late plan publication and new CRM writes
quality	Run repository quality gate	2026-10-05T13:26:46.9456235Z ok 142 - source tombstone prevents late plan publication and new CRM writes
quality	Run repository quality gate	2026-10-05T13:26:46.9457005Z   ---
quality	Run repository quality gate	2026-10-05T13:26:46.9457400Z   duration_ms: 9.308746
quality	Run repository quality gate	2026-10-05T13:26:46.9457857Z   type: 'test'
quality	Run repository quality gate	2026-10-05T13:26:46.9458153Z   ...
quality	Run repository quality gate	2026-10-05T13:26:46.9535151Z # Subtest: authenticated old orphan cleanup reserves a tombstone before deleting source bytes
quality	Run repository quality gate	2026-10-05T13:26:46.9536844Z ok 143 - authenticated old orphan cleanup reserves a tombstone before deleting source bytes
quality	Run repository quality gate	2026-10-05T13:26:46.9538026Z   ---
quality	Run repository quality gate	2026-10-05T13:26:46.9538523Z   duration_ms: 7.99646
quality	Run repository quality gate	2026-10-05T13:26:46.9538936Z   type: 'test'
quality	Run repository quality gate	2026-10-05T13:26:46.9539271Z   ...
quality	Run repository quality gate	2026-10-05T13:26:46.9584108Z # Subtest: cleanup denies a revoked admin and does not accept a newer-than-retention cutoff
quality	Run repository quality gate	2026-10-05T13:26:46.9585300Z ok 144 - cleanup denies a revoked admin and does not accept a newer-than-retention cutoff
quality	Run repository quality gate	2026-10-05T13:26:46.9586605Z   ---
quality	Run repository quality gate	2026-10-05T13:26:46.9586939Z   duration_ms: 4.872727
quality	Run repository quality gate	2026-10-05T13:26:46.9587326Z   type: 'test'
quality	Run repository quality gate	2026-10-05T13:26:46.9587899Z   ...
quality	Run repository quality gate	2026-10-05T13:26:46.9650492Z # Subtest: tampered encrypted source is never force-deleted by recovery cleanup
quality	Run repository quality gate	2026-10-05T13:26:46.9652571Z ok 145 - tampered encrypted source is never force-deleted by recovery cleanup
quality	Run repository quality gate	2026-10-05T13:26:46.9653250Z   ---
quality	Run repository quality gate	2026-10-05T13:26:46.9653592Z   duration_ms: 6.519267
quality	Run repository quality gate	2026-10-05T13:26:46.9653868Z   type: 'test'
quality	Run repository quality gate	2026-10-05T13:26:46.9654082Z   ...
quality	Run repository quality gate	2026-10-05T13:26:46.9706781Z # Subtest: fresh orphan is excluded until both encrypted timestamp and filesystem grace expire
quality	Run repository quality gate	2026-10-05T13:26:46.9708158Z ok 146 - fresh orphan is excluded until both encrypted timestamp and filesystem grace expire
quality	Run repository quality gate	2026-10-05T13:26:46.9708800Z   ---
quality	Run repository quality gate	2026-10-05T13:26:46.9709012Z   duration_ms: 5.579188
quality	Run repository quality gate	2026-10-05T13:26:46.9709255Z   type: 'test'
quality	Run repository quality gate	2026-10-05T13:26:46.9709476Z   ...
quality	Run repository quality gate	2026-10-05T13:26:46.9776496Z # Subtest: background import requires deployment flag and explicit consent for the exact job
quality	Run repository quality gate	2026-10-05T13:26:46.9777879Z ok 147 - background import requires deployment flag and explicit consent for the exact job
quality	Run repository quality gate	2026-10-05T13:26:46.9778454Z   ---
quality	Run repository quality gate	2026-10-05T13:26:46.9778669Z   duration_ms: 6.958829
quality	Run repository quality gate	2026-10-05T13:26:46.9778901Z   type: 'test'
quality	Run repository quality gate	2026-10-05T13:26:46.9779109Z   ...
quality	Run repository quality gate	2026-10-05T13:26:47.0401714Z # Subtest: background worker completes multiple batches across independent application instances
quality	Run repository quality gate	2026-10-05T13:26:47.0403023Z ok 148 - background worker completes multiple batches across independent application instances
quality	Run repository quality gate	2026-10-05T13:26:47.0403589Z   ---
quality	Run repository quality gate	2026-10-05T13:26:47.0404004Z   duration_ms: 62.121753
quality	Run repository quality gate	2026-10-05T13:26:47.0404496Z   type: 'test'
quality	Run repository quality gate	2026-10-05T13:26:47.0404899Z   ...
quality	Run repository quality gate	2026-10-05T13:26:47.0466132Z # Subtest: worker rechecks requester permissions and never substitutes its own privileges
quality	Run repository quality gate	2026-10-05T13:26:47.0467293Z ok 149 - worker rechecks requester permissions and never substitutes its own privileges
quality	Run repository quality gate	2026-10-05T13:26:47.0468270Z   ---
quality	Run repository quality gate	2026-10-05T13:26:47.0468849Z   duration_ms: 6.703351
quality	Run repository quality gate	2026-10-05T13:26:47.0469404Z   type: 'test'
quality	Run repository quality gate	2026-10-05T13:26:47.0469751Z   ...
quality	Run repository quality gate	2026-10-05T13:26:47.0556155Z # Subtest: pause during source loading prevents the next claim and does not fail the job
quality	Run repository quality gate	2026-10-05T13:26:47.0557441Z ok 150 - pause during source loading prevents the next claim and does not fail the job
quality	Run repository quality gate	2026-10-05T13:26:47.0558132Z   ---
quality	Run repository quality gate	2026-10-05T13:26:47.0558565Z   duration_ms: 9.006841
quality	Run repository quality gate	2026-10-05T13:26:47.0558966Z   type: 'test'
quality	Run repository quality gate	2026-10-05T13:26:47.0559302Z   ...
quality	Run repository quality gate	2026-10-05T13:26:47.0634741Z # Subtest: a pause drains a claimed batch but stale worker acknowledgement cannot re-enable scheduling
quality	Run repository quality gate	2026-10-05T13:26:47.0636494Z ok 151 - a pause drains a claimed batch but stale worker acknowledgement cannot re-enable scheduling
quality	Run repository quality gate	2026-10-05T13:26:47.0637721Z   ---
quality	Run repository quality gate	2026-10-05T13:26:47.0638238Z   duration_ms: 7.810863
quality	Run repository quality gate	2026-10-05T13:26:47.0638718Z   type: 'test'
quality	Run repository quality gate	2026-10-05T13:26:47.0639146Z   ...
quality	Run repository quality gate	2026-10-05T13:26:47.0712854Z # Subtest: revoked original owner cannot be silently replaced by a worker requester
quality	Run repository quality gate	2026-10-05T13:26:47.0714056Z ok 152 - revoked original owner cannot be silently replaced by a worker requester
quality	Run repository quality gate	2026-10-05T13:26:47.0715060Z   ---
quality	Run repository quality gate	2026-10-05T13:26:47.0715464Z   duration_ms: 7.779595
quality	Run repository quality gate	2026-10-05T13:26:47.0716130Z   type: 'test'
quality	Run repository quality gate	2026-10-05T13:26:47.0716539Z   ...
quality	Run repository quality gate	2026-10-05T13:26:47.0839156Z # Subtest: lost batch acknowledgement with transient database error retries receipts, not CRM creation
quality	Run repository quality gate	2026-10-05T13:26:47.0841207Z ok 153 - lost batch acknowledgement with transient database error retries receipts, not CRM creation
quality	Run repository quality gate	2026-10-05T13:26:47.0842215Z   ---
quality	Run repository quality gate	2026-10-05T13:26:47.0842610Z   duration_ms: 12.548778
quality	Run repository quality gate	2026-10-05T13:26:47.0843078Z   type: 'test'
quality	Run repository quality gate	2026-10-05T13:26:47.0843481Z   ...
quality	Run repository quality gate	2026-10-05T13:26:47.0928161Z # Subtest: unknown worker errors suspend processing without logging sensitive exception text
quality	Run repository quality gate	2026-10-05T13:26:47.0929415Z ok 154 - unknown worker errors suspend processing without logging sensitive exception text
quality	Run repository quality gate	2026-10-05T13:26:47.0930626Z   ---
quality	Run repository quality gate	2026-10-05T13:26:47.0930996Z   duration_ms: 8.887929
quality	Run repository quality gate	2026-10-05T13:26:47.0931418Z   type: 'test'
quality	Run repository quality gate	2026-10-05T13:26:47.0931799Z   ...
quality	Run repository quality gate	2026-10-05T13:26:47.0988418Z # Subtest: cancellation clears consent and worker claims; it is not interpreted as pause/resume
quality	Run repository quality gate	2026-10-05T13:26:47.0990054Z ok 155 - cancellation clears consent and worker claims; it is not interpreted as pause/resume
quality	Run repository quality gate	2026-10-05T13:26:47.0990619Z   ---
quality	Run repository quality gate	2026-10-05T13:26:47.0990830Z   duration_ms: 6.050971
quality	Run repository quality gate	2026-10-05T13:26:47.0991059Z   type: 'test'
quality	Run repository quality gate	2026-10-05T13:26:47.0991252Z   ...
quality	Run repository quality gate	2026-10-05T13:26:47.1059502Z # Subtest: worker ticks are bounded and an already-aborted signal processes no job
quality	Run repository quality gate	2026-10-05T13:26:47.1061187Z ok 156 - worker ticks are bounded and an already-aborted signal processes no job
quality	Run repository quality gate	2026-10-05T13:26:47.1062178Z   ---
quality	Run repository quality gate	2026-10-05T13:26:47.1062573Z   duration_ms: 6.807274
quality	Run repository quality gate	2026-10-05T13:26:47.1063001Z   type: 'test'
quality	Run repository quality gate	2026-10-05T13:26:47.1063363Z   ...
quality	Run repository quality gate	2026-10-05T13:26:47.1120477Z # Subtest: source cleanup protects files needed by an opted-in background import
quality	Run repository quality gate	2026-10-05T13:26:47.1121740Z ok 157 - source cleanup protects files needed by an opted-in background import
quality	Run repository quality gate	2026-10-05T13:26:47.1122470Z   ---
quality	Run repository quality gate	2026-10-05T13:26:47.1122804Z   duration_ms: 6.310087
quality	Run repository quality gate	2026-10-05T13:26:47.1123190Z   type: 'test'
quality	Run repository quality gate	2026-10-05T13:26:47.1123518Z   ...
quality	Run repository quality gate	2026-10-05T13:26:47.1207712Z # Subtest: two competing worker instances cannot claim the same queue lease
quality	Run repository quality gate	2026-10-05T13:26:47.1208899Z ok 158 - two competing worker instances cannot claim the same queue lease
quality	Run repository quality gate	2026-10-05T13:26:47.1209691Z   ---
quality	Run repository quality gate	2026-10-05T13:26:47.1209957Z   duration_ms: 8.623012
quality	Run repository quality gate	2026-10-05T13:26:47.1210268Z   type: 'test'
quality	Run repository quality gate	2026-10-05T13:26:47.1210562Z   ...
quality	Run repository quality gate	2026-10-05T13:26:47.1319834Z # Subtest: persisted queue claim recovers after lease expiry without changing the import intent
quality	Run repository quality gate	2026-10-05T13:26:47.1321355Z ok 159 - persisted queue claim recovers after lease expiry without changing the import intent
quality	Run repository quality gate	2026-10-05T13:26:47.1322010Z   ---
quality	Run repository quality gate	2026-10-05T13:26:47.1322267Z   duration_ms: 11.094036
quality	Run repository quality gate	2026-10-05T13:26:47.1322573Z   type: 'test'
quality	Run repository quality gate	2026-10-05T13:26:47.1322960Z   ...
quality	Run repository quality gate	2026-10-05T13:26:47.1406856Z # Subtest: cleanup fails closed if a source audit cannot be saved after physical removal
quality	Run repository quality gate	2026-10-05T13:26:47.1408025Z ok 160 - cleanup fails closed if a source audit cannot be saved after physical removal
quality	Run repository quality gate	2026-10-05T13:26:47.1408613Z   ---
quality	Run repository quality gate	2026-10-05T13:26:47.1408866Z   duration_ms: 8.892938
quality	Run repository quality gate	2026-10-05T13:26:47.1409181Z   type: 'test'
quality	Run repository quality gate	2026-10-05T13:26:47.1409432Z   ...
quality	Run repository quality gate	2026-10-05T13:26:47.2574688Z # Subtest: bounded operator body is preserved as raw JSON text for the tRPC reader
quality	Run repository quality gate	2026-10-05T13:26:47.2576457Z ok 161 - bounded operator body is preserved as raw JSON text for the tRPC reader
quality	Run repository quality gate	2026-10-05T13:26:47.2577214Z   ---
quality	Run repository quality gate	2026-10-05T13:26:47.2577689Z   duration_ms: 5.456045
quality	Run repository quality gate	2026-10-05T13:26:47.2578268Z   type: 'test'
quality	Run repository quality gate	2026-10-05T13:26:47.2578695Z   ...
quality	Run repository quality gate	2026-10-05T13:26:47.2590041Z # Subtest: oversized declared and chunked bodies are rejected before tRPC
quality	Run repository quality gate	2026-10-05T13:26:47.2591967Z ok 162 - oversized declared and chunked bodies are rejected before tRPC
quality	Run repository quality gate	2026-10-05T13:26:47.2592679Z   ---
quality	Run repository quality gate	2026-10-05T13:26:47.2593071Z   duration_ms: 1.454465
quality	Run repository quality gate	2026-10-05T13:26:47.2593501Z   type: 'test'
quality	Run repository quality gate	2026-10-05T13:26:47.2593870Z   ...
quality	Run repository quality gate	2026-10-05T13:26:47.2610659Z # Subtest: compressed bodies, non-JSON CSRF-like posts and invalid UTF-8 are rejected
quality	Run repository quality gate	2026-10-05T13:26:47.2615462Z ok 163 - compressed bodies, non-JSON CSRF-like posts and invalid UTF-8 are rejected
quality	Run repository quality gate	2026-10-05T13:26:47.2616844Z   ---
quality	Run repository quality gate	2026-10-05T13:26:47.2617263Z   duration_ms: 1.577746
quality	Run repository quality gate	2026-10-05T13:26:47.2617921Z   type: 'test'
quality	Run repository quality gate	2026-10-05T13:26:47.2618311Z   ...
quality	Run repository quality gate	2026-10-05T13:26:47.2618896Z # Subtest: unrelated CRM and webhook paths are not parsed or altered
quality	Run repository quality gate	2026-10-05T13:26:47.2619792Z ok 164 - unrelated CRM and webhook paths are not parsed or altered
quality	Run repository quality gate	2026-10-05T13:26:47.2620456Z   ---
quality	Run repository quality gate	2026-10-05T13:26:47.2620815Z   duration_ms: 0.477525
quality	Run repository quality gate	2026-10-05T13:26:47.2621238Z   type: 'test'
quality	Run repository quality gate	2026-10-05T13:26:47.2622120Z   ...
quality	Run repository quality gate	2026-10-05T13:26:47.2626679Z # Subtest: mixed batches and encoded procedure paths receive the same limit
quality	Run repository quality gate	2026-10-05T13:26:47.2629627Z ok 165 - mixed batches and encoded procedure paths receive the same limit
quality	Run repository quality gate	2026-10-05T13:26:47.2634234Z   ---
quality	Run repository quality gate	2026-10-05T13:26:47.2634832Z   duration_ms: 1.462671
quality	Run repository quality gate	2026-10-05T13:26:47.2635287Z   type: 'test'
quality	Run repository quality gate	2026-10-05T13:26:47.2635678Z   ...
quality	Run repository quality gate	2026-10-05T13:26:47.2643439Z # Subtest: inflight cap lasts through response completion, not just upload completion
quality	Run repository quality gate	2026-10-05T13:26:47.2644670Z ok 166 - inflight cap lasts through response completion, not just upload completion
quality	Run repository quality gate	2026-10-05T13:26:47.2645382Z   ---
quality	Run repository quality gate	2026-10-05T13:26:47.2645910Z   duration_ms: 1.788762
quality	Run repository quality gate	2026-10-05T13:26:47.2646298Z   type: 'test'
quality	Run repository quality gate	2026-10-05T13:26:47.2646615Z   ...
quality	Run repository quality gate	2026-10-05T13:26:47.3116905Z # Subtest: timeouts and aborted uploads free the slot
quality	Run repository quality gate	2026-10-05T13:26:47.3120578Z ok 167 - timeouts and aborted uploads free the slot
quality	Run repository quality gate	2026-10-05T13:26:47.3121230Z   ---
quality	Run repository quality gate	2026-10-05T13:26:47.3121728Z   duration_ms: 31.196052
quality	Run repository quality gate	2026-10-05T13:26:47.3122279Z   type: 'test'
quality	Run repository quality gate	2026-10-05T13:26:47.3122629Z   ...
quality	Run repository quality gate	2026-10-05T13:26:47.3358257Z # Subtest: real Node HTTP transport enforces streaming byte bounds on loopback
quality	Run repository quality gate	2026-10-05T13:26:47.3359312Z ok 168 - real Node HTTP transport enforces streaming byte bounds on loopback
quality	Run repository quality gate	2026-10-05T13:26:47.3360039Z   ---
quality	Run repository quality gate	2026-10-05T13:26:47.3360365Z   duration_ms: 39.805716
quality	Run repository quality gate	2026-10-05T13:26:47.3360748Z   type: 'test'
quality	Run repository quality gate	2026-10-05T13:26:47.3361240Z   ...
quality	Run repository quality gate	2026-10-05T13:26:47.4643974Z # Subtest: overview is current-admin only and dedicated-workspace bound
quality	Run repository quality gate	2026-10-05T13:26:47.4648704Z ok 169 - overview is current-admin only and dedicated-workspace bound
quality	Run repository quality gate	2026-10-05T13:26:47.4649412Z   ---
quality	Run repository quality gate	2026-10-05T13:26:47.4649885Z   duration_ms: 3.716936
quality	Run repository quality gate	2026-10-05T13:26:47.4650424Z   type: 'test'
quality	Run repository quality gate	2026-10-05T13:26:47.4650847Z   ...
quality	Run repository quality gate	2026-10-05T13:26:47.4651446Z # Subtest: private drafts and unrelated receipts do not leak into team overview
quality	Run repository quality gate	2026-10-05T13:26:47.4652474Z ok 170 - private drafts and unrelated receipts do not leak into team overview
quality	Run repository quality gate	2026-10-05T13:26:47.4653184Z   ---
quality	Run repository quality gate	2026-10-05T13:26:47.4653626Z   duration_ms: 2.374921
quality	Run repository quality gate	2026-10-05T13:26:47.4654179Z   type: 'test'
quality	Run repository quality gate	2026-10-05T13:26:47.4654841Z   ...
quality	Run repository quality gate	2026-10-05T13:26:47.4672127Z # Subtest: costs use exact micro-USD and report missing records separately
quality	Run repository quality gate	2026-10-05T13:26:47.4673020Z ok 171 - costs use exact micro-USD and report missing records separately
quality	Run repository quality gate	2026-10-05T13:26:47.4673643Z   ---
quality	Run repository quality gate	2026-10-05T13:26:47.4673970Z   duration_ms: 0.249367
quality	Run repository quality gate	2026-10-05T13:26:47.4674352Z   type: 'test'
quality	Run repository quality gate	2026-10-05T13:26:47.4674677Z   ...
quality	Run repository quality gate	2026-10-05T13:26:47.4675267Z # Subtest: missing, negative, invalid costs and zero-completion rates are not invented
quality	Run repository quality gate	2026-10-05T13:26:47.4676491Z ok 172 - missing, negative, invalid costs and zero-completion rates are not invented
quality	Run repository quality gate	2026-10-05T13:26:47.4677199Z   ---
quality	Run repository quality gate	2026-10-05T13:26:47.4677513Z   duration_ms: 0.145062
quality	Run repository quality gate	2026-10-05T13:26:47.4677883Z   type: 'test'
quality	Run repository quality gate	2026-10-05T13:26:47.4678205Z   ...
quality	Run repository quality gate	2026-10-05T13:26:47.4678774Z # Subtest: a truncated window cannot masquerade as a full success rate or cost total
quality	Run repository quality gate	2026-10-05T13:26:47.4679745Z ok 173 - a truncated window cannot masquerade as a full success rate or cost total
quality	Run repository quality gate	2026-10-05T13:26:47.4680422Z   ---
quality	Run repository quality gate	2026-10-05T13:26:47.4680741Z   duration_ms: 0.140614
quality	Run repository quality gate	2026-10-05T13:26:47.4681117Z   type: 'test'
quality	Run repository quality gate	2026-10-05T13:26:47.4681436Z   ...
quality	Run repository quality gate	2026-10-05T13:26:47.4682040Z # Subtest: read period has explicit rolling UTC bounds and rejects arbitrary large windows
quality	Run repository quality gate	2026-10-05T13:26:47.4683058Z ok 174 - read period has explicit rolling UTC bounds and rejects arbitrary large windows
quality	Run repository quality gate	2026-10-05T13:26:47.4683778Z   ---
quality	Run repository quality gate	2026-10-05T13:26:47.4684088Z   duration_ms: 1.566084
quality	Run repository quality gate	2026-10-05T13:26:47.4684450Z   type: 'test'
quality	Run repository quality gate	2026-10-05T13:26:47.4684777Z   ...
quality	Run repository quality gate	2026-10-05T13:26:47.4685414Z # Subtest: operations never turns lack of provider/outcome instrumentation into positive health
quality	Run repository quality gate	2026-10-05T13:26:47.4686685Z ok 175 - operations never turns lack of provider/outcome instrumentation into positive health
quality	Run repository quality gate	2026-10-05T13:26:47.4687788Z   ---
quality	Run repository quality gate	2026-10-05T13:26:47.4688102Z   duration_ms: 0.891161
quality	Run repository quality gate	2026-10-05T13:26:47.4688477Z   type: 'test'
quality	Run repository quality gate	2026-10-05T13:26:47.4688799Z   ...
quality	Run repository quality gate	2026-10-05T13:26:47.4689429Z # Subtest: unsafe database errors and prompt-like error messages are not returned to operators
quality	Run repository quality gate	2026-10-05T13:26:47.4690698Z ok 176 - unsafe database errors and prompt-like error messages are not returned to operators
quality	Run repository quality gate	2026-10-05T13:26:47.4691437Z   ---
quality	Run repository quality gate	2026-10-05T13:26:47.4691751Z   duration_ms: 0.799017
quality	Run repository quality gate	2026-10-05T13:26:47.4692119Z   type: 'test'
quality	Run repository quality gate	2026-10-05T13:26:47.4692439Z   ...
quality	Run repository quality gate	2026-10-05T13:26:47.4693020Z # Subtest: disabled approval lifecycle performs no mutation even for administrators
quality	Run repository quality gate	2026-10-05T13:26:47.4694045Z ok 177 - disabled approval lifecycle performs no mutation even for administrators
quality	Run repository quality gate	2026-10-05T13:26:47.4694736Z   ---
quality	Run repository quality gate	2026-10-05T13:26:47.4695054Z   duration_ms: 0.666589
quality	Run repository quality gate	2026-10-05T13:26:47.4695433Z   type: 'test'
quality	Run repository quality gate	2026-10-05T13:26:47.4696027Z   ...
quality	Run repository quality gate	2026-10-05T13:26:47.4696530Z # Subtest: empty team yields a true empty state, no seeded demo metrics
quality	Run repository quality gate	2026-10-05T13:26:47.4697338Z ok 178 - empty team yields a true empty state, no seeded demo metrics
quality	Run repository quality gate	2026-10-05T13:26:47.4697936Z   ---
quality	Run repository quality gate	2026-10-05T13:26:47.4698263Z   duration_ms: 0.838973
quality	Run repository quality gate	2026-10-05T13:26:47.4698637Z   type: 'test'
quality	Run repository quality gate	2026-10-05T13:26:47.4698959Z   ...
quality	Run repository quality gate	2026-10-05T13:26:47.4699594Z # Subtest: receipt correlation uses governed metadata, never the unrelated CRM requestHash
quality	Run repository quality gate	2026-10-05T13:26:47.4700632Z ok 179 - receipt correlation uses governed metadata, never the unrelated CRM requestHash
quality	Run repository quality gate	2026-10-05T13:26:47.4701792Z   ---
quality	Run repository quality gate	2026-10-05T13:26:47.4702124Z   duration_ms: 1.496875
quality	Run repository quality gate	2026-10-05T13:26:47.4702516Z   type: 'test'
quality	Run repository quality gate	2026-10-05T13:26:47.4702854Z   ...
quality	Run repository quality gate	2026-10-05T13:26:47.4704221Z # Subtest: a different action kind cannot borrow the digest correlation
quality	Run repository quality gate	2026-10-05T13:26:47.4705560Z ok 180 - a different action kind cannot borrow the digest correlation
quality	Run repository quality gate	2026-10-05T13:26:47.4706493Z   ---
quality	Run repository quality gate	2026-10-05T13:26:47.4726290Z   duration_ms: 0.913271
quality	Run repository quality gate	2026-10-05T13:26:47.4726748Z   type: 'test'
quality	Run repository quality gate	2026-10-05T13:26:47.4727097Z   ...
quality	Run repository quality gate	2026-10-05T13:26:47.4727579Z # Subtest: metadata lookup refuses accessors and inherited correlation
quality	Run repository quality gate	2026-10-05T13:26:47.4728094Z ok 181 - metadata lookup refuses accessors and inherited correlation
quality	Run repository quality gate	2026-10-05T13:26:47.4728461Z   ---
quality	Run repository quality gate	2026-10-05T13:26:47.4728663Z   duration_ms: 0.147276
quality	Run repository quality gate	2026-10-05T13:26:47.4728890Z   type: 'test'
quality	Run repository quality gate	2026-10-05T13:26:47.4729089Z   ...
quality	Run repository quality gate	2026-10-05T13:26:47.4729477Z # Subtest: continuation view is current-admin only, opt-in and exposes no lease/JWT/raw payload
quality	Run repository quality gate	2026-10-05T13:26:47.4730148Z ok 182 - continuation view is current-admin only, opt-in and exposes no lease/JWT/raw payload
quality	Run repository quality gate	2026-10-05T13:26:47.4730607Z   ---
quality	Run repository quality gate	2026-10-05T13:26:47.4730802Z   duration_ms: 1.610248
quality	Run repository quality gate	2026-10-05T13:26:47.4731031Z   type: 'test'
quality	Run repository quality gate	2026-10-05T13:26:47.4731227Z   ...
quality	Run repository quality gate	2026-10-05T13:26:47.4731633Z # Subtest: continuation pagination has stable tie-breaks and does not silently drop same-time rows
quality	Run repository quality gate	2026-10-05T13:26:47.4732312Z ok 183 - continuation pagination has stable tie-breaks and does not silently drop same-time rows
quality	Run repository quality gate	2026-10-05T13:26:47.4732772Z   ---
quality	Run repository quality gate	2026-10-05T13:26:47.4732968Z   duration_ms: 3.629892
quality	Run repository quality gate	2026-10-05T13:26:47.4733193Z   type: 'test'
quality	Run repository quality gate	2026-10-05T13:26:47.4733391Z   ...
quality	Run repository quality gate	2026-10-05T13:26:47.5816396Z # Subtest: maps workspace roles to least-privilege pipeline permissions
quality	Run repository quality gate	2026-10-05T13:26:47.5817640Z ok 184 - maps workspace roles to least-privilege pipeline permissions
quality	Run repository quality gate	2026-10-05T13:26:47.5818504Z   ---
quality	Run repository quality gate	2026-10-05T13:26:47.5819007Z   duration_ms: 1.865546
quality	Run repository quality gate	2026-10-05T13:26:47.5819578Z   type: 'test'
quality	Run repository quality gate	2026-10-05T13:26:47.5819975Z   ...
quality	Run repository quality gate	2026-10-05T13:26:47.5821367Z # Subtest: creates deterministic server-owned pipeline and stage identifiers
quality	Run repository quality gate	2026-10-05T13:26:47.5840792Z ok 185 - creates deterministic server-owned pipeline and stage identifiers
quality	Run repository quality gate	2026-10-05T13:26:47.5841790Z   ---
quality	Run repository quality gate	2026-10-05T13:26:47.5842422Z   duration_ms: 2.791642
quality	Run repository quality gate	2026-10-05T13:26:47.5843097Z   type: 'test'
quality	Run repository quality gate	2026-10-05T13:26:47.5843694Z   ...
quality	Run repository quality gate	2026-10-05T13:26:47.5844384Z # Subtest: preserves an explicit default request in the canonical create payload
quality	Run repository quality gate	2026-10-05T13:26:47.5845897Z ok 186 - preserves an explicit default request in the canonical create payload
quality	Run repository quality gate	2026-10-05T13:26:47.5846621Z   ---
quality	Run repository quality gate	2026-10-05T13:26:47.5846979Z   duration_ms: 0.550291
quality	Run repository quality gate	2026-10-05T13:26:47.5847558Z   type: 'test'
quality	Run repository quality gate	2026-10-05T13:26:47.5847908Z   ...
quality	Run repository quality gate	2026-10-05T13:26:47.5848399Z # Subtest: different tenants and command keys produce different server IDs
quality	Run repository quality gate	2026-10-05T13:26:47.5849141Z ok 187 - different tenants and command keys produce different server IDs
quality	Run repository quality gate	2026-10-05T13:26:47.5849735Z   ---
quality	Run repository quality gate	2026-10-05T13:26:47.5850079Z   duration_ms: 0.194114
quality	Run repository quality gate	2026-10-05T13:26:47.5850432Z   type: 'test'
quality	Run repository quality gate	2026-10-05T13:26:47.5850740Z   ...
quality	Run repository quality gate	2026-10-05T13:26:47.5851322Z # Subtest: preserves existing stage identity during update and creates only new IDs
quality	Run repository quality gate	2026-10-05T13:26:47.5852339Z ok 188 - preserves existing stage identity during update and creates only new IDs
quality	Run repository quality gate	2026-10-05T13:26:47.5852882Z   ---
quality	Run repository quality gate	2026-10-05T13:26:47.5853197Z   duration_ms: 0.760265
quality	Run repository quality gate	2026-10-05T13:26:47.5853553Z   type: 'test'
quality	Run repository quality gate	2026-10-05T13:26:47.5853860Z   ...
quality	Run repository quality gate	2026-10-05T13:26:47.5854251Z # Subtest: rejects foreign stage IDs and unknown transition keys
quality	Run repository quality gate	2026-10-05T13:26:47.5855045Z ok 189 - rejects foreign stage IDs and unknown transition keys
quality	Run repository quality gate	2026-10-05T13:26:47.5856055Z   ---
quality	Run repository quality gate	2026-10-05T13:26:47.5856537Z   duration_ms: 0.570179
quality	Run repository quality gate	2026-10-05T13:26:47.5856934Z   type: 'test'
quality	Run repository quality gate	2026-10-05T13:26:47.5857269Z   ...
quality	Run repository quality gate	2026-10-05T13:26:47.5857800Z # Subtest: rejects client-owned IDs on create and mismatched pipeline IDs on update
quality	Run repository quality gate	2026-10-05T13:26:47.5858419Z ok 190 - rejects client-owned IDs on create and mismatched pipeline IDs on update
quality	Run repository quality gate	2026-10-05T13:26:47.5858842Z   ---
quality	Run repository quality gate	2026-10-05T13:26:47.5859032Z   duration_ms: 0.634068
quality	Run repository quality gate	2026-10-05T13:26:47.5859262Z   type: 'test'
quality	Run repository quality gate	2026-10-05T13:26:47.5859451Z   ...
quality	Run repository quality gate	2026-10-05T13:26:47.5859769Z # Subtest: command payload excludes idempotency metadata and is immutable
quality	Run repository quality gate	2026-10-05T13:26:47.5860298Z ok 191 - command payload excludes idempotency metadata and is immutable
quality	Run repository quality gate	2026-10-05T13:26:47.5860691Z   ---
quality	Run repository quality gate	2026-10-05T13:26:47.5860878Z   duration_ms: 0.218379
quality	Run repository quality gate	2026-10-05T13:26:47.5861102Z   type: 'test'
quality	Run repository quality gate	2026-10-05T13:26:47.5861302Z   ...
quality	Run repository quality gate	2026-10-05T13:26:47.5861592Z # Subtest: command payload rejects unknown and accessor-backed input
quality	Run repository quality gate	2026-10-05T13:26:47.5862080Z ok 192 - command payload rejects unknown and accessor-backed input
quality	Run repository quality gate	2026-10-05T13:26:47.5862428Z   ---
quality	Run repository quality gate	2026-10-05T13:26:47.5862614Z   duration_ms: 0.95019
quality	Run repository quality gate	2026-10-05T13:26:47.5862842Z   type: 'test'
quality	Run repository quality gate	2026-10-05T13:26:47.5863035Z   ...
quality	Run repository quality gate	2026-10-05T13:26:47.5863333Z # Subtest: API output hides tenant identity and exposes transition keys
quality	Run repository quality gate	2026-10-05T13:26:47.5863810Z ok 193 - API output hides tenant identity and exposes transition keys
quality	Run repository quality gate	2026-10-05T13:26:47.5864163Z   ---
quality	Run repository quality gate	2026-10-05T13:26:47.5864353Z   duration_ms: 0.685835
quality	Run repository quality gate	2026-10-05T13:26:47.5864568Z   type: 'test'
quality	Run repository quality gate	2026-10-05T13:26:47.5864767Z   ...
quality	Run repository quality gate	2026-10-05T13:26:47.6743247Z # Subtest: unexpected server errors never expose raw diagnostic messages
quality	Run repository quality gate	2026-10-05T13:26:47.6744318Z ok 194 - unexpected server errors never expose raw diagnostic messages
quality	Run repository quality gate	2026-10-05T13:26:47.6745058Z   ---
quality	Run repository quality gate	2026-10-05T13:26:47.6745421Z   duration_ms: 0.842809
quality	Run repository quality gate	2026-10-05T13:26:47.6746133Z   type: 'test'
quality	Run repository quality gate	2026-10-05T13:26:47.6746517Z   ...
quality	Run repository quality gate	2026-10-05T13:26:47.6750965Z # Subtest: expected validation guidance remains useful but bounded and single-line
quality	Run repository quality gate	2026-10-05T13:26:47.6752499Z ok 195 - expected validation guidance remains useful but bounded and single-line
quality	Run repository quality gate	2026-10-05T13:26:47.6753276Z   ---
quality	Run repository quality gate	2026-10-05T13:26:47.6753650Z   duration_ms: 0.746138
quality	Run repository quality gate	2026-10-05T13:26:47.6754072Z   type: 'test'
quality	Run repository quality gate	2026-10-05T13:26:47.6754446Z   ...
quality	Run repository quality gate	2026-10-05T13:26:47.6756779Z # Subtest: misclassified internal or credential diagnostics are masked
quality	Run repository quality gate	2026-10-05T13:26:47.6758876Z ok 196 - misclassified internal or credential diagnostics are masked
quality	Run repository quality gate	2026-10-05T13:26:47.6759677Z   ---
quality	Run repository quality gate	2026-10-05T13:26:47.6760061Z   duration_ms: 0.207679
quality	Run repository quality gate	2026-10-05T13:26:47.6760485Z   type: 'test'
quality	Run repository quality gate	2026-10-05T13:26:47.6760849Z   ...
quality	Run repository quality gate	2026-10-05T13:26:47.7676918Z # Subtest: allows failed/cancelled runs only when no attempted side effects are recorded
quality	Run repository quality gate	2026-10-05T13:26:47.7706890Z ok 197 - allows failed/cancelled runs only when no attempted side effects are recorded
quality	Run repository quality gate	2026-10-05T13:26:47.7718861Z   ---
quality	Run repository quality gate	2026-10-05T13:26:47.7719462Z   duration_ms: 0.946283
quality	Run repository quality gate	2026-10-05T13:26:47.7719851Z   type: 'test'
quality	Run repository quality gate	2026-10-05T13:26:47.7720173Z   ...
quality	Run repository quality gate	2026-10-05T13:26:47.7720674Z # Subtest: blocks a succeeded action even when the run failed afterwards
quality	Run repository quality gate	2026-10-05T13:26:47.7721200Z ok 198 - blocks a succeeded action even when the run failed afterwards
quality	Run repository quality gate	2026-10-05T13:26:47.7721576Z   ---
quality	Run repository quality gate	2026-10-05T13:26:47.7721779Z   duration_ms: 0.150713
quality	Run repository quality gate	2026-10-05T13:26:47.7722154Z   type: 'test'
quality	Run repository quality gate	2026-10-05T13:26:47.7722482Z   ...
quality	Run repository quality gate	2026-10-05T13:26:47.7723034Z # Subtest: blocks uncertain remote outcomes and attempts that are marked failed
quality	Run repository quality gate	2026-10-05T13:26:47.7723941Z ok 199 - blocks uncertain remote outcomes and attempts that are marked failed
quality	Run repository quality gate	2026-10-05T13:26:47.7724339Z   ---
quality	Run repository quality gate	2026-10-05T13:26:47.7724527Z   duration_ms: 0.162364
quality	Run repository quality gate	2026-10-05T13:26:47.7724758Z   type: 'test'
quality	Run repository quality gate	2026-10-05T13:26:47.7724947Z   ...
quality	Run repository quality gate	2026-10-05T13:26:47.7725252Z # Subtest: missing/truncated history never becomes proof of no side effects
quality	Run repository quality gate	2026-10-05T13:26:47.7726153Z ok 200 - missing/truncated history never becomes proof of no side effects
quality	Run repository quality gate	2026-10-05T13:26:47.7726584Z   ---
quality	Run repository quality gate	2026-10-05T13:26:47.7726777Z   duration_ms: 0.147597
quality	Run repository quality gate	2026-10-05T13:26:47.7726992Z   type: 'test'
quality	Run repository quality gate	2026-10-05T13:26:47.7727180Z   ...
quality	Run repository quality gate	2026-10-05T13:26:47.7727504Z # Subtest: ambiguous receipt errors stay blocked even without an action mirror
quality	Run repository quality gate	2026-10-05T13:26:47.7728029Z ok 201 - ambiguous receipt errors stay blocked even without an action mirror
quality	Run repository quality gate	2026-10-05T13:26:47.7728410Z   ---
quality	Run repository quality gate	2026-10-05T13:26:47.7728599Z   duration_ms: 0.243706
quality	Run repository quality gate	2026-10-05T13:26:47.7728821Z   type: 'test'
quality	Run repository quality gate	2026-10-05T13:26:47.7729019Z   ...
quality	Run repository quality gate	2026-10-05T13:26:47.7729373Z # Subtest: successful, active and unknown run states are not retried under a failure label
quality	Run repository quality gate	2026-10-05T13:26:47.7729986Z ok 202 - successful, active and unknown run states are not retried under a failure label
quality	Run repository quality gate	2026-10-05T13:26:47.7730422Z   ---
quality	Run repository quality gate	2026-10-05T13:26:47.7730612Z   duration_ms: 0.232246
quality	Run repository quality gate	2026-10-05T13:26:47.7730840Z   type: 'test'
quality	Run repository quality gate	2026-10-05T13:26:47.7731029Z   ...
quality	Run repository quality gate	2026-10-05T13:26:47.7731308Z # Subtest: unknown attempt counters or action states fail closed
quality	Run repository quality gate	2026-10-05T13:26:47.7731734Z ok 203 - unknown attempt counters or action states fail closed
quality	Run repository quality gate	2026-10-05T13:26:47.7732087Z   ---
quality	Run repository quality gate	2026-10-05T13:26:47.7732273Z   duration_ms: 0.16029
quality	Run repository quality gate	2026-10-05T13:26:47.7732486Z   type: 'test'
quality	Run repository quality gate	2026-10-05T13:26:47.7732679Z   ...
quality	Run repository quality gate	2026-10-05T13:26:47.8639122Z # Subtest: auth revalidates current membership using trusted deployment identity
quality	Run repository quality gate	2026-10-05T13:26:47.8640407Z ok 204 - auth revalidates current membership using trusted deployment identity
quality	Run repository quality gate	2026-10-05T13:26:47.8641304Z   ---
quality	Run repository quality gate	2026-10-05T13:26:47.8641776Z   duration_ms: 1.579901
quality	Run repository quality gate	2026-10-05T13:26:47.8642206Z   type: 'test'
quality	Run repository quality gate	2026-10-05T13:26:47.8642581Z   ...
quality	Run repository quality gate	2026-10-05T13:26:47.8649437Z # Subtest: removed member with otherwise live session is forbidden immediately
quality	Run repository quality gate	2026-10-05T13:26:47.8652420Z ok 205 - removed member with otherwise live session is forbidden immediately
quality	Run repository quality gate	2026-10-05T13:26:47.8653184Z   ---
quality	Run repository quality gate	2026-10-05T13:26:47.8653553Z   duration_ms: 0.616095
quality	Run repository quality gate	2026-10-05T13:26:47.8653991Z   type: 'test'
quality	Run repository quality gate	2026-10-05T13:26:47.8654367Z   ...
quality	Run repository quality gate	2026-10-05T13:26:47.8657317Z # Subtest: foreign workspace session cannot read singleton CRM tables
quality	Run repository quality gate	2026-10-05T13:26:47.8666685Z ok 206 - foreign workspace session cannot read singleton CRM tables
quality	Run repository quality gate	2026-10-05T13:26:47.8667393Z   ---
quality	Run repository quality gate	2026-10-05T13:26:47.8667765Z   duration_ms: 0.233748
quality	Run repository quality gate	2026-10-05T13:26:47.8668181Z   type: 'test'
quality	Run repository quality gate	2026-10-05T13:26:47.8668544Z   ...
quality	Run repository quality gate	2026-10-05T13:26:47.8669404Z # Subtest: API-key synthetic session without active organization still needs membership
quality	Run repository quality gate	2026-10-05T13:26:47.8670594Z ok 207 - API-key synthetic session without active organization still needs membership
quality	Run repository quality gate	2026-10-05T13:26:47.8671623Z   ---
quality	Run repository quality gate	2026-10-05T13:26:47.8672127Z   duration_ms: 0.259546
quality	Run repository quality gate	2026-10-05T13:26:47.8673059Z   type: 'test'
quality	Run repository quality gate	2026-10-05T13:26:47.8673419Z   ...
quality	Run repository quality gate	2026-10-05T13:26:47.8676135Z # Subtest: expired, mismatched, missing or malformed sessions fail closed
quality	Run repository quality gate	2026-10-05T13:26:47.8677077Z ok 208 - expired, mismatched, missing or malformed sessions fail closed
quality	Run repository quality gate	2026-10-05T13:26:47.8678076Z   ---
quality	Run repository quality gate	2026-10-05T13:26:47.8678460Z   duration_ms: 0.620423
quality	Run repository quality gate	2026-10-05T13:26:47.8678855Z   type: 'test'
quality	Run repository quality gate	2026-10-05T13:26:47.8679210Z   ...
quality	Run repository quality gate	2026-10-05T13:26:47.8679819Z # Subtest: unrecognized membership roles are denied rather than promoted to member
quality	Run repository quality gate	2026-10-05T13:26:47.8680824Z ok 209 - unrecognized membership roles are denied rather than promoted to member
quality	Run repository quality gate	2026-10-05T13:26:47.8681533Z   ---
quality	Run repository quality gate	2026-10-05T13:26:47.8681875Z   duration_ms: 0.476894
quality	Run repository quality gate	2026-10-05T13:26:47.8682287Z   type: 'test'
quality	Run repository quality gate	2026-10-05T13:26:47.8682650Z   ...
quality	Run repository quality gate	2026-10-05T13:26:47.9649951Z # Subtest: approval submission carries the exact current immutable snapshot, never tenant or action input
quality	Run repository quality gate	2026-10-05T13:26:47.9658780Z ok 210 - approval submission carries the exact current immutable snapshot, never tenant or action input
quality	Run repository quality gate	2026-10-05T13:26:47.9659690Z   ---
quality	Run repository quality gate	2026-10-05T13:26:47.9660027Z   duration_ms: 1.39817
quality	Run repository quality gate	2026-10-05T13:26:47.9660402Z   type: 'test'
quality	Run repository quality gate	2026-10-05T13:26:47.9660735Z   ...
quality	Run repository quality gate	2026-10-05T13:26:47.9661155Z # Subtest: expired, unbound, redacted or disabled snapshots cannot submit approval
quality	Run repository quality gate	2026-10-05T13:26:47.9661793Z ok 211 - expired, unbound, redacted or disabled snapshots cannot submit approval
quality	Run repository quality gate	2026-10-05T13:26:47.9662255Z   ---
quality	Run repository quality gate	2026-10-05T13:26:47.9662467Z   duration_ms: 0.553838
quality	Run repository quality gate	2026-10-05T13:26:47.9662718Z   type: 'test'
quality	Run repository quality gate	2026-10-05T13:26:47.9662943Z   ...
quality	Run repository quality gate	2026-10-05T13:26:47.9666224Z # Subtest: only unconsumed consent may be revoked; terminal actions cannot be resubmitted
quality	Run repository quality gate	2026-10-05T13:26:47.9668640Z ok 212 - only unconsumed consent may be revoked; terminal actions cannot be resubmitted
quality	Run repository quality gate	2026-10-05T13:26:47.9669492Z   ---
quality	Run repository quality gate	2026-10-05T13:26:47.9669786Z   duration_ms: 0.249758
quality	Run repository quality gate	2026-10-05T13:26:47.9670175Z   type: 'test'
quality	Run repository quality gate	2026-10-05T13:26:47.9670551Z   ...
quality	Run repository quality gate	2026-10-05T13:26:47.9671839Z # Subtest: operator notes are bounded and no arbitrary decision is accepted
quality	Run repository quality gate	2026-10-05T13:26:47.9672818Z ok 213 - operator notes are bounded and no arbitrary decision is accepted
quality	Run repository quality gate	2026-10-05T13:26:47.9673519Z   ---
quality	Run repository quality gate	2026-10-05T13:26:47.9673768Z   duration_ms: 0.160601
quality	Run repository quality gate	2026-10-05T13:26:47.9674210Z   type: 'test'
quality	Run repository quality gate	2026-10-05T13:26:47.9674557Z   ...
quality	Run repository quality gate	2026-10-05T13:26:48.0617617Z # Subtest: operation language catalogs contain the same complete set of nonempty keys
quality	Run repository quality gate	2026-10-05T13:26:48.0619610Z ok 214 - operation language catalogs contain the same complete set of nonempty keys
quality	Run repository quality gate	2026-10-05T13:26:48.0620581Z   ---
quality	Run repository quality gate	2026-10-05T13:26:48.0621110Z   duration_ms: 1.697992
quality	Run repository quality gate	2026-10-05T13:26:48.0621669Z   type: 'test'
quality	Run repository quality gate	2026-10-05T13:26:48.0622161Z   ...
quality	Run repository quality gate	2026-10-05T13:26:48.0625001Z # Subtest: display never treats missing counts as completed work
quality	Run repository quality gate	2026-10-05T13:26:48.0626492Z ok 215 - display never treats missing counts as completed work
quality	Run repository quality gate	2026-10-05T13:26:48.0627313Z   ---
quality	Run repository quality gate	2026-10-05T13:26:48.0627776Z   duration_ms: 0.236533
quality	Run repository quality gate	2026-10-05T13:26:48.0628346Z   type: 'test'
quality	Run repository quality gate	2026-10-05T13:26:48.0628860Z   ...
quality	Run repository quality gate	2026-10-05T13:26:48.0639661Z # Subtest: UI execution respects server capability and terminal state
quality	Run repository quality gate	2026-10-05T13:26:48.0640835Z ok 216 - UI execution respects server capability and terminal state
quality	Run repository quality gate	2026-10-05T13:26:48.0641550Z   ---
quality	Run repository quality gate	2026-10-05T13:26:48.0642083Z   duration_ms: 0.162685
quality	Run repository quality gate	2026-10-05T13:26:48.0642651Z   type: 'test'
quality	Run repository quality gate	2026-10-05T13:26:48.0643140Z   ...
quality	Run repository quality gate	2026-10-05T13:26:48.0643805Z # Subtest: required mapping cannot be omitted and skipped columns are not sent
quality	Run repository quality gate	2026-10-05T13:26:48.0644822Z ok 217 - required mapping cannot be omitted and skipped columns are not sent
quality	Run repository quality gate	2026-10-05T13:26:48.0645640Z   ---
quality	Run repository quality gate	2026-10-05T13:26:48.0646336Z   duration_ms: 0.312967
quality	Run repository quality gate	2026-10-05T13:26:48.0646865Z   type: 'test'
quality	Run repository quality gate	2026-10-05T13:26:48.0647355Z   ...
quality	Run repository quality gate	2026-10-05T13:26:48.1568142Z # Subtest: reuses the same key for a retry of an unchanged command
quality	Run repository quality gate	2026-10-05T13:26:48.1570744Z ok 218 - reuses the same key for a retry of an unchanged command
quality	Run repository quality gate	2026-10-05T13:26:48.1571955Z   ---
quality	Run repository quality gate	2026-10-05T13:26:48.1572337Z   duration_ms: 1.102186
quality	Run repository quality gate	2026-10-05T13:26:48.1572759Z   type: 'test'
quality	Run repository quality gate	2026-10-05T13:26:48.1573132Z   ...
quality	Run repository quality gate	2026-10-05T13:26:48.1575121Z # Subtest: rotates the key when the command payload changes
quality	Run repository quality gate	2026-10-05T13:26:48.1577492Z ok 219 - rotates the key when the command payload changes
quality	Run repository quality gate	2026-10-05T13:26:48.1578302Z   ---
quality	Run repository quality gate	2026-10-05T13:26:48.1578638Z   duration_ms: 0.225352
quality	Run repository quality gate	2026-10-05T13:26:48.1578902Z   type: 'test'
quality	Run repository quality gate	2026-10-05T13:26:48.1579205Z   ...
quality	Run repository quality gate	2026-10-05T13:26:48.1582230Z # Subtest: clears only the key that completed
quality	Run repository quality gate	2026-10-05T13:26:48.1583267Z ok 220 - clears only the key that completed
quality	Run repository quality gate	2026-10-05T13:26:48.1583975Z   ---
quality	Run repository quality gate	2026-10-05T13:26:48.1584387Z   duration_ms: 0.201698
quality	Run repository quality gate	2026-10-05T13:26:48.1584761Z   type: 'test'
quality	Run repository quality gate	2026-10-05T13:26:48.1585097Z   ...
quality	Run repository quality gate	2026-10-05T13:26:48.1586508Z # Subtest: bounds retained failed-command keys
quality	Run repository quality gate	2026-10-05T13:26:48.1587863Z ok 221 - bounds retained failed-command keys
quality	Run repository quality gate	2026-10-05T13:26:48.1588584Z   ---
quality	Run repository quality gate	2026-10-05T13:26:48.1589002Z   duration_ms: 0.286436
quality	Run repository quality gate	2026-10-05T13:26:48.1589414Z   type: 'test'
quality	Run repository quality gate	2026-10-05T13:26:48.1589756Z   ...
quality	Run repository quality gate	2026-10-05T13:26:48.1598055Z # Subtest: rejects malformed scopes, fingerprints and generated keys
quality	Run repository quality gate	2026-10-05T13:26:48.1598690Z ok 222 - rejects malformed scopes, fingerprints and generated keys
quality	Run repository quality gate	2026-10-05T13:26:48.1599114Z   ---
quality	Run repository quality gate	2026-10-05T13:26:48.1599335Z   duration_ms: 0.493875
quality	Run repository quality gate	2026-10-05T13:26:48.1599727Z   type: 'test'
quality	Run repository quality gate	2026-10-05T13:26:48.1600216Z   ...
quality	Run repository quality gate	2026-10-05T13:26:48.2565993Z # Subtest: default draft is complete and valid
quality	Run repository quality gate	2026-10-05T13:26:48.2566716Z ok 223 - default draft is complete and valid
quality	Run repository quality gate	2026-10-05T13:26:48.2567204Z   ---
quality	Run repository quality gate	2026-10-05T13:26:48.2567525Z   duration_ms: 2.01191
quality	Run repository quality gate	2026-10-05T13:26:48.2567800Z   type: 'test'
quality	Run repository quality gate	2026-10-05T13:26:48.2568030Z   ...
quality	Run repository quality gate	2026-10-05T13:26:48.2579053Z # Subtest: renaming a stage key updates transition references
quality	Run repository quality gate	2026-10-05T13:26:48.2580026Z ok 224 - renaming a stage key updates transition references
quality	Run repository quality gate	2026-10-05T13:26:48.2594913Z   ---
quality	Run repository quality gate	2026-10-05T13:26:48.2595386Z   duration_ms: 0.423874
quality	Run repository quality gate	2026-10-05T13:26:48.2596089Z   type: 'test'
quality	Run repository quality gate	2026-10-05T13:26:48.2596474Z   ...
quality	Run repository quality gate	2026-10-05T13:26:48.2597221Z # Subtest: terminal and open stage probabilities remain deterministic
quality	Run repository quality gate	2026-10-05T13:26:48.2598304Z ok 225 - terminal and open stage probabilities remain deterministic
quality	Run repository quality gate	2026-10-05T13:26:48.2599123Z   ---
quality	Run repository quality gate	2026-10-05T13:26:48.2599517Z   duration_ms: 0.182813
quality	Run repository quality gate	2026-10-05T13:26:48.2600163Z   type: 'test'
quality	Run repository quality gate	2026-10-05T13:26:48.2600873Z   ...
quality	Run repository quality gate	2026-10-05T13:26:48.2601595Z # Subtest: reordering and removal keep contiguous positions and remove dangling transitions
quality	Run repository quality gate	2026-10-05T13:26:48.2602730Z ok 226 - reordering and removal keep contiguous positions and remove dangling transitions
quality	Run repository quality gate	2026-10-05T13:26:48.2603509Z   ---
quality	Run repository quality gate	2026-10-05T13:26:48.2603842Z   duration_ms: 0.478867
quality	Run repository quality gate	2026-10-05T13:26:48.2604240Z   type: 'test'
quality	Run repository quality gate	2026-10-05T13:26:48.2604600Z   ...
quality	Run repository quality gate	2026-10-05T13:26:48.2612479Z # Subtest: create mutation excludes server-owned identity and preserves default intent
quality	Run repository quality gate	2026-10-05T13:26:48.2614060Z ok 227 - create mutation excludes server-owned identity and preserves default intent
quality	Run repository quality gate	2026-10-05T13:26:48.2614796Z   ---
quality	Run repository quality gate	2026-10-05T13:26:48.2615113Z   duration_ms: 0.482925
quality	Run repository quality gate	2026-10-05T13:26:48.2615499Z   type: 'test'
quality	Run repository quality gate	2026-10-05T13:26:48.2616123Z   ...
quality	Run repository quality gate	2026-10-05T13:26:48.2616674Z # Subtest: update mutation preserves optimistic version and existing stage identity
quality	Run repository quality gate	2026-10-05T13:26:48.2617619Z ok 228 - update mutation preserves optimistic version and existing stage identity
quality	Run repository quality gate	2026-10-05T13:26:48.2618286Z   ---
quality	Run repository quality gate	2026-10-05T13:26:48.2618603Z   duration_ms: 0.566773
quality	Run repository quality gate	2026-10-05T13:26:48.2618969Z   type: 'test'
quality	Run repository quality gate	2026-10-05T13:26:48.2619303Z   ...
quality	Run repository quality gate	2026-10-05T13:26:48.2619928Z # Subtest: validation rejects malformed probabilities, colors, positions and transitions
quality	Run repository quality gate	2026-10-05T13:26:48.2621201Z ok 229 - validation rejects malformed probabilities, colors, positions and transitions
quality	Run repository quality gate	2026-10-05T13:26:48.2624538Z   ---
quality	Run repository quality gate	2026-10-05T13:26:48.2625092Z   duration_ms: 0.27185
quality	Run repository quality gate	2026-10-05T13:26:48.2637989Z   type: 'test'
quality	Run repository quality gate	2026-10-05T13:26:48.2638787Z   ...
quality	Run repository quality gate	2026-10-05T13:26:48.2639392Z # Subtest: mutation conversion refuses invalid drafts and idempotency keys
quality	Run repository quality gate	2026-10-05T13:26:48.2640303Z ok 230 - mutation conversion refuses invalid drafts and idempotency keys
quality	Run repository quality gate	2026-10-05T13:26:48.2641329Z   ---
quality	Run repository quality gate	2026-10-05T13:26:48.2641696Z   duration_ms: 0.588413
quality	Run repository quality gate	2026-10-05T13:26:48.2642109Z   type: 'test'
quality	Run repository quality gate	2026-10-05T13:26:48.2642476Z   ...
quality	Run repository quality gate	2026-10-05T13:26:48.3682166Z # Subtest: summaries use visible facts, exclude archived review and disclose old-server coverage
quality	Run repository quality gate	2026-10-05T13:26:48.3683678Z ok 231 - summaries use visible facts, exclude archived review and disclose old-server coverage
quality	Run repository quality gate	2026-10-05T13:26:48.3684373Z   ---
quality	Run repository quality gate	2026-10-05T13:26:48.3684783Z   duration_ms: 1.366552
quality	Run repository quality gate	2026-10-05T13:26:48.3685224Z   type: 'test'
quality	Run repository quality gate	2026-10-05T13:26:48.3685582Z   ...
quality	Run repository quality gate	2026-10-05T13:26:48.3688533Z # Subtest: current filter excludes archived without hiding it from the all view
quality	Run repository quality gate	2026-10-05T13:26:48.3690157Z ok 232 - current filter excludes archived without hiding it from the all view
quality	Run repository quality gate	2026-10-05T13:26:48.3691109Z   ---
quality	Run repository quality gate	2026-10-05T13:26:48.3691524Z   duration_ms: 0.23429
quality	Run repository quality gate	2026-10-05T13:26:48.3692087Z   type: 'test'
quality	Run repository quality gate	2026-10-05T13:26:48.3692548Z   ...
quality	Run repository quality gate	2026-10-05T13:26:48.3694904Z # Subtest: review is explicitly the latest run, not a global approval count
quality	Run repository quality gate	2026-10-05T13:26:48.3696404Z ok 233 - review is explicitly the latest run, not a global approval count
quality	Run repository quality gate	2026-10-05T13:26:48.3697266Z   ---
quality	Run repository quality gate	2026-10-05T13:26:48.3697667Z   duration_ms: 0.215724
quality	Run repository quality gate	2026-10-05T13:26:48.3698226Z   type: 'test'
quality	Run repository quality gate	2026-10-05T13:26:48.3698615Z   ...
quality	Run repository quality gate	2026-10-05T13:26:48.3700017Z # Subtest: search is trimmed case insensitive and matches description
quality	Run repository quality gate	2026-10-05T13:26:48.3701241Z ok 234 - search is trimmed case insensitive and matches description
quality	Run repository quality gate	2026-10-05T13:26:48.3702049Z   ---
quality	Run repository quality gate	2026-10-05T13:26:48.3702456Z   duration_ms: 0.219752
quality	Run repository quality gate	2026-10-05T13:26:48.3703007Z   type: 'test'
quality	Run repository quality gate	2026-10-05T13:26:48.3703474Z   ...
quality	Run repository quality gate	2026-10-05T13:26:48.3704717Z # Subtest: zero cost is real recorded cost; unknown does not become zero
quality	Run repository quality gate	2026-10-05T13:26:48.3706183Z ok 235 - zero cost is real recorded cost; unknown does not become zero
quality	Run repository quality gate	2026-10-05T13:26:48.3706942Z   ---
quality	Run repository quality gate	2026-10-05T13:26:48.3707305Z   duration_ms: 14.056582
quality	Run repository quality gate	2026-10-05T13:26:48.3707777Z   type: 'test'
quality	Run repository quality gate	2026-10-05T13:26:48.3708155Z   ...
quality	Run repository quality gate	2026-10-05T13:26:48.3717781Z # Subtest: empty data never produces invented runs, savings or success rates
quality	Run repository quality gate	2026-10-05T13:26:48.3719342Z ok 236 - empty data never produces invented runs, savings or success rates
quality	Run repository quality gate	2026-10-05T13:26:48.3720107Z   ---
quality	Run repository quality gate	2026-10-05T13:26:48.3720516Z   duration_ms: 0.197831
quality	Run repository quality gate	2026-10-05T13:26:48.3721019Z   type: 'test'
quality	Run repository quality gate	2026-10-05T13:26:48.3721508Z   ...
quality	Run repository quality gate	2026-10-05T13:26:48.4795396Z # Subtest: registers immutable typed action entries without exposing a direct execution path
quality	Run repository quality gate	2026-10-05T13:26:48.4797108Z ok 237 - registers immutable typed action entries without exposing a direct execution path
quality	Run repository quality gate	2026-10-05T13:26:48.4798097Z   ---
quality	Run repository quality gate	2026-10-05T13:26:48.4798518Z   duration_ms: 1.951177
quality	Run repository quality gate	2026-10-05T13:26:48.4799079Z   type: 'test'
quality	Run repository quality gate	2026-10-05T13:26:48.4799614Z   ...
quality	Run repository quality gate	2026-10-05T13:26:48.4800464Z # Subtest: normalizes legacy risk and idempotency vocabulary into the governed runtime contract
quality	Run repository quality gate	2026-10-05T13:26:48.4801817Z ok 238 - normalizes legacy risk and idempotency vocabulary into the governed runtime contract
quality	Run repository quality gate	2026-10-05T13:26:48.4802811Z   ---
quality	Run repository quality gate	2026-10-05T13:26:48.4803213Z   duration_ms: 0.435196
quality	Run repository quality gate	2026-10-05T13:26:48.4803773Z   type: 'test'
quality	Run repository quality gate	2026-10-05T13:26:48.4804174Z   ...
quality	Run repository quality gate	2026-10-05T13:26:48.4804727Z # Subtest: converts JSON schemas into runtime validators
quality	Run repository quality gate	2026-10-05T13:26:48.4805557Z ok 239 - converts JSON schemas into runtime validators
quality	Run repository quality gate	2026-10-05T13:26:48.4806515Z   ---
quality	Run repository quality gate	2026-10-05T13:26:48.4806915Z   duration_ms: 1.384645
quality	Run repository quality gate	2026-10-05T13:26:48.4807458Z   type: 'test'
quality	Run repository quality gate	2026-10-05T13:26:48.4807869Z   ...
quality	Run repository quality gate	2026-10-05T13:26:48.4808612Z # Subtest: defensively snapshots schemas, metadata, permissions and retry configuration
quality	Run repository quality gate	2026-10-05T13:26:48.4809881Z ok 240 - defensively snapshots schemas, metadata, permissions and retry configuration
quality	Run repository quality gate	2026-10-05T13:26:48.4811239Z   ---
quality	Run repository quality gate	2026-10-05T13:26:48.4811654Z   duration_ms: 0.370043
quality	Run repository quality gate	2026-10-05T13:26:48.4812203Z   type: 'test'
quality	Run repository quality gate	2026-10-05T13:26:48.4812597Z   ...
quality	Run repository quality gate	2026-10-05T13:26:48.4813096Z # Subtest: rejects duplicate action identifiers
quality	Run repository quality gate	2026-10-05T13:26:48.4814153Z ok 241 - rejects duplicate action identifiers
quality	Run repository quality gate	2026-10-05T13:26:48.4814818Z   ---
quality	Run repository quality gate	2026-10-05T13:26:48.4815196Z   duration_ms: 0.33617
quality	Run repository quality gate	2026-10-05T13:26:48.4816330Z   type: 'test'
quality	Run repository quality gate	2026-10-05T13:26:48.4816743Z   ...
quality	Run repository quality gate	2026-10-05T13:26:48.4817463Z # Subtest: rejects execution-state options because execution belongs to the governed runtime
quality	Run repository quality gate	2026-10-05T13:26:48.4818667Z ok 242 - rejects execution-state options because execution belongs to the governed runtime
quality	Run repository quality gate	2026-10-05T13:26:48.4819546Z   ---
quality	Run repository quality gate	2026-10-05T13:26:48.4819938Z   duration_ms: 0.166942
quality	Run repository quality gate	2026-10-05T13:26:48.4820366Z   type: 'test'
quality	Run repository quality gate	2026-10-05T13:26:48.4820725Z   ...
quality	Run repository quality gate	2026-10-05T13:26:48.4828551Z # Subtest: rejects a mutating manifest without idempotency
quality	Run repository quality gate	2026-10-05T13:26:48.4829383Z ok 243 - rejects a mutating manifest without idempotency
quality	Run repository quality gate	2026-10-05T13:26:48.4829995Z   ---
quality	Run repository quality gate	2026-10-05T13:26:48.4830378Z   duration_ms: 0.174948
quality	Run repository quality gate	2026-10-05T13:26:48.4830795Z   type: 'test'
quality	Run repository quality gate	2026-10-05T13:26:48.4831152Z   ...
quality	Run repository quality gate	2026-10-05T13:26:48.4831651Z # Subtest: rejects manifests without explicit permissions
quality	Run repository quality gate	2026-10-05T13:26:48.4832409Z ok 244 - rejects manifests without explicit permissions
quality	Run repository quality gate	2026-10-05T13:26:48.4833007Z   ---
quality	Run repository quality gate	2026-10-05T13:26:48.4833369Z   duration_ms: 0.187091
quality	Run repository quality gate	2026-10-05T13:26:48.4833792Z   type: 'test'
quality	Run repository quality gate	2026-10-05T13:26:48.4834156Z   ...
quality	Run repository quality gate	2026-10-05T13:26:48.4834658Z # Subtest: rejects unsafe retry policies for mutating actions
quality	Run repository quality gate	2026-10-05T13:26:48.4835496Z ok 245 - rejects unsafe retry policies for mutating actions
quality	Run repository quality gate	2026-10-05T13:26:48.4836444Z   ---
quality	Run repository quality gate	2026-10-05T13:26:48.4836826Z   duration_ms: 0.344235
quality	Run repository quality gate	2026-10-05T13:26:48.4837249Z   type: 'test'
quality	Run repository quality gate	2026-10-05T13:26:48.4837619Z   ...
quality	Run repository quality gate	2026-10-05T13:26:48.4842603Z # Subtest: rejects non-integer and non-finite retry configuration
quality	Run repository quality gate	2026-10-05T13:26:48.4852311Z ok 246 - rejects non-integer and non-finite retry configuration
quality	Run repository quality gate	2026-10-05T13:26:48.4853393Z   ---
quality	Run repository quality gate	2026-10-05T13:26:48.4854022Z   duration_ms: 0.664436
quality	Run repository quality gate	2026-10-05T13:26:48.4854483Z   type: 'test'
quality	Run repository quality gate	2026-10-05T13:26:48.4854866Z   ...
quality	Run repository quality gate	2026-10-05T13:26:48.4855571Z # Subtest: registerMany accepts tuple and entry forms and returns stable sorted manifests
quality	Run repository quality gate	2026-10-05T13:26:48.4856969Z ok 247 - registerMany accepts tuple and entry forms and returns stable sorted manifests
quality	Run repository quality gate	2026-10-05T13:26:48.4857785Z   ---
quality	Run repository quality gate	2026-10-05T13:26:48.4858120Z   duration_ms: 7.692325
quality	Run repository quality gate	2026-10-05T13:26:48.4858505Z   type: 'test'
quality	Run repository quality gate	2026-10-05T13:26:48.4858708Z   ...
quality	Run repository quality gate	2026-10-05T13:26:48.4880228Z # Subtest: requires own properties instead of inherited prototype properties
quality	Run repository quality gate	2026-10-05T13:26:48.4881584Z ok 248 - requires own properties instead of inherited prototype properties
quality	Run repository quality gate	2026-10-05T13:26:48.4882602Z   ---
quality	Run repository quality gate	2026-10-05T13:26:48.4883221Z   duration_ms: 0.241432
quality	Run repository quality gate	2026-10-05T13:26:48.4883684Z   type: 'test'
quality	Run repository quality gate	2026-10-05T13:26:48.4884059Z   ...
quality	Run repository quality gate	2026-10-05T13:26:48.4884577Z # Subtest: rejects unsafe JSON-schema and metadata object keys
quality	Run repository quality gate	2026-10-05T13:26:48.4885384Z ok 249 - rejects unsafe JSON-schema and metadata object keys
quality	Run repository quality gate	2026-10-05T13:26:48.4886276Z   ---
quality	Run repository quality gate	2026-10-05T13:26:48.4886649Z   duration_ms: 0.181681
quality	Run repository quality gate	2026-10-05T13:26:48.4887088Z   type: 'test'
quality	Run repository quality gate	2026-10-05T13:26:48.4887454Z   ...
quality	Run repository quality gate	2026-10-05T13:26:48.6012367Z # Subtest: executes a validated authorized action and records redacted audit events
quality	Run repository quality gate	2026-10-05T13:26:48.6013752Z ok 250 - executes a validated authorized action and records redacted audit events
quality	Run repository quality gate	2026-10-05T13:26:48.6014441Z   ---
quality	Run repository quality gate	2026-10-05T13:26:48.6014855Z   duration_ms: 4.971637
quality	Run repository quality gate	2026-10-05T13:26:48.6015242Z   type: 'test'
quality	Run repository quality gate	2026-10-05T13:26:48.6015610Z   ...
quality	Run repository quality gate	2026-10-05T13:26:48.6017444Z # Subtest: rejects tenant ownership fields at any nesting depth
quality	Run repository quality gate	2026-10-05T13:26:48.6018640Z ok 251 - rejects tenant ownership fields at any nesting depth
quality	Run repository quality gate	2026-10-05T13:26:48.6019402Z   ---
quality	Run repository quality gate	2026-10-05T13:26:48.6019788Z   duration_ms: 0.663052
quality	Run repository quality gate	2026-10-05T13:26:48.6020205Z   type: 'test'
quality	Run repository quality gate	2026-10-05T13:26:48.6020950Z   ...
quality	Run repository quality gate	2026-10-05T13:26:48.6021568Z # Subtest: rejects missing permissions and object-level authorization
quality	Run repository quality gate	2026-10-05T13:26:48.6023203Z ok 252 - rejects missing permissions and object-level authorization
quality	Run repository quality gate	2026-10-05T13:26:48.6024233Z   ---
quality	Run repository quality gate	2026-10-05T13:26:48.6024604Z   duration_ms: 0.535083
quality	Run repository quality gate	2026-10-05T13:26:48.6025024Z   type: 'test'
quality	Run repository quality gate	2026-10-05T13:26:48.6025377Z   ...
quality	Run repository quality gate	2026-10-05T13:26:48.6026238Z # Subtest: replays a completed idempotent result without executing again
quality	Run repository quality gate	2026-10-05T13:26:48.6028013Z ok 253 - replays a completed idempotent result without executing again
quality	Run repository quality gate	2026-10-05T13:26:48.6028714Z   ---
quality	Run repository quality gate	2026-10-05T13:26:48.6029064Z   duration_ms: 1.392159
quality	Run repository quality gate	2026-10-05T13:26:48.6029498Z   type: 'test'
quality	Run repository quality gate	2026-10-05T13:26:48.6029866Z   ...
quality	Run repository quality gate	2026-10-05T13:26:48.6030798Z # Subtest: rejects reuse of an idempotency key for another payload
quality	Run repository quality gate	2026-10-05T13:26:48.6031897Z ok 254 - rejects reuse of an idempotency key for another payload
quality	Run repository quality gate	2026-10-05T13:26:48.6032776Z   ---
quality	Run repository quality gate	2026-10-05T13:26:48.6033154Z   duration_ms: 1.528264
quality	Run repository quality gate	2026-10-05T13:26:48.6033593Z   type: 'test'
quality	Run repository quality gate	2026-10-05T13:26:48.6033961Z   ...
quality	Run repository quality gate	2026-10-05T13:26:48.6036150Z # Subtest: rejects changed payload after an approval failure acquired the same idempotency key
quality	Run repository quality gate	2026-10-05T13:26:48.6037428Z ok 255 - rejects changed payload after an approval failure acquired the same idempotency key
quality	Run repository quality gate	2026-10-05T13:26:48.6038393Z   ---
quality	Run repository quality gate	2026-10-05T13:26:48.6038761Z   duration_ms: 0.808224
quality	Run repository quality gate	2026-10-05T13:26:48.6039009Z   type: 'test'
quality	Run repository quality gate	2026-10-05T13:26:48.6039437Z   ...
quality	Run repository quality gate	2026-10-05T13:26:48.6093480Z # Subtest: allows only one concurrent execution for the same receipt
quality	Run repository quality gate	2026-10-05T13:26:48.6095056Z ok 256 - allows only one concurrent execution for the same receipt
quality	Run repository quality gate	2026-10-05T13:26:48.6096512Z   ---
quality	Run repository quality gate	2026-10-05T13:26:48.6097182Z   duration_ms: 9.887419
quality	Run repository quality gate	2026-10-05T13:26:48.6097648Z   type: 'test'
quality	Run repository quality gate	2026-10-05T13:26:48.6098013Z   ...
quality	Run repository quality gate	2026-10-05T13:26:48.6098630Z # Subtest: requires payload-bound tenant-bound approval for high-risk actions
quality	Run repository quality gate	2026-10-05T13:26:48.6099668Z ok 257 - requires payload-bound tenant-bound approval for high-risk actions
quality	Run repository quality gate	2026-10-05T13:26:48.6100421Z   ---
quality	Run repository quality gate	2026-10-05T13:26:48.6100790Z   duration_ms: 2.263753
quality	Run repository quality gate	2026-10-05T13:26:48.6101208Z   type: 'test'
quality	Run repository quality gate	2026-10-05T13:26:48.6101564Z   ...
quality	Run repository quality gate	2026-10-05T13:26:48.6108425Z # Subtest: rejects approval bound to another tenant or modified payload
quality	Run repository quality gate	2026-10-05T13:26:48.6109333Z ok 258 - rejects approval bound to another tenant or modified payload
quality	Run repository quality gate	2026-10-05T13:26:48.6109979Z   ---
quality	Run repository quality gate	2026-10-05T13:26:48.6110340Z   duration_ms: 0.680014
quality	Run repository quality gate	2026-10-05T13:26:48.6110744Z   type: 'test'
quality	Run repository quality gate	2026-10-05T13:26:48.6111084Z   ...
quality	Run repository quality gate	2026-10-05T13:26:48.6417536Z # Subtest: times out a non-cooperative executor and records failure
quality	Run repository quality gate	2026-10-05T13:26:48.6418655Z ok 259 - times out a non-cooperative executor and records failure
quality	Run repository quality gate	2026-10-05T13:26:48.6419480Z   ---
quality	Run repository quality gate	2026-10-05T13:26:48.6419943Z   duration_ms: 21.589329
quality	Run repository quality gate	2026-10-05T13:26:48.6420380Z   type: 'test'
quality	Run repository quality gate	2026-10-05T13:26:48.6420925Z   ...
quality	Run repository quality gate	2026-10-05T13:26:48.6421441Z # Subtest: propagates cancellation and does not retry it
quality	Run repository quality gate	2026-10-05T13:26:48.6422221Z ok 260 - propagates cancellation and does not retry it
quality	Run repository quality gate	2026-10-05T13:26:48.6422964Z   ---
quality	Run repository quality gate	2026-10-05T13:26:48.6423367Z   duration_ms: 0.435897
quality	Run repository quality gate	2026-10-05T13:26:48.6423939Z   type: 'test'
quality	Run repository quality gate	2026-10-05T13:26:48.6424496Z   ...
quality	Run repository quality gate	2026-10-05T13:26:48.6425393Z # Subtest: keeps the success receipt when the success audit write fails
quality	Run repository quality gate	2026-10-05T13:26:48.6442746Z ok 261 - keeps the success receipt when the success audit write fails
quality	Run repository quality gate	2026-10-05T13:26:48.6443660Z   ---
quality	Run repository quality gate	2026-10-05T13:26:48.6444216Z   duration_ms: 0.650569
quality	Run repository quality gate	2026-10-05T13:26:48.6444824Z   type: 'test'
quality	Run repository quality gate	2026-10-05T13:26:48.6445368Z   ...
quality	Run repository quality gate	2026-10-05T13:26:48.6446492Z # Subtest: propagates the operation digest and idempotency key to the executor
quality	Run repository quality gate	2026-10-05T13:26:48.6447423Z ok 262 - propagates the operation digest and idempotency key to the executor
quality	Run repository quality gate	2026-10-05T13:26:48.6448079Z   ---
quality	Run repository quality gate	2026-10-05T13:26:48.6448411Z   duration_ms: 0.41602
quality	Run repository quality gate	2026-10-05T13:26:48.6448778Z   type: 'test'
quality	Run repository quality gate	2026-10-05T13:26:48.6449107Z   ...
quality	Run repository quality gate	2026-10-05T13:26:48.6449977Z # Subtest: validates untrusted model input and executor output
quality	Run repository quality gate	2026-10-05T13:26:48.6450728Z ok 263 - validates untrusted model input and executor output
quality	Run repository quality gate	2026-10-05T13:26:48.6451295Z   ---
quality	Run repository quality gate	2026-10-05T13:26:48.6451837Z   duration_ms: 0.697507
quality	Run repository quality gate	2026-10-05T13:26:48.6452216Z   type: 'test'
quality	Run repository quality gate	2026-10-05T13:26:48.6452546Z   ...
quality	Run repository quality gate	2026-10-05T13:26:48.6452982Z # Subtest: rejects mutating manifests without idempotency
quality	Run repository quality gate	2026-10-05T13:26:48.6453666Z ok 264 - rejects mutating manifests without idempotency
quality	Run repository quality gate	2026-10-05T13:26:48.6454218Z   ---
quality	Run repository quality gate	2026-10-05T13:26:48.6454541Z   duration_ms: 0.196578
quality	Run repository quality gate	2026-10-05T13:26:48.6454925Z   type: 'test'
quality	Run repository quality gate	2026-10-05T13:26:48.6455268Z   ...
quality	Run repository quality gate	2026-10-05T13:26:48.6456009Z # Subtest: rejects manifests without explicit permissions
quality	Run repository quality gate	2026-10-05T13:26:48.6476323Z ok 265 - rejects manifests without explicit permissions
quality	Run repository quality gate	2026-10-05T13:26:48.6504834Z   ---
quality	Run repository quality gate	2026-10-05T13:26:48.6505246Z   duration_ms: 0.205374
quality	Run repository quality gate	2026-10-05T13:26:48.6505895Z   type: 'test'
quality	Run repository quality gate	2026-10-05T13:26:48.6506286Z   ...
quality	Run repository quality gate	2026-10-05T13:26:48.6506878Z # Subtest: rejects non-integer, non-finite and unsafe retry policies
quality	Run repository quality gate	2026-10-05T13:26:48.6531093Z ok 266 - rejects non-integer, non-finite and unsafe retry policies
quality	Run repository quality gate	2026-10-05T13:26:48.6532001Z   ---
quality	Run repository quality gate	2026-10-05T13:26:48.6532504Z   duration_ms: 0.611365
quality	Run repository quality gate	2026-10-05T13:26:48.6533058Z   type: 'test'
quality	Run repository quality gate	2026-10-05T13:26:48.6533554Z   ...
quality	Run repository quality gate	2026-10-05T13:26:48.6534280Z # Subtest: passes an immutable permission snapshot to validators, policy and executor
quality	Run repository quality gate	2026-10-05T13:26:48.6535398Z ok 267 - passes an immutable permission snapshot to validators, policy and executor
quality	Run repository quality gate	2026-10-05T13:26:48.6536466Z   ---
quality	Run repository quality gate	2026-10-05T13:26:48.6536827Z   duration_ms: 0.581189
quality	Run repository quality gate	2026-10-05T13:26:48.6537229Z   type: 'test'
quality	Run repository quality gate	2026-10-05T13:26:48.6537557Z   ...
quality	Run repository quality gate	2026-10-05T13:26:48.6538164Z # Subtest: passes immutable validated input to business validation and authorization
quality	Run repository quality gate	2026-10-05T13:26:48.6539220Z ok 268 - passes immutable validated input to business validation and authorization
quality	Run repository quality gate	2026-10-05T13:26:48.6539926Z   ---
quality	Run repository quality gate	2026-10-05T13:26:48.6540260Z   duration_ms: 0.541985
quality	Run repository quality gate	2026-10-05T13:26:48.6540609Z   type: 'test'
quality	Run repository quality gate	2026-10-05T13:26:48.6540804Z   ...
quality	Run repository quality gate	2026-10-05T13:26:48.6541094Z # Subtest: rejects invalid clock values before durable state mutation
quality	Run repository quality gate	2026-10-05T13:26:48.6541561Z ok 269 - rejects invalid clock values before durable state mutation
quality	Run repository quality gate	2026-10-05T13:26:48.6542080Z   ---
quality	Run repository quality gate	2026-10-05T13:26:48.6542398Z   duration_ms: 0.41639
quality	Run repository quality gate	2026-10-05T13:26:48.6542765Z   type: 'test'
quality	Run repository quality gate	2026-10-05T13:26:48.6543097Z   ...
quality	Run repository quality gate	2026-10-05T13:26:48.6543680Z # Subtest: rejects plain object registries that could expose prototype-backed actions
quality	Run repository quality gate	2026-10-05T13:26:48.6544668Z ok 270 - rejects plain object registries that could expose prototype-backed actions
quality	Run repository quality gate	2026-10-05T13:26:48.6545128Z   ---
quality	Run repository quality gate	2026-10-05T13:26:48.6545320Z   duration_ms: 0.177011
quality	Run repository quality gate	2026-10-05T13:26:48.6545549Z   type: 'test'
quality	Run repository quality gate	2026-10-05T13:26:48.6545916Z   ...
quality	Run repository quality gate	2026-10-05T13:26:48.6546271Z # Subtest: invalid approval expiry is rejected instead of being treated as non-expiring
quality	Run repository quality gate	2026-10-05T13:26:48.6546855Z ok 271 - invalid approval expiry is rejected instead of being treated as non-expiring
quality	Run repository quality gate	2026-10-05T13:26:48.6547272Z   ---
quality	Run repository quality gate	2026-10-05T13:26:48.6547470Z   duration_ms: 0.377267
quality	Run repository quality gate	2026-10-05T13:26:48.6547691Z   type: 'test'
quality	Run repository quality gate	2026-10-05T13:26:48.6547889Z   ...
quality	Run repository quality gate	2026-10-05T13:26:48.6548180Z # Subtest: rejects unknown request and execution-option control fields
quality	Run repository quality gate	2026-10-05T13:26:48.6548642Z ok 272 - rejects unknown request and execution-option control fields
quality	Run repository quality gate	2026-10-05T13:26:48.6548993Z   ---
quality	Run repository quality gate	2026-10-05T13:26:48.6549176Z   duration_ms: 0.368671
quality	Run repository quality gate	2026-10-05T13:26:48.6549397Z   type: 'test'
quality	Run repository quality gate	2026-10-05T13:26:48.6549585Z   ...
quality	Run repository quality gate	2026-10-05T13:26:48.6549946Z # Subtest: requires both input and output validators even for a custom registry implementation
quality	Run repository quality gate	2026-10-05T13:26:48.6550573Z ok 273 - requires both input and output validators even for a custom registry implementation
quality	Run repository quality gate	2026-10-05T13:26:48.6551003Z   ---
quality	Run repository quality gate	2026-10-05T13:26:48.6551190Z   duration_ms: 0.373279
quality	Run repository quality gate	2026-10-05T13:26:48.6551400Z   type: 'test'
quality	Run repository quality gate	2026-10-05T13:26:48.6551867Z   ...
quality	Run repository quality gate	2026-10-05T13:26:48.6552221Z # Subtest: normalizes failures from business validation, authorization and policy evaluation
quality	Run repository quality gate	2026-10-05T13:26:48.6552828Z ok 274 - normalizes failures from business validation, authorization and policy evaluation
quality	Run repository quality gate	2026-10-05T13:26:48.6553375Z   ---
quality	Run repository quality gate	2026-10-05T13:26:48.6553554Z   duration_ms: 0.750707
quality	Run repository quality gate	2026-10-05T13:26:48.6553769Z   type: 'test'
quality	Run repository quality gate	2026-10-05T13:26:48.6553951Z   ...
quality	Run repository quality gate	2026-10-05T13:26:48.6554253Z # Subtest: redacts common secret values even when the property name is generic
quality	Run repository quality gate	2026-10-05T13:26:48.6554766Z ok 275 - redacts common secret values even when the property name is generic
quality	Run repository quality gate	2026-10-05T13:26:48.6555140Z   ---
quality	Run repository quality gate	2026-10-05T13:26:48.6555331Z   duration_ms: 0.500879
quality	Run repository quality gate	2026-10-05T13:26:48.6555544Z   type: 'test'
quality	Run repository quality gate	2026-10-05T13:26:48.6555903Z   ...
quality	Run repository quality gate	2026-10-05T13:26:48.6556285Z # Subtest: memory receipt store validates its lease configuration and fails closed on lost leases
quality	Run repository quality gate	2026-10-05T13:26:48.6557153Z ok 276 - memory receipt store validates its lease configuration and fails closed on lost leases
quality	Run repository quality gate	2026-10-05T13:26:48.6557613Z   ---
quality	Run repository quality gate	2026-10-05T13:26:48.6557802Z   duration_ms: 0.217698
quality	Run repository quality gate	2026-10-05T13:26:48.6558016Z   type: 'test'
quality	Run repository quality gate	2026-10-05T13:26:48.6558208Z   ...
quality	Run repository quality gate	2026-10-05T13:26:48.6558583Z # Subtest: a pre-aborted request does not acquire a receipt, consume approval or call an executor
quality	Run repository quality gate	2026-10-05T13:26:48.6559219Z ok 277 - a pre-aborted request does not acquire a receipt, consume approval or call an executor
quality	Run repository quality gate	2026-10-05T13:26:48.6559644Z   ---
quality	Run repository quality gate	2026-10-05T13:26:48.6559834Z   duration_ms: 0.23988
quality	Run repository quality gate	2026-10-05T13:26:48.6560054Z   type: 'test'
quality	Run repository quality gate	2026-10-05T13:26:48.6560243Z   ...
quality	Run repository quality gate	2026-10-05T13:26:48.6560537Z # Subtest: canonical JSON rejects cyclic arrays and unsafe object keys
quality	Run repository quality gate	2026-10-05T13:26:48.6560997Z ok 278 - canonical JSON rejects cyclic arrays and unsafe object keys
quality	Run repository quality gate	2026-10-05T13:26:48.6561383Z   ---
quality	Run repository quality gate	2026-10-05T13:26:48.6561584Z   duration_ms: 0.334707
quality	Run repository quality gate	2026-10-05T13:26:48.6561795Z   type: 'test'
quality	Run repository quality gate	2026-10-05T13:26:48.6561985Z   ...
quality	Run repository quality gate	2026-10-05T13:26:48.6562337Z # Subtest: audit redaction stores unsafe property names without invoking prototype setters
quality	Run repository quality gate	2026-10-05T13:26:48.6562941Z ok 279 - audit redaction stores unsafe property names without invoking prototype setters
quality	Run repository quality gate	2026-10-05T13:26:48.6563359Z   ---
quality	Run repository quality gate	2026-10-05T13:26:48.6563547Z   duration_ms: 0.15982
quality	Run repository quality gate	2026-10-05T13:26:48.6563762Z   type: 'test'
quality	Run repository quality gate	2026-10-05T13:26:48.6563985Z   ...
quality	Run repository quality gate	2026-10-05T13:26:48.6564240Z # Subtest: rejects malformed trusted correlation identifiers
quality	Run repository quality gate	2026-10-05T13:26:48.6564639Z ok 280 - rejects malformed trusted correlation identifiers
quality	Run repository quality gate	2026-10-05T13:26:48.6564956Z   ---
quality	Run repository quality gate	2026-10-05T13:26:48.6565142Z   duration_ms: 0.292738
quality	Run repository quality gate	2026-10-05T13:26:48.6565356Z   type: 'test'
quality	Run repository quality gate	2026-10-05T13:26:48.6565547Z   ...
quality	Run repository quality gate	2026-10-05T13:26:48.6566082Z # Subtest: fails closed when policy approval metadata is malformed
quality	Run repository quality gate	2026-10-05T13:26:48.6566520Z ok 281 - fails closed when policy approval metadata is malformed
quality	Run repository quality gate	2026-10-05T13:26:48.6566859Z   ---
quality	Run repository quality gate	2026-10-05T13:26:48.6567047Z   duration_ms: 0.247975
quality	Run repository quality gate	2026-10-05T13:26:48.6567263Z   type: 'test'
quality	Run repository quality gate	2026-10-05T13:26:48.6567455Z   ...
quality	Run repository quality gate	2026-10-05T13:26:48.6567801Z # Subtest: rejects non-plain request objects without invoking custom serialization hooks
quality	Run repository quality gate	2026-10-05T13:26:48.6568402Z ok 282 - rejects non-plain request objects without invoking custom serialization hooks
quality	Run repository quality gate	2026-10-05T13:26:48.6568816Z   ---
quality	Run repository quality gate	2026-10-05T13:26:48.6569003Z   duration_ms: 0.243235
quality	Run repository quality gate	2026-10-05T13:26:48.6569217Z   type: 'test'
quality	Run repository quality gate	2026-10-05T13:26:48.6569408Z   ...
quality	Run repository quality gate	2026-10-05T13:26:48.6569733Z # Subtest: revalidates validator-transformed input for tenant ownership fields
quality	Run repository quality gate	2026-10-05T13:26:48.6570263Z ok 283 - revalidates validator-transformed input for tenant ownership fields
quality	Run repository quality gate	2026-10-05T13:26:48.6570652Z   ---
quality	Run repository quality gate	2026-10-05T13:26:48.6570832Z   duration_ms: 0.255008
quality	Run repository quality gate	2026-10-05T13:26:48.6571038Z   type: 'test'
quality	Run repository quality gate	2026-10-05T13:26:48.6571233Z   ...
quality	Run repository quality gate	2026-10-05T13:26:48.6571642Z # Subtest: preflight shares authorization but only requests consent: no receipt, consumption or side effects
quality	Run repository quality gate	2026-10-05T13:26:48.6572388Z ok 284 - preflight shares authorization but only requests consent: no receipt, consumption or side effects
quality	Run repository quality gate	2026-10-05T13:26:48.6573022Z   ---
quality	Run repository quality gate	2026-10-05T13:26:48.6573204Z   duration_ms: 0.610113
quality	Run repository quality gate	2026-10-05T13:26:48.6573413Z   type: 'test'
quality	Run repository quality gate	2026-10-05T13:26:48.6573707Z   ...
quality	Run repository quality gate	2026-10-05T13:26:48.6574103Z # Subtest: preflight cannot grant authority, skip policy or silently use missing approval persistence
quality	Run repository quality gate	2026-10-05T13:26:48.6574772Z ok 285 - preflight cannot grant authority, skip policy or silently use missing approval persistence
quality	Run repository quality gate	2026-10-05T13:26:48.6575233Z   ---
quality	Run repository quality gate	2026-10-05T13:26:48.6575416Z   duration_ms: 0.690905
quality	Run repository quality gate	2026-10-05T13:26:48.6575625Z   type: 'test'
quality	Run repository quality gate	2026-10-05T13:26:48.6575960Z   ...
quality	Run repository quality gate	2026-10-05T13:26:48.7688433Z # Subtest: canonical hashing rejects accessor properties without invoking them
quality	Run repository quality gate	2026-10-05T13:26:48.7690876Z ok 286 - canonical hashing rejects accessor properties without invoking them
quality	Run repository quality gate	2026-10-05T13:26:48.7691587Z   ---
quality	Run repository quality gate	2026-10-05T13:26:48.7691868Z   duration_ms: 1.338238
quality	Run repository quality gate	2026-10-05T13:26:48.7692128Z   type: 'test'
quality	Run repository quality gate	2026-10-05T13:26:48.7692394Z   ...
quality	Run repository quality gate	2026-10-05T13:26:48.7695737Z # Subtest: rejects sparse arrays so absent elements cannot alias explicit null
quality	Run repository quality gate	2026-10-05T13:26:48.7698628Z ok 287 - rejects sparse arrays so absent elements cannot alias explicit null
quality	Run repository quality gate	2026-10-05T13:26:48.7699262Z   ---
quality	Run repository quality gate	2026-10-05T13:26:48.7699492Z   duration_ms: 0.153347
quality	Run repository quality gate	2026-10-05T13:26:48.7699754Z   type: 'test'
quality	Run repository quality gate	2026-10-05T13:26:48.7700148Z   ...
quality	Run repository quality gate	2026-10-05T13:26:48.7707395Z # Subtest: rejects over-depth inputs with a bounded domain error rather than stack overflow
quality	Run repository quality gate	2026-10-05T13:26:48.7709277Z ok 288 - rejects over-depth inputs with a bounded domain error rather than stack overflow
quality	Run repository quality gate	2026-10-05T13:26:48.7710153Z   ---
quality	Run repository quality gate	2026-10-05T13:26:48.7710524Z   duration_ms: 0.381846
quality	Run repository quality gate	2026-10-05T13:26:48.7710941Z   type: 'test'
quality	Run repository quality gate	2026-10-05T13:26:48.7711314Z   ...
quality	Run repository quality gate	2026-10-05T13:26:48.7711826Z # Subtest: rejects oversized strings and excessive node counts
quality	Run repository quality gate	2026-10-05T13:26:48.7715074Z ok 289 - rejects oversized strings and excessive node counts
quality	Run repository quality gate	2026-10-05T13:26:48.7715986Z   ---
quality	Run repository quality gate	2026-10-05T13:26:48.7716372Z   duration_ms: 8.315093
quality	Run repository quality gate	2026-10-05T13:26:48.7716810Z   type: 'test'
quality	Run repository quality gate	2026-10-05T13:26:48.7717185Z   ...
quality	Run repository quality gate	2026-10-05T13:26:48.7717684Z # Subtest: input snapshot rejects a getter before execution
quality	Run repository quality gate	2026-10-05T13:26:48.7718458Z ok 290 - input snapshot rejects a getter before execution
quality	Run repository quality gate	2026-10-05T13:26:48.7719088Z   ---
quality	Run repository quality gate	2026-10-05T13:26:48.7719468Z   duration_ms: 1.273256
quality	Run repository quality gate	2026-10-05T13:26:48.7719887Z   type: 'test'
quality	Run repository quality gate	2026-10-05T13:26:48.7720259Z   ...
quality	Run repository quality gate	2026-10-05T13:26:48.7720890Z # Subtest: normal JSON digests remain stable and object undefined fields stay omitted
quality	Run repository quality gate	2026-10-05T13:26:48.7721580Z ok 291 - normal JSON digests remain stable and object undefined fields stay omitted
quality	Run repository quality gate	2026-10-05T13:26:48.7722018Z   ---
quality	Run repository quality gate	2026-10-05T13:26:48.7722416Z   duration_ms: 0.288611
quality	Run repository quality gate	2026-10-05T13:26:48.7722720Z   type: 'test'
quality	Run repository quality gate	2026-10-05T13:26:48.7722921Z   ...
quality	Run repository quality gate	2026-10-05T13:26:48.8745948Z # Subtest: unknown actions default to denial
quality	Run repository quality gate	2026-10-05T13:26:48.8747467Z ok 292 - unknown actions default to denial
quality	Run repository quality gate	2026-10-05T13:26:48.8748050Z   ---
quality	Run repository quality gate	2026-10-05T13:26:48.8748295Z   duration_ms: 1.063562
quality	Run repository quality gate	2026-10-05T13:26:48.8748554Z   type: 'test'
quality	Run repository quality gate	2026-10-05T13:26:48.8748786Z   ...
quality	Run repository quality gate	2026-10-05T13:26:48.8759538Z # Subtest: exact ALLOW rule permits only already-authorized low-risk action
quality	Run repository quality gate	2026-10-05T13:26:48.8760512Z ok 293 - exact ALLOW rule permits only already-authorized low-risk action
quality	Run repository quality gate	2026-10-05T13:26:48.8761181Z   ---
quality	Run repository quality gate	2026-10-05T13:26:48.8761511Z   duration_ms: 0.37372
quality	Run repository quality gate	2026-10-05T13:26:48.8761889Z   type: 'test'
quality	Run repository quality gate	2026-10-05T13:26:48.8762136Z   ...
quality	Run repository quality gate	2026-10-05T13:26:48.8762446Z # Subtest: high and critical risks cannot be downgraded by an ALLOW rule
quality	Run repository quality gate	2026-10-05T13:26:48.8762955Z ok 294 - high and critical risks cannot be downgraded by an ALLOW rule
quality	Run repository quality gate	2026-10-05T13:26:48.8772276Z   ---
quality	Run repository quality gate	2026-10-05T13:26:48.8772673Z   duration_ms: 0.19265
quality	Run repository quality gate	2026-10-05T13:26:48.8773061Z   type: 'test'
quality	Run repository quality gate	2026-10-05T13:26:48.8773458Z   ...
quality	Run repository quality gate	2026-10-05T13:26:48.8774019Z # Subtest: read-only overrides allow and approval for mutating actions
quality	Run repository quality gate	2026-10-05T13:26:48.8775245Z ok 295 - read-only overrides allow and approval for mutating actions
quality	Run repository quality gate	2026-10-05T13:26:48.8776135Z   ---
quality	Run repository quality gate	2026-10-05T13:26:48.8776483Z   duration_ms: 0.166662
quality	Run repository quality gate	2026-10-05T13:26:48.8776890Z   type: 'test'
quality	Run repository quality gate	2026-10-05T13:26:48.8777452Z   ...
quality	Run repository quality gate	2026-10-05T13:26:48.8777964Z # Subtest: explicit REQUIRE_APPROVAL is honored for low-risk actions
quality	Run repository quality gate	2026-10-05T13:26:48.8778852Z ok 296 - explicit REQUIRE_APPROVAL is honored for low-risk actions
quality	Run repository quality gate	2026-10-05T13:26:48.8779523Z   ---
quality	Run repository quality gate	2026-10-05T13:26:48.8779887Z   duration_ms: 0.200285
quality	Run repository quality gate	2026-10-05T13:26:48.8780315Z   type: 'test'
quality	Run repository quality gate	2026-10-05T13:26:48.8780674Z   ...
quality	Run repository quality gate	2026-10-05T13:26:48.8781284Z # Subtest: malformed rules, wildcards and getters are rejected without execution
quality	Run repository quality gate	2026-10-05T13:26:48.8782296Z ok 297 - malformed rules, wildcards and getters are rejected without execution
quality	Run repository quality gate	2026-10-05T13:26:48.8783028Z   ---
quality	Run repository quality gate	2026-10-05T13:26:48.8783397Z   duration_ms: 0.365054
quality	Run repository quality gate	2026-10-05T13:26:48.8783813Z   type: 'test'
quality	Run repository quality gate	2026-10-05T13:26:48.8784229Z   ...
quality	Run repository quality gate	2026-10-05T13:26:48.8784826Z # Subtest: malformed risk never becomes an implicitly allowed action
quality	Run repository quality gate	2026-10-05T13:26:48.8785933Z ok 298 - malformed risk never becomes an implicitly allowed action
quality	Run repository quality gate	2026-10-05T13:26:48.8786567Z   ---
quality	Run repository quality gate	2026-10-05T13:26:48.8786895Z   duration_ms: 0.185047
quality	Run repository quality gate	2026-10-05T13:26:48.8787294Z   type: 'test'
quality	Run repository quality gate	2026-10-05T13:26:48.8787625Z   ...
quality	Run repository quality gate	2026-10-05T13:26:48.8788072Z # Subtest: model-supplied policy fields have no authority
quality	Run repository quality gate	2026-10-05T13:26:48.8788766Z ok 299 - model-supplied policy fields have no authority
quality	Run repository quality gate	2026-10-05T13:26:48.8789318Z   ---
quality	Run repository quality gate	2026-10-05T13:26:48.8789659Z   duration_ms: 0.138981
quality	Run repository quality gate	2026-10-05T13:26:48.8790059Z   type: 'test'
quality	Run repository quality gate	2026-10-05T13:26:48.8790433Z   ...
quality	Run repository quality gate	2026-10-05T13:26:48.9914182Z # Subtest: receipt store atomically acquires, completes and replays
quality	Run repository quality gate	2026-10-05T13:26:48.9915363Z ok 300 - receipt store atomically acquires, completes and replays
quality	Run repository quality gate	2026-10-05T13:26:48.9916596Z   ---
quality	Run repository quality gate	2026-10-05T13:26:48.9916960Z   duration_ms: 3.212471
quality	Run repository quality gate	2026-10-05T13:26:48.9917355Z   type: 'test'
quality	Run repository quality gate	2026-10-05T13:26:48.9917688Z   ...
quality	Run repository quality gate	2026-10-05T13:26:48.9920054Z # Subtest: receipt rejects same key with another digest
quality	Run repository quality gate	2026-10-05T13:26:48.9922015Z ok 301 - receipt rejects same key with another digest
quality	Run repository quality gate	2026-10-05T13:26:48.9922804Z   ---
quality	Run repository quality gate	2026-10-05T13:26:48.9923173Z   duration_ms: 0.786724
quality	Run repository quality gate	2026-10-05T13:26:48.9923558Z   type: 'test'
quality	Run repository quality gate	2026-10-05T13:26:48.9923895Z   ...
quality	Run repository quality gate	2026-10-05T13:26:48.9926122Z # Subtest: receipt completion requires the acquired lease token
quality	Run repository quality gate	2026-10-05T13:26:48.9927596Z ok 302 - receipt completion requires the acquired lease token
quality	Run repository quality gate	2026-10-05T13:26:48.9928293Z   ---
quality	Run repository quality gate	2026-10-05T13:26:48.9928722Z   duration_ms: 0.377648
quality	Run repository quality gate	2026-10-05T13:26:48.9929251Z   type: 'test'
quality	Run repository quality gate	2026-10-05T13:26:48.9929663Z   ...
quality	Run repository quality gate	2026-10-05T13:26:48.9931353Z # Subtest: approval consumption is tenant, action, digest and expiry bound
quality	Run repository quality gate	2026-10-05T13:26:48.9932725Z ok 303 - approval consumption is tenant, action, digest and expiry bound
quality	Run repository quality gate	2026-10-05T13:26:48.9933490Z   ---
quality	Run repository quality gate	2026-10-05T13:26:48.9933927Z   duration_ms: 0.502682
quality	Run repository quality gate	2026-10-05T13:26:48.9934426Z   type: 'test'
quality	Run repository quality gate	2026-10-05T13:26:48.9934860Z   ...
quality	Run repository quality gate	2026-10-05T13:26:48.9969381Z # Subtest: audit sink redacts secret-bearing properties
quality	Run repository quality gate	2026-10-05T13:26:48.9970157Z ok 304 - audit sink redacts secret-bearing properties
quality	Run repository quality gate	2026-10-05T13:26:48.9970771Z   ---
quality	Run repository quality gate	2026-10-05T13:26:48.9971207Z   duration_ms: 0.924132
quality	Run repository quality gate	2026-10-05T13:26:48.9971745Z   type: 'test'
quality	Run repository quality gate	2026-10-05T13:26:48.9972166Z   ...
quality	Run repository quality gate	2026-10-05T13:26:48.9972838Z # Subtest: expired unsafe receipt is quarantined instead of repeating an unknown external side effect
quality	Run repository quality gate	2026-10-05T13:26:48.9973573Z ok 305 - expired unsafe receipt is quarantined instead of repeating an unknown external side effect
quality	Run repository quality gate	2026-10-05T13:26:48.9974069Z   ---
quality	Run repository quality gate	2026-10-05T13:26:48.9974267Z   duration_ms: 0.658293
quality	Run repository quality gate	2026-10-05T13:26:48.9974689Z   type: 'test'
quality	Run repository quality gate	2026-10-05T13:26:48.9975036Z   ...
quality	Run repository quality gate	2026-10-05T13:26:48.9975885Z # Subtest: expired receipt may replay only with an explicit safe adapter capability
quality	Run repository quality gate	2026-10-05T13:26:48.9976769Z ok 306 - expired receipt may replay only with an explicit safe adapter capability
quality	Run repository quality gate	2026-10-05T13:26:48.9977756Z   ---
quality	Run repository quality gate	2026-10-05T13:26:48.9978112Z   duration_ms: 0.789469
quality	Run repository quality gate	2026-10-05T13:26:48.9978455Z   type: 'test'
quality	Run repository quality gate	2026-10-05T13:26:48.9978844Z   ...
quality	Run repository quality gate	2026-10-05T13:26:48.9979322Z # Subtest: receipt lease covers the complete declared execution/retry budget
quality	Run repository quality gate	2026-10-05T13:26:48.9980330Z ok 307 - receipt lease covers the complete declared execution/retry budget
quality	Run repository quality gate	2026-10-05T13:26:48.9981012Z   ---
quality	Run repository quality gate	2026-10-05T13:26:48.9981341Z   duration_ms: 0.320951
quality	Run repository quality gate	2026-10-05T13:26:48.9981726Z   type: 'test'
quality	Run repository quality gate	2026-10-05T13:26:48.9982051Z   ...
quality	Run repository quality gate	2026-10-05T13:26:49.0934674Z # Subtest: memory reference adapter quarantines expired unsafe execution too
quality	Run repository quality gate	2026-10-05T13:26:49.0938572Z ok 308 - memory reference adapter quarantines expired unsafe execution too
quality	Run repository quality gate	2026-10-05T13:26:49.0939321Z   ---
quality	Run repository quality gate	2026-10-05T13:26:49.0939876Z   duration_ms: 1.635004
quality	Run repository quality gate	2026-10-05T13:26:49.0940271Z   type: 'test'
quality	Run repository quality gate	2026-10-05T13:26:49.0940598Z   ...
quality	Run repository quality gate	2026-10-05T13:26:49.2083622Z # Subtest: canonical JSON is stable across object key order
quality	Run repository quality gate	2026-10-05T13:26:49.2087611Z ok 309 - canonical JSON is stable across object key order
quality	Run repository quality gate	2026-10-05T13:26:49.2088407Z   ---
quality	Run repository quality gate	2026-10-05T13:26:49.2088925Z   duration_ms: 1.514489
quality	Run repository quality gate	2026-10-05T13:26:49.2089478Z   type: 'test'
quality	Run repository quality gate	2026-10-05T13:26:49.2090009Z   ...
quality	Run repository quality gate	2026-10-05T13:26:49.2090549Z # Subtest: idempotency key is deterministic and tenant scoped
quality	Run repository quality gate	2026-10-05T13:26:49.2091482Z ok 310 - idempotency key is deterministic and tenant scoped
quality	Run repository quality gate	2026-10-05T13:26:49.2092250Z   ---
quality	Run repository quality gate	2026-10-05T13:26:49.2092789Z   duration_ms: 0.742942
quality	Run repository quality gate	2026-10-05T13:26:49.2093353Z   type: 'test'
quality	Run repository quality gate	2026-10-05T13:26:49.2093832Z   ...
quality	Run repository quality gate	2026-10-05T13:26:49.2094399Z # Subtest: money avoids floating point and uses explicit rounding
quality	Run repository quality gate	2026-10-05T13:26:49.2095380Z ok 311 - money avoids floating point and uses explicit rounding
quality	Run repository quality gate	2026-10-05T13:26:49.2096416Z   ---
quality	Run repository quality gate	2026-10-05T13:26:49.2096794Z   duration_ms: 0.587761
quality	Run repository quality gate	2026-10-05T13:26:49.2097391Z   type: 'test'
quality	Run repository quality gate	2026-10-05T13:26:49.2097861Z   ...
quality	Run repository quality gate	2026-10-05T13:26:49.2098546Z # Subtest: agent policy is deny by default and approval is payload-bound
quality	Run repository quality gate	2026-10-05T13:26:49.2099642Z ok 312 - agent policy is deny by default and approval is payload-bound
quality	Run repository quality gate	2026-10-05T13:26:49.2100458Z   ---
quality	Run repository quality gate	2026-10-05T13:26:49.2100855Z   duration_ms: 0.583183
quality	Run repository quality gate	2026-10-05T13:26:49.2101411Z   type: 'test'
quality	Run repository quality gate	2026-10-05T13:26:49.2101903Z   ...
quality	Run repository quality gate	2026-10-05T13:26:49.2102572Z # Subtest: retry is bounded and uses injected deterministic sleep
quality	Run repository quality gate	2026-10-05T13:26:49.2103605Z ok 313 - retry is bounded and uses injected deterministic sleep
quality	Run repository quality gate	2026-10-05T13:26:49.2104347Z   ---
quality	Run repository quality gate	2026-10-05T13:26:49.2104885Z   duration_ms: 1.031332
quality	Run repository quality gate	2026-10-05T13:26:49.2105438Z   type: 'test'
quality	Run repository quality gate	2026-10-05T13:26:49.2106135Z   ...
quality	Run repository quality gate	2026-10-05T13:26:49.2106804Z # Subtest: integration URL policy blocks local, credential and rebinding targets
quality	Run repository quality gate	2026-10-05T13:26:49.2107827Z ok 314 - integration URL policy blocks local, credential and rebinding targets
quality	Run repository quality gate	2026-10-05T13:26:49.2108813Z   ---
quality	Run repository quality gate	2026-10-05T13:26:49.2109167Z   duration_ms: 5.321613
quality	Run repository quality gate	2026-10-05T13:26:49.2109585Z   type: 'test'
quality	Run repository quality gate	2026-10-05T13:26:49.2109952Z   ...
quality	Run repository quality gate	2026-10-05T13:26:49.2118498Z # Subtest: pipeline validates terminal semantics and transition policy
quality	Run repository quality gate	2026-10-05T13:26:49.2119488Z ok 315 - pipeline validates terminal semantics and transition policy
quality	Run repository quality gate	2026-10-05T13:26:49.2120171Z   ---
quality	Run repository quality gate	2026-10-05T13:26:49.2120565Z   duration_ms: 0.499546
quality	Run repository quality gate	2026-10-05T13:26:49.2121003Z   type: 'test'
quality	Run repository quality gate	2026-10-05T13:26:49.2121373Z   ...
quality	Run repository quality gate	2026-10-05T13:26:49.2121918Z # Subtest: deal health returns deterministic evidence factors
quality	Run repository quality gate	2026-10-05T13:26:49.2122694Z ok 316 - deal health returns deterministic evidence factors
quality	Run repository quality gate	2026-10-05T13:26:49.2123321Z   ---
quality	Run repository quality gate	2026-10-05T13:26:49.2123678Z   duration_ms: 0.42168
quality	Run repository quality gate	2026-10-05T13:26:49.2124089Z   type: 'test'
quality	Run repository quality gate	2026-10-05T13:26:49.2124456Z   ...
quality	Run repository quality gate	2026-10-05T13:26:49.2125060Z # Subtest: contact normalization supports Uzbekistan and safe mapping errors
quality	Run repository quality gate	2026-10-05T13:26:49.2126463Z ok 317 - contact normalization supports Uzbekistan and safe mapping errors
quality	Run repository quality gate	2026-10-05T13:26:49.2127190Z   ---
quality	Run repository quality gate	2026-10-05T13:26:49.2127559Z   duration_ms: 0.535503
quality	Run repository quality gate	2026-10-05T13:26:49.2128376Z   type: 'test'
quality	Run repository quality gate	2026-10-05T13:26:49.2128745Z   ...
quality	Run repository quality gate	2026-10-05T13:26:49.2129191Z # Subtest: ROI calculation uses integer arithmetic
quality	Run repository quality gate	2026-10-05T13:26:49.2129837Z ok 318 - ROI calculation uses integer arithmetic
quality	Run repository quality gate	2026-10-05T13:26:49.2130680Z   ---
quality	Run repository quality gate	2026-10-05T13:26:49.2131131Z   duration_ms: 0.511939
quality	Run repository quality gate	2026-10-05T13:26:49.2131553Z   type: 'test'
quality	Run repository quality gate	2026-10-05T13:26:49.2131922Z   ...
quality	Run repository quality gate	2026-10-05T13:26:49.2132439Z # Subtest: approval payload hash changes when action data changes
quality	Run repository quality gate	2026-10-05T13:26:49.2133480Z ok 319 - approval payload hash changes when action data changes
quality	Run repository quality gate	2026-10-05T13:26:49.2134088Z   ---
quality	Run repository quality gate	2026-10-05T13:26:49.2134428Z   duration_ms: 0.180969
quality	Run repository quality gate	2026-10-05T13:26:49.2134807Z   type: 'test'
quality	Run repository quality gate	2026-10-05T13:26:49.2135139Z   ...
quality	Run repository quality gate	2026-10-05T13:26:49.3051366Z # Subtest: decimal money input converts exactly without binary floating-point rounding
quality	Run repository quality gate	2026-10-05T13:26:49.3058863Z ok 320 - decimal money input converts exactly without binary floating-point rounding
quality	Run repository quality gate	2026-10-05T13:26:49.3060084Z   ---
quality	Run repository quality gate	2026-10-05T13:26:49.3060827Z   duration_ms: 1.020612
quality	Run repository quality gate	2026-10-05T13:26:49.3061588Z   type: 'test'
quality	Run repository quality gate	2026-10-05T13:26:49.3062303Z   ...
quality	Run repository quality gate	2026-10-05T13:26:49.3063352Z # Subtest: rejects parseFloat-style trailing junk, grouping, exponent, negative and overprecision
quality	Run repository quality gate	2026-10-05T13:26:49.3064960Z ok 321 - rejects parseFloat-style trailing junk, grouping, exponent, negative and overprecision
quality	Run repository quality gate	2026-10-05T13:26:49.3066479Z   ---
quality	Run repository quality gate	2026-10-05T13:26:49.3067173Z   duration_ms: 0.599022
quality	Run repository quality gate	2026-10-05T13:26:49.3067881Z   type: 'test'
quality	Run repository quality gate	2026-10-05T13:26:49.3068501Z   ...
quality	Run repository quality gate	2026-10-05T13:26:49.3069416Z # Subtest: maximum supported amount round trips exactly and overflow is rejected
quality	Run repository quality gate	2026-10-05T13:26:49.3070758Z ok 322 - maximum supported amount round trips exactly and overflow is rejected
quality	Run repository quality gate	2026-10-05T13:26:49.3071804Z   ---
quality	Run repository quality gate	2026-10-05T13:26:49.3072432Z   duration_ms: 0.313447
quality	Run repository quality gate	2026-10-05T13:26:49.3073110Z   type: 'test'
quality	Run repository quality gate	2026-10-05T13:26:49.3073721Z   ...
quality	Run repository quality gate	2026-10-05T13:26:49.3074692Z # Subtest: input formatter does not turn absent data into zero or accept corrupt stored cents
quality	Run repository quality gate	2026-10-05T13:26:49.3076389Z ok 323 - input formatter does not turn absent data into zero or accept corrupt stored cents
quality	Run repository quality gate	2026-10-05T13:26:49.3077405Z   ---
quality	Run repository quality gate	2026-10-05T13:26:49.3077963Z   duration_ms: 0.212859
quality	Run repository quality gate	2026-10-05T13:26:49.3078562Z   type: 'test'
quality	Run repository quality gate	2026-10-05T13:26:49.3079089Z   ...
quality	Run repository quality gate	2026-10-05T13:26:49.4041970Z # Subtest: test DB never derives a target from DATABASE_URL
quality	Run repository quality gate	2026-10-05T13:26:49.4043226Z ok 324 - test DB never derives a target from DATABASE_URL
quality	Run repository quality gate	2026-10-05T13:26:49.4044390Z   ---
quality	Run repository quality gate	2026-10-05T13:26:49.4045084Z   duration_ms: 1.286681
quality	Run repository quality gate	2026-10-05T13:26:49.4046040Z   type: 'test'
quality	Run repository quality gate	2026-10-05T13:26:49.4046701Z   ...
quality	Run repository quality gate	2026-10-05T13:26:49.4047694Z # Subtest: explicit disposable loopback target is accepted without leaking configuration
quality	Run repository quality gate	2026-10-05T13:26:49.4050662Z ok 325 - explicit disposable loopback target is accepted without leaking configuration
quality	Run repository quality gate	2026-10-05T13:26:49.4058591Z   ---
quality	Run repository quality gate	2026-10-05T13:26:49.4059114Z   duration_ms: 0.427081
quality	Run repository quality gate	2026-10-05T13:26:49.4059684Z   type: 'test'
quality	Run repository quality gate	2026-10-05T13:26:49.4060178Z   ...
quality	Run repository quality gate	2026-10-05T13:26:49.4060974Z # Subtest: same DB is rejected despite changed credentials, scheme, port default and query
quality	Run repository quality gate	2026-10-05T13:26:49.4077993Z ok 326 - same DB is rejected despite changed credentials, scheme, port default and query
quality	Run repository quality gate	2026-10-05T13:26:49.4079187Z   ---
quality	Run repository quality gate	2026-10-05T13:26:49.4079894Z   duration_ms: 0.34701
quality	Run repository quality gate	2026-10-05T13:26:49.4080626Z   type: 'test'
quality	Run repository quality gate	2026-10-05T13:26:49.4081241Z   ...
quality	Run repository quality gate	2026-10-05T13:26:49.4082126Z # Subtest: remote targets require opt-in and still reject normalized live identity
quality	Run repository quality gate	2026-10-05T13:26:49.4083452Z ok 327 - remote targets require opt-in and still reject normalized live identity
quality	Run repository quality gate	2026-10-05T13:26:49.4084393Z   ---
quality	Run repository quality gate	2026-10-05T13:26:49.4084929Z   duration_ms: 0.339847
quality	Run repository quality gate	2026-10-05T13:26:49.4085499Z   type: 'test'
quality	Run repository quality gate	2026-10-05T13:26:49.4086288Z   ...
quality	Run repository quality gate	2026-10-05T13:26:49.4087210Z # Subtest: unsafe database identifiers and ambiguous paths fail closed
quality	Run repository quality gate	2026-10-05T13:26:49.4088411Z ok 328 - unsafe database identifiers and ambiguous paths fail closed
quality	Run repository quality gate	2026-10-05T13:26:49.4089900Z   ---
quality	Run repository quality gate	2026-10-05T13:26:49.4090518Z   duration_ms: 0.472175
quality	Run repository quality gate	2026-10-05T13:26:49.4091222Z   type: 'test'
quality	Run repository quality gate	2026-10-05T13:26:49.4091840Z   ...
quality	Run repository quality gate	2026-10-05T13:26:49.4092750Z # Subtest: connection redirection, schema changes and repeated params are rejected
quality	Run repository quality gate	2026-10-05T13:26:49.4094514Z ok 329 - connection redirection, schema changes and repeated params are rejected
quality	Run repository quality gate	2026-10-05T13:26:49.4095572Z   ---
quality	Run repository quality gate	2026-10-05T13:26:49.4096526Z   duration_ms: 0.633868
quality	Run repository quality gate	2026-10-05T13:26:49.4097235Z   type: 'test'
quality	Run repository quality gate	2026-10-05T13:26:49.4097862Z   ...
quality	Run repository quality gate	2026-10-05T13:26:49.4098599Z # Subtest: invalid URLs do not echo credentials in errors
quality	Run repository quality gate	2026-10-05T13:26:49.4099611Z ok 330 - invalid URLs do not echo credentials in errors
quality	Run repository quality gate	2026-10-05T13:26:49.4100486Z   ---
quality	Run repository quality gate	2026-10-05T13:26:49.4101100Z   duration_ms: 0.357029
quality	Run repository quality gate	2026-10-05T13:26:49.4101774Z   type: 'test'
quality	Run repository quality gate	2026-10-05T13:26:49.4102402Z   ...
quality	Run repository quality gate	2026-10-05T13:26:49.4103074Z # Subtest: reset needs separate explicit consent
quality	Run repository quality gate	2026-10-05T13:26:49.4103955Z ok 331 - reset needs separate explicit consent
quality	Run repository quality gate	2026-10-05T13:26:49.4104779Z   ---
quality	Run repository quality gate	2026-10-05T13:26:49.4105361Z   duration_ms: 0.270717
quality	Run repository quality gate	2026-10-05T13:26:49.4106256Z   type: 'test'
quality	Run repository quality gate	2026-10-05T13:26:49.4106858Z   ...
quality	Run repository quality gate	2026-10-05T13:26:49.4107838Z # Subtest: test DB implementation has no implicit live fallback, auto-reset or credential printing
quality	Run repository quality gate	2026-10-05T13:26:49.4109389Z ok 332 - test DB implementation has no implicit live fallback, auto-reset or credential printing
quality	Run repository quality gate	2026-10-05T13:26:49.4110531Z   ---
quality	Run repository quality gate	2026-10-05T13:26:49.4111153Z   duration_ms: 0.559308
quality	Run repository quality gate	2026-10-05T13:26:49.4111839Z   type: 'test'
quality	Run repository quality gate	2026-10-05T13:26:49.4112491Z   ...
quality	Run repository quality gate	2026-10-05T13:26:49.5460989Z # Subtest: blocks private, loopback, link-local, metadata, documentation and multicast IP ranges
quality	Run repository quality gate	2026-10-05T13:26:49.5462737Z ok 333 - blocks private, loopback, link-local, metadata, documentation and multicast IP ranges
quality	Run repository quality gate	2026-10-05T13:26:49.5464124Z   ---
quality	Run repository quality gate	2026-10-05T13:26:49.5464703Z   duration_ms: 8.113155
quality	Run repository quality gate	2026-10-05T13:26:49.5465157Z   type: 'test'
quality	Run repository quality gate	2026-10-05T13:26:49.5465522Z   ...
quality	Run repository quality gate	2026-10-05T13:26:49.5466316Z # Subtest: rejects URL credentials and DNS rebinding to a private address
quality	Run repository quality gate	2026-10-05T13:26:49.5467238Z ok 334 - rejects URL credentials and DNS rebinding to a private address
quality	Run repository quality gate	2026-10-05T13:26:49.5467928Z   ---
quality	Run repository quality gate	2026-10-05T13:26:49.5468258Z   duration_ms: 1.175353
quality	Run repository quality gate	2026-10-05T13:26:49.5468664Z   type: 'test'
quality	Run repository quality gate	2026-10-05T13:26:49.5469005Z   ...
quality	Run repository quality gate	2026-10-05T13:26:49.5474242Z # Subtest: enforces connector host allowlists
quality	Run repository quality gate	2026-10-05T13:26:49.5478047Z ok 335 - enforces connector host allowlists
quality	Run repository quality gate	2026-10-05T13:26:49.5479339Z   ---
quality	Run repository quality gate	2026-10-05T13:26:49.5479713Z   duration_ms: 0.307557
quality	Run repository quality gate	2026-10-05T13:26:49.5480102Z   type: 'test'
quality	Run repository quality gate	2026-10-05T13:26:49.5480450Z   ...
quality	Run repository quality gate	2026-10-05T13:26:49.5574348Z # Subtest: executes a pinned bounded request and parses JSON
quality	Run repository quality gate	2026-10-05T13:26:49.5575458Z ok 336 - executes a pinned bounded request and parses JSON
quality	Run repository quality gate	2026-10-05T13:26:49.5576905Z   ---
quality	Run repository quality gate	2026-10-05T13:26:49.5577521Z   duration_ms: 20.930614
quality	Run repository quality gate	2026-10-05T13:26:49.5577923Z   type: 'test'
quality	Run repository quality gate	2026-10-05T13:26:49.5586429Z   ...
quality	Run repository quality gate	2026-10-05T13:26:49.5590238Z # Subtest: rejects mutation retry without idempotency
quality	Run repository quality gate	2026-10-05T13:26:49.5596281Z ok 337 - rejects mutation retry without idempotency
quality	Run repository quality gate	2026-10-05T13:26:49.5599505Z   ---
quality	Run repository quality gate	2026-10-05T13:26:49.5600278Z   duration_ms: 0.431659
quality	Run repository quality gate	2026-10-05T13:26:49.5600995Z   type: 'test'
quality	Run repository quality gate	2026-10-05T13:26:49.5601618Z   ...
quality	Run repository quality gate	2026-10-05T13:26:49.5665210Z # Subtest: rejects redirect to a private destination
quality	Run repository quality gate	2026-10-05T13:26:49.5666516Z ok 338 - rejects redirect to a private destination
quality	Run repository quality gate	2026-10-05T13:26:49.5667481Z   ---
quality	Run repository quality gate	2026-10-05T13:26:49.5668224Z   duration_ms: 4.574814
quality	Run repository quality gate	2026-10-05T13:26:49.5668961Z   type: 'test'
quality	Run repository quality gate	2026-10-05T13:26:49.5669638Z   ...
quality	Run repository quality gate	2026-10-05T13:26:49.5670454Z # Subtest: verifies HMAC webhooks and rejects replay
quality	Run repository quality gate	2026-10-05T13:26:49.5671706Z ok 339 - verifies HMAC webhooks and rejects replay
quality	Run repository quality gate	2026-10-05T13:26:49.5672363Z   ---
quality	Run repository quality gate	2026-10-05T13:26:49.5673170Z   duration_ms: 1.390987
quality	Run repository quality gate	2026-10-05T13:26:49.5673827Z   type: 'test'
quality	Run repository quality gate	2026-10-05T13:26:49.5674409Z   ...
quality	Run repository quality gate	2026-10-05T13:26:49.5679832Z # Subtest: rejects tampered webhook body
quality	Run repository quality gate	2026-10-05T13:26:49.5681330Z ok 340 - rejects tampered webhook body
quality	Run repository quality gate	2026-10-05T13:26:49.5682312Z   ---
quality	Run repository quality gate	2026-10-05T13:26:49.5683020Z   duration_ms: 0.510166
quality	Run repository quality gate	2026-10-05T13:26:49.5684164Z   type: 'test'
quality	Run repository quality gate	2026-10-05T13:26:49.5684868Z   ...
quality	Run repository quality gate	2026-10-05T13:26:49.5685979Z # Subtest: compiles bounded OpenAPI operations and classifies risk
quality	Run repository quality gate	2026-10-05T13:26:49.5687196Z ok 341 - compiles bounded OpenAPI operations and classifies risk
quality	Run repository quality gate	2026-10-05T13:26:49.5688163Z   ---
quality	Run repository quality gate	2026-10-05T13:26:49.5688808Z   duration_ms: 0.849653
quality	Run repository quality gate	2026-10-05T13:26:49.5689527Z   type: 'test'
quality	Run repository quality gate	2026-10-05T13:26:49.5690803Z   ...
quality	Run repository quality gate	2026-10-05T13:26:49.5691612Z # Subtest: rejects external OpenAPI references
quality	Run repository quality gate	2026-10-05T13:26:49.5692636Z ok 342 - rejects external OpenAPI references
quality	Run repository quality gate	2026-10-05T13:26:49.5693583Z   ---
quality	Run repository quality gate	2026-10-05T13:26:49.5694295Z   duration_ms: 0.380593
quality	Run repository quality gate	2026-10-05T13:26:49.5695110Z   type: 'test'
quality	Run repository quality gate	2026-10-05T13:26:49.5696010Z   ...
quality	Run repository quality gate	2026-10-05T13:26:49.5697030Z # Subtest: rejects malformed resolver results before opening a socket
quality	Run repository quality gate	2026-10-05T13:26:49.5698551Z ok 343 - rejects malformed resolver results before opening a socket
quality	Run repository quality gate	2026-10-05T13:26:49.5699830Z   ---
quality	Run repository quality gate	2026-10-05T13:26:49.5700549Z   duration_ms: 0.3999
quality	Run repository quality gate	2026-10-05T13:26:49.5701335Z   type: 'test'
quality	Run repository quality gate	2026-10-05T13:26:49.5702134Z   ...
quality	Run repository quality gate	2026-10-05T13:26:49.5708034Z # Subtest: validates the retry-delay boundary
quality	Run repository quality gate	2026-10-05T13:26:49.5708721Z ok 344 - validates the retry-delay boundary
quality	Run repository quality gate	2026-10-05T13:26:49.5709425Z   ---
quality	Run repository quality gate	2026-10-05T13:26:49.5709876Z   duration_ms: 0.321001
quality	Run repository quality gate	2026-10-05T13:26:49.5710429Z   type: 'test'
quality	Run repository quality gate	2026-10-05T13:26:49.5710917Z   ...
quality	Run repository quality gate	2026-10-05T13:26:49.6671614Z # Subtest: enforces a total request deadline even while response bytes keep arriving
quality	Run repository quality gate	2026-10-05T13:26:49.6672756Z ok 345 - enforces a total request deadline even while response bytes keep arriving
quality	Run repository quality gate	2026-10-05T13:26:49.6673497Z   ---
quality	Run repository quality gate	2026-10-05T13:26:49.6673836Z   duration_ms: 101.485557
quality	Run repository quality gate	2026-10-05T13:26:49.6674241Z   type: 'test'
quality	Run repository quality gate	2026-10-05T13:26:49.6674591Z   ...
quality	Run repository quality gate	2026-10-05T13:26:49.8107334Z # Subtest: SSRF: all mapped, expanded, reserved and transition representations are blocked
quality	Run repository quality gate	2026-10-05T13:26:49.8114106Z ok 346 - SSRF: all mapped, expanded, reserved and transition representations are blocked
quality	Run repository quality gate	2026-10-05T13:26:49.8115035Z   ---
quality	Run repository quality gate	2026-10-05T13:26:49.8115382Z   duration_ms: 7.838241
quality	Run repository quality gate	2026-10-05T13:26:49.8116110Z   type: 'test'
quality	Run repository quality gate	2026-10-05T13:26:49.8116505Z   ...
quality	Run repository quality gate	2026-10-05T13:26:49.8201421Z # Subtest: HTTP: cross-origin redirect cannot forward secrets or reach its destination
quality	Run repository quality gate	2026-10-05T13:26:49.8202972Z ok 347 - HTTP: cross-origin redirect cannot forward secrets or reach its destination
quality	Run repository quality gate	2026-10-05T13:26:49.8203743Z   ---
quality	Run repository quality gate	2026-10-05T13:26:49.8204366Z   duration_ms: 20.348833
quality	Run repository quality gate	2026-10-05T13:26:49.8204749Z   type: 'test'
quality	Run repository quality gate	2026-10-05T13:26:49.8205178Z   ...
quality	Run repository quality gate	2026-10-05T13:26:49.8252385Z # Subtest: HTTP: safe same-origin GET redirect still works
quality	Run repository quality gate	2026-10-05T13:26:49.8253427Z ok 348 - HTTP: safe same-origin GET redirect still works
quality	Run repository quality gate	2026-10-05T13:26:49.8254108Z   ---
quality	Run repository quality gate	2026-10-05T13:26:49.8254518Z   duration_ms: 4.914059
quality	Run repository quality gate	2026-10-05T13:26:49.8255018Z   type: 'test'
quality	Run repository quality gate	2026-10-05T13:26:49.8255424Z   ...
quality	Run repository quality gate	2026-10-05T13:26:49.8262794Z # Subtest: HTTP: an idempotency header alone does not prove the provider can safely retry
quality	Run repository quality gate	2026-10-05T13:26:49.8264208Z ok 349 - HTTP: an idempotency header alone does not prove the provider can safely retry
quality	Run repository quality gate	2026-10-05T13:26:49.8265119Z   ---
quality	Run repository quality gate	2026-10-05T13:26:49.8265900Z   duration_ms: 0.418133
quality	Run repository quality gate	2026-10-05T13:26:49.8266552Z   type: 'test'
quality	Run repository quality gate	2026-10-05T13:26:49.8267104Z   ...
quality	Run repository quality gate	2026-10-05T13:26:49.8267746Z # Subtest: HTTP: abort before dispatch performs no DNS lookup
quality	Run repository quality gate	2026-10-05T13:26:49.8268719Z ok 350 - HTTP: abort before dispatch performs no DNS lookup
quality	Run repository quality gate	2026-10-05T13:26:49.8269460Z   ---
quality	Run repository quality gate	2026-10-05T13:26:49.8269964Z   duration_ms: 0.276268
quality	Run repository quality gate	2026-10-05T13:26:49.8270513Z   type: 'test'
quality	Run repository quality gate	2026-10-05T13:26:49.8271078Z   ...
quality	Run repository quality gate	2026-10-05T13:26:49.9303491Z # Subtest: HTTP: deadline includes stalled DNS resolution
quality	Run repository quality gate	2026-10-05T13:26:49.9304480Z ok 351 - HTTP: deadline includes stalled DNS resolution
quality	Run repository quality gate	2026-10-05T13:26:49.9306015Z   ---
quality	Run repository quality gate	2026-10-05T13:26:49.9306493Z   duration_ms: 100.82125
quality	Run repository quality gate	2026-10-05T13:26:49.9306910Z   type: 'test'
quality	Run repository quality gate	2026-10-05T13:26:49.9307166Z   ...
quality	Run repository quality gate	2026-10-05T13:26:49.9310200Z # Subtest: Webhook: replay protection must not silently disappear
quality	Run repository quality gate	2026-10-05T13:26:49.9311760Z ok 352 - Webhook: replay protection must not silently disappear
quality	Run repository quality gate	2026-10-05T13:26:49.9313189Z   ---
quality	Run repository quality gate	2026-10-05T13:26:49.9314078Z   duration_ms: 1.37127
quality	Run repository quality gate	2026-10-05T13:26:49.9314496Z   type: 'test'
quality	Run repository quality gate	2026-10-05T13:26:49.9314826Z   ...
quality	Run repository quality gate	2026-10-05T13:26:49.9316801Z # Subtest: Webhook: ambiguous duplicate signature fields are rejected
quality	Run repository quality gate	2026-10-05T13:26:49.9328401Z ok 353 - Webhook: ambiguous duplicate signature fields are rejected
quality	Run repository quality gate	2026-10-05T13:26:49.9328962Z   ---
quality	Run repository quality gate	2026-10-05T13:26:49.9329208Z   duration_ms: 0.430907
quality	Run repository quality gate	2026-10-05T13:26:49.9329629Z   type: 'test'
quality	Run repository quality gate	2026-10-05T13:26:49.9329889Z   ...
quality	Run repository quality gate	2026-10-05T13:26:49.9330402Z # Subtest: OpenAPI: server base path is retained and schema is an immutable snapshot
quality	Run repository quality gate	2026-10-05T13:26:49.9331160Z ok 354 - OpenAPI: server base path is retained and schema is an immutable snapshot
quality	Run repository quality gate	2026-10-05T13:26:49.9331808Z   ---
quality	Run repository quality gate	2026-10-05T13:26:49.9332124Z   duration_ms: 0.952014
quality	Run repository quality gate	2026-10-05T13:26:49.9332494Z   type: 'test'
quality	Run repository quality gate	2026-10-05T13:26:49.9332818Z   ...
quality	Run repository quality gate	2026-10-05T13:26:49.9333265Z # Subtest: OpenAPI: reject host-changing and traversal paths
quality	Run repository quality gate	2026-10-05T13:26:49.9333986Z ok 355 - OpenAPI: reject host-changing and traversal paths
quality	Run repository quality gate	2026-10-05T13:26:49.9336212Z   ---
quality	Run repository quality gate	2026-10-05T13:26:49.9336716Z   duration_ms: 0.913261
quality	Run repository quality gate	2026-10-05T13:26:49.9337268Z   type: 'test'
quality	Run repository quality gate	2026-10-05T13:26:49.9337756Z   ...
quality	Run repository quality gate	2026-10-05T13:26:49.9338492Z # Subtest: OpenAPI: cyclic objects are bounded failures, not stack overflows
quality	Run repository quality gate	2026-10-05T13:26:49.9339597Z ok 356 - OpenAPI: cyclic objects are bounded failures, not stack overflows
quality	Run repository quality gate	2026-10-05T13:26:49.9340417Z   ---
quality	Run repository quality gate	2026-10-05T13:26:49.9340950Z   duration_ms: 0.249438
quality	Run repository quality gate	2026-10-05T13:26:49.9341488Z   type: 'test'
quality	Run repository quality gate	2026-10-05T13:26:49.9341967Z   ...
quality	Run repository quality gate	2026-10-05T13:26:50.0560241Z # Subtest: CSV: auto-detection works beyond the 30-row sampling boundary
quality	Run repository quality gate	2026-10-05T13:26:50.0561502Z ok 357 - CSV: auto-detection works beyond the 30-row sampling boundary
quality	Run repository quality gate	2026-10-05T13:26:50.0562264Z   ---
quality	Run repository quality gate	2026-10-05T13:26:50.0562700Z   duration_ms: 4.039089
quality	Run repository quality gate	2026-10-05T13:26:50.0563223Z   type: 'test'
quality	Run repository quality gate	2026-10-05T13:26:50.0563667Z   ...
quality	Run repository quality gate	2026-10-05T13:26:50.0574180Z # Subtest: CSV: rejects text or a second quoted string after a closing quote
quality	Run repository quality gate	2026-10-05T13:26:50.0575580Z ok 358 - CSV: rejects text or a second quoted string after a closing quote
quality	Run repository quality gate	2026-10-05T13:26:50.0576696Z   ---
quality	Run repository quality gate	2026-10-05T13:26:50.0577180Z   duration_ms: 0.622456
quality	Run repository quality gate	2026-10-05T13:26:50.0577591Z   type: 'test'
quality	Run repository quality gate	2026-10-05T13:26:50.0577921Z   ...
quality	Run repository quality gate	2026-10-05T13:26:50.0578443Z # Subtest: CSV: single-column imports are valid without explicit delimiter selection
quality	Run repository quality gate	2026-10-05T13:26:50.0579035Z ok 359 - CSV: single-column imports are valid without explicit delimiter selection
quality	Run repository quality gate	2026-10-05T13:26:50.0579447Z   ---
quality	Run repository quality gate	2026-10-05T13:26:50.0579651Z   duration_ms: 0.755024
quality	Run repository quality gate	2026-10-05T13:26:50.0580044Z   type: 'test'
quality	Run repository quality gate	2026-10-05T13:26:50.0580392Z   ...
quality	Run repository quality gate	2026-10-05T13:26:50.0580925Z # Subtest: CSV: formula escaping includes line breaks and Unicode whitespace
quality	Run repository quality gate	2026-10-05T13:26:50.0581944Z ok 360 - CSV: formula escaping includes line breaks and Unicode whitespace
quality	Run repository quality gate	2026-10-05T13:26:50.0582605Z   ---
quality	Run repository quality gate	2026-10-05T13:26:50.0582921Z   duration_ms: 0.265487
quality	Run repository quality gate	2026-10-05T13:26:50.0583157Z   type: 'test'
quality	Run repository quality gate	2026-10-05T13:26:50.0583352Z   ...
quality	Run repository quality gate	2026-10-05T13:26:50.0585985Z # Subtest: CSV: limits cannot be disabled by NaN or Infinity
quality	Run repository quality gate	2026-10-05T13:26:50.0587325Z ok 361 - CSV: limits cannot be disabled by NaN or Infinity
quality	Run repository quality gate	2026-10-05T13:26:50.0588424Z   ---
quality	Run repository quality gate	2026-10-05T13:26:50.0588758Z   duration_ms: 0.228247
quality	Run repository quality gate	2026-10-05T13:26:50.0589134Z   type: 'test'
quality	Run repository quality gate	2026-10-05T13:26:50.0589465Z   ...
quality	Run repository quality gate	2026-10-05T13:26:50.0598796Z # Subtest: CSV: source row numbers survive blank and multiline records
quality	Run repository quality gate	2026-10-05T13:26:50.0599614Z ok 362 - CSV: source row numbers survive blank and multiline records
quality	Run repository quality gate	2026-10-05T13:26:50.0600199Z   ---
quality	Run repository quality gate	2026-10-05T13:26:50.0600878Z   duration_ms: 1.730493
quality	Run repository quality gate	2026-10-05T13:26:50.0601263Z   type: 'test'
quality	Run repository quality gate	2026-10-05T13:26:50.0601584Z   ...
quality	Run repository quality gate	2026-10-05T13:26:50.0602087Z # Subtest: CSV: format detection rejects backslash paths and control characters on every OS
quality	Run repository quality gate	2026-10-05T13:26:50.0602879Z ok 363 - CSV: format detection rejects backslash paths and control characters on every OS
quality	Run repository quality gate	2026-10-05T13:26:50.0603310Z   ---
quality	Run repository quality gate	2026-10-05T13:26:50.0603500Z   duration_ms: 0.637375
quality	Run repository quality gate	2026-10-05T13:26:50.0603724Z   type: 'test'
quality	Run repository quality gate	2026-10-05T13:26:50.0603923Z   ...
quality	Run repository quality gate	2026-10-05T13:26:50.1633610Z # Subtest: rejects inherited targets instead of resolving Object.prototype
quality	Run repository quality gate	2026-10-05T13:26:50.1635014Z ok 364 - rejects inherited targets instead of resolving Object.prototype
quality	Run repository quality gate	2026-10-05T13:26:50.1636134Z   ---
quality	Run repository quality gate	2026-10-05T13:26:50.1636502Z   duration_ms: 1.558751
quality	Run repository quality gate	2026-10-05T13:26:50.1636784Z   type: 'test'
quality	Run repository quality gate	2026-10-05T13:26:50.1637024Z   ...
quality	Run repository quality gate	2026-10-05T13:26:50.1640740Z # Subtest: rejects prototype transformer names
quality	Run repository quality gate	2026-10-05T13:26:50.1641582Z ok 365 - rejects prototype transformer names
quality	Run repository quality gate	2026-10-05T13:26:50.1642346Z   ---
quality	Run repository quality gate	2026-10-05T13:26:50.1642844Z   duration_ms: 0.230311
quality	Run repository quality gate	2026-10-05T13:26:50.1643323Z   type: 'test'
quality	Run repository quality gate	2026-10-05T13:26:50.1643806Z   ...
quality	Run repository quality gate	2026-10-05T13:26:50.1645250Z # Subtest: rejects duplicate and blank headers without choosing an arbitrary column
quality	Run repository quality gate	2026-10-05T13:26:50.1647957Z ok 366 - rejects duplicate and blank headers without choosing an arbitrary column
quality	Run repository quality gate	2026-10-05T13:26:50.1648763Z   ---
quality	Run repository quality gate	2026-10-05T13:26:50.1649327Z   duration_ms: 0.183103
quality	Run repository quality gate	2026-10-05T13:26:50.1649921Z   type: 'test'
quality	Run repository quality gate	2026-10-05T13:26:50.1650295Z   ...
quality	Run repository quality gate	2026-10-05T13:26:50.1650943Z # Subtest: compiled defaults are immutable snapshots, not caller-owned objects
quality	Run repository quality gate	2026-10-05T13:26:50.1651955Z ok 367 - compiled defaults are immutable snapshots, not caller-owned objects
quality	Run repository quality gate	2026-10-05T13:26:50.1652881Z   ---
quality	Run repository quality gate	2026-10-05T13:26:50.1653432Z   duration_ms: 0.456846
quality	Run repository quality gate	2026-10-05T13:26:50.1653863Z   type: 'test'
quality	Run repository quality gate	2026-10-05T13:26:50.1654226Z   ...
quality	Run repository quality gate	2026-10-05T13:26:50.1654931Z # Subtest: accessor field definitions are rejected without invoking them
quality	Run repository quality gate	2026-10-05T13:26:50.1656199Z ok 368 - accessor field definitions are rejected without invoking them
quality	Run repository quality gate	2026-10-05T13:26:50.1656837Z   ---
quality	Run repository quality gate	2026-10-05T13:26:50.1657160Z   duration_ms: 0.219161
quality	Run repository quality gate	2026-10-05T13:26:50.1657408Z   type: 'test'
quality	Run repository quality gate	2026-10-05T13:26:50.1657620Z   ...
quality	Run repository quality gate	2026-10-05T13:26:50.1668042Z # Subtest: rejects object defaults and unsafe reserved destination fields
quality	Run repository quality gate	2026-10-05T13:26:50.1668920Z ok 369 - rejects object defaults and unsafe reserved destination fields
quality	Run repository quality gate	2026-10-05T13:26:50.1669542Z   ---
quality	Run repository quality gate	2026-10-05T13:26:50.1669858Z   duration_ms: 0.217778
quality	Run repository quality gate	2026-10-05T13:26:50.1670233Z   type: 'test'
quality	Run repository quality gate	2026-10-05T13:26:50.1670554Z   ...
quality	Run repository quality gate	2026-10-05T13:26:50.1670978Z # Subtest: rejects non-cell values rather than executing coercion hooks
quality	Run repository quality gate	2026-10-05T13:26:50.1671481Z ok 370 - rejects non-cell values rather than executing coercion hooks
quality	Run repository quality gate	2026-10-05T13:26:50.1671841Z   ---
quality	Run repository quality gate	2026-10-05T13:26:50.1672040Z   duration_ms: 0.26666
quality	Run repository quality gate	2026-10-05T13:26:50.1672480Z   type: 'test'
quality	Run repository quality gate	2026-10-05T13:26:50.1672851Z   ...
quality	Run repository quality gate	2026-10-05T13:26:50.1673526Z # Subtest: rejects unsupported entity types before creating an executable migration plan
quality	Run repository quality gate	2026-10-05T13:26:50.1674263Z ok 371 - rejects unsupported entity types before creating an executable migration plan
quality	Run repository quality gate	2026-10-05T13:26:50.1674698Z   ---
quality	Run repository quality gate	2026-10-05T13:26:50.1674886Z   duration_ms: 0.48526
quality	Run repository quality gate	2026-10-05T13:26:50.1675107Z   type: 'test'
quality	Run repository quality gate	2026-10-05T13:26:50.1675298Z   ...
quality	Run repository quality gate	2026-10-05T13:26:50.2795135Z # Subtest: parses RFC4180 quoted commas, newlines, and escaped quotes
quality	Run repository quality gate	2026-10-05T13:26:50.2796424Z ok 372 - parses RFC4180 quoted commas, newlines, and escaped quotes
quality	Run repository quality gate	2026-10-05T13:26:50.2797056Z   ---
quality	Run repository quality gate	2026-10-05T13:26:50.2797448Z   duration_ms: 1.969852
quality	Run repository quality gate	2026-10-05T13:26:50.2797871Z   type: 'test'
quality	Run repository quality gate	2026-10-05T13:26:50.2798267Z   ...
quality	Run repository quality gate	2026-10-05T13:26:50.2804422Z # Subtest: detects a semicolon delimiter
quality	Run repository quality gate	2026-10-05T13:26:50.2805518Z ok 373 - detects a semicolon delimiter
quality	Run repository quality gate	2026-10-05T13:26:50.2806474Z   ---
quality	Run repository quality gate	2026-10-05T13:26:50.2806881Z   duration_ms: 0.469901
quality	Run repository quality gate	2026-10-05T13:26:50.2807682Z   type: 'test'
quality	Run repository quality gate	2026-10-05T13:26:50.2808020Z   ...
quality	Run repository quality gate	2026-10-05T13:26:50.2808680Z # Subtest: removes UTF-8 BOM from the first header
quality	Run repository quality gate	2026-10-05T13:26:50.2810848Z ok 374 - removes UTF-8 BOM from the first header
quality	Run repository quality gate	2026-10-05T13:26:50.2836502Z   ---
quality	Run repository quality gate	2026-10-05T13:26:50.2837830Z   duration_ms: 0.151074
quality	Run repository quality gate	2026-10-05T13:26:50.2838315Z   type: 'test'
quality	Run repository quality gate	2026-10-05T13:26:50.2838683Z   ...
quality	Run repository quality gate	2026-10-05T13:26:50.2839061Z # Subtest: rejects an unclosed quote
quality	Run repository quality gate	2026-10-05T13:26:50.2839590Z ok 375 - rejects an unclosed quote
quality	Run repository quality gate	2026-10-05T13:26:50.2840056Z   ---
quality	Run repository quality gate	2026-10-05T13:26:50.2840420Z   duration_ms: 0.484788
quality	Run repository quality gate	2026-10-05T13:26:50.2840831Z   type: 'test'
quality	Run repository quality gate	2026-10-05T13:26:50.2841198Z   ...
quality	Run repository quality gate	2026-10-05T13:26:50.2841628Z # Subtest: rejects duplicate normalized headers
quality	Run repository quality gate	2026-10-05T13:26:50.2842271Z ok 376 - rejects duplicate normalized headers
quality	Run repository quality gate	2026-10-05T13:26:50.2842823Z   ---
quality	Run repository quality gate	2026-10-05T13:26:50.2843184Z   duration_ms: 0.227567
quality	Run repository quality gate	2026-10-05T13:26:50.2843613Z   type: 'test'
quality	Run repository quality gate	2026-10-05T13:26:50.2843973Z   ...
quality	Run repository quality gate	2026-10-05T13:26:50.2844354Z # Subtest: enforces row limits
quality	Run repository quality gate	2026-10-05T13:26:50.2844844Z ok 377 - enforces row limits
quality	Run repository quality gate	2026-10-05T13:26:50.2845274Z   ---
quality	Run repository quality gate	2026-10-05T13:26:50.2845634Z   duration_ms: 0.148709
quality	Run repository quality gate	2026-10-05T13:26:50.2846274Z   type: 'test'
quality	Run repository quality gate	2026-10-05T13:26:50.2846653Z   ...
quality	Run repository quality gate	2026-10-05T13:26:50.2847169Z # Subtest: neutralizes spreadsheet formulas in exported reports
quality	Run repository quality gate	2026-10-05T13:26:50.2847918Z ok 378 - neutralizes spreadsheet formulas in exported reports
quality	Run repository quality gate	2026-10-05T13:26:50.2848552Z   ---
quality	Run repository quality gate	2026-10-05T13:26:50.2848910Z   duration_ms: 0.234129
quality	Run repository quality gate	2026-10-05T13:26:50.2849329Z   type: 'test'
quality	Run repository quality gate	2026-10-05T13:26:50.2849704Z   ...
quality	Run repository quality gate	2026-10-05T13:26:50.2850209Z # Subtest: serializes error reports with formula protection
quality	Run repository quality gate	2026-10-05T13:26:50.2850946Z ok 379 - serializes error reports with formula protection
quality	Run repository quality gate	2026-10-05T13:26:50.2851545Z   ---
quality	Run repository quality gate	2026-10-05T13:26:50.2851897Z   duration_ms: 0.404728
quality	Run repository quality gate	2026-10-05T13:26:50.2852315Z   type: 'test'
quality	Run repository quality gate	2026-10-05T13:26:50.2852677Z   ...
quality	Run repository quality gate	2026-10-05T13:26:50.2853065Z # Subtest: parses money deterministically in minor units
quality	Run repository quality gate	2026-10-05T13:26:50.2853487Z ok 380 - parses money deterministically in minor units
quality	Run repository quality gate	2026-10-05T13:26:50.2853871Z   ---
quality	Run repository quality gate	2026-10-05T13:26:50.2854236Z   duration_ms: 0.489898
quality	Run repository quality gate	2026-10-05T13:26:50.2854476Z   type: 'test'
quality	Run repository quality gate	2026-10-05T13:26:50.2854667Z   ...
quality	Run repository quality gate	2026-10-05T13:26:50.2854884Z # Subtest: normalizes Uzbekistan phone numbers
quality	Run repository quality gate	2026-10-05T13:26:50.2855225Z ok 381 - normalizes Uzbekistan phone numbers
quality	Run repository quality gate	2026-10-05T13:26:50.2855554Z   ---
quality	Run repository quality gate	2026-10-05T13:26:50.2856114Z   duration_ms: 0.494717
quality	Run repository quality gate	2026-10-05T13:26:50.2856550Z   type: 'test'
quality	Run repository quality gate	2026-10-05T13:26:50.2856913Z   ...
quality	Run repository quality gate	2026-10-05T13:26:50.2857398Z # Subtest: validates extension, MIME, and XLSX ZIP signature
quality	Run repository quality gate	2026-10-05T13:26:50.2858192Z ok 382 - validates extension, MIME, and XLSX ZIP signature
quality	Run repository quality gate	2026-10-05T13:26:50.2858808Z   ---
quality	Run repository quality gate	2026-10-05T13:26:50.2859168Z   duration_ms: 0.37851
quality	Run repository quality gate	2026-10-05T13:26:50.2859583Z   type: 'test'
quality	Run repository quality gate	2026-10-05T13:26:50.2859948Z   ...
quality	Run repository quality gate	2026-10-05T13:26:50.2863482Z # Subtest: compiles deterministic mappings and validates required fields
quality	Run repository quality gate	2026-10-05T13:26:50.2864299Z ok 383 - compiles deterministic mappings and validates required fields
quality	Run repository quality gate	2026-10-05T13:26:50.2864702Z   ---
quality	Run repository quality gate	2026-10-05T13:26:50.2864907Z   duration_ms: 0.713136
quality	Run repository quality gate	2026-10-05T13:26:50.2865152Z   type: 'test'
quality	Run repository quality gate	2026-10-05T13:26:50.2865348Z   ...
quality	Run repository quality gate	2026-10-05T13:26:50.2865936Z # Subtest: creates deterministic dry-run batches and duplicate issues
quality	Run repository quality gate	2026-10-05T13:26:50.2866457Z ok 384 - creates deterministic dry-run batches and duplicate issues
quality	Run repository quality gate	2026-10-05T13:26:50.2867098Z   ---
quality	Run repository quality gate	2026-10-05T13:26:50.2867341Z   duration_ms: 1.81396
quality	Run repository quality gate	2026-10-05T13:26:50.2867570Z   type: 'test'
quality	Run repository quality gate	2026-10-05T13:26:50.2867769Z   ...
quality	Run repository quality gate	2026-10-05T13:26:50.2868140Z # Subtest: marks existing-record matches as warnings without silently dropping the row
quality	Run repository quality gate	2026-10-05T13:26:50.2868740Z ok 385 - marks existing-record matches as warnings without silently dropping the row
quality	Run repository quality gate	2026-10-05T13:26:50.2869169Z   ---
quality	Run repository quality gate	2026-10-05T13:26:50.2869370Z   duration_ms: 0.360225
quality	Run repository quality gate	2026-10-05T13:26:50.2869598Z   type: 'test'
quality	Run repository quality gate	2026-10-05T13:26:50.2869995Z   ...
quality	Run repository quality gate	2026-10-05T13:26:50.3964166Z # Subtest: migration: a stale claim cannot settle a newer lease even with the same workerId
quality	Run repository quality gate	2026-10-05T13:26:50.3966636Z ok 386 - migration: a stale claim cannot settle a newer lease even with the same workerId
quality	Run repository quality gate	2026-10-05T13:26:50.3967729Z   ---
quality	Run repository quality gate	2026-10-05T13:26:50.3967984Z   duration_ms: 8.388009
quality	Run repository quality gate	2026-10-05T13:26:50.3968268Z   type: 'test'
quality	Run repository quality gate	2026-10-05T13:26:50.3968514Z   ...
quality	Run repository quality gate	2026-10-05T13:26:50.3987215Z # Subtest: migration: process crashes consume attempts and eventually quarantine the batch
quality	Run repository quality gate	2026-10-05T13:26:50.3988446Z ok 387 - migration: process crashes consume attempts and eventually quarantine the batch
quality	Run repository quality gate	2026-10-05T13:26:50.3988997Z   ---
quality	Run repository quality gate	2026-10-05T13:26:50.3989245Z   duration_ms: 2.668621
quality	Run repository quality gate	2026-10-05T13:26:50.3989510Z   type: 'test'
quality	Run repository quality gate	2026-10-05T13:26:50.3989735Z   ...
quality	Run repository quality gate	2026-10-05T13:26:50.4013087Z # Subtest: migration: failure after cancellation cannot overwrite CANCELLED with FAILED
quality	Run repository quality gate	2026-10-05T13:26:50.4014150Z ok 388 - migration: failure after cancellation cannot overwrite CANCELLED with FAILED
quality	Run repository quality gate	2026-10-05T13:26:50.4014858Z   ---
quality	Run repository quality gate	2026-10-05T13:26:50.4015247Z   duration_ms: 1.708131
quality	Run repository quality gate	2026-10-05T13:26:50.4015915Z   type: 'test'
quality	Run repository quality gate	2026-10-05T13:26:50.4016326Z   ...
quality	Run repository quality gate	2026-10-05T13:26:50.4017068Z # Subtest: migration: invalid importer result is a terminal contract error
quality	Run repository quality gate	2026-10-05T13:26:50.4018916Z ok 389 - migration: invalid importer result is a terminal contract error
quality	Run repository quality gate	2026-10-05T13:26:50.4019619Z   ---
quality	Run repository quality gate	2026-10-05T13:26:50.4019950Z   duration_ms: 0.895589
quality	Run repository quality gate	2026-10-05T13:26:50.4020362Z   type: 'test'
quality	Run repository quality gate	2026-10-05T13:26:50.4020696Z   ...
quality	Run repository quality gate	2026-10-05T13:26:50.4023600Z # Subtest: migration: tenant/job delimiter ambiguity cannot alias storage keys
quality	Run repository quality gate	2026-10-05T13:26:50.4024931Z ok 390 - migration: tenant/job delimiter ambiguity cannot alias storage keys
quality	Run repository quality gate	2026-10-05T13:26:50.4025989Z   ---
quality	Run repository quality gate	2026-10-05T13:26:50.4026326Z   duration_ms: 0.284774
quality	Run repository quality gate	2026-10-05T13:26:50.4026690Z   type: 'test'
quality	Run repository quality gate	2026-10-05T13:26:50.4027016Z   ...
quality	Run repository quality gate	2026-10-05T13:26:50.5185237Z # Subtest: borrowed transaction hands serialization failure to its outer retry owner without querying an aborted transaction
quality	Run repository quality gate	2026-10-05T13:26:50.5187030Z ok 391 - borrowed transaction hands serialization failure to its outer retry owner without querying an aborted transaction
quality	Run repository quality gate	2026-10-05T13:26:50.5187855Z   ---
quality	Run repository quality gate	2026-10-05T13:26:50.5188232Z   duration_ms: 1.821874
quality	Run repository quality gate	2026-10-05T13:26:50.5188663Z   type: 'test'
quality	Run repository quality gate	2026-10-05T13:26:50.5189032Z   ...
quality	Run repository quality gate	2026-10-05T13:26:50.5189876Z # Subtest: owned serialization retries use fresh transaction callbacks and do not retry unknown database failures
quality	Run repository quality gate	2026-10-05T13:26:50.5191314Z ok 392 - owned serialization retries use fresh transaction callbacks and do not retry unknown database failures
quality	Run repository quality gate	2026-10-05T13:26:50.5192196Z   ---
quality	Run repository quality gate	2026-10-05T13:26:50.5192568Z   duration_ms: 0.64552
quality	Run repository quality gate	2026-10-05T13:26:50.5192997Z   type: 'test'
quality	Run repository quality gate	2026-10-05T13:26:50.5193350Z   ...
quality	Run repository quality gate	2026-10-05T13:26:50.5194182Z # Subtest: uses serializable transactions and scopes durable job reads by tenant
quality	Run repository quality gate	2026-10-05T13:26:50.5195227Z ok 393 - uses serializable transactions and scopes durable job reads by tenant
quality	Run repository quality gate	2026-10-05T13:26:50.5196236Z   ---
quality	Run repository quality gate	2026-10-05T13:26:50.5196574Z   duration_ms: 2.025345
quality	Run repository quality gate	2026-10-05T13:26:50.5196984Z   type: 'test'
quality	Run repository quality gate	2026-10-05T13:26:50.5197362Z   ...
quality	Run repository quality gate	2026-10-05T13:26:50.5198431Z # Subtest: persists batch leases, counters and optimistic versions
quality	Run repository quality gate	2026-10-05T13:26:50.5199281Z ok 394 - persists batch leases, counters and optimistic versions
quality	Run repository quality gate	2026-10-05T13:26:50.5199940Z   ---
quality	Run repository quality gate	2026-10-05T13:26:50.5200301Z   duration_ms: 1.307861
quality	Run repository quality gate	2026-10-05T13:26:50.5200740Z   type: 'test'
quality	Run repository quality gate	2026-10-05T13:26:50.5201100Z   ...
quality	Run repository quality gate	2026-10-05T13:26:50.5202092Z # Subtest: fails closed on a stale batch instead of silently losing a worker update
quality	Run repository quality gate	2026-10-05T13:26:50.5203133Z ok 395 - fails closed on a stale batch instead of silently losing a worker update
quality	Run repository quality gate	2026-10-05T13:26:50.5203870Z   ---
quality	Run repository quality gate	2026-10-05T13:26:50.5204178Z   duration_ms: 0.579155
quality	Run repository quality gate	2026-10-05T13:26:50.5204414Z   type: 'test'
quality	Run repository quality gate	2026-10-05T13:26:50.5204785Z   ...
quality	Run repository quality gate	2026-10-05T13:26:50.5207455Z # Subtest: persists an append-only runtime event with operational details
quality	Run repository quality gate	2026-10-05T13:26:50.5209060Z ok 396 - persists an append-only runtime event with operational details
quality	Run repository quality gate	2026-10-05T13:26:50.5209917Z   ---
quality	Run repository quality gate	2026-10-05T13:26:50.5210326Z   duration_ms: 0.47485
quality	Run repository quality gate	2026-10-05T13:26:50.5211174Z   type: 'test'
quality	Run repository quality gate	2026-10-05T13:26:50.5211547Z   ...
quality	Run repository quality gate	2026-10-05T13:26:50.5216768Z # Subtest: sanitizes event details to durable JSON and rejects non-serializable values
quality	Run repository quality gate	2026-10-05T13:26:50.5218113Z ok 397 - sanitizes event details to durable JSON and rejects non-serializable values
quality	Run repository quality gate	2026-10-05T13:26:50.5218850Z   ---
quality	Run repository quality gate	2026-10-05T13:26:50.5219093Z   duration_ms: 0.577051
quality	Run repository quality gate	2026-10-05T13:26:50.5219330Z   type: 'test'
quality	Run repository quality gate	2026-10-05T13:26:50.5219536Z   ...
quality	Run repository quality gate	2026-10-05T13:26:50.5222416Z # Subtest: coordinator can restart on the Prisma repository without losing durable batch state
quality	Run repository quality gate	2026-10-05T13:26:50.5224537Z ok 398 - coordinator can restart on the Prisma repository without losing durable batch state
quality	Run repository quality gate	2026-10-05T13:26:50.5225539Z   ---
quality	Run repository quality gate	2026-10-05T13:26:50.5226188Z   duration_ms: 3.611027
quality	Run repository quality gate	2026-10-05T13:26:50.5226643Z   type: 'test'
quality	Run repository quality gate	2026-10-05T13:26:50.5227004Z   ...
quality	Run repository quality gate	2026-10-05T13:26:50.6379729Z # Subtest: rejects invalid state transitions
quality	Run repository quality gate	2026-10-05T13:26:50.6380882Z ok 399 - rejects invalid state transitions
quality	Run repository quality gate	2026-10-05T13:26:50.6381940Z   ---
quality	Run repository quality gate	2026-10-05T13:26:50.6382700Z   duration_ms: 1.309244
quality	Run repository quality gate	2026-10-05T13:26:50.6383310Z   type: 'test'
quality	Run repository quality gate	2026-10-05T13:26:50.6386493Z   ...
quality	Run repository quality gate	2026-10-05T13:26:50.6387120Z # Subtest: rejects a dry-run from another tenant
quality	Run repository quality gate	2026-10-05T13:26:50.6387981Z ok 400 - rejects a dry-run from another tenant
quality	Run repository quality gate	2026-10-05T13:26:50.6389240Z   ---
quality	Run repository quality gate	2026-10-05T13:26:50.6389621Z   duration_ms: 1.909669
quality	Run repository quality gate	2026-10-05T13:26:50.6390887Z   type: 'test'
quality	Run repository quality gate	2026-10-05T13:26:50.6391547Z   ...
quality	Run repository quality gate	2026-10-05T13:26:50.6392156Z # Subtest: processes bounded batches and completes after the last checkpoint
quality	Run repository quality gate	2026-10-05T13:26:50.6395248Z ok 401 - processes bounded batches and completes after the last checkpoint
quality	Run repository quality gate	2026-10-05T13:26:50.6395985Z   ---
quality	Run repository quality gate	2026-10-05T13:26:50.6396750Z   duration_ms: 2.970717
quality	Run repository quality gate	2026-10-05T13:26:50.6397160Z   type: 'test'
quality	Run repository quality gate	2026-10-05T13:26:50.6397765Z   ...
quality	Run repository quality gate	2026-10-05T13:26:50.6435523Z # Subtest: concurrent workers claim distinct batches and never duplicate the same lease
quality	Run repository quality gate	2026-10-05T13:26:50.6439469Z ok 402 - concurrent workers claim distinct batches and never duplicate the same lease
quality	Run repository quality gate	2026-10-05T13:26:50.6440287Z   ---
quality	Run repository quality gate	2026-10-05T13:26:50.6440538Z   duration_ms: 10.000942
quality	Run repository quality gate	2026-10-05T13:26:50.6440795Z   type: 'test'
quality	Run repository quality gate	2026-10-05T13:26:50.6441155Z   ...
quality	Run repository quality gate	2026-10-05T13:26:50.6542393Z # Subtest: an expired RUNNING lease is reclaimed with the same operation identity
quality	Run repository quality gate	2026-10-05T13:26:50.6546315Z ok 403 - an expired RUNNING lease is reclaimed with the same operation identity
quality	Run repository quality gate	2026-10-05T13:26:50.6546820Z   ---
quality	Run repository quality gate	2026-10-05T13:26:50.6549933Z   duration_ms: 3.850235
quality	Run repository quality gate	2026-10-05T13:26:50.6550176Z   type: 'test'
quality	Run repository quality gate	2026-10-05T13:26:50.6550600Z   ...
quality	Run repository quality gate	2026-10-05T13:26:50.6551115Z # Subtest: retries a transient failure with the same idempotency key
quality	Run repository quality gate	2026-10-05T13:26:50.6551939Z ok 404 - retries a transient failure with the same idempotency key
quality	Run repository quality gate	2026-10-05T13:26:50.6552361Z   ---
quality	Run repository quality gate	2026-10-05T13:26:50.6552560Z   duration_ms: 1.843464
quality	Run repository quality gate	2026-10-05T13:26:50.6552793Z   type: 'test'
quality	Run repository quality gate	2026-10-05T13:26:50.6553127Z   ...
quality	Run repository quality gate	2026-10-05T13:26:50.6561881Z # Subtest: moves a poison batch and job to FAILED after bounded attempts
quality	Run repository quality gate	2026-10-05T13:26:50.6576357Z ok 405 - moves a poison batch and job to FAILED after bounded attempts
quality	Run repository quality gate	2026-10-05T13:26:50.6600611Z   ---
quality	Run repository quality gate	2026-10-05T13:26:50.6601006Z   duration_ms: 1.661032
quality	Run repository quality gate	2026-10-05T13:26:50.6601430Z   type: 'test'
quality	Run repository quality gate	2026-10-05T13:26:50.6601799Z   ...
quality	Run repository quality gate	2026-10-05T13:26:50.6602443Z # Subtest: cancellation is terminal and prevents execution
quality	Run repository quality gate	2026-10-05T13:26:50.6603270Z ok 406 - cancellation is terminal and prevents execution
quality	Run repository quality gate	2026-10-05T13:26:50.6603946Z   ---
quality	Run repository quality gate	2026-10-05T13:26:50.6606166Z   duration_ms: 0.577141
quality	Run repository quality gate	2026-10-05T13:26:50.6606588Z   type: 'test'
quality	Run repository quality gate	2026-10-05T13:26:50.6606938Z   ...
quality	Run repository quality gate	2026-10-05T13:26:50.6607391Z # Subtest: rejects a dry-run for a different entity type
quality	Run repository quality gate	2026-10-05T13:26:50.6608450Z ok 407 - rejects a dry-run for a different entity type
quality	Run repository quality gate	2026-10-05T13:26:50.6609019Z   ---
quality	Run repository quality gate	2026-10-05T13:26:50.6609353Z   duration_ms: 0.546084
quality	Run repository quality gate	2026-10-05T13:26:50.6609750Z   type: 'test'
quality	Run repository quality gate	2026-10-05T13:26:50.6610305Z   ...
quality	Run repository quality gate	2026-10-05T13:26:50.6610798Z # Subtest: rejects non-contiguous batch indexes and count drift
quality	Run repository quality gate	2026-10-05T13:26:50.6611560Z ok 408 - rejects non-contiguous batch indexes and count drift
quality	Run repository quality gate	2026-10-05T13:26:50.6612144Z   ---
quality	Run repository quality gate	2026-10-05T13:26:50.6612489Z   duration_ms: 1.077048
quality	Run repository quality gate	2026-10-05T13:26:50.6612891Z   type: 'test'
quality	Run repository quality gate	2026-10-05T13:26:50.6613254Z   ...
quality	Run repository quality gate	2026-10-05T13:26:50.6613716Z # Subtest: rejects unsafe source filenames before persistence
quality	Run repository quality gate	2026-10-05T13:26:50.6614403Z ok 409 - rejects unsafe source filenames before persistence
quality	Run repository quality gate	2026-10-05T13:26:50.6614751Z   ---
quality	Run repository quality gate	2026-10-05T13:26:50.6614953Z   duration_ms: 0.546985
quality	Run repository quality gate	2026-10-05T13:26:50.6615177Z   type: 'test'
quality	Run repository quality gate	2026-10-05T13:26:50.6615385Z   ...
quality	Run repository quality gate	2026-10-05T13:26:50.6616203Z # Subtest: fails immediately when importer counters do not reconcile to the claimed batch
quality	Run repository quality gate	2026-10-05T13:26:50.6617154Z ok 410 - fails immediately when importer counters do not reconcile to the claimed batch
quality	Run repository quality gate	2026-10-05T13:26:50.6617806Z   ---
quality	Run repository quality gate	2026-10-05T13:26:50.6618094Z   duration_ms: 1.788051
quality	Run repository quality gate	2026-10-05T13:26:50.6618445Z   type: 'test'
quality	Run repository quality gate	2026-10-05T13:26:50.6618733Z   ...
quality	Run repository quality gate	2026-10-05T13:26:50.7661327Z # Subtest: source storage refuses unsupported filesystem capabilities before publishing directories
quality	Run repository quality gate	2026-10-05T13:26:50.7665169Z ok 411 - source storage refuses unsupported filesystem capabilities before publishing directories
quality	Run repository quality gate	2026-10-05T13:26:50.7666278Z   ---
quality	Run repository quality gate	2026-10-05T13:26:50.7666536Z   duration_ms: 5.697928
quality	Run repository quality gate	2026-10-05T13:26:50.7666800Z   type: 'test'
quality	Run repository quality gate	2026-10-05T13:26:50.7667033Z   ...
quality	Run repository quality gate	2026-10-05T13:26:50.9225155Z # Subtest: real filesystem encrypted source survives a fresh process and contains no plaintext customer data
quality	Run repository quality gate	2026-10-05T13:26:50.9226887Z ok 412 - real filesystem encrypted source survives a fresh process and contains no plaintext customer data
quality	Run repository quality gate	2026-10-05T13:26:50.9227796Z   ---
quality	Run repository quality gate	2026-10-05T13:26:50.9228141Z   duration_ms: 55.044093
quality	Run repository quality gate	2026-10-05T13:26:50.9228606Z   type: 'test'
quality	Run repository quality gate	2026-10-05T13:26:50.9228952Z   ...
quality	Run repository quality gate	2026-10-05T13:26:50.9312787Z # Subtest: same source bytes can be uploaded as distinct import intents
quality	Run repository quality gate	2026-10-05T13:26:50.9314257Z ok 413 - same source bytes can be uploaded as distinct import intents
quality	Run repository quality gate	2026-10-05T13:26:50.9314962Z   ---
quality	Run repository quality gate	2026-10-05T13:26:50.9315344Z   duration_ms: 8.820727
quality	Run repository quality gate	2026-10-05T13:26:50.9316005Z   type: 'test'
quality	Run repository quality gate	2026-10-05T13:26:50.9316384Z   ...
quality	Run repository quality gate	2026-10-05T13:26:50.9409855Z # Subtest: tenant, hash and ciphertext tampering fail closed
quality	Run repository quality gate	2026-10-05T13:26:50.9412426Z ok 414 - tenant, hash and ciphertext tampering fail closed
quality	Run repository quality gate	2026-10-05T13:26:50.9413370Z   ---
quality	Run repository quality gate	2026-10-05T13:26:50.9414103Z   duration_ms: 9.504261
quality	Run repository quality gate	2026-10-05T13:26:50.9414569Z   type: 'test'
quality	Run repository quality gate	2026-10-05T13:26:50.9414965Z   ...
quality	Run repository quality gate	2026-10-05T13:26:50.9519100Z # Subtest: old source keys remain readable across active-key rotation
quality	Run repository quality gate	2026-10-05T13:26:50.9520134Z ok 415 - old source keys remain readable across active-key rotation
quality	Run repository quality gate	2026-10-05T13:26:50.9520858Z   ---
quality	Run repository quality gate	2026-10-05T13:26:50.9521326Z   duration_ms: 10.928473
quality	Run repository quality gate	2026-10-05T13:26:50.9521774Z   type: 'test'
quality	Run repository quality gate	2026-10-05T13:26:50.9522166Z   ...
quality	Run repository quality gate	2026-10-05T13:26:50.9587118Z # Subtest: opaque identifiers, file limits and symlinks cannot access arbitrary paths
quality	Run repository quality gate	2026-10-05T13:26:50.9588965Z ok 416 - opaque identifiers, file limits and symlinks cannot access arbitrary paths
quality	Run repository quality gate	2026-10-05T13:26:50.9589436Z   ---
quality	Run repository quality gate	2026-10-05T13:26:50.9589762Z   duration_ms: 6.037123
quality	Run repository quality gate	2026-10-05T13:26:50.9590431Z   type: 'test'
quality	Run repository quality gate	2026-10-05T13:26:50.9590809Z   ...
quality	Run repository quality gate	2026-10-05T13:26:50.9686610Z # Subtest: concurrent ID collision publishes exactly one source without overwriting
quality	Run repository quality gate	2026-10-05T13:26:50.9687672Z ok 417 - concurrent ID collision publishes exactly one source without overwriting
quality	Run repository quality gate	2026-10-05T13:26:50.9688381Z   ---
quality	Run repository quality gate	2026-10-05T13:26:50.9688722Z   duration_ms: 10.309367
quality	Run repository quality gate	2026-10-05T13:26:50.9689119Z   type: 'test'
quality	Run repository quality gate	2026-10-05T13:26:50.9689467Z   ...
quality	Run repository quality gate	2026-10-05T13:26:50.9780044Z # Subtest: preparation plans from reloaded persisted bytes, preserving physical source rows
quality	Run repository quality gate	2026-10-05T13:26:50.9781733Z ok 418 - preparation plans from reloaded persisted bytes, preserving physical source rows
quality	Run repository quality gate	2026-10-05T13:26:50.9782794Z   ---
quality	Run repository quality gate	2026-10-05T13:26:50.9783125Z   duration_ms: 9.58839
quality	Run repository quality gate	2026-10-05T13:26:50.9783517Z   type: 'test'
quality	Run repository quality gate	2026-10-05T13:26:50.9783852Z   ...
quality	Run repository quality gate	2026-10-05T13:26:50.9813434Z # Subtest: unsupported XLSX and invalid UTF-8 are rejected before storage side effects
quality	Run repository quality gate	2026-10-05T13:26:50.9814688Z ok 419 - unsupported XLSX and invalid UTF-8 are rejected before storage side effects
quality	Run repository quality gate	2026-10-05T13:26:50.9815425Z   ---
quality	Run repository quality gate	2026-10-05T13:26:50.9816130Z   duration_ms: 3.257105
quality	Run repository quality gate	2026-10-05T13:26:50.9816616Z   type: 'test'
quality	Run repository quality gate	2026-10-05T13:26:50.9816949Z   ...
quality	Run repository quality gate	2026-10-05T13:26:50.9835113Z # Subtest: a private root inside an attacker-writable ancestor is rejected
quality	Run repository quality gate	2026-10-05T13:26:50.9836193Z ok 420 - a private root inside an attacker-writable ancestor is rejected
quality	Run repository quality gate	2026-10-05T13:26:50.9836791Z   ---
quality	Run repository quality gate	2026-10-05T13:26:50.9837275Z   duration_ms: 2.052277
quality	Run repository quality gate	2026-10-05T13:26:50.9837682Z   type: 'test'
quality	Run repository quality gate	2026-10-05T13:26:50.9838026Z   ...
quality	Run repository quality gate	2026-10-05T13:26:50.9883427Z # Subtest: directory permissions are rechecked when an existing store is used
quality	Run repository quality gate	2026-10-05T13:26:50.9884632Z ok 421 - directory permissions are rechecked when an existing store is used
quality	Run repository quality gate	2026-10-05T13:26:50.9885081Z   ---
quality	Run repository quality gate	2026-10-05T13:26:50.9885298Z   duration_ms: 4.911864
quality	Run repository quality gate	2026-10-05T13:26:50.9885530Z   type: 'test'
quality	Run repository quality gate	2026-10-05T13:26:50.9886104Z   ...
quality	Run repository quality gate	2026-10-05T13:26:50.9973104Z # Subtest: inventory is tenant-local, bounded and ignores symlinks and unfinished uploads
quality	Run repository quality gate	2026-10-05T13:26:50.9974378Z ok 422 - inventory is tenant-local, bounded and ignores symlinks and unfinished uploads
quality	Run repository quality gate	2026-10-05T13:26:50.9975128Z   ---
quality	Run repository quality gate	2026-10-05T13:26:50.9975898Z   duration_ms: 8.948841
quality	Run repository quality gate	2026-10-05T13:26:50.9990114Z   type: 'test'
quality	Run repository quality gate	2026-10-05T13:26:50.9990491Z   ...
quality	Run repository quality gate	2026-10-05T13:26:51.0096273Z # Subtest: simultaneous physical purges are idempotent and always require an exact digest
quality	Run repository quality gate	2026-10-05T13:26:51.0098959Z ok 423 - simultaneous physical purges are idempotent and always require an exact digest
quality	Run repository quality gate	2026-10-05T13:26:51.0099464Z   ---
quality	Run repository quality gate	2026-10-05T13:26:51.0099679Z   duration_ms: 12.251188
quality	Run repository quality gate	2026-10-05T13:26:51.0100127Z   type: 'test'
quality	Run repository quality gate	2026-10-05T13:26:51.0100345Z   ...
quality	Run repository quality gate	2026-10-05T13:26:51.0159189Z # Subtest: inventory never enters a symlinked tenant directory
quality	Run repository quality gate	2026-10-05T13:26:51.0160052Z ok 424 - inventory never enters a symlinked tenant directory
quality	Run repository quality gate	2026-10-05T13:26:51.0160508Z   ---
quality	Run repository quality gate	2026-10-05T13:26:51.0160725Z   duration_ms: 6.266323
quality	Run repository quality gate	2026-10-05T13:26:51.0160959Z   type: 'test'
quality	Run repository quality gate	2026-10-05T13:26:51.0161156Z   ...
quality	Run repository quality gate	2026-10-05T13:26:51.0240757Z # Subtest: a FIFO substituted for source ciphertext is rejected instead of blocking the file reader
quality	Run repository quality gate	2026-10-05T13:26:51.0241823Z ok 425 - a FIFO substituted for source ciphertext is rejected instead of blocking the file reader
quality	Run repository quality gate	2026-10-05T13:26:51.0242328Z   ---
quality	Run repository quality gate	2026-10-05T13:26:51.0242533Z   duration_ms: 8.101534
quality	Run repository quality gate	2026-10-05T13:26:51.0242774Z   type: 'test'
quality	Run repository quality gate	2026-10-05T13:26:51.0242994Z   ...
quality	Run repository quality gate	2026-10-05T13:26:51.1274828Z # Subtest: compiles a complete deterministic legacy stage map
quality	Run repository quality gate	2026-10-05T13:26:51.1276133Z ok 426 - compiles a complete deterministic legacy stage map
quality	Run repository quality gate	2026-10-05T13:26:51.1276751Z   ---
quality	Run repository quality gate	2026-10-05T13:26:51.1276979Z   duration_ms: 3.223751
quality	Run repository quality gate	2026-10-05T13:26:51.1277209Z   type: 'test'
quality	Run repository quality gate	2026-10-05T13:26:51.1277410Z   ...
quality	Run repository quality gate	2026-10-05T13:26:51.1300379Z # Subtest: requires every legacy stage to be mapped
quality	Run repository quality gate	2026-10-05T13:26:51.1301327Z ok 427 - requires every legacy stage to be mapped
quality	Run repository quality gate	2026-10-05T13:26:51.1301859Z   ---
quality	Run repository quality gate	2026-10-05T13:26:51.1302209Z   duration_ms: 0.581249
quality	Run repository quality gate	2026-10-05T13:26:51.1302576Z   type: 'test'
quality	Run repository quality gate	2026-10-05T13:26:51.1302898Z   ...
quality	Run repository quality gate	2026-10-05T13:26:51.1303383Z # Subtest: rejects semantic mismatch between legacy outcome and pipeline stage type
quality	Run repository quality gate	2026-10-05T13:26:51.1304086Z ok 428 - rejects semantic mismatch between legacy outcome and pipeline stage type
quality	Run repository quality gate	2026-10-05T13:26:51.1304624Z   ---
quality	Run repository quality gate	2026-10-05T13:26:51.1304940Z   duration_ms: 0.22388
quality	Run repository quality gate	2026-10-05T13:26:51.1305931Z   type: 'test'
quality	Run repository quality gate	2026-10-05T13:26:51.1306424Z   ...
quality	Run repository quality gate	2026-10-05T13:26:51.1307075Z # Subtest: reconciliation reports missing, wrong and orphan assignments deterministically
quality	Run repository quality gate	2026-10-05T13:26:51.1307855Z ok 429 - reconciliation reports missing, wrong and orphan assignments deterministically
quality	Run repository quality gate	2026-10-05T13:26:51.1308519Z   ---
quality	Run repository quality gate	2026-10-05T13:26:51.1308725Z   duration_ms: 1.208835
quality	Run repository quality gate	2026-10-05T13:26:51.1308972Z   type: 'test'
quality	Run repository quality gate	2026-10-05T13:26:51.1309185Z   ...
quality	Run repository quality gate	2026-10-05T13:26:51.2365556Z # Subtest: normalizes a safe pipeline slug
quality	Run repository quality gate	2026-10-05T13:26:51.2366585Z ok 430 - normalizes a safe pipeline slug
quality	Run repository quality gate	2026-10-05T13:26:51.2367119Z   ---
quality	Run repository quality gate	2026-10-05T13:26:51.2367550Z   duration_ms: 1.193296
quality	Run repository quality gate	2026-10-05T13:26:51.2367996Z   type: 'test'
quality	Run repository quality gate	2026-10-05T13:26:51.2368381Z   ...
quality	Run repository quality gate	2026-10-05T13:26:51.2368837Z # Subtest: accepts a complete pipeline definition
quality	Run repository quality gate	2026-10-05T13:26:51.2369508Z ok 431 - accepts a complete pipeline definition
quality	Run repository quality gate	2026-10-05T13:26:51.2370092Z   ---
quality	Run repository quality gate	2026-10-05T13:26:51.2370449Z   duration_ms: 0.872555
quality	Run repository quality gate	2026-10-05T13:26:51.2370918Z   type: 'test'
quality	Run repository quality gate	2026-10-05T13:26:51.2371282Z   ...
quality	Run repository quality gate	2026-10-05T13:26:51.2371914Z # Subtest: rejects duplicate stage IDs
quality	Run repository quality gate	2026-10-05T13:26:51.2374212Z ok 432 - rejects duplicate stage IDs
quality	Run repository quality gate	2026-10-05T13:26:51.2376556Z   ---
quality	Run repository quality gate	2026-10-05T13:26:51.2377083Z   duration_ms: 0.550061
quality	Run repository quality gate	2026-10-05T13:26:51.2377511Z   type: 'test'
quality	Run repository quality gate	2026-10-05T13:26:51.2377890Z   ...
quality	Run repository quality gate	2026-10-05T13:26:51.2378315Z # Subtest: rejects non-contiguous positions
quality	Run repository quality gate	2026-10-05T13:26:51.2378948Z ok 433 - rejects non-contiguous positions
quality	Run repository quality gate	2026-10-05T13:26:51.2379486Z   ---
quality	Run repository quality gate	2026-10-05T13:26:51.2379847Z   duration_ms: 0.41129
quality	Run repository quality gate	2026-10-05T13:26:51.2380283Z   type: 'test'
quality	Run repository quality gate	2026-10-05T13:26:51.2380664Z   ...
quality	Run repository quality gate	2026-10-05T13:26:51.2381866Z # Subtest: rejects invalid terminal probability
quality	Run repository quality gate	2026-10-05T13:26:51.2384069Z ok 434 - rejects invalid terminal probability
quality	Run repository quality gate	2026-10-05T13:26:51.2384656Z   ---
quality	Run repository quality gate	2026-10-05T13:26:51.2385022Z   duration_ms: 0.244448
quality	Run repository quality gate	2026-10-05T13:26:51.2385446Z   type: 'test'
quality	Run repository quality gate	2026-10-05T13:26:51.2386101Z   ...
quality	Run repository quality gate	2026-10-05T13:26:51.2391658Z # Subtest: rejects an archived default pipeline
quality	Run repository quality gate	2026-10-05T13:26:51.2392518Z ok 435 - rejects an archived default pipeline
quality	Run repository quality gate	2026-10-05T13:26:51.2393234Z   ---
quality	Run repository quality gate	2026-10-05T13:26:51.2393621Z   duration_ms: 0.24001
quality	Run repository quality gate	2026-10-05T13:26:51.2394053Z   type: 'test'
quality	Run repository quality gate	2026-10-05T13:26:51.2394424Z   ...
quality	Run repository quality gate	2026-10-05T13:26:51.2408589Z # Subtest: plans an allowed transition with optimistic version increment
quality	Run repository quality gate	2026-10-05T13:26:51.2409997Z ok 436 - plans an allowed transition with optimistic version increment
quality	Run repository quality gate	2026-10-05T13:26:51.2410986Z   ---
quality	Run repository quality gate	2026-10-05T13:26:51.2411506Z   duration_ms: 0.474639
quality	Run repository quality gate	2026-10-05T13:26:51.2411903Z   type: 'test'
quality	Run repository quality gate	2026-10-05T13:26:51.2412189Z   ...
quality	Run repository quality gate	2026-10-05T13:26:51.2412442Z # Subtest: treats same-stage movement as idempotent
quality	Run repository quality gate	2026-10-05T13:26:51.2412819Z ok 437 - treats same-stage movement as idempotent
quality	Run repository quality gate	2026-10-05T13:26:51.2413261Z   ---
quality	Run repository quality gate	2026-10-05T13:26:51.2413627Z   duration_ms: 0.20275
quality	Run repository quality gate	2026-10-05T13:26:51.2414056Z   type: 'test'
quality	Run repository quality gate	2026-10-05T13:26:51.2414417Z   ...
quality	Run repository quality gate	2026-10-05T13:26:51.2414931Z # Subtest: rejects a transition that violates stage rules
quality	Run repository quality gate	2026-10-05T13:26:51.2415945Z ok 438 - rejects a transition that violates stage rules
quality	Run repository quality gate	2026-10-05T13:26:51.2416579Z   ---
quality	Run repository quality gate	2026-10-05T13:26:51.2416934Z   duration_ms: 0.364583
quality	Run repository quality gate	2026-10-05T13:26:51.2417434Z   type: 'test'
quality	Run repository quality gate	2026-10-05T13:26:51.2417809Z   ...
quality	Run repository quality gate	2026-10-05T13:26:51.2418198Z # Subtest: rejects stale optimistic version
quality	Run repository quality gate	2026-10-05T13:26:51.2418794Z ok 439 - rejects stale optimistic version
quality	Run repository quality gate	2026-10-05T13:26:51.2419308Z   ---
quality	Run repository quality gate	2026-10-05T13:26:51.2419673Z   duration_ms: 0.469209
quality	Run repository quality gate	2026-10-05T13:26:51.2420095Z   type: 'test'
quality	Run repository quality gate	2026-10-05T13:26:51.2420446Z   ...
quality	Run repository quality gate	2026-10-05T13:26:51.2420842Z # Subtest: rejects cross-tenant assignment
quality	Run repository quality gate	2026-10-05T13:26:51.2421407Z ok 440 - rejects cross-tenant assignment
quality	Run repository quality gate	2026-10-05T13:26:51.2421867Z   ---
quality	Run repository quality gate	2026-10-05T13:26:51.2422190Z   duration_ms: 0.196789
quality	Run repository quality gate	2026-10-05T13:26:51.2422559Z   type: 'test'
quality	Run repository quality gate	2026-10-05T13:26:51.2422765Z   ...
quality	Run repository quality gate	2026-10-05T13:26:51.2423058Z # Subtest: requires explicit permission to reopen a terminal deal
quality	Run repository quality gate	2026-10-05T13:26:51.2423848Z ok 441 - requires explicit permission to reopen a terminal deal
quality	Run repository quality gate	2026-10-05T13:26:51.2424193Z   ---
quality	Run repository quality gate	2026-10-05T13:26:51.2424380Z   duration_ms: 0.175459
quality	Run repository quality gate	2026-10-05T13:26:51.2424605Z   type: 'test'
quality	Run repository quality gate	2026-10-05T13:26:51.2424932Z   ...
quality	Run repository quality gate	2026-10-05T13:26:51.2425180Z # Subtest: allows an explicitly authorized terminal reopen
quality	Run repository quality gate	2026-10-05T13:26:51.2425588Z ok 442 - allows an explicitly authorized terminal reopen
quality	Run repository quality gate	2026-10-05T13:26:51.2426113Z   ---
quality	Run repository quality gate	2026-10-05T13:26:51.2426307Z   duration_ms: 0.210404
quality	Run repository quality gate	2026-10-05T13:26:51.2426521Z   type: 'test'
quality	Run repository quality gate	2026-10-05T13:26:51.2426708Z   ...
quality	Run repository quality gate	2026-10-05T13:26:51.2437842Z # Subtest: builds deterministic legacy assignments
quality	Run repository quality gate	2026-10-05T13:26:51.2438512Z ok 443 - builds deterministic legacy assignments
quality	Run repository quality gate	2026-10-05T13:26:51.2439029Z   ---
quality	Run repository quality gate	2026-10-05T13:26:51.2439366Z   duration_ms: 0.858289
quality	Run repository quality gate	2026-10-05T13:26:51.2439808Z   type: 'test'
quality	Run repository quality gate	2026-10-05T13:26:51.2440031Z   ...
quality	Run repository quality gate	2026-10-05T13:26:51.2440289Z # Subtest: fails closed when a legacy stage has no mapping
quality	Run repository quality gate	2026-10-05T13:26:51.2440720Z ok 444 - fails closed when a legacy stage has no mapping
quality	Run repository quality gate	2026-10-05T13:26:51.2441033Z   ---
quality	Run repository quality gate	2026-10-05T13:26:51.2441228Z   duration_ms: 0.268984
quality	Run repository quality gate	2026-10-05T13:26:51.2441446Z   type: 'test'
quality	Run repository quality gate	2026-10-05T13:26:51.2441645Z   ...
quality	Run repository quality gate	2026-10-05T13:26:51.2441957Z # Subtest: calculates exact minor-unit analytics without floating point
quality	Run repository quality gate	2026-10-05T13:26:51.2442616Z ok 445 - calculates exact minor-unit analytics without floating point
quality	Run repository quality gate	2026-10-05T13:26:51.2443302Z   ---
quality	Run repository quality gate	2026-10-05T13:26:51.2443678Z   duration_ms: 0.699411
quality	Run repository quality gate	2026-10-05T13:26:51.2444085Z   type: 'test'
quality	Run repository quality gate	2026-10-05T13:26:51.2444457Z   ...
quality	Run repository quality gate	2026-10-05T13:26:51.3596122Z # Subtest: maps Prisma pipeline rows into the domain shape
quality	Run repository quality gate	2026-10-05T13:26:51.3597031Z ok 446 - maps Prisma pipeline rows into the domain shape
quality	Run repository quality gate	2026-10-05T13:26:51.3597657Z   ---
quality	Run repository quality gate	2026-10-05T13:26:51.3598039Z   duration_ms: 2.419534
quality	Run repository quality gate	2026-10-05T13:26:51.3598460Z   type: 'test'
quality	Run repository quality gate	2026-10-05T13:26:51.3598840Z   ...
quality	Run repository quality gate	2026-10-05T13:26:51.3599402Z # Subtest: scopes every pipeline read by workspace and bounds the list
quality	Run repository quality gate	2026-10-05T13:26:51.3600428Z ok 447 - scopes every pipeline read by workspace and bounds the list
quality	Run repository quality gate	2026-10-05T13:26:51.3600864Z   ---
quality	Run repository quality gate	2026-10-05T13:26:51.3601075Z   duration_ms: 0.973715
quality	Run repository quality gate	2026-10-05T13:26:51.3601335Z   type: 'test'
quality	Run repository quality gate	2026-10-05T13:26:51.3601553Z   ...
quality	Run repository quality gate	2026-10-05T13:26:51.3608537Z # Subtest: uses serializable interactive transactions
quality	Run repository quality gate	2026-10-05T13:26:51.3609244Z ok 448 - uses serializable interactive transactions
quality	Run repository quality gate	2026-10-05T13:26:51.3609765Z   ---
quality	Run repository quality gate	2026-10-05T13:26:51.3610105Z   duration_ms: 0.413345
quality	Run repository quality gate	2026-10-05T13:26:51.3610501Z   type: 'test'
quality	Run repository quality gate	2026-10-05T13:26:51.3610836Z   ...
quality	Run repository quality gate	2026-10-05T13:26:51.3611305Z # Subtest: retries only bounded Prisma serialization conflicts
quality	Run repository quality gate	2026-10-05T13:26:51.3612055Z ok 449 - retries only bounded Prisma serialization conflicts
quality	Run repository quality gate	2026-10-05T13:26:51.3612674Z   ---
quality	Run repository quality gate	2026-10-05T13:26:51.3613136Z   duration_ms: 0.403066
quality	Run repository quality gate	2026-10-05T13:26:51.3613512Z   type: 'test'
quality	Run repository quality gate	2026-10-05T13:26:51.3613841Z   ...
quality	Run repository quality gate	2026-10-05T13:26:51.3618382Z # Subtest: does not retry permanent Prisma errors
quality	Run repository quality gate	2026-10-05T13:26:51.3628169Z ok 450 - does not retry permanent Prisma errors
quality	Run repository quality gate	2026-10-05T13:26:51.3628855Z   ---
quality	Run repository quality gate	2026-10-05T13:26:51.3629218Z   duration_ms: 0.41096
quality	Run repository quality gate	2026-10-05T13:26:51.3629602Z   type: 'test'
quality	Run repository quality gate	2026-10-05T13:26:51.3629940Z   ...
quality	Run repository quality gate	2026-10-05T13:26:51.3630392Z # Subtest: maps exhausted serialization retries to a stable runtime error
quality	Run repository quality gate	2026-10-05T13:26:51.3630924Z ok 451 - maps exhausted serialization retries to a stable runtime error
quality	Run repository quality gate	2026-10-05T13:26:51.3631304Z   ---
quality	Run repository quality gate	2026-10-05T13:26:51.3631511Z   duration_ms: 0.57091
quality	Run repository quality gate	2026-10-05T13:26:51.3631743Z   type: 'test'
quality	Run repository quality gate	2026-10-05T13:26:51.3631943Z   ...
quality	Run repository quality gate	2026-10-05T13:26:51.3632488Z # Subtest: rejects an invalid retry jitter source before sleeping
quality	Run repository quality gate	2026-10-05T13:26:51.3634668Z ok 452 - rejects an invalid retry jitter source before sleeping
quality	Run repository quality gate	2026-10-05T13:26:51.3635237Z   ---
quality	Run repository quality gate	2026-10-05T13:26:51.3635596Z   duration_ms: 0.916287
quality	Run repository quality gate	2026-10-05T13:26:51.3636258Z   type: 'test'
quality	Run repository quality gate	2026-10-05T13:26:51.3636472Z   ...
quality	Run repository quality gate	2026-10-05T13:26:51.3639182Z # Subtest: persists command receipts and audit events using workspace-owned fields
quality	Run repository quality gate	2026-10-05T13:26:51.3640538Z ok 453 - persists command receipts and audit events using workspace-owned fields
quality	Run repository quality gate	2026-10-05T13:26:51.3641228Z   ---
quality	Run repository quality gate	2026-10-05T13:26:51.3641436Z   duration_ms: 0.440215
quality	Run repository quality gate	2026-10-05T13:26:51.3641666Z   type: 'test'
quality	Run repository quality gate	2026-10-05T13:26:51.3641872Z   ...
quality	Run repository quality gate	2026-10-05T13:26:51.3658470Z # Subtest: enforces the maximum number of pipelines inside the transaction
quality	Run repository quality gate	2026-10-05T13:26:51.3659369Z ok 454 - enforces the maximum number of pipelines inside the transaction
quality	Run repository quality gate	2026-10-05T13:26:51.3660012Z   ---
quality	Run repository quality gate	2026-10-05T13:26:51.3660276Z   duration_ms: 0.840645
quality	Run repository quality gate	2026-10-05T13:26:51.3660717Z   type: 'test'
quality	Run repository quality gate	2026-10-05T13:26:51.3661060Z   ...
quality	Run repository quality gate	2026-10-05T13:26:51.3661543Z # Subtest: atomically hands off the default during pipeline creation
quality	Run repository quality gate	2026-10-05T13:26:51.3662233Z ok 455 - atomically hands off the default during pipeline creation
quality	Run repository quality gate	2026-10-05T13:26:51.3662606Z   ---
quality	Run repository quality gate	2026-10-05T13:26:51.3662954Z   duration_ms: 0.875982
quality	Run repository quality gate	2026-10-05T13:26:51.3663383Z   type: 'test'
quality	Run repository quality gate	2026-10-05T13:26:51.3663752Z   ...
quality	Run repository quality gate	2026-10-05T13:26:51.3664221Z # Subtest: maps a duplicate slug to a stable domain error
quality	Run repository quality gate	2026-10-05T13:26:51.3664924Z ok 456 - maps a duplicate slug to a stable domain error
quality	Run repository quality gate	2026-10-05T13:26:51.3665517Z   ---
quality	Run repository quality gate	2026-10-05T13:26:51.3666216Z   duration_ms: 0.354965
quality	Run repository quality gate	2026-10-05T13:26:51.3666638Z   type: 'test'
quality	Run repository quality gate	2026-10-05T13:26:51.3667008Z   ...
quality	Run repository quality gate	2026-10-05T13:26:51.3667634Z # Subtest: neutralizes stage keys and positions before an ordered replacement
quality	Run repository quality gate	2026-10-05T13:26:51.3668663Z ok 457 - neutralizes stage keys and positions before an ordered replacement
quality	Run repository quality gate	2026-10-05T13:26:51.3669387Z   ---
quality	Run repository quality gate	2026-10-05T13:26:51.3669755Z   duration_ms: 1.564992
quality	Run repository quality gate	2026-10-05T13:26:51.3670164Z   type: 'test'
quality	Run repository quality gate	2026-10-05T13:26:51.3670532Z   ...
quality	Run repository quality gate	2026-10-05T13:26:51.3670978Z # Subtest: blocks removal of a stage that already owns assignments
quality	Run repository quality gate	2026-10-05T13:26:51.3671765Z ok 458 - blocks removal of a stage that already owns assignments
quality	Run repository quality gate	2026-10-05T13:26:51.3672412Z   ---
quality	Run repository quality gate	2026-10-05T13:26:51.3672786Z   duration_ms: 0.418875
quality	Run repository quality gate	2026-10-05T13:26:51.3673205Z   type: 'test'
quality	Run repository quality gate	2026-10-05T13:26:51.3673524Z   ...
quality	Run repository quality gate	2026-10-05T13:26:51.3673847Z # Subtest: maps a foreign-key race during stage deletion to STAGE_IN_USE
quality	Run repository quality gate	2026-10-05T13:26:51.3674350Z ok 459 - maps a foreign-key race during stage deletion to STAGE_IN_USE
quality	Run repository quality gate	2026-10-05T13:26:51.3674710Z   ---
quality	Run repository quality gate	2026-10-05T13:26:51.3674908Z   duration_ms: 0.538289
quality	Run repository quality gate	2026-10-05T13:26:51.3675128Z   type: 'test'
quality	Run repository quality gate	2026-10-05T13:26:51.3675321Z   ...
quality	Run repository quality gate	2026-10-05T13:26:51.3675627Z # Subtest: sets the default pipeline with an optimistic version predicate
quality	Run repository quality gate	2026-10-05T13:26:51.3676534Z ok 460 - sets the default pipeline with an optimistic version predicate
quality	Run repository quality gate	2026-10-05T13:26:51.3676915Z   ---
quality	Run repository quality gate	2026-10-05T13:26:51.3677111Z   duration_ms: 0.377878
quality	Run repository quality gate	2026-10-05T13:26:51.3677386Z   type: 'test'
quality	Run repository quality gate	2026-10-05T13:26:51.3677744Z   ...
quality	Run repository quality gate	2026-10-05T13:26:51.3678330Z # Subtest: rejects a stale default-pipeline request before changing any defaults
quality	Run repository quality gate	2026-10-05T13:26:51.3679258Z ok 461 - rejects a stale default-pipeline request before changing any defaults
quality	Run repository quality gate	2026-10-05T13:26:51.3679946Z   ---
quality	Run repository quality gate	2026-10-05T13:26:51.3680282Z   duration_ms: 0.244057
quality	Run repository quality gate	2026-10-05T13:26:51.3680542Z   type: 'test'
quality	Run repository quality gate	2026-10-05T13:26:51.3680739Z   ...
quality	Run repository quality gate	2026-10-05T13:26:51.5173044Z # Subtest: creates an idempotent pipeline and writes one audit event
quality	Run repository quality gate	2026-10-05T13:26:51.5174357Z ok 462 - creates an idempotent pipeline and writes one audit event
quality	Run repository quality gate	2026-10-05T13:26:51.5175216Z   ---
quality	Run repository quality gate	2026-10-05T13:26:51.5176004Z   duration_ms: 6.316197
quality	Run repository quality gate	2026-10-05T13:26:51.5176620Z   type: 'test'
quality	Run repository quality gate	2026-10-05T13:26:51.5177154Z   ...
quality	Run repository quality gate	2026-10-05T13:26:51.5178015Z # Subtest: forces the first pipeline to default even when the caller does not request it
quality	Run repository quality gate	2026-10-05T13:26:51.5179291Z ok 463 - forces the first pipeline to default even when the caller does not request it
quality	Run repository quality gate	2026-10-05T13:26:51.5180239Z   ---
quality	Run repository quality gate	2026-10-05T13:26:51.5180754Z   duration_ms: 0.695884
quality	Run repository quality gate	2026-10-05T13:26:51.5181345Z   type: 'test'
quality	Run repository quality gate	2026-10-05T13:26:51.5181860Z   ...
quality	Run repository quality gate	2026-10-05T13:26:51.5182702Z # Subtest: atomically promotes an explicitly default second pipeline during creation
quality	Run repository quality gate	2026-10-05T13:26:51.5184485Z ok 464 - atomically promotes an explicitly default second pipeline during creation
quality	Run repository quality gate	2026-10-05T13:26:51.5185439Z   ---
quality	Run repository quality gate	2026-10-05T13:26:51.5186977Z   duration_ms: 8.54865
quality	Run repository quality gate	2026-10-05T13:26:51.5187594Z   type: 'test'
quality	Run repository quality gate	2026-10-05T13:26:51.5188192Z   ...
quality	Run repository quality gate	2026-10-05T13:26:51.5188772Z # Subtest: keeps an explicitly non-default later pipeline non-default
quality	Run repository quality gate	2026-10-05T13:26:51.5189607Z ok 465 - keeps an explicitly non-default later pipeline non-default
quality	Run repository quality gate	2026-10-05T13:26:51.5190224Z   ---
quality	Run repository quality gate	2026-10-05T13:26:51.5190565Z   duration_ms: 1.205459
quality	Run repository quality gate	2026-10-05T13:26:51.5191031Z   type: 'test'
quality	Run repository quality gate	2026-10-05T13:26:51.5191382Z   ...
quality	Run repository quality gate	2026-10-05T13:26:51.5192000Z # Subtest: replays a concurrently committed command after a deterministic mutation race
quality	Run repository quality gate	2026-10-05T13:26:51.5193061Z ok 466 - replays a concurrently committed command after a deterministic mutation race
quality	Run repository quality gate	2026-10-05T13:26:51.5193950Z   ---
quality	Run repository quality gate	2026-10-05T13:26:51.5194312Z   duration_ms: 1.012146
quality	Run repository quality gate	2026-10-05T13:26:51.5194744Z   type: 'test'
quality	Run repository quality gate	2026-10-05T13:26:51.5195209Z   ...
quality	Run repository quality gate	2026-10-05T13:26:51.5196038Z # Subtest: canonical payload hashing never invokes object or array accessors
quality	Run repository quality gate	2026-10-05T13:26:51.5203111Z ok 467 - canonical payload hashing never invokes object or array accessors
quality	Run repository quality gate	2026-10-05T13:26:51.5204147Z   ---
quality	Run repository quality gate	2026-10-05T13:26:51.5204635Z   duration_ms: 0.60274
quality	Run repository quality gate	2026-10-05T13:26:51.5205054Z   type: 'test'
quality	Run repository quality gate	2026-10-05T13:26:51.5205420Z   ...
quality	Run repository quality gate	2026-10-05T13:26:51.5206336Z # Subtest: canonical payload hashing rejects cycles, sparse arrays and custom serialization
quality	Run repository quality gate	2026-10-05T13:26:51.5207494Z ok 468 - canonical payload hashing rejects cycles, sparse arrays and custom serialization
quality	Run repository quality gate	2026-10-05T13:26:51.5208312Z   ---
quality	Run repository quality gate	2026-10-05T13:26:51.5208671Z   duration_ms: 0.315201
quality	Run repository quality gate	2026-10-05T13:26:51.5209077Z   type: 'test'
quality	Run repository quality gate	2026-10-05T13:26:51.5209450Z   ...
quality	Run repository quality gate	2026-10-05T13:26:51.5210181Z # Subtest: replays a command by its stable API payload before service-side reads
quality	Run repository quality gate	2026-10-05T13:26:51.5226751Z ok 469 - replays a command by its stable API payload before service-side reads
quality	Run repository quality gate	2026-10-05T13:26:51.5227612Z   ---
quality	Run repository quality gate	2026-10-05T13:26:51.5227990Z   duration_ms: 1.130258
quality	Run repository quality gate	2026-10-05T13:26:51.5228536Z   type: 'test'
quality	Run repository quality gate	2026-10-05T13:26:51.5228944Z   ...
quality	Run repository quality gate	2026-10-05T13:26:51.5229534Z # Subtest: rejects an idempotency key reused with another payload
quality	Run repository quality gate	2026-10-05T13:26:51.5230463Z ok 470 - rejects an idempotency key reused with another payload
quality	Run repository quality gate	2026-10-05T13:26:51.5231189Z   ---
quality	Run repository quality gate	2026-10-05T13:26:51.5231531Z   duration_ms: 1.289456
quality	Run repository quality gate	2026-10-05T13:26:51.5231920Z   type: 'test'
quality	Run repository quality gate	2026-10-05T13:26:51.5232251Z   ...
quality	Run repository quality gate	2026-10-05T13:26:51.5232714Z # Subtest: rejects tenant ownership supplied for another tenant
quality	Run repository quality gate	2026-10-05T13:26:51.5233448Z ok 471 - rejects tenant ownership supplied for another tenant
quality	Run repository quality gate	2026-10-05T13:26:51.5234010Z   ---
quality	Run repository quality gate	2026-10-05T13:26:51.5234340Z   duration_ms: 0.476162
quality	Run repository quality gate	2026-10-05T13:26:51.5234713Z   type: 'test'
quality	Run repository quality gate	2026-10-05T13:26:51.5235041Z   ...
quality	Run repository quality gate	2026-10-05T13:26:51.5235621Z # Subtest: normalizes pipeline-domain validation failures at the runtime boundary
quality	Run repository quality gate	2026-10-05T13:26:51.5236815Z ok 472 - normalizes pipeline-domain validation failures at the runtime boundary
quality	Run repository quality gate	2026-10-05T13:26:51.5237507Z   ---
quality	Run repository quality gate	2026-10-05T13:26:51.5237835Z   duration_ms: 0.420949
quality	Run repository quality gate	2026-10-05T13:26:51.5238217Z   type: 'test'
quality	Run repository quality gate	2026-10-05T13:26:51.5238551Z   ...
quality	Run repository quality gate	2026-10-05T13:26:51.5239026Z # Subtest: enforces action permission at the operation boundary
quality	Run repository quality gate	2026-10-05T13:26:51.5239754Z ok 473 - enforces action permission at the operation boundary
quality	Run repository quality gate	2026-10-05T13:26:51.5240319Z   ---
quality	Run repository quality gate	2026-10-05T13:26:51.5240648Z   duration_ms: 0.279414
quality	Run repository quality gate	2026-10-05T13:26:51.5241019Z   type: 'test'
quality	Run repository quality gate	2026-10-05T13:26:51.5241346Z   ...
quality	Run repository quality gate	2026-10-05T13:26:51.5241821Z # Subtest: transitions a seeded deal with optimistic concurrency
quality	Run repository quality gate	2026-10-05T13:26:51.5242554Z ok 474 - transitions a seeded deal with optimistic concurrency
quality	Run repository quality gate	2026-10-05T13:26:51.5243127Z   ---
quality	Run repository quality gate	2026-10-05T13:26:51.5243447Z   duration_ms: 2.610452
quality	Run repository quality gate	2026-10-05T13:26:51.5243823Z   type: 'test'
quality	Run repository quality gate	2026-10-05T13:26:51.5244161Z   ...
quality	Run repository quality gate	2026-10-05T13:26:51.5244987Z # Subtest: serializes two concurrent transitions so only one stale version wins
quality	Run repository quality gate	2026-10-05T13:26:51.5246097Z ok 475 - serializes two concurrent transitions so only one stale version wins
quality	Run repository quality gate	2026-10-05T13:26:51.5246966Z   ---
quality	Run repository quality gate	2026-10-05T13:26:51.5247290Z   duration_ms: 1.140889
quality	Run repository quality gate	2026-10-05T13:26:51.5247668Z   type: 'test'
quality	Run repository quality gate	2026-10-05T13:26:51.5247994Z   ...
quality	Run repository quality gate	2026-10-05T13:26:51.5248492Z # Subtest: prevents deleting a stage that still owns a deal assignment
quality	Run repository quality gate	2026-10-05T13:26:51.5249289Z ok 476 - prevents deleting a stage that still owns a deal assignment
quality	Run repository quality gate	2026-10-05T13:26:51.5249907Z   ---
quality	Run repository quality gate	2026-10-05T13:26:51.5250233Z   duration_ms: 1.240545
quality	Run repository quality gate	2026-10-05T13:26:51.5250604Z   type: 'test'
quality	Run repository quality gate	2026-10-05T13:26:51.5250943Z   ...
quality	Run repository quality gate	2026-10-05T13:26:51.5251494Z # Subtest: atomically switches the default pipeline with optimistic concurrency
quality	Run repository quality gate	2026-10-05T13:26:51.5252422Z ok 477 - atomically switches the default pipeline with optimistic concurrency
quality	Run repository quality gate	2026-10-05T13:26:51.5253087Z   ---
quality	Run repository quality gate	2026-10-05T13:26:51.5253404Z   duration_ms: 1.724182
quality	Run repository quality gate	2026-10-05T13:26:51.5253789Z   type: 'test'
quality	Run repository quality gate	2026-10-05T13:26:51.5254111Z   ...
quality	Run repository quality gate	2026-10-05T13:26:51.5257546Z # Subtest: restore requires its own permission rather than archive permission
quality	Run repository quality gate	2026-10-05T13:26:51.5258951Z ok 478 - restore requires its own permission rather than archive permission
quality	Run repository quality gate	2026-10-05T13:26:51.5260000Z   ---
quality	Run repository quality gate	2026-10-05T13:26:51.5260529Z   duration_ms: 1.838927
quality	Run repository quality gate	2026-10-05T13:26:51.5261205Z   type: 'test'
quality	Run repository quality gate	2026-10-05T13:26:51.5261889Z   ...
quality	Run repository quality gate	2026-10-05T13:26:51.5262667Z # Subtest: in-memory keys do not collide when tenant and entity IDs contain colons
quality	Run repository quality gate	2026-10-05T13:26:51.5263720Z ok 479 - in-memory keys do not collide when tenant and entity IDs contain colons
quality	Run repository quality gate	2026-10-05T13:26:51.5264397Z   ---
quality	Run repository quality gate	2026-10-05T13:26:51.5264646Z   duration_ms: 0.343885
quality	Run repository quality gate	2026-10-05T13:26:51.5264884Z   type: 'test'
quality	Run repository quality gate	2026-10-05T13:26:51.5265084Z   ...
quality	Run repository quality gate	2026-10-05T13:26:51.5265311Z # Subtest: enforces the bounded pipeline count
quality	Run repository quality gate	2026-10-05T13:26:51.5265649Z ok 480 - enforces the bounded pipeline count
quality	Run repository quality gate	2026-10-05T13:26:51.5266407Z   ---
quality	Run repository quality gate	2026-10-05T13:26:51.5266724Z   duration_ms: 14.635988
quality	Run repository quality gate	2026-10-05T13:26:51.5267022Z   type: 'test'
quality	Run repository quality gate	2026-10-05T13:26:51.5267220Z   ...
quality	Run repository quality gate	2026-10-05T13:26:51.6356723Z # Subtest: givenPlainCredential_whenSealingAndOpening_thenReturnsValidatedPlaintext
quality	Run repository quality gate	2026-10-05T13:26:51.6358172Z ok 481 - givenPlainCredential_whenSealingAndOpening_thenReturnsValidatedPlaintext
quality	Run repository quality gate	2026-10-05T13:26:51.6359166Z   ---
quality	Run repository quality gate	2026-10-05T13:26:51.6359934Z   duration_ms: 4.602906
quality	Run repository quality gate	2026-10-05T13:26:51.6360742Z   type: 'test'
quality	Run repository quality gate	2026-10-05T13:26:51.6361307Z   ...
quality	Run repository quality gate	2026-10-05T13:26:51.6364460Z # Subtest: givenLegacyPlaintextAndStrictMode_whenOpening_thenRejects
quality	Run repository quality gate	2026-10-05T13:26:51.6366085Z ok 482 - givenLegacyPlaintextAndStrictMode_whenOpening_thenRejects
quality	Run repository quality gate	2026-10-05T13:26:51.6366954Z   ---
quality	Run repository quality gate	2026-10-05T13:26:51.6367355Z   duration_ms: 0.617487
quality	Run repository quality gate	2026-10-05T13:26:51.6367777Z   type: 'test'
quality	Run repository quality gate	2026-10-05T13:26:51.6368323Z   ...
quality	Run repository quality gate	2026-10-05T13:26:51.6378235Z # Subtest: givenLegacyPlaintextAndMigrationMode_whenOpening_thenMarksMigrationRequired
quality	Run repository quality gate	2026-10-05T13:26:51.6379458Z ok 483 - givenLegacyPlaintextAndMigrationMode_whenOpening_thenMarksMigrationRequired
quality	Run repository quality gate	2026-10-05T13:26:51.6380290Z   ---
quality	Run repository quality gate	2026-10-05T13:26:51.6380653Z   duration_ms: 0.500427
quality	Run repository quality gate	2026-10-05T13:26:51.6381083Z   type: 'test'
quality	Run repository quality gate	2026-10-05T13:26:51.6381453Z   ...
quality	Run repository quality gate	2026-10-05T13:26:51.6382079Z # Subtest: givenEncryptedValue_whenSealingAgain_thenPreventsDoubleEncryption
quality	Run repository quality gate	2026-10-05T13:26:51.6384973Z ok 484 - givenEncryptedValue_whenSealingAgain_thenPreventsDoubleEncryption
quality	Run repository quality gate	2026-10-05T13:26:51.6386043Z   ---
quality	Run repository quality gate	2026-10-05T13:26:51.6386394Z   duration_ms: 0.508984
quality	Run repository quality gate	2026-10-05T13:26:51.6386783Z   type: 'test'
quality	Run repository quality gate	2026-10-05T13:26:51.6387112Z   ...
quality	Run repository quality gate	2026-10-05T13:26:51.7474656Z # Subtest: givenValidContext_whenEncryptingAndDecrypting_thenRoundTripsWithoutPlaintextLeakage
quality	Run repository quality gate	2026-10-05T13:26:51.7476379Z ok 485 - givenValidContext_whenEncryptingAndDecrypting_thenRoundTripsWithoutPlaintextLeakage
quality	Run repository quality gate	2026-10-05T13:26:51.7477213Z   ---
quality	Run repository quality gate	2026-10-05T13:26:51.7477597Z   duration_ms: 3.914536
quality	Run repository quality gate	2026-10-05T13:26:51.7478154Z   type: 'test'
quality	Run repository quality gate	2026-10-05T13:26:51.7478764Z   ...
quality	Run repository quality gate	2026-10-05T13:26:51.7487488Z # Subtest: givenSamePlaintext_whenEncryptedTwice_thenRandomIvProducesDifferentEnvelopes
quality	Run repository quality gate	2026-10-05T13:26:51.7489166Z ok 486 - givenSamePlaintext_whenEncryptedTwice_thenRandomIvProducesDifferentEnvelopes
quality	Run repository quality gate	2026-10-05T13:26:51.7490376Z   ---
quality	Run repository quality gate	2026-10-05T13:26:51.7490750Z   duration_ms: 0.7528
quality	Run repository quality gate	2026-10-05T13:26:51.7491153Z   type: 'test'
quality	Run repository quality gate	2026-10-05T13:26:51.7491522Z   ...
quality	Run repository quality gate	2026-10-05T13:26:51.7492121Z # Subtest: givenWrongTenantContext_whenDecrypting_thenAuthenticationFails
quality	Run repository quality gate	2026-10-05T13:26:51.7493099Z ok 487 - givenWrongTenantContext_whenDecrypting_thenAuthenticationFails
quality	Run repository quality gate	2026-10-05T13:26:51.7493808Z   ---
quality	Run repository quality gate	2026-10-05T13:26:51.7494164Z   duration_ms: 0.892062
quality	Run repository quality gate	2026-10-05T13:26:51.7494421Z   type: 'test'
quality	Run repository quality gate	2026-10-05T13:26:51.7494627Z   ...
quality	Run repository quality gate	2026-10-05T13:26:51.7495431Z # Subtest: givenTamperedCiphertext_whenDecrypting_thenAuthenticationFails
quality	Run repository quality gate	2026-10-05T13:26:51.7499180Z ok 488 - givenTamperedCiphertext_whenDecrypting_thenAuthenticationFails
quality	Run repository quality gate	2026-10-05T13:26:51.7499750Z   ---
quality	Run repository quality gate	2026-10-05T13:26:51.7499965Z   duration_ms: 0.628938
quality	Run repository quality gate	2026-10-05T13:26:51.7500198Z   type: 'test'
quality	Run repository quality gate	2026-10-05T13:26:51.7500399Z   ...
quality	Run repository quality gate	2026-10-05T13:26:51.7508449Z # Subtest: givenMissingHistoricalKey_whenDecrypting_thenFailsWithoutLeakingSecret
quality	Run repository quality gate	2026-10-05T13:26:51.7509585Z ok 489 - givenMissingHistoricalKey_whenDecrypting_thenFailsWithoutLeakingSecret
quality	Run repository quality gate	2026-10-05T13:26:51.7510246Z   ---
quality	Run repository quality gate	2026-10-05T13:26:51.7510609Z   duration_ms: 0.654106
quality	Run repository quality gate	2026-10-05T13:26:51.7510906Z   type: 'test'
quality	Run repository quality gate	2026-10-05T13:26:51.7511105Z   ...
quality	Run repository quality gate	2026-10-05T13:26:51.7511480Z # Subtest: givenHistoricalKeyAndNewActiveKey_whenRotating_thenReencryptsWithNewKey
quality	Run repository quality gate	2026-10-05T13:26:51.7512447Z ok 490 - givenHistoricalKeyAndNewActiveKey_whenRotating_thenReencryptsWithNewKey
quality	Run repository quality gate	2026-10-05T13:26:51.7512897Z   ---
quality	Run repository quality gate	2026-10-05T13:26:51.7513089Z   duration_ms: 0.946795
quality	Run repository quality gate	2026-10-05T13:26:51.7513326Z   type: 'test'
quality	Run repository quality gate	2026-10-05T13:26:51.7513538Z   ...
quality	Run repository quality gate	2026-10-05T13:26:51.7538374Z # Subtest: givenPlaintext_whenDecrypting_thenRejectsImplicitLegacyFallback
quality	Run repository quality gate	2026-10-05T13:26:51.7539726Z ok 491 - givenPlaintext_whenDecrypting_thenRejectsImplicitLegacyFallback
quality	Run repository quality gate	2026-10-05T13:26:51.7540822Z   ---
quality	Run repository quality gate	2026-10-05T13:26:51.7541487Z   duration_ms: 0.324839
quality	Run repository quality gate	2026-10-05T13:26:51.7541992Z   type: 'test'
quality	Run repository quality gate	2026-10-05T13:26:51.7542246Z   ...
quality	Run repository quality gate	2026-10-05T13:26:51.7542565Z # Subtest: givenInvalidKeyLength_whenCreatingProvider_thenFailsFast
quality	Run repository quality gate	2026-10-05T13:26:51.7543070Z ok 492 - givenInvalidKeyLength_whenCreatingProvider_thenFailsFast
quality	Run repository quality gate	2026-10-05T13:26:51.7543436Z   ---
quality	Run repository quality gate	2026-10-05T13:26:51.7543639Z   duration_ms: 0.224822
quality	Run repository quality gate	2026-10-05T13:26:51.7543867Z   type: 'test'
quality	Run repository quality gate	2026-10-05T13:26:51.7544069Z   ...
quality	Run repository quality gate	2026-10-05T13:26:51.7544413Z # Subtest: givenEnvironmentKeyring_whenCreatingProvider_thenValidatesAndDecrypts
quality	Run repository quality gate	2026-10-05T13:26:51.7545018Z ok 493 - givenEnvironmentKeyring_whenCreatingProvider_thenValidatesAndDecrypts
quality	Run repository quality gate	2026-10-05T13:26:51.7545433Z   ---
quality	Run repository quality gate	2026-10-05T13:26:51.7545624Z   duration_ms: 0.773629
quality	Run repository quality gate	2026-10-05T13:26:51.7546185Z   type: 'test'
quality	Run repository quality gate	2026-10-05T13:26:51.7546383Z   ...
quality	Run repository quality gate	2026-10-05T13:26:51.7546747Z # Subtest: givenEnvelope_whenRedactingAndFingerprinting_thenNeverReturnsPlaintext
quality	Run repository quality gate	2026-10-05T13:26:51.7547330Z ok 494 - givenEnvelope_whenRedactingAndFingerprinting_thenNeverReturnsPlaintext
quality	Run repository quality gate	2026-10-05T13:26:51.7547754Z   ---
quality	Run repository quality gate	2026-10-05T13:26:51.7547955Z   duration_ms: 1.110412
quality	Run repository quality gate	2026-10-05T13:26:51.7548183Z   type: 'test'
quality	Run repository quality gate	2026-10-05T13:26:51.7548377Z   ...
quality	Run repository quality gate	2026-10-05T13:26:51.7548712Z # Subtest: givenOversizedPlaintext_whenEncrypting_thenRejectsBeforeEncryption
quality	Run repository quality gate	2026-10-05T13:26:51.7549269Z ok 495 - givenOversizedPlaintext_whenEncrypting_thenRejectsBeforeEncryption
quality	Run repository quality gate	2026-10-05T13:26:51.7549668Z   ---
quality	Run repository quality gate	2026-10-05T13:26:51.7549847Z   duration_ms: 0.256
quality	Run repository quality gate	2026-10-05T13:26:51.7550063Z   type: 'test'
quality	Run repository quality gate	2026-10-05T13:26:51.7550251Z   ...
quality	Run repository quality gate	2026-10-05T13:26:51.8586018Z # Subtest: givenUnscopedWhere_whenScoping_thenInjectsActiveTenant
quality	Run repository quality gate	2026-10-05T13:26:51.8587331Z ok 496 - givenUnscopedWhere_whenScoping_thenInjectsActiveTenant
quality	Run repository quality gate	2026-10-05T13:26:51.8588042Z   ---
quality	Run repository quality gate	2026-10-05T13:26:51.8588794Z   duration_ms: 1.598816
quality	Run repository quality gate	2026-10-05T13:26:51.8589618Z   type: 'test'
quality	Run repository quality gate	2026-10-05T13:26:51.8589984Z   ...
quality	Run repository quality gate	2026-10-05T13:26:51.8590566Z # Subtest: givenCrossTenantSelector_whenScoping_thenRejects
quality	Run repository quality gate	2026-10-05T13:26:51.8593469Z ok 497 - givenCrossTenantSelector_whenScoping_thenRejects
quality	Run repository quality gate	2026-10-05T13:26:51.8594326Z   ---
quality	Run repository quality gate	2026-10-05T13:26:51.8594667Z   duration_ms: 0.495719
quality	Run repository quality gate	2026-10-05T13:26:51.8595046Z   type: 'test'
quality	Run repository quality gate	2026-10-05T13:26:51.8595373Z   ...
quality	Run repository quality gate	2026-10-05T13:26:51.8596649Z # Subtest: givenCreatePayloadForAnotherTenant_whenScoping_thenRejects
quality	Run repository quality gate	2026-10-05T13:26:51.8598514Z ok 498 - givenCreatePayloadForAnotherTenant_whenScoping_thenRejects
quality	Run repository quality gate	2026-10-05T13:26:51.8599163Z   ---
quality	Run repository quality gate	2026-10-05T13:26:51.8599494Z   duration_ms: 0.217557
quality	Run repository quality gate	2026-10-05T13:26:51.8599870Z   type: 'test'
quality	Run repository quality gate	2026-10-05T13:26:51.8600213Z   ...
quality	Run repository quality gate	2026-10-05T13:26:51.8601976Z # Subtest: givenAttemptedTenantReassignment_whenUpdating_thenRejects
quality	Run repository quality gate	2026-10-05T13:26:51.8603634Z ok 499 - givenAttemptedTenantReassignment_whenUpdating_thenRejects
quality	Run repository quality gate	2026-10-05T13:26:51.8604030Z   ---
quality	Run repository quality gate	2026-10-05T13:26:51.8605020Z   duration_ms: 0.284613
quality	Run repository quality gate	2026-10-05T13:26:51.8605594Z   type: 'test'
quality	Run repository quality gate	2026-10-05T13:26:51.8606262Z   ...
quality	Run repository quality gate	2026-10-05T13:26:51.8608194Z # Subtest: givenUniqueSelector_whenScoping_thenKeepsUniqueFieldAndAddsTenant
quality	Run repository quality gate	2026-10-05T13:26:51.8609309Z ok 500 - givenUniqueSelector_whenScoping_thenKeepsUniqueFieldAndAddsTenant
quality	Run repository quality gate	2026-10-05T13:26:51.8610278Z   ---
quality	Run repository quality gate	2026-10-05T13:26:51.8610531Z   duration_ms: 0.282429
quality	Run repository quality gate	2026-10-05T13:26:51.8610772Z   type: 'test'
quality	Run repository quality gate	2026-10-05T13:26:51.8611046Z   ...
quality	Run repository quality gate	2026-10-05T13:26:51.8619808Z # Subtest: givenSameOperationInDifferentTenants_whenBuildingIdempotencyKey_thenKeysDiffer
quality	Run repository quality gate	2026-10-05T13:26:51.8621542Z ok 501 - givenSameOperationInDifferentTenants_whenBuildingIdempotencyKey_thenKeysDiffer
quality	Run repository quality gate	2026-10-05T13:26:51.8622463Z   ---
quality	Run repository quality gate	2026-10-05T13:26:51.8622817Z   duration_ms: 0.648665
quality	Run repository quality gate	2026-10-05T13:26:51.8623224Z   type: 'test'
quality	Run repository quality gate	2026-10-05T13:26:51.8623570Z   ...
quality	Run repository quality gate	2026-10-05T13:26:51.8648915Z # Subtest: givenTenantScopedDelegate_whenReading_thenAlwaysInjectsTenantAndValidatesResults
quality	Run repository quality gate	2026-10-05T13:26:51.8650208Z ok 502 - givenTenantScopedDelegate_whenReading_thenAlwaysInjectsTenantAndValidatesResults
quality	Run repository quality gate	2026-10-05T13:26:51.8650997Z   ---
quality	Run repository quality gate	2026-10-05T13:26:51.8651387Z   duration_ms: 0.601988
quality	Run repository quality gate	2026-10-05T13:26:51.8651803Z   type: 'test'
quality	Run repository quality gate	2026-10-05T13:26:51.8652153Z   ...
quality	Run repository quality gate	2026-10-05T13:26:51.8652864Z # Subtest: givenCompromisedDelegateReturningAnotherTenant_whenReading_thenFailsClosed
quality	Run repository quality gate	2026-10-05T13:26:51.8654077Z ok 503 - givenCompromisedDelegateReturningAnotherTenant_whenReading_thenFailsClosed
quality	Run repository quality gate	2026-10-05T13:26:51.8654920Z   ---
quality	Run repository quality gate	2026-10-05T13:26:51.8655275Z   duration_ms: 0.331952
quality	Run repository quality gate	2026-10-05T13:26:51.8655916Z   type: 'test'
quality	Run repository quality gate	2026-10-05T13:26:51.8656310Z   ...
quality	Run repository quality gate	2026-10-05T13:26:51.8656996Z # Subtest: givenScopedMutation_whenUpdating_thenScopesWhereAndForbidsOwnershipChange
quality	Run repository quality gate	2026-10-05T13:26:51.8658171Z ok 504 - givenScopedMutation_whenUpdating_thenScopesWhereAndForbidsOwnershipChange
quality	Run repository quality gate	2026-10-05T13:26:51.8658996Z   ---
quality	Run repository quality gate	2026-10-05T13:26:51.8659355Z   duration_ms: 0.567814
quality	Run repository quality gate	2026-10-05T13:26:51.8659794Z   type: 'test'
quality	Run repository quality gate	2026-10-05T13:26:51.8660150Z   ...
quality	Run repository quality gate	2026-10-05T13:26:51.8660720Z # Subtest: givenPrototypePollutionKey_whenScoping_thenRejectsInput
quality	Run repository quality gate	2026-10-05T13:26:51.8661608Z ok 505 - givenPrototypePollutionKey_whenScoping_thenRejectsInput
quality	Run repository quality gate	2026-10-05T13:26:51.8662299Z   ---
quality	Run repository quality gate	2026-10-05T13:26:51.8662653Z   duration_ms: 0.42155
quality	Run repository quality gate	2026-10-05T13:26:51.8663072Z   type: 'test'
quality	Run repository quality gate	2026-10-05T13:26:51.8663458Z   ...
quality	Run repository quality gate	2026-10-05T13:26:51.8664364Z # Subtest: givenCallerSelectExcludesTenantField_whenReading_thenVerifiesInternallyAndRestoresRequestedShape
quality	Run repository quality gate	2026-10-05T13:26:51.8666375Z ok 506 - givenCallerSelectExcludesTenantField_whenReading_thenVerifiesInternallyAndRestoresRequestedShape
quality	Run repository quality gate	2026-10-05T13:26:51.8667527Z   ---
quality	Run repository quality gate	2026-10-05T13:26:51.8667950Z   duration_ms: 0.377398
quality	Run repository quality gate	2026-10-05T13:26:51.8668380Z   type: 'test'
quality	Run repository quality gate	2026-10-05T13:26:51.8668740Z   ...
quality	Run repository quality gate	2026-10-05T13:26:51.9648124Z # Subtest: graphite/light: semantic text and controls meet contrast thresholds
quality	Run repository quality gate	2026-10-05T13:26:51.9650230Z ok 507 - graphite/light: semantic text and controls meet contrast thresholds
quality	Run repository quality gate	2026-10-05T13:26:51.9651364Z   ---
quality	Run repository quality gate	2026-10-05T13:26:51.9651729Z   duration_ms: 1.515781
quality	Run repository quality gate	2026-10-05T13:26:51.9652154Z   type: 'test'
quality	Run repository quality gate	2026-10-05T13:26:51.9652517Z   ...
quality	Run repository quality gate	2026-10-05T13:26:51.9653364Z # Subtest: graphite/dark: semantic text and controls meet contrast thresholds
quality	Run repository quality gate	2026-10-05T13:26:51.9661331Z ok 508 - graphite/dark: semantic text and controls meet contrast thresholds
quality	Run repository quality gate	2026-10-05T13:26:51.9662079Z   ---
quality	Run repository quality gate	2026-10-05T13:26:51.9662459Z   duration_ms: 0.340909
quality	Run repository quality gate	2026-10-05T13:26:51.9662881Z   type: 'test'
quality	Run repository quality gate	2026-10-05T13:26:51.9663253Z   ...
quality	Run repository quality gate	2026-10-05T13:26:51.9663831Z # Subtest: grove/light: semantic text and controls meet contrast thresholds
quality	Run repository quality gate	2026-10-05T13:26:51.9664790Z ok 509 - grove/light: semantic text and controls meet contrast thresholds
quality	Run repository quality gate	2026-10-05T13:26:51.9665476Z   ---
quality	Run repository quality gate	2026-10-05T13:26:51.9666149Z   duration_ms: 0.854081
quality	Run repository quality gate	2026-10-05T13:26:51.9666572Z   type: 'test'
quality	Run repository quality gate	2026-10-05T13:26:51.9666937Z   ...
quality	Run repository quality gate	2026-10-05T13:26:51.9667505Z # Subtest: grove/dark: semantic text and controls meet contrast thresholds
quality	Run repository quality gate	2026-10-05T13:26:51.9668714Z ok 510 - grove/dark: semantic text and controls meet contrast thresholds
quality	Run repository quality gate	2026-10-05T13:26:51.9669411Z   ---
quality	Run repository quality gate	2026-10-05T13:26:51.9669786Z   duration_ms: 0.279694
quality	Run repository quality gate	2026-10-05T13:26:51.9670224Z   type: 'test'
quality	Run repository quality gate	2026-10-05T13:26:51.9670587Z   ...
quality	Run repository quality gate	2026-10-05T13:26:51.9674746Z # Subtest: sand/light: semantic text and controls meet contrast thresholds
quality	Run repository quality gate	2026-10-05T13:26:51.9691750Z ok 511 - sand/light: semantic text and controls meet contrast thresholds
quality	Run repository quality gate	2026-10-05T13:26:51.9692511Z   ---
quality	Run repository quality gate	2026-10-05T13:26:51.9692875Z   duration_ms: 0.187631
quality	Run repository quality gate	2026-10-05T13:26:51.9693297Z   type: 'test'
quality	Run repository quality gate	2026-10-05T13:26:51.9693660Z   ...
quality	Run repository quality gate	2026-10-05T13:26:51.9694280Z # Subtest: sand/dark: semantic text and controls meet contrast thresholds
quality	Run repository quality gate	2026-10-05T13:26:51.9695204Z ok 512 - sand/dark: semantic text and controls meet contrast thresholds
quality	Run repository quality gate	2026-10-05T13:26:51.9696102Z   ---
quality	Run repository quality gate	2026-10-05T13:26:51.9696485Z   duration_ms: 0.166262
quality	Run repository quality gate	2026-10-05T13:26:51.9696903Z   type: 'test'
quality	Run repository quality gate	2026-10-05T13:26:51.9697285Z   ...
quality	Run repository quality gate	2026-10-05T13:26:51.9697868Z # Subtest: indigo/light: semantic text and controls meet contrast thresholds
quality	Run repository quality gate	2026-10-05T13:26:51.9698822Z ok 513 - indigo/light: semantic text and controls meet contrast thresholds
quality	Run repository quality gate	2026-10-05T13:26:51.9699552Z   ---
quality	Run repository quality gate	2026-10-05T13:26:51.9699915Z   duration_ms: 0.22403
quality	Run repository quality gate	2026-10-05T13:26:51.9700328Z   type: 'test'
quality	Run repository quality gate	2026-10-05T13:26:51.9700684Z   ...
quality	Run repository quality gate	2026-10-05T13:26:51.9701262Z # Subtest: indigo/dark: semantic text and controls meet contrast thresholds
quality	Run repository quality gate	2026-10-05T13:26:51.9702187Z ok 514 - indigo/dark: semantic text and controls meet contrast thresholds
quality	Run repository quality gate	2026-10-05T13:26:51.9702877Z   ---
quality	Run repository quality gate	2026-10-05T13:26:51.9703240Z   duration_ms: 0.204243
quality	Run repository quality gate	2026-10-05T13:26:51.9703650Z   type: 'test'
quality	Run repository quality gate	2026-10-05T13:26:51.9704013Z   ...
quality	Run repository quality gate	2026-10-05T13:26:51.9704641Z # Subtest: invalid, oversized or future-version stored preferences fall back safely
quality	Run repository quality gate	2026-10-05T13:26:51.9705961Z ok 515 - invalid, oversized or future-version stored preferences fall back safely
quality	Run repository quality gate	2026-10-05T13:26:51.9706764Z   ---
quality	Run repository quality gate	2026-10-05T13:26:51.9707120Z   duration_ms: 1.005935
quality	Run repository quality gate	2026-10-05T13:26:51.9707531Z   type: 'test'
quality	Run repository quality gate	2026-10-05T13:26:51.9707903Z   ...
quality	Run repository quality gate	2026-10-05T13:26:51.9708659Z # Subtest: whitelisted preferences survive parsing and DOM application; unrelated attributes remain
quality	Run repository quality gate	2026-10-05T13:26:51.9709984Z ok 516 - whitelisted preferences survive parsing and DOM application; unrelated attributes remain
quality	Run repository quality gate	2026-10-05T13:26:51.9710857Z   ---
quality	Run repository quality gate	2026-10-05T13:26:51.9711203Z   duration_ms: 0.487633
quality	Run repository quality gate	2026-10-05T13:26:51.9711587Z   type: 'test'
quality	Run repository quality gate	2026-10-05T13:26:51.9711928Z   ...
quality	Run repository quality gate	2026-10-05T13:26:51.9712526Z # Subtest: pre-paint bootstrap and parser agree, including unavailable storage
quality	Run repository quality gate	2026-10-05T13:26:51.9714071Z ok 517 - pre-paint bootstrap and parser agree, including unavailable storage
quality	Run repository quality gate	2026-10-05T13:26:51.9714827Z   ---
quality	Run repository quality gate	2026-10-05T13:26:51.9715215Z   duration_ms: 3.055747
quality	Run repository quality gate	2026-10-05T13:26:51.9716519Z   type: 'test'
quality	Run repository quality gate	2026-10-05T13:26:51.9716887Z   ...
quality	Run repository quality gate	2026-10-05T13:26:51.9744148Z # Subtest: generated CSS is exactly derived from the tested token registry
quality	Run repository quality gate	2026-10-05T13:26:51.9745531Z ok 518 - generated CSS is exactly derived from the tested token registry
quality	Run repository quality gate	2026-10-05T13:26:51.9746617Z   ---
quality	Run repository quality gate	2026-10-05T13:26:51.9746876Z   duration_ms: 12.908764
quality	Run repository quality gate	2026-10-05T13:26:51.9747744Z   type: 'test'
quality	Run repository quality gate	2026-10-05T13:26:51.9748122Z   ...
quality	Run repository quality gate	2026-10-05T13:26:51.9748740Z # Subtest: palette contracts are immutable and equally capable
quality	Run repository quality gate	2026-10-05T13:26:51.9749779Z ok 519 - palette contracts are immutable and equally capable
quality	Run repository quality gate	2026-10-05T13:26:51.9750142Z   ---
quality	Run repository quality gate	2026-10-05T13:26:51.9750344Z   duration_ms: 0.6564
quality	Run repository quality gate	2026-10-05T13:26:51.9763865Z   type: 'test'
quality	Run repository quality gate	2026-10-05T13:26:51.9764156Z   ...
quality	Run repository quality gate	2026-10-05T13:26:52.0673474Z # Subtest: semantic check-types is mandatory, not an absent typecheck alias
quality	Run repository quality gate	2026-10-05T13:26:52.0674833Z ok 520 - semantic check-types is mandatory, not an absent typecheck alias
quality	Run repository quality gate	2026-10-05T13:26:52.0675965Z   ---
quality	Run repository quality gate	2026-10-05T13:26:52.0676520Z   duration_ms: 1.547951
quality	Run repository quality gate	2026-10-05T13:26:52.0677039Z   type: 'test'
quality	Run repository quality gate	2026-10-05T13:26:52.0677574Z   ...
quality	Run repository quality gate	2026-10-05T13:26:52.0679781Z # Subtest: a full quality gate cannot silently skip build
quality	Run repository quality gate	2026-10-05T13:26:52.0682527Z ok 521 - a full quality gate cannot silently skip build
quality	Run repository quality gate	2026-10-05T13:26:52.0683385Z   ---
quality	Run repository quality gate	2026-10-05T13:26:52.0683814Z   duration_ms: 0.18688
quality	Run repository quality gate	2026-10-05T13:26:52.0684228Z   type: 'test'
quality	Run repository quality gate	2026-10-05T13:26:52.0684761Z   ...
quality	Run repository quality gate	2026-10-05T13:26:52.1682597Z # Subtest: given clean repository when audited then returns no findings
quality	Run repository quality gate	2026-10-05T13:26:52.1684148Z ok 522 - given clean repository when audited then returns no findings
quality	Run repository quality gate	2026-10-05T13:26:52.1684815Z   ---
quality	Run repository quality gate	2026-10-05T13:26:52.1685155Z   duration_ms: 8.124187
quality	Run repository quality gate	2026-10-05T13:26:52.1685568Z   type: 'test'
quality	Run repository quality gate	2026-10-05T13:26:52.1686136Z   ...
quality	Run repository quality gate	2026-10-05T13:26:52.1710146Z # Subtest: given UTF-8 BOM package manifest when audited then reports JSON_BOM
quality	Run repository quality gate	2026-10-05T13:26:52.1711591Z ok 523 - given UTF-8 BOM package manifest when audited then reports JSON_BOM
quality	Run repository quality gate	2026-10-05T13:26:52.1712236Z   ---
quality	Run repository quality gate	2026-10-05T13:26:52.1712707Z   duration_ms: 2.833688
quality	Run repository quality gate	2026-10-05T13:26:52.1713212Z   type: 'test'
quality	Run repository quality gate	2026-10-05T13:26:52.1713680Z   ...
quality	Run repository quality gate	2026-10-05T13:26:52.1741181Z # Subtest: given legacy identity in source when audited then reports it
quality	Run repository quality gate	2026-10-05T13:26:52.1743693Z ok 524 - given legacy identity in source when audited then reports it
quality	Run repository quality gate	2026-10-05T13:26:52.1744227Z   ---
quality	Run repository quality gate	2026-10-05T13:26:52.1744442Z   duration_ms: 2.807432
quality	Run repository quality gate	2026-10-05T13:26:52.1744694Z   type: 'test'
quality	Run repository quality gate	2026-10-05T13:26:52.1744959Z   ...
quality	Run repository quality gate	2026-10-05T13:26:52.1764532Z # Subtest: given secret-like token in source when audited then reports without exposing token
quality	Run repository quality gate	2026-10-05T13:26:52.1766210Z ok 525 - given secret-like token in source when audited then reports without exposing token
quality	Run repository quality gate	2026-10-05T13:26:52.1767266Z   ---
quality	Run repository quality gate	2026-10-05T13:26:52.1767768Z   duration_ms: 2.465781
quality	Run repository quality gate	2026-10-05T13:26:52.1768326Z   type: 'test'
quality	Run repository quality gate	2026-10-05T13:26:52.1768809Z   ...
quality	Run repository quality gate	2026-10-05T13:26:52.1793931Z # Subtest: given secret placeholder in .env.example when audited then does not treat it as committed secret
quality	Run repository quality gate	2026-10-05T13:26:52.1795419Z ok 526 - given secret placeholder in .env.example when audited then does not treat it as committed secret
quality	Run repository quality gate	2026-10-05T13:26:52.1796598Z   ---
quality	Run repository quality gate	2026-10-05T13:26:52.1797080Z   duration_ms: 2.936555
quality	Run repository quality gate	2026-10-05T13:26:52.1797570Z   type: 'test'
quality	Run repository quality gate	2026-10-05T13:26:52.1798022Z   ...
quality	Run repository quality gate	2026-10-05T13:26:52.2732446Z # Subtest: worker once processes one tick and returns without claiming an asynchronous promise
quality	Run repository quality gate	2026-10-05T13:26:52.2734688Z ok 527 - worker once processes one tick and returns without claiming an asynchronous promise
quality	Run repository quality gate	2026-10-05T13:26:52.2735548Z   ---
quality	Run repository quality gate	2026-10-05T13:26:52.2736159Z   duration_ms: 0.997099
quality	Run repository quality gate	2026-10-05T13:26:52.2736431Z   type: 'test'
quality	Run repository quality gate	2026-10-05T13:26:52.2736655Z   ...
quality	Run repository quality gate	2026-10-05T13:26:52.2741484Z # Subtest: worker shutdown drains the current tick and does not start a replacement tick
quality	Run repository quality gate	2026-10-05T13:26:52.2743624Z ok 528 - worker shutdown drains the current tick and does not start a replacement tick
quality	Run repository quality gate	2026-10-05T13:26:52.2744182Z   ---
quality	Run repository quality gate	2026-10-05T13:26:52.2744399Z   duration_ms: 0.787125
quality	Run repository quality gate	2026-10-05T13:26:52.2744952Z   type: 'test'
quality	Run repository quality gate	2026-10-05T13:26:52.2745165Z   ...
quality	Run repository quality gate	2026-10-05T13:26:52.2749685Z # Subtest: worker exits for review on once failure and emits no raw credentials
quality	Run repository quality gate	2026-10-05T13:26:52.2761157Z ok 529 - worker exits for review on once failure and emits no raw credentials
quality	Run repository quality gate	2026-10-05T13:26:52.2762143Z   ---
quality	Run repository quality gate	2026-10-05T13:26:52.2762493Z   duration_ms: 0.627075
quality	Run repository quality gate	2026-10-05T13:26:52.2762887Z   type: 'test'
quality	Run repository quality gate	2026-10-05T13:26:52.2763232Z   ...
quality	Run repository quality gate	2026-10-05T13:26:52.2763758Z # Subtest: worker validates poll bounds and honors already-aborted signal
quality	Run repository quality gate	2026-10-05T13:26:52.2764611Z ok 530 - worker validates poll bounds and honors already-aborted signal
quality	Run repository quality gate	2026-10-05T13:26:52.2765247Z   ---
quality	Run repository quality gate	2026-10-05T13:26:52.2765595Z   duration_ms: 0.249708
quality	Run repository quality gate	2026-10-05T13:26:52.2766103Z   type: 'test'
quality	Run repository quality gate	2026-10-05T13:26:52.2766307Z   ...
quality	Run repository quality gate	2026-10-05T13:26:52.5723470Z # Subtest: operator upload and a new-process plan recover the same encrypted source
quality	Run repository quality gate	2026-10-05T13:26:52.5724689Z ok 531 - operator upload and a new-process plan recover the same encrypted source
quality	Run repository quality gate	2026-10-05T13:26:52.5725629Z   ---
quality	Run repository quality gate	2026-10-05T13:26:52.5726232Z   duration_ms: 206.155024
quality	Run repository quality gate	2026-10-05T13:26:52.5726628Z   type: 'test'
quality	Run repository quality gate	2026-10-05T13:26:52.5726879Z   ...
quality	Run repository quality gate	2026-10-05T13:26:52.7470050Z # Subtest: operator preparation fails without keys and never overwrites a report
quality	Run repository quality gate	2026-10-05T13:26:52.7471208Z ok 532 - operator preparation fails without keys and never overwrites a report
quality	Run repository quality gate	2026-10-05T13:26:52.7471923Z   ---
quality	Run repository quality gate	2026-10-05T13:26:52.7472273Z   duration_ms: 174.473071
quality	Run repository quality gate	2026-10-05T13:26:52.7472691Z   type: 'test'
quality	Run repository quality gate	2026-10-05T13:26:52.7473030Z   ...
quality	Run repository quality gate	2026-10-05T13:26:52.8379159Z # Subtest: unsupported files fail before any CRM write or success report
quality	Run repository quality gate	2026-10-05T13:26:52.8380237Z ok 533 - unsupported files fail before any CRM write or success report
quality	Run repository quality gate	2026-10-05T13:26:52.8380934Z   ---
quality	Run repository quality gate	2026-10-05T13:26:52.8381306Z   duration_ms: 91.011703
quality	Run repository quality gate	2026-10-05T13:26:52.8381737Z   type: 'test'
quality	Run repository quality gate	2026-10-05T13:26:52.8382121Z   ...
quality	Run repository quality gate	2026-10-05T13:26:52.9372785Z # Subtest: accepts the single governed executor boundary
quality	Run repository quality gate	2026-10-05T13:26:52.9373655Z ok 534 - accepts the single governed executor boundary
quality	Run repository quality gate	2026-10-05T13:26:52.9374202Z   ---
quality	Run repository quality gate	2026-10-05T13:26:52.9374525Z   duration_ms: 11.921852
quality	Run repository quality gate	2026-10-05T13:26:52.9374858Z   type: 'test'
quality	Run repository quality gate	2026-10-05T13:26:52.9375080Z   ...
quality	Run repository quality gate	2026-10-05T13:26:52.9410654Z # Subtest: reports direct catalog execution in production source
quality	Run repository quality gate	2026-10-05T13:26:52.9411813Z ok 535 - reports direct catalog execution in production source
quality	Run repository quality gate	2026-10-05T13:26:52.9412403Z   ---
quality	Run repository quality gate	2026-10-05T13:26:52.9412736Z   duration_ms: 3.950986
quality	Run repository quality gate	2026-10-05T13:26:52.9413014Z   type: 'test'
quality	Run repository quality gate	2026-10-05T13:26:52.9413216Z   ...
quality	Run repository quality gate	2026-10-05T13:26:52.9446257Z # Subtest: reports the removed parallel execution API
quality	Run repository quality gate	2026-10-05T13:26:52.9447840Z ok 536 - reports the removed parallel execution API
quality	Run repository quality gate	2026-10-05T13:26:52.9448414Z   ---
quality	Run repository quality gate	2026-10-05T13:26:52.9448753Z   duration_ms: 3.54245
quality	Run repository quality gate	2026-10-05T13:26:52.9449010Z   type: 'test'
quality	Run repository quality gate	2026-10-05T13:26:52.9449235Z   ...
quality	Run repository quality gate	2026-10-05T13:26:52.9493068Z # Subtest: reports direct executor calls outside the governed runtime
quality	Run repository quality gate	2026-10-05T13:26:52.9497482Z ok 537 - reports direct executor calls outside the governed runtime
quality	Run repository quality gate	2026-10-05T13:26:52.9498184Z   ---
quality	Run repository quality gate	2026-10-05T13:26:52.9498560Z   duration_ms: 4.67366
quality	Run repository quality gate	2026-10-05T13:26:52.9498845Z   type: 'test'
quality	Run repository quality gate	2026-10-05T13:26:52.9499070Z   ...
quality	Run repository quality gate	2026-10-05T13:26:52.9531015Z # Subtest: reports direct executor calls reached through a catalog lookup
quality	Run repository quality gate	2026-10-05T13:26:52.9532411Z ok 538 - reports direct executor calls reached through a catalog lookup
quality	Run repository quality gate	2026-10-05T13:26:52.9533154Z   ---
quality	Run repository quality gate	2026-10-05T13:26:52.9533697Z   duration_ms: 3.554262
quality	Run repository quality gate	2026-10-05T13:26:52.9534104Z   type: 'test'
quality	Run repository quality gate	2026-10-05T13:26:52.9534421Z   ...
quality	Run repository quality gate	2026-10-05T13:26:52.9563660Z # Subtest: excludes test and fixture paths from production findings
quality	Run repository quality gate	2026-10-05T13:26:52.9564710Z ok 539 - excludes test and fixture paths from production findings
quality	Run repository quality gate	2026-10-05T13:26:52.9565352Z   ---
quality	Run repository quality gate	2026-10-05T13:26:52.9565917Z   duration_ms: 3.419129
quality	Run repository quality gate	2026-10-05T13:26:52.9566313Z   type: 'test'
quality	Run repository quality gate	2026-10-05T13:26:52.9566532Z   ...
quality	Run repository quality gate	2026-10-05T13:26:52.9608636Z # Subtest: classifies the existing legacy dispatch as migration work instead of a hidden success
quality	Run repository quality gate	2026-10-05T13:26:52.9609916Z ok 540 - classifies the existing legacy dispatch as migration work instead of a hidden success
quality	Run repository quality gate	2026-10-05T13:26:52.9610726Z   ---
quality	Run repository quality gate	2026-10-05T13:26:52.9610939Z   duration_ms: 4.304718
quality	Run repository quality gate	2026-10-05T13:26:52.9611282Z   type: 'test'
quality	Run repository quality gate	2026-10-05T13:26:52.9611677Z   ...
quality	Run repository quality gate	2026-10-05T13:26:52.9654683Z # Subtest: accepts low-level run side effects only inside the governed bridge
quality	Run repository quality gate	2026-10-05T13:26:52.9656824Z ok 541 - accepts low-level run side effects only inside the governed bridge
quality	Run repository quality gate	2026-10-05T13:26:52.9657559Z   ---
quality	Run repository quality gate	2026-10-05T13:26:52.9657900Z   duration_ms: 4.526487
quality	Run repository quality gate	2026-10-05T13:26:52.9658178Z   type: 'test'
quality	Run repository quality gate	2026-10-05T13:26:52.9658394Z   ...
quality	Run repository quality gate	2026-10-05T13:26:52.9694915Z # Subtest: reports direct run side-effect calls outside the governed bridge
quality	Run repository quality gate	2026-10-05T13:26:52.9697900Z ok 542 - reports direct run side-effect calls outside the governed bridge
quality	Run repository quality gate	2026-10-05T13:26:52.9698511Z   ---
quality	Run repository quality gate	2026-10-05T13:26:52.9698924Z   duration_ms: 3.780065
quality	Run repository quality gate	2026-10-05T13:26:52.9699232Z   type: 'test'
quality	Run repository quality gate	2026-10-05T13:26:52.9699623Z   ...
quality	Run repository quality gate	2026-10-05T13:26:52.9728976Z # Subtest: reports removed direct run-action entrypoints as migration work
quality	Run repository quality gate	2026-10-05T13:26:52.9731054Z ok 543 - reports removed direct run-action entrypoints as migration work
quality	Run repository quality gate	2026-10-05T13:26:52.9731486Z   ---
quality	Run repository quality gate	2026-10-05T13:26:52.9731694Z   duration_ms: 3.520789
quality	Run repository quality gate	2026-10-05T13:26:52.9731929Z   type: 'test'
quality	Run repository quality gate	2026-10-05T13:26:52.9732135Z   ...
quality	Run repository quality gate	2026-10-05T13:26:53.0650684Z # Subtest: deal create and stage changes invoke strict sidecar synchronization inside the CRM transaction
quality	Run repository quality gate	2026-10-05T13:26:53.0652137Z ok 544 - deal create and stage changes invoke strict sidecar synchronization inside the CRM transaction
quality	Run repository quality gate	2026-10-05T13:26:53.0652989Z   ---
quality	Run repository quality gate	2026-10-05T13:26:53.0653331Z   duration_ms: 4.911746
quality	Run repository quality gate	2026-10-05T13:26:53.0653725Z   type: 'test'
quality	Run repository quality gate	2026-10-05T13:26:53.0654064Z   ...
quality	Run repository quality gate	2026-10-05T13:26:53.0667651Z # Subtest: legacy reads remain authoritative in this checkpoint
quality	Run repository quality gate	2026-10-05T13:26:53.0669662Z ok 545 - legacy reads remain authoritative in this checkpoint
quality	Run repository quality gate	2026-10-05T13:26:53.0670321Z   ---
quality	Run repository quality gate	2026-10-05T13:26:53.0670704Z   duration_ms: 1.911502
quality	Run repository quality gate	2026-10-05T13:26:53.0671126Z   type: 'test'
quality	Run repository quality gate	2026-10-05T13:26:53.0671510Z   ...
quality	Run repository quality gate	2026-10-05T13:26:53.0681069Z # Subtest: strict dual-write is opt-in and the example environment leaves it off
quality	Run repository quality gate	2026-10-05T13:26:53.0682128Z ok 546 - strict dual-write is opt-in and the example environment leaves it off
quality	Run repository quality gate	2026-10-05T13:26:53.0682891Z   ---
quality	Run repository quality gate	2026-10-05T13:26:53.0683265Z   duration_ms: 1.331746
quality	Run repository quality gate	2026-10-05T13:26:53.0683689Z   type: 'test'
quality	Run repository quality gate	2026-10-05T13:26:53.0684049Z   ...
quality	Run repository quality gate	2026-10-05T13:26:53.0692462Z # Subtest: the additive migration never removes or rewrites legacy deal.stage
quality	Run repository quality gate	2026-10-05T13:26:53.0693634Z ok 547 - the additive migration never removes or rewrites legacy deal.stage
quality	Run repository quality gate	2026-10-05T13:26:53.0694486Z   ---
quality	Run repository quality gate	2026-10-05T13:26:53.0695120Z   duration_ms: 1.105242
quality	Run repository quality gate	2026-10-05T13:26:53.0695601Z   type: 'test'
quality	Run repository quality gate	2026-10-05T13:26:53.0696361Z   ...
quality	Run repository quality gate	2026-10-05T13:26:53.0704040Z # Subtest: strict mode guards default-pipeline handoff until every mapping is migrated
quality	Run repository quality gate	2026-10-05T13:26:53.0705224Z ok 548 - strict mode guards default-pipeline handoff until every mapping is migrated
quality	Run repository quality gate	2026-10-05T13:26:53.0706437Z   ---
quality	Run repository quality gate	2026-10-05T13:26:53.0711125Z   duration_ms: 0.938109
quality	Run repository quality gate	2026-10-05T13:26:53.0711588Z   type: 'test'
quality	Run repository quality gate	2026-10-05T13:26:53.0711956Z   ...
quality	Run repository quality gate	2026-10-05T13:26:53.0716527Z # Subtest: mapped stage removal or outcome-type mutation is blocked before runtime update
quality	Run repository quality gate	2026-10-05T13:26:53.0718050Z ok 549 - mapped stage removal or outcome-type mutation is blocked before runtime update
quality	Run repository quality gate	2026-10-05T13:26:53.0718804Z   ---
quality	Run repository quality gate	2026-10-05T13:26:53.0719137Z   duration_ms: 1.073352
quality	Run repository quality gate	2026-10-05T13:26:53.0719708Z   type: 'test'
quality	Run repository quality gate	2026-10-05T13:26:53.0720084Z   ...
quality	Run repository quality gate	2026-10-05T13:26:53.0745431Z # Subtest: same-stage repair preserves the legacy stageChangedAt timestamp
quality	Run repository quality gate	2026-10-05T13:26:53.0746578Z ok 550 - same-stage repair preserves the legacy stageChangedAt timestamp
quality	Run repository quality gate	2026-10-05T13:26:53.0747629Z   ---
quality	Run repository quality gate	2026-10-05T13:26:53.0747883Z   duration_ms: 2.848168
quality	Run repository quality gate	2026-10-05T13:26:53.0748125Z   type: 'test'
quality	Run repository quality gate	2026-10-05T13:26:53.0748334Z   ...
quality	Run repository quality gate	2026-10-05T13:26:53.1645895Z # Subtest: migration persistence is tenant scoped and transactionally durable
quality	Run repository quality gate	2026-10-05T13:26:53.1647450Z ok 551 - migration persistence is tenant scoped and transactionally durable
quality	Run repository quality gate	2026-10-05T13:26:53.1647980Z   ---
quality	Run repository quality gate	2026-10-05T13:26:53.1648215Z   duration_ms: 4.072193
quality	Run repository quality gate	2026-10-05T13:26:53.1648474Z   type: 'test'
quality	Run repository quality gate	2026-10-05T13:26:53.1648693Z   ...
quality	Run repository quality gate	2026-10-05T13:26:53.1662605Z # Subtest: migration schema permits intentional reuse of the same source file
quality	Run repository quality gate	2026-10-05T13:26:53.1664581Z ok 552 - migration schema permits intentional reuse of the same source file
quality	Run repository quality gate	2026-10-05T13:26:53.1665034Z   ---
quality	Run repository quality gate	2026-10-05T13:26:53.1665245Z   duration_ms: 1.622521
quality	Run repository quality gate	2026-10-05T13:26:53.1665486Z   type: 'test'
quality	Run repository quality gate	2026-10-05T13:26:53.1665835Z   ...
quality	Run repository quality gate	2026-10-05T13:26:53.1682049Z # Subtest: migration coordinator validates source identity and final accounting
quality	Run repository quality gate	2026-10-05T13:26:53.1688123Z ok 553 - migration coordinator validates source identity and final accounting
quality	Run repository quality gate	2026-10-05T13:26:53.1688848Z   ---
quality	Run repository quality gate	2026-10-05T13:26:53.1689180Z   duration_ms: 2.173834
quality	Run repository quality gate	2026-10-05T13:26:53.1689482Z   type: 'test'
quality	Run repository quality gate	2026-10-05T13:26:53.1689699Z   ...
quality	Run repository quality gate	2026-10-05T13:26:53.2622418Z # Subtest: both new routers enforce authenticated interactive sessions
quality	Run repository quality gate	2026-10-05T13:26:53.2623340Z ok 554 - both new routers enforce authenticated interactive sessions
quality	Run repository quality gate	2026-10-05T13:26:53.2623850Z   ---
quality	Run repository quality gate	2026-10-05T13:26:53.2624216Z   duration_ms: 6.733441
quality	Run repository quality gate	2026-10-05T13:26:53.2624546Z   type: 'test'
quality	Run repository quality gate	2026-10-05T13:26:53.2624841Z   ...
quality	Run repository quality gate	2026-10-05T13:26:53.2637931Z # Subtest: mutation input contracts cannot select tenant, actor, raw CRM rows or role
quality	Run repository quality gate	2026-10-05T13:26:53.2640122Z ok 555 - mutation input contracts cannot select tenant, actor, raw CRM rows or role
quality	Run repository quality gate	2026-10-05T13:26:53.2640742Z   ---
quality	Run repository quality gate	2026-10-05T13:26:53.2641153Z   duration_ms: 1.644382
quality	Run repository quality gate	2026-10-05T13:26:53.2641558Z   type: 'test'
quality	Run repository quality gate	2026-10-05T13:26:53.2641833Z   ...
quality	Run repository quality gate	2026-10-05T13:26:53.2652974Z # Subtest: operator API contains no public approval request or direct provider execute endpoint
quality	Run repository quality gate	2026-10-05T13:26:53.2654456Z ok 556 - operator API contains no public approval request or direct provider execute endpoint
quality	Run repository quality gate	2026-10-05T13:26:53.2655188Z   ---
quality	Run repository quality gate	2026-10-05T13:26:53.2655594Z   duration_ms: 1.452071
quality	Run repository quality gate	2026-10-05T13:26:53.2655992Z   type: 'test'
quality	Run repository quality gate	2026-10-05T13:26:53.2656197Z   ...
quality	Run repository quality gate	2026-10-05T13:26:53.2664169Z # Subtest: new writes and approval storage are opt-in in the example environment
quality	Run repository quality gate	2026-10-05T13:26:53.2665223Z ok 557 - new writes and approval storage are opt-in in the example environment
quality	Run repository quality gate	2026-10-05T13:26:53.2665999Z   ---
quality	Run repository quality gate	2026-10-05T13:26:53.2666274Z   duration_ms: 1.143453
quality	Run repository quality gate	2026-10-05T13:26:53.2666684Z   type: 'test'
quality	Run repository quality gate	2026-10-05T13:26:53.2667039Z   ...
quality	Run repository quality gate	2026-10-05T13:26:53.2674855Z # Subtest: operator body bounds run before Nest initialization without globally consuming webhook bodies
quality	Run repository quality gate	2026-10-05T13:26:53.2675954Z ok 558 - operator body bounds run before Nest initialization without globally consuming webhook bodies
quality	Run repository quality gate	2026-10-05T13:26:53.2676490Z   ---
quality	Run repository quality gate	2026-10-05T13:26:53.2676695Z   duration_ms: 0.969176
quality	Run repository quality gate	2026-10-05T13:26:53.2676937Z   type: 'test'
quality	Run repository quality gate	2026-10-05T13:26:53.2677136Z   ...
quality	Run repository quality gate	2026-10-05T13:26:53.2691650Z # Subtest: additive operations schema preserves legacy data and composite source isolation
quality	Run repository quality gate	2026-10-05T13:26:53.2692962Z ok 559 - additive operations schema preserves legacy data and composite source isolation
quality	Run repository quality gate	2026-10-05T13:26:53.2693722Z   ---
quality	Run repository quality gate	2026-10-05T13:26:53.2694106Z   duration_ms: 1.555355
quality	Run repository quality gate	2026-10-05T13:26:53.2694359Z   type: 'test'
quality	Run repository quality gate	2026-10-05T13:26:53.2694571Z   ...
quality	Run repository quality gate	2026-10-05T13:26:53.2710753Z # Subtest: real operations DB acceptance is explicit and never replaced by local doubles
quality	Run repository quality gate	2026-10-05T13:26:53.2712311Z ok 560 - real operations DB acceptance is explicit and never replaced by local doubles
quality	Run repository quality gate	2026-10-05T13:26:53.2712758Z   ---
quality	Run repository quality gate	2026-10-05T13:26:53.2712972Z   duration_ms: 1.899861
quality	Run repository quality gate	2026-10-05T13:26:53.2713191Z   type: 'test'
quality	Run repository quality gate	2026-10-05T13:26:53.2713382Z   ...
quality	Run repository quality gate	2026-10-05T13:26:53.3606359Z # Subtest: pipeline router is registered and requires authenticated interactive sessions
quality	Run repository quality gate	2026-10-05T13:26:53.3608787Z ok 561 - pipeline router is registered and requires authenticated interactive sessions
quality	Run repository quality gate	2026-10-05T13:26:53.3609929Z   ---
quality	Run repository quality gate	2026-10-05T13:26:53.3610217Z   duration_ms: 5.043683
quality	Run repository quality gate	2026-10-05T13:26:53.3610476Z   type: 'test'
quality	Run repository quality gate	2026-10-05T13:26:53.3610686Z   ...
quality	Run repository quality gate	2026-10-05T13:26:53.3628380Z # Subtest: pipeline mutations replay stable commands before reading mutable state
quality	Run repository quality gate	2026-10-05T13:26:53.3629906Z ok 562 - pipeline mutations replay stable commands before reading mutable state
quality	Run repository quality gate	2026-10-05T13:26:53.3630633Z   ---
quality	Run repository quality gate	2026-10-05T13:26:53.3630977Z   duration_ms: 2.353612
quality	Run repository quality gate	2026-10-05T13:26:53.3631223Z   type: 'test'
quality	Run repository quality gate	2026-10-05T13:26:53.3631423Z   ...
quality	Run repository quality gate	2026-10-05T13:26:53.3642072Z # Subtest: public pipeline contracts are strict and expose no tenant selector
quality	Run repository quality gate	2026-10-05T13:26:53.3643134Z ok 563 - public pipeline contracts are strict and expose no tenant selector
quality	Run repository quality gate	2026-10-05T13:26:53.3643847Z   ---
quality	Run repository quality gate	2026-10-05T13:26:53.3644067Z   duration_ms: 1.459856
quality	Run repository quality gate	2026-10-05T13:26:53.3644464Z   type: 'test'
quality	Run repository quality gate	2026-10-05T13:26:53.3644688Z   ...
quality	Run repository quality gate	2026-10-05T13:26:53.3652786Z # Subtest: pipeline persistence uses bounded reads and serializable optimistic mutations
quality	Run repository quality gate	2026-10-05T13:26:53.3653967Z ok 564 - pipeline persistence uses bounded reads and serializable optimistic mutations
quality	Run repository quality gate	2026-10-05T13:26:53.3654655Z   ---
quality	Run repository quality gate	2026-10-05T13:26:53.3654968Z   duration_ms: 1.000094
quality	Run repository quality gate	2026-10-05T13:26:53.3655285Z   type: 'test'
quality	Run repository quality gate	2026-10-05T13:26:53.3655493Z   ...
quality	Run repository quality gate	2026-10-05T13:26:53.3663365Z # Subtest: HTTP 412 remains a precondition failure at the tRPC error boundary
quality	Run repository quality gate	2026-10-05T13:26:53.3664310Z ok 565 - HTTP 412 remains a precondition failure at the tRPC error boundary
quality	Run repository quality gate	2026-10-05T13:26:53.3664729Z   ---
quality	Run repository quality gate	2026-10-05T13:26:53.3664935Z   duration_ms: 0.879429
quality	Run repository quality gate	2026-10-05T13:26:53.3665329Z   type: 'test'
quality	Run repository quality gate	2026-10-05T13:26:53.3665581Z   ...
quality	Run repository quality gate	2026-10-05T13:26:53.3682908Z # Subtest: generated client and accessible settings UI are connected without unsafe casts
quality	Run repository quality gate	2026-10-05T13:26:53.3684104Z ok 566 - generated client and accessible settings UI are connected without unsafe casts
quality	Run repository quality gate	2026-10-05T13:26:53.3684850Z   ---
quality	Run repository quality gate	2026-10-05T13:26:53.3685120Z   duration_ms: 2.105917
quality	Run repository quality gate	2026-10-05T13:26:53.3685372Z   type: 'test'
quality	Run repository quality gate	2026-10-05T13:26:53.3685574Z   ...
quality	Run repository quality gate	2026-10-05T13:26:53.4573873Z # Subtest: PostgreSQL gate refuses implicit or production database targets
quality	Run repository quality gate	2026-10-05T13:26:53.4576718Z ok 567 - PostgreSQL gate refuses implicit or production database targets
quality	Run repository quality gate	2026-10-05T13:26:53.4577643Z   ---
quality	Run repository quality gate	2026-10-05T13:26:53.4578125Z   duration_ms: 3.908466
quality	Run repository quality gate	2026-10-05T13:26:53.4578670Z   type: 'test'
quality	Run repository quality gate	2026-10-05T13:26:53.4579158Z   ...
quality	Run repository quality gate	2026-10-05T13:26:53.4588856Z # Subtest: PostgreSQL integration spec exercises row locking, rollback and simultaneous writers
quality	Run repository quality gate	2026-10-05T13:26:53.4598497Z ok 568 - PostgreSQL integration spec exercises row locking, rollback and simultaneous writers
quality	Run repository quality gate	2026-10-05T13:26:53.4599204Z   ---
quality	Run repository quality gate	2026-10-05T13:26:53.4599655Z   duration_ms: 1.560364
quality	Run repository quality gate	2026-10-05T13:26:53.4600203Z   type: 'test'
quality	Run repository quality gate	2026-10-05T13:26:53.4600628Z   ...
quality	Run repository quality gate	2026-10-05T13:26:53.5501221Z # Subtest: acceptance evidence removes configured keys, key ring and database credentials
quality	Run repository quality gate	2026-10-05T13:26:53.5502691Z ok 569 - acceptance evidence removes configured keys, key ring and database credentials
quality	Run repository quality gate	2026-10-05T13:26:53.5503302Z   ---
quality	Run repository quality gate	2026-10-05T13:26:53.5503753Z   duration_ms: 1.09965
quality	Run repository quality gate	2026-10-05T13:26:53.5504149Z   type: 'test'
quality	Run repository quality gate	2026-10-05T13:26:53.5504473Z   ...
quality	Run repository quality gate	2026-10-05T13:26:53.5509827Z # Subtest: evidence redaction handles absent or invalid key-ring configuration without losing diagnostics
quality	Run repository quality gate	2026-10-05T13:26:53.5511273Z ok 570 - evidence redaction handles absent or invalid key-ring configuration without losing diagnostics
quality	Run repository quality gate	2026-10-05T13:26:53.5511843Z   ---
quality	Run repository quality gate	2026-10-05T13:26:53.5512075Z   duration_ms: 0.185568
quality	Run repository quality gate	2026-10-05T13:26:53.5512312Z   type: 'test'
quality	Run repository quality gate	2026-10-05T13:26:53.5512522Z   ...
quality	Run repository quality gate	2026-10-05T13:26:53.6414435Z # Subtest: public migration routes expose consent, not unrestricted worker execution
quality	Run repository quality gate	2026-10-05T13:26:53.6416521Z ok 571 - public migration routes expose consent, not unrestricted worker execution
quality	Run repository quality gate	2026-10-05T13:26:53.6417367Z   ---
quality	Run repository quality gate	2026-10-05T13:26:53.6417762Z   duration_ms: 4.464988
quality	Run repository quality gate	2026-10-05T13:26:53.6418198Z   type: 'test'
quality	Run repository quality gate	2026-10-05T13:26:53.6418869Z   ...
quality	Run repository quality gate	2026-10-05T13:26:53.6431765Z # Subtest: source lifecycle schema expands data and preserves receipt/source foreign keys
quality	Run repository quality gate	2026-10-05T13:26:53.6433313Z ok 572 - source lifecycle schema expands data and preserves receipt/source foreign keys
quality	Run repository quality gate	2026-10-05T13:26:53.6434347Z   ---
quality	Run repository quality gate	2026-10-05T13:26:53.6434902Z   duration_ms: 1.717489
quality	Run repository quality gate	2026-10-05T13:26:53.6435369Z   type: 'test'
quality	Run repository quality gate	2026-10-05T13:26:53.6435923Z   ...
quality	Run repository quality gate	2026-10-05T13:26:53.6450760Z # Subtest: source cleanup and worker CLIs use deployment workspace and never embed a credential
quality	Run repository quality gate	2026-10-05T13:26:53.6453116Z ok 573 - source cleanup and worker CLIs use deployment workspace and never embed a credential
quality	Run repository quality gate	2026-10-05T13:26:53.6453790Z   ---
quality	Run repository quality gate	2026-10-05T13:26:53.6454249Z   duration_ms: 2.146564
quality	Run repository quality gate	2026-10-05T13:26:53.6454754Z   type: 'test'
quality	Run repository quality gate	2026-10-05T13:26:53.6455196Z   ...
quality	Run repository quality gate	2026-10-05T13:26:53.7345340Z # Subtest: Bun acceptance requires positive totals, all passing and no skipped or todo cases
quality	Run repository quality gate	2026-10-05T13:26:53.7347621Z ok 574 - Bun acceptance requires positive totals, all passing and no skipped or todo cases
quality	Run repository quality gate	2026-10-05T13:26:53.7348365Z   ---
quality	Run repository quality gate	2026-10-05T13:26:53.7348757Z   duration_ms: 1.382802
quality	Run repository quality gate	2026-10-05T13:26:53.7349287Z   type: 'test'
quality	Run repository quality gate	2026-10-05T13:26:53.7349716Z   ...
quality	Run repository quality gate	2026-10-05T13:26:53.7355096Z # Subtest: release test evidence accepts a complete TAP summary on LF and Windows CRLF
quality	Run repository quality gate	2026-10-05T13:26:53.7368410Z ok 575 - release test evidence accepts a complete TAP summary on LF and Windows CRLF
quality	Run repository quality gate	2026-10-05T13:26:53.7369097Z   ---
quality	Run repository quality gate	2026-10-05T13:26:53.7369550Z   duration_ms: 1.210188
quality	Run repository quality gate	2026-10-05T13:26:53.7370103Z   type: 'test'
quality	Run repository quality gate	2026-10-05T13:26:53.7370581Z   ...
quality	Run repository quality gate	2026-10-05T13:26:53.7371267Z # Subtest: release test evidence cannot turn missing, skipped, cancelled or failed coverage green
quality	Run repository quality gate	2026-10-05T13:26:53.7372121Z ok 576 - release test evidence cannot turn missing, skipped, cancelled or failed coverage green
quality	Run repository quality gate	2026-10-05T13:26:53.7372700Z   ---
quality	Run repository quality gate	2026-10-05T13:26:53.7373066Z   duration_ms: 0.224151
quality	Run repository quality gate	2026-10-05T13:26:53.7373460Z   type: 'test'
quality	Run repository quality gate	2026-10-05T13:26:53.7373818Z   ...
quality	Run repository quality gate	2026-10-05T13:26:53.7374477Z # Subtest: release test evidence uses the final TAP summary rather than an earlier passing run
quality	Run repository quality gate	2026-10-05T13:26:53.7378090Z ok 577 - release test evidence uses the final TAP summary rather than an earlier passing run
quality	Run repository quality gate	2026-10-05T13:26:53.7378961Z   ---
quality	Run repository quality gate	2026-10-05T13:26:53.7379316Z   duration_ms: 0.281958
quality	Run repository quality gate	2026-10-05T13:26:53.7379726Z   type: 'test'
quality	Run repository quality gate	2026-10-05T13:26:53.7380073Z   ...
quality	Run repository quality gate	2026-10-05T13:26:53.9389829Z # Subtest: JSONC parser preserves quoted URLs and comment-like strings
quality	Run repository quality gate	2026-10-05T13:26:53.9391480Z ok 578 - JSONC parser preserves quoted URLs and comment-like strings
quality	Run repository quality gate	2026-10-05T13:26:53.9392567Z   ---
quality	Run repository quality gate	2026-10-05T13:26:53.9393304Z   duration_ms: 1.630866
quality	Run repository quality gate	2026-10-05T13:26:53.9393808Z   type: 'test'
quality	Run repository quality gate	2026-10-05T13:26:53.9394277Z   ...
quality	Run repository quality gate	2026-10-05T13:26:53.9399493Z # Subtest: every declared workspace and local dependency is represented in lock metadata
quality	Run repository quality gate	2026-10-05T13:26:53.9400668Z ok 579 - every declared workspace and local dependency is represented in lock metadata
quality	Run repository quality gate	2026-10-05T13:26:53.9401537Z   ---
quality	Run repository quality gate	2026-10-05T13:26:53.9401932Z   duration_ms: 70.516418
quality	Run repository quality gate	2026-10-05T13:26:53.9402380Z   type: 'test'
quality	Run repository quality gate	2026-10-05T13:26:53.9402770Z   ...
quality	Run repository quality gate	2026-10-05T13:26:53.9404193Z # Subtest: missing or stale workspace metadata is a failing finding, not a baseline exemption
quality	Run repository quality gate	2026-10-05T13:26:53.9406594Z ok 580 - missing or stale workspace metadata is a failing finding, not a baseline exemption
quality	Run repository quality gate	2026-10-05T13:26:53.9407345Z   ---
quality	Run repository quality gate	2026-10-05T13:26:53.9407657Z   duration_ms: 38.487286
quality	Run repository quality gate	2026-10-05T13:26:53.9408042Z   type: 'test'
quality	Run repository quality gate	2026-10-05T13:26:53.9408351Z   ...
quality	Run repository quality gate	2026-10-05T13:26:53.9589831Z 1..580
quality	Run repository quality gate	2026-10-05T13:26:53.9590212Z # tests 580
quality	Run repository quality gate	2026-10-05T13:26:53.9590544Z # suites 0
quality	Run repository quality gate	2026-10-05T13:26:53.9590865Z # pass 580
quality	Run repository quality gate	2026-10-05T13:26:53.9591179Z # fail 0
quality	Run repository quality gate	2026-10-05T13:26:53.9591724Z # cancelled 0
quality	Run repository quality gate	2026-10-05T13:26:53.9591939Z # skipped 0
quality	Run repository quality gate	2026-10-05T13:26:53.9592138Z # todo 0
quality	Run repository quality gate	2026-10-05T13:26:53.9592335Z # duration_ms 9597.740541
quality	Run repository quality gate	2026-10-05T13:26:53.9697193Z
quality	Run repository quality gate	2026-10-05T13:26:53.9697802Z > /usr/local/bin/node scripts/verify-manifests.mjs
quality	Run repository quality gate	2026-10-05T13:26:54.0292308Z Verified 20 package.json manifest(s).
quality	Run repository quality gate	2026-10-05T13:26:54.0329104Z
quality	Run repository quality gate	2026-10-05T13:26:54.0329493Z > /usr/local/bin/node tools/quality/verify-workspace-lock.mjs
quality	Run repository quality gate	2026-10-05T13:26:54.1322182Z {
quality	Run repository quality gate	2026-10-05T13:26:54.1322928Z   "scope": "Workspace metadata only; not a Bun frozen install or registry integrity check",
quality	Run repository quality gate	2026-10-05T13:26:54.1323515Z   "findings": []
quality	Run repository quality gate	2026-10-05T13:26:54.1323747Z }
quality	Run repository quality gate	2026-10-05T13:26:54.1398935Z
quality	Run repository quality gate	2026-10-05T13:26:54.1399377Z > /usr/local/bin/node tools/quality/generate-appearance.mjs --check
quality	Run repository quality gate	2026-10-05T13:26:54.1696327Z
quality	Run repository quality gate	2026-10-05T13:26:54.1696764Z > /usr/local/bin/node scripts/repository-audit.mjs
quality	Run repository quality gate	2026-10-05T13:26:54.9236324Z Repository audit passed: no critical identity, secret, BOM, or manifest findings.
quality	Run repository quality gate	2026-10-05T13:26:54.9291863Z
quality	Run repository quality gate	2026-10-05T13:26:54.9292047Z > bun run format:check
quality	Run repository quality gate	2026-10-05T13:26:54.9321687Z $ biome format .
quality	Run repository quality gate	2026-10-05T13:26:55.5185221Z Checked 1106 files in 549ms. No fixes applied.
quality	Run repository quality gate	2026-10-05T13:26:55.5598895Z
quality	Run repository quality gate	2026-10-05T13:26:55.5599461Z > bun run lint
quality	Run repository quality gate	2026-10-05T13:26:55.5628438Z $ turbo run lint
quality	Run repository quality gate	2026-10-05T13:26:55.5957960Z
quality	Run repository quality gate	2026-10-05T13:26:55.5958463Z Attention:
quality	Run repository quality gate	2026-10-05T13:26:55.5958977Z Turborepo now collects completely anonymous telemetry regarding usage.
quality	Run repository quality gate	2026-10-05T13:26:55.5960168Z This information is used to shape the Turborepo roadmap and prioritize features.
quality	Run repository quality gate	2026-10-05T13:26:55.5961258Z You can learn more, including how to opt-out if you'd not like to participate in this anonymous program, by visiting the following URL:
quality	Run repository quality gate	2026-10-05T13:26:55.5962085Z https://turborepo.dev/docs/telemetry
quality	Run repository quality gate	2026-10-05T13:26:55.5962302Z
quality	Run repository quality gate	2026-10-05T13:26:55.6550933Z
quality	Run repository quality gate	2026-10-05T13:26:55.6553736Z    • Packages in scope: @crm/action-registry, @crm/agent-action-runtime, @crm/auth, @crm/db, @crm/env, @crm/integration-runtime, @crm/migration-core, @crm/migration-runtime, @crm/pipeline-core, @crm/pipeline-runtime, @crm/security-core, @crm/telemetry, @crm/typescript-config, @crm/ui, @crm/validation, agent, api, app
quality	Run repository quality gate	2026-10-05T13:26:55.6556414Z    • Running lint in 18 packages
quality	Run repository quality gate	2026-10-05T13:26:55.6556967Z    • Remote caching disabled
quality	Run repository quality gate	2026-10-05T13:26:55.6557253Z
quality	Run repository quality gate	2026-10-05T13:26:55.8687441Z ##[group]@crm/env:lint
quality	Run repository quality gate	2026-10-05T13:26:55.8766635Z cache miss, executing 3e708beaa7ca6d0e
quality	Run repository quality gate	2026-10-05T13:26:55.8906575Z $ biome check .
quality	Run repository quality gate	2026-10-05T13:26:55.9056498Z Checked 6 files in 52ms. No fixes applied.
quality	Run repository quality gate	2026-10-05T13:26:55.9116840Z ##[endgroup]
quality	Run repository quality gate	2026-10-05T13:26:56.0227115Z ##[group]@crm/telemetry:lint
quality	Run repository quality gate	2026-10-05T13:26:56.0446173Z cache miss, executing 75fe4abcab6e9406
quality	Run repository quality gate	2026-10-05T13:26:56.0706698Z $ biome check .
quality	Run repository quality gate	2026-10-05T13:26:56.0778133Z Checked 15 files in 192ms. No fixes applied.
quality	Run repository quality gate	2026-10-05T13:26:56.0944364Z src/index.ts:1:1 lint/performance/noBarrelFile ━━━━━━━━━━━━━━━━━━━━━━━━━━━━━━━━━━━━━━━━━━━━━━━━━━━━━
quality	Run repository quality gate	2026-10-05T13:26:56.1026504Z Found 1 warning.
quality	Run repository quality gate	2026-10-05T13:26:56.1126070Z
quality	Run repository quality gate	2026-10-05T13:26:56.1216951Z   ! Avoid barrel files, they slow down performance, and cause large module graphs with modules that go unused.
quality	Run repository quality gate	2026-10-05T13:26:56.1306292Z
quality	Run repository quality gate	2026-10-05T13:26:56.1396638Z    > 1 │ export {
quality	Run repository quality gate	2026-10-05T13:26:56.1486432Z        │ ^^^^^^^^
quality	Run repository quality gate	2026-10-05T13:26:56.1556483Z    > 2 │ 	AGENT_TOOLS,
quality	Run repository quality gate	2026-10-05T13:26:56.1616458Z    > 3 │ 	ALLOWED_PROPERTIES,
quality	Run repository quality gate	2026-10-05T13:26:56.1656352Z    > 4 │ 	type AllowedProperty,
quality	Run repository quality gate	2026-10-05T13:26:56.1696369Z         ...
quality	Run repository quality gate	2026-10-05T13:26:56.1716452Z   > 21 │ 	SYNC_SOURCES,
quality	Run repository quality gate	2026-10-05T13:26:56.1785542Z   > 22 │ } from "./allowlist";
quality	Run repository quality gate	2026-10-05T13:26:56.1818782Z        │ ^^^^^^^^^^^^^^^^^^^^^
quality	Run repository quality gate	2026-10-05T13:26:56.1836347Z     23 │ export {
quality	Run repository quality gate	2026-10-05T13:26:56.1896706Z     24 │ 	capture,
quality	Run repository quality gate	2026-10-05T13:26:56.1936496Z
quality	Run repository quality gate	2026-10-05T13:26:56.1967270Z   i Check this thorough explanation to better understand the context.
quality	Run repository quality gate	2026-10-05T13:26:56.2036220Z
quality	Run repository quality gate	2026-10-05T13:26:56.2116586Z
quality	Run repository quality gate	2026-10-05T13:26:56.2166796Z ##[endgroup]
quality	Run repository quality gate	2026-10-05T13:26:56.2240702Z ##[group]@crm/db:lint
quality	Run repository quality gate	2026-10-05T13:26:56.2266300Z cache miss, executing d86fdc41a59791c8
quality	Run repository quality gate	2026-10-05T13:26:56.2366544Z $ biome check .
quality	Run repository quality gate	2026-10-05T13:26:56.2427095Z test/test-database.test.mjs:73:3 lint/style/useTemplate  FIXABLE  ━━━━━━━━━━━━━━━━━━━━━━━━━━━━━━━━━━
quality	Run repository quality gate	2026-10-05T13:26:56.2456467Z
quality	Run repository quality gate	2026-10-05T13:26:56.2546438Z   i Template literals are preferred over string concatenation.
quality	Run repository quality gate	2026-10-05T13:26:56.2626212Z
quality	Run repository quality gate	2026-10-05T13:26:56.2666414Z     71 │ 		"a%00_test",
quality	Run repository quality gate	2026-10-05T13:26:56.2776550Z     72 │ 		"_test",
quality	Run repository quality gate	2026-10-05T13:26:56.2786384Z   > 73 │ 		"a".repeat(59) + "_test",
quality	Run repository quality gate	2026-10-05T13:26:56.2866562Z        │ 		^^^^^^^^^^^^^^^^^^^^^^^^
quality	Run repository quality gate	2026-10-05T13:26:56.2936389Z     74 │ 		"app-test",
quality	Run repository quality gate	2026-10-05T13:26:56.2966331Z     75 │ 		"app_test/",
quality	Run repository quality gate	2026-10-05T13:26:56.3086179Z
quality	Run repository quality gate	2026-10-05T13:26:56.3116180Z   i Unsafe fix: Use a template literal.
quality	Run repository quality gate	2026-10-05T13:26:56.3176193Z
quality	Run repository quality gate	2026-10-05T13:26:56.3236423Z      71  71 │       "a%00_test",
quality	Run repository quality gate	2026-10-05T13:26:56.3316542Z      72  72 │       "_test",
quality	Run repository quality gate	2026-10-05T13:26:56.3406978Z      73     │ - → → "a".repeat(59)·+·"_test",
quality	Run repository quality gate	2026-10-05T13:26:56.3407763Z          73 │ + → → `${"a".repeat(59)}_test`,
quality	Run repository quality gate	2026-10-05T13:26:56.3496626Z      74  74 │       "app-test",
quality	Run repository quality gate	2026-10-05T13:26:56.3556413Z      75  75 │       "app_test/",
quality	Run repository quality gate	2026-10-05T13:26:56.3556894Z
quality	Run repository quality gate	2026-10-05T13:26:56.3557074Z
quality	Run repository quality gate	2026-10-05T13:26:56.3557810Z scripts/test-db.ts:35:11 lint/correctness/noUnusedVariables  FIXABLE  ━━━━━━━━━━━━━━━━━━━━━━━━━━━━━━
quality	Run repository quality gate	2026-10-05T13:26:56.3558531Z
quality	Run repository quality gate	2026-10-05T13:26:56.3558719Z   ! This variable error is unused.
quality	Run repository quality gate	2026-10-05T13:26:56.3559168Z
quality	Run repository quality gate	2026-10-05T13:26:56.3559553Z     33 │ 	try {
quality	Run repository quality gate	2026-10-05T13:26:56.3560017Z     34 │ 		await client.connect();
quality	Run repository quality gate	2026-10-05T13:26:56.3560556Z   > 35 │ 	} catch (error) {
quality	Run repository quality gate	2026-10-05T13:26:56.3561037Z        │ 	         ^^^^^
quality	Run repository quality gate	2026-10-05T13:26:56.3561562Z     36 │ 		fail([
quality	Run repository quality gate	2026-10-05T13:26:56.3562207Z     37 │ 			`Could not reach the server at ${new URL(target).host}.`,
quality	Run repository quality gate	2026-10-05T13:26:56.3562862Z
quality	Run repository quality gate	2026-10-05T13:26:56.3563528Z   i Unused variables are often the result of typos, incomplete refactors, or other sources of bugs.
quality	Run repository quality gate	2026-10-05T13:26:56.3564366Z
quality	Run repository quality gate	2026-10-05T13:26:56.3564918Z   i Unsafe fix: If this is intentional, prepend error with an underscore.
quality	Run repository quality gate	2026-10-05T13:26:56.3565598Z
quality	Run repository quality gate	2026-10-05T13:26:56.3566291Z      33  33 │     try {
quality	Run repository quality gate	2026-10-05T13:26:56.3566789Z      34  34 │       await client.connect();
quality	Run repository quality gate	2026-10-05T13:26:56.3567481Z      35     │ - → }·catch·(error)·{
quality	Run repository quality gate	2026-10-05T13:26:56.3568046Z          35 │ + → }·catch·(_error)·{
quality	Run repository quality gate	2026-10-05T13:26:56.3568573Z      36  36 │       fail([
quality	Run repository quality gate	2026-10-05T13:26:56.3569274Z      37  37 │         `Could not reach the server at ${new URL(target).host}.`,
quality	Run repository quality gate	2026-10-05T13:26:56.3569904Z
quality	Run repository quality gate	2026-10-05T13:26:56.3570178Z
quality	Run repository quality gate	2026-10-05T13:26:56.3570888Z src/blob.ts:5:1 lint/performance/noBarrelFile ━━━━━━━━━━━━━━━━━━━━━━━━━━━━━━━━━━━━━━━━━━━━━━━━━━━━━━
quality	Run repository quality gate	2026-10-05T13:26:56.3626012Z
quality	Run repository quality gate	2026-10-05T13:26:56.3686645Z   ! Avoid barrel files, they slow down performance, and cause large module graphs with modules that go unused.
quality	Run repository quality gate	2026-10-05T13:26:56.3766347Z
quality	Run repository quality gate	2026-10-05T13:26:56.3833896Z     3 │ import { safeFetch } from "./safe-fetch";
quality	Run repository quality gate	2026-10-05T13:26:56.3866287Z     4 │
quality	Run repository quality gate	2026-10-05T13:26:56.3946562Z   > 5 │ export { isMirrored, isOptimizable } from "./images";
quality	Run repository quality gate	2026-10-05T13:26:56.3947354Z       │ ^^^^^^^^^^^^^^^^^^^^^^^^^^^^^^^^^^^^^^^^^^^^^^^^^^^^^
quality	Run repository quality gate	2026-10-05T13:26:56.3947937Z     6 │
quality	Run repository quality gate	2026-10-05T13:26:56.3948408Z     7 │ const MAX_BYTES = 3 * 1024 * 1024;
quality	Run repository quality gate	2026-10-05T13:26:56.3948905Z
quality	Run repository quality gate	2026-10-05T13:26:56.3949431Z   i Check this thorough explanation to better understand the context.
quality	Run repository quality gate	2026-10-05T13:26:56.3950104Z
quality	Run repository quality gate	2026-10-05T13:26:56.3950294Z
quality	Run repository quality gate	2026-10-05T13:26:56.3951042Z src/fields.ts:18:1 lint/performance/noBarrelFile ━━━━━━━━━━━━━━━━━━━━━━━━━━━━━━━━━━━━━━━━━━━━━━━━━━━
quality	Run repository quality gate	2026-10-05T13:26:56.3951757Z
quality	Run repository quality gate	2026-10-05T13:26:56.3952336Z   ! Avoid barrel files, they slow down performance, and cause large module graphs with modules that go unused.
quality	Run repository quality gate	2026-10-05T13:26:56.3953655Z
quality	Run repository quality gate	2026-10-05T13:26:56.3954154Z     16 │ } from "./generated/prisma/models";
quality	Run repository quality gate	2026-10-05T13:26:56.3954712Z     17 │
quality	Run repository quality gate	2026-10-05T13:26:56.3955151Z   > 18 │ export * from "./fields-shape";
quality	Run repository quality gate	2026-10-05T13:26:56.3956285Z        │ ^^^^^^^^^^^^^^^^^^^^^^^^^^^^^^^
quality	Run repository quality gate	2026-10-05T13:26:56.3956804Z     19 │
quality	Run repository quality gate	2026-10-05T13:26:56.3957497Z     20 │ export type FieldDefinitionWithOptions = FieldDefinitionModel & {
quality	Run repository quality gate	2026-10-05T13:26:56.3958211Z
quality	Run repository quality gate	2026-10-05T13:26:56.3958734Z   i Check this thorough explanation to better understand the context.
quality	Run repository quality gate	2026-10-05T13:26:56.3959391Z
quality	Run repository quality gate	2026-10-05T13:26:56.3959570Z
quality	Run repository quality gate	2026-10-05T13:26:56.3960320Z src/fields.ts:18:8 lint/performance/noReExportAll ━━━━━━━━━━━━━━━━━━━━━━━━━━━━━━━━━━━━━━━━━━━━━━━━━━
quality	Run repository quality gate	2026-10-05T13:26:56.3961044Z
quality	Run repository quality gate	2026-10-05T13:26:56.3961276Z   ! Do not use export all ( export * from ... ).
quality	Run repository quality gate	2026-10-05T13:26:56.3961808Z
quality	Run repository quality gate	2026-10-05T13:26:56.3962283Z     16 │ } from "./generated/prisma/models";
quality	Run repository quality gate	2026-10-05T13:26:56.3962840Z     17 │
quality	Run repository quality gate	2026-10-05T13:26:56.3963321Z   > 18 │ export * from "./fields-shape";
quality	Run repository quality gate	2026-10-05T13:26:56.3963913Z        │        ^^^^^^^^^^^^^^^^^^^^^^^^
quality	Run repository quality gate	2026-10-05T13:26:56.3964418Z     19 │
quality	Run repository quality gate	2026-10-05T13:26:56.3965092Z     20 │ export type FieldDefinitionWithOptions = FieldDefinitionModel & {
quality	Run repository quality gate	2026-10-05T13:26:56.3966068Z
quality	Run repository quality gate	2026-10-05T13:26:56.3966426Z   i Use named export instead.
quality	Run repository quality gate	2026-10-05T13:26:56.3966873Z
quality	Run repository quality gate	2026-10-05T13:26:56.3967067Z
quality	Run repository quality gate	2026-10-05T13:26:56.4016938Z src/fields.ts:3:2 lint/correctness/noUnusedImports  FIXABLE  ━━━━━━━━━━━━━━━━━━━━━━━━━━━━━━━━━━━━━━━
quality	Run repository quality gate	2026-10-05T13:26:56.4076037Z
quality	Run repository quality gate	2026-10-05T13:26:56.4106290Z   ! Several of these imports are unused.
quality	Run repository quality gate	2026-10-05T13:26:56.4156414Z
quality	Run repository quality gate	2026-10-05T13:26:56.4206512Z     1 │ import {
quality	Run repository quality gate	2026-10-05T13:26:56.4226336Z     2 │ 	columnFor,
quality	Run repository quality gate	2026-10-05T13:26:56.4306383Z   > 3 │ 	type FieldValueColumn,
quality	Run repository quality gate	2026-10-05T13:26:56.4336439Z       │ 	^^^^^^^^^^^^^^^^^^^^^
quality	Run repository quality gate	2026-10-05T13:26:56.4346347Z     4 │ 	FieldValueError,
quality	Run repository quality gate	2026-10-05T13:26:56.4406360Z     5 │ 	type FieldValueJson,
quality	Run repository quality gate	2026-10-05T13:26:56.4456410Z
quality	Run repository quality gate	2026-10-05T13:26:56.4526605Z   i Unused imports might be the result of an incomplete refactoring.
quality	Run repository quality gate	2026-10-05T13:26:56.4566206Z
quality	Run repository quality gate	2026-10-05T13:26:56.4642851Z   i Unsafe fix: Remove the unused imports.
quality	Run repository quality gate	2026-10-05T13:26:56.4716332Z
quality	Run repository quality gate	2026-10-05T13:26:56.4756332Z       1   1 │   import {
quality	Run repository quality gate	2026-10-05T13:26:56.4786387Z       2   2 │     columnFor,
quality	Run repository quality gate	2026-10-05T13:26:56.4846441Z       3     │ - → type·FieldValueColumn,
quality	Run repository quality gate	2026-10-05T13:26:56.4876388Z       4   3 │     FieldValueError,
quality	Run repository quality gate	2026-10-05T13:26:56.4956366Z       5   4 │     type FieldValueJson,
quality	Run repository quality gate	2026-10-05T13:26:56.4966207Z
quality	Run repository quality gate	2026-10-05T13:26:56.4996019Z
quality	Run repository quality gate	2026-10-05T13:26:56.5056858Z src/index.ts:1:1 lint/performance/noBarrelFile ━━━━━━━━━━━━━━━━━━━━━━━━━━━━━━━━━━━━━━━━━━━━━━━━━━━━━
quality	Run repository quality gate	2026-10-05T13:26:56.5086061Z
quality	Run repository quality gate	2026-10-05T13:26:56.5146683Z   ! Avoid barrel files, they slow down performance, and cause large module graphs with modules that go unused.
quality	Run repository quality gate	2026-10-05T13:26:56.5196156Z
quality	Run repository quality gate	2026-10-05T13:26:56.5196669Z   > 1 │ export {
quality	Run repository quality gate	2026-10-05T13:26:56.5266317Z       │ ^^^^^^^^
quality	Run repository quality gate	2026-10-05T13:26:56.5286276Z   > 2 │ 	type Db,
quality	Run repository quality gate	2026-10-05T13:26:56.5316469Z   > 3 │ 	db,
quality	Run repository quality gate	2026-10-05T13:26:56.5356530Z Checked 43 files in 255ms. No fixes applied.
quality	Run repository quality gate	2026-10-05T13:26:56.5416355Z Found 7 warnings.
quality	Run repository quality gate	2026-10-05T13:26:56.5446382Z   > 4 │ 	type PrismaLogRecord,
quality	Run repository quality gate	2026-10-05T13:26:56.5506232Z Found 1 info.
quality	Run repository quality gate	2026-10-05T13:26:56.5536579Z   > 5 │ 	type PrismaLogSink,
quality	Run repository quality gate	2026-10-05T13:26:56.5580184Z   > 6 │ 	setPrismaLogSink,
quality	Run repository quality gate	2026-10-05T13:26:56.5616325Z   > 7 │ } from "./client";
quality	Run repository quality gate	2026-10-05T13:26:56.5656552Z       │ ^^^^^^^^^^^^^^^^^^
quality	Run repository quality gate	2026-10-05T13:26:56.5706658Z     8 │ export { Prisma, PrismaClient } from "./generated/prisma/client";
quality	Run repository quality gate	2026-10-05T13:26:56.5736469Z     9 │ export * from "./generated/prisma/enums";
quality	Run repository quality gate	2026-10-05T13:26:56.5796190Z
quality	Run repository quality gate	2026-10-05T13:26:56.5836649Z   i Check this thorough explanation to better understand the context.
quality	Run repository quality gate	2026-10-05T13:26:56.5856337Z
quality	Run repository quality gate	2026-10-05T13:26:56.5916101Z
quality	Run repository quality gate	2026-10-05T13:26:56.5957545Z src/index.ts:9:8 lint/performance/noReExportAll ━━━━━━━━━━━━━━━━━━━━━━━━━━━━━━━━━━━━━━━━━━━━━━━━━━━━
quality	Run repository quality gate	2026-10-05T13:26:56.6006003Z
quality	Run repository quality gate	2026-10-05T13:26:56.6036304Z   ! Do not use export all ( export * from ... ).
quality	Run repository quality gate	2026-10-05T13:26:56.6087776Z
quality	Run repository quality gate	2026-10-05T13:26:56.6136444Z      7 │ } from "./client";
quality	Run repository quality gate	2026-10-05T13:26:56.6176685Z      8 │ export { Prisma, PrismaClient } from "./generated/prisma/client";
quality	Run repository quality gate	2026-10-05T13:26:56.6216608Z    > 9 │ export * from "./generated/prisma/enums";
quality	Run repository quality gate	2026-10-05T13:26:56.6256419Z        │        ^^^^^^^^^^^^^^^^^^^^^^^^^^^^^^^^^^
quality	Run repository quality gate	2026-10-05T13:26:56.6257211Z     10 │ export type * from "./generated/prisma/models";
quality	Run repository quality gate	2026-10-05T13:26:56.6257859Z     11 │ export type {
quality	Run repository quality gate	2026-10-05T13:26:56.6258259Z
quality	Run repository quality gate	2026-10-05T13:26:56.6258608Z   i Use named export instead.
quality	Run repository quality gate	2026-10-05T13:26:56.6259036Z
quality	Run repository quality gate	2026-10-05T13:26:56.6259225Z
quality	Run repository quality gate	2026-10-05T13:26:56.6259844Z ##[endgroup]
quality	Run repository quality gate	2026-10-05T13:26:56.6260525Z ##[group]@crm/validation:lint
quality	Run repository quality gate	2026-10-05T13:26:56.6261012Z cache miss, executing f24c56c1374508b6
quality	Run repository quality gate	2026-10-05T13:26:56.6261501Z $ biome check .
quality	Run repository quality gate	2026-10-05T13:26:56.6261950Z Checked 16 files in 183ms. No fixes applied.
quality	Run repository quality gate	2026-10-05T13:26:56.6262732Z ##[endgroup]
quality	Run repository quality gate	2026-10-05T13:26:56.6263416Z ##[group]@crm/auth:lint
quality	Run repository quality gate	2026-10-05T13:26:56.6296273Z cache miss, executing ecc16bf8a180a5ec
quality	Run repository quality gate	2026-10-05T13:26:56.6326281Z $ biome check .
quality	Run repository quality gate	2026-10-05T13:26:56.6420606Z Checked 24 files in 230ms. No fixes applied.
quality	Run repository quality gate	2026-10-05T13:26:56.6436236Z Found 1 warning.
quality	Run repository quality gate	2026-10-05T13:26:56.6496870Z src/index.ts:1:1 lint/performance/noBarrelFile ━━━━━━━━━━━━━━━━━━━━━━━━━━━━━━━━━━━━━━━━━━━━━━━━━━━━━
quality	Run repository quality gate	2026-10-05T13:26:56.6526010Z
quality	Run repository quality gate	2026-10-05T13:26:56.6566836Z   ! Avoid barrel files, they slow down performance, and cause large module graphs with modules that go unused.
quality	Run repository quality gate	2026-10-05T13:26:56.6626180Z
quality	Run repository quality gate	2026-10-05T13:26:56.6646337Z   > 1 │ export {
quality	Run repository quality gate	2026-10-05T13:26:56.6706305Z       │ ^^^^^^^^
quality	Run repository quality gate	2026-10-05T13:26:56.6746547Z   > 2 │ 	API_KEY_EXPIRATION,
quality	Run repository quality gate	2026-10-05T13:26:56.6806331Z   > 3 │ 	API_KEY_HEADER,
quality	Run repository quality gate	2026-10-05T13:26:56.6826314Z   > 4 │ 	API_KEY_PREFIX,
quality	Run repository quality gate	2026-10-05T13:26:56.6866463Z   > 5 │ 	DAY_SECONDS,
quality	Run repository quality gate	2026-10-05T13:26:56.6916347Z   > 6 │ } from "./api-keys";
quality	Run repository quality gate	2026-10-05T13:26:56.6946325Z       │ ^^^^^^^^^^^^^^^^^^^^
quality	Run repository quality gate	2026-10-05T13:26:56.7036648Z     7 │ export { type Auth, auth, type Session, type SessionUser } from "./auth";
quality	Run repository quality gate	2026-10-05T13:26:56.7066605Z     8 │ export { AUTH_COOKIE_PREFIX, SESSION_COOKIE_NAME } from "./cookies";
quality	Run repository quality gate	2026-10-05T13:26:56.7160164Z
quality	Run repository quality gate	2026-10-05T13:26:56.7213754Z   i Check this thorough explanation to better understand the context.
quality	Run repository quality gate	2026-10-05T13:26:56.7266201Z
quality	Run repository quality gate	2026-10-05T13:26:56.7301259Z
quality	Run repository quality gate	2026-10-05T13:26:56.7384868Z ##[endgroup]
quality	Run repository quality gate	2026-10-05T13:26:56.7416653Z ##[group]@crm/ui:lint
quality	Run repository quality gate	2026-10-05T13:26:56.7476336Z cache miss, executing cdd6b2658eca498c
quality	Run repository quality gate	2026-10-05T13:26:56.7506381Z $ biome check .
quality	Run repository quality gate	2026-10-05T13:26:56.7537145Z src/theme/appearance.mjs:260:3 lint/style/useTemplate  FIXABLE  ━━━━━━━━━━━━━━━━━━━━━━━━━━━━━━━━━━━━
quality	Run repository quality gate	2026-10-05T13:26:56.7596034Z
quality	Run repository quality gate	2026-10-05T13:26:56.7616406Z   i Template literals are preferred over string concatenation.
quality	Run repository quality gate	2026-10-05T13:26:56.7637941Z
quality	Run repository quality gate	2026-10-05T13:26:56.7656723Z     258 │ export function generateAppearanceCss() {
quality	Run repository quality gate	2026-10-05T13:26:56.7686512Z     259 │ 	return (
quality	Run repository quality gate	2026-10-05T13:26:56.7706398Z   > 260 │ 		Object.entries(THEME_TOKENS)
quality	Run repository quality gate	2026-10-05T13:26:56.7716622Z         │ 		^^^^^^^^^^^^^^^^^^^^^^^^^^^^
quality	Run repository quality gate	2026-10-05T13:26:56.7746565Z   > 261 │ 			.flatMap(([palette, modes]) =>
quality	Run repository quality gate	2026-10-05T13:26:56.7756200Z          ...
quality	Run repository quality gate	2026-10-05T13:26:56.7796317Z   > 274 │ 			)
quality	Run repository quality gate	2026-10-05T13:26:56.7806553Z   > 275 │ 			.join("\n\n") + "\n"
quality	Run repository quality gate	2026-10-05T13:26:56.7836505Z         │ 			^^^^^^^^^^^^^^^^^^^^
quality	Run repository quality gate	2026-10-05T13:26:56.7856250Z     276 │ 	);
quality	Run repository quality gate	2026-10-05T13:26:56.7886333Z     277 │ }
quality	Run repository quality gate	2026-10-05T13:26:56.7896430Z
quality	Run repository quality gate	2026-10-05T13:26:56.7906346Z   i Unsafe fix: Use a template literal.
quality	Run repository quality gate	2026-10-05T13:26:56.7946164Z
quality	Run repository quality gate	2026-10-05T13:26:56.7956882Z     258 258 │   export function generateAppearanceCss() {
quality	Run repository quality gate	2026-10-05T13:26:56.7976265Z     259 259 │     return (
quality	Run repository quality gate	2026-10-05T13:26:56.8006476Z     260     │ - → → Object.entries(THEME_TOKENS)
quality	Run repository quality gate	2026-10-05T13:26:56.8026441Z         260 │ + → → `${Object.entries(THEME_TOKENS)
quality	Run repository quality gate	2026-10-05T13:26:56.8046615Z     261 261 │         .flatMap(([palette, modes]) =>
quality	Run repository quality gate	2026-10-05T13:26:56.8049218Z     262 262 │           Object.entries(modes).map(([mode, vars]) => {
quality	Run repository quality gate	2026-10-05T13:26:56.8086408Z     ······· │
quality	Run repository quality gate	2026-10-05T13:26:56.8106743Z     273 273 │           }),
quality	Run repository quality gate	2026-10-05T13:26:56.8136479Z     274 274 │         )
quality	Run repository quality gate	2026-10-05T13:26:56.8156714Z     275     │ - → → → .join("\n\n")·+·"\n"
quality	Run repository quality gate	2026-10-05T13:26:56.8176378Z         275 │ + → → → .join("\n\n")}\n`
quality	Run repository quality gate	2026-10-05T13:26:56.8196680Z     276 276 │     );
quality	Run repository quality gate	2026-10-05T13:26:56.8256499Z     277 277 │   }
quality	Run repository quality gate	2026-10-05T13:26:56.8276477Z
quality	Run repository quality gate	2026-10-05T13:26:56.8326133Z
quality	Run repository quality gate	2026-10-05T13:26:56.8367472Z src/styles/globals.css:881:19 lint/complexity/noImportantStyles  FIXABLE  ━━━━━━━━━━━━━━━━━━━━━━━━━━
quality	Run repository quality gate	2026-10-05T13:26:56.8376211Z
quality	Run repository quality gate	2026-10-05T13:26:56.8456466Z   ! Avoid the use of the !important style.
quality	Run repository quality gate	2026-10-05T13:26:56.8496396Z
quality	Run repository quality gate	2026-10-05T13:26:56.8532511Z     879 │ 	.link-hover::before,
quality	Run repository quality gate	2026-10-05T13:26:56.8533243Z     880 │ 	.link-hover::after {
quality	Run repository quality gate	2026-10-05T13:26:56.8533899Z   > 881 │ 		animation: none !important;
quality	Run repository quality gate	2026-10-05T13:26:56.8534466Z         │ 		                ^^^^^^^^^^
quality	Run repository quality gate	2026-10-05T13:26:56.8535088Z     882 │ 		transition-duration: 0.01ms !important;
quality	Run repository quality gate	2026-10-05T13:26:56.8535958Z     883 │ 	}
quality	Run repository quality gate	2026-10-05T13:26:56.8536304Z
quality	Run repository quality gate	2026-10-05T13:26:56.8537507Z   i This style reverses the cascade logic, and precedence is reversed. This could lead to having styles with higher specificity being overridden by styles with lower specificity.
quality	Run repository quality gate	2026-10-05T13:26:56.8538823Z
quality	Run repository quality gate	2026-10-05T13:26:56.8539159Z   i Unsafe fix: Remove the style.
quality	Run repository quality gate	2026-10-05T13:26:56.8539596Z
quality	Run repository quality gate	2026-10-05T13:26:56.8540058Z     881 │ → → animation:·none·!important;
quality	Run repository quality gate	2026-10-05T13:26:56.8540648Z         │                    -----------
quality	Run repository quality gate	2026-10-05T13:26:56.8540965Z
quality	Run repository quality gate	2026-10-05T13:26:56.8541672Z src/styles/globals.css:882:31 lint/complexity/noImportantStyles  FIXABLE  ━━━━━━━━━━━━━━━━━━━━━━━━━━
quality	Run repository quality gate	2026-10-05T13:26:56.8542393Z
quality	Run repository quality gate	2026-10-05T13:26:56.8542608Z   ! Avoid the use of the !important style.
quality	Run repository quality gate	2026-10-05T13:26:56.8543103Z
quality	Run repository quality gate	2026-10-05T13:26:56.8543594Z     880 │ 	.link-hover::after {
quality	Run repository quality gate	2026-10-05T13:26:56.8544162Z     881 │ 		animation: none !important;
quality	Run repository quality gate	2026-10-05T13:26:56.8544862Z   > 882 │ 		transition-duration: 0.01ms !important;
quality	Run repository quality gate	2026-10-05T13:26:56.8545529Z         │ 		                            ^^^^^^^^^^
quality	Run repository quality gate	2026-10-05T13:26:56.8546360Z     883 │ 	}
quality	Run repository quality gate	2026-10-05T13:26:56.8546756Z     884 │ }
quality	Run repository quality gate	2026-10-05T13:26:56.8547083Z
quality	Run repository quality gate	2026-10-05T13:26:56.8548304Z   i This style reverses the cascade logic, and precedence is reversed. This could lead to having styles with higher specificity being overridden by styles with lower specificity.
quality	Run repository quality gate	2026-10-05T13:26:56.8549673Z
quality	Run repository quality gate	2026-10-05T13:26:56.8550052Z   i Unsafe fix: Remove the style.
quality	Run repository quality gate	2026-10-05T13:26:56.8550493Z
quality	Run repository quality gate	2026-10-05T13:26:56.8551047Z     882 │ → → transition-duration:·0.01ms·!important;
quality	Run repository quality gate	2026-10-05T13:26:56.8551770Z         │                                -----------
quality	Run repository quality gate	2026-10-05T13:26:56.8552565Z
quality	Run repository quality gate	2026-10-05T13:26:56.8553297Z src/styles/globals.css:1510:25 lint/complexity/noImportantStyles  FIXABLE  ━━━━━━━━━━━━━━━━━━━━━━━━━
quality	Run repository quality gate	2026-10-05T13:26:56.8554030Z
quality	Run repository quality gate	2026-10-05T13:26:56.8554244Z   ! Avoid the use of the !important style.
quality	Run repository quality gate	2026-10-05T13:26:56.8555047Z
quality	Run repository quality gate	2026-10-05T13:26:56.8555538Z     1508 │ 	*::before,
quality	Run repository quality gate	2026-10-05T13:26:56.8616488Z     1509 │ 	*::after {
quality	Run repository quality gate	2026-10-05T13:26:56.8617092Z   > 1510 │ 		scroll-behavior: auto !important;
quality	Run repository quality gate	2026-10-05T13:26:56.8617730Z          │ 		                      ^^^^^^^^^^
quality	Run repository quality gate	2026-10-05T13:26:56.8618390Z     1511 │ 		animation-duration: 0.01ms !important;
quality	Run repository quality gate	2026-10-05T13:26:56.8619137Z     1512 │ 		animation-iteration-count: 1 !important;
quality	Run repository quality gate	2026-10-05T13:26:56.8619704Z
quality	Run repository quality gate	2026-10-05T13:26:56.8620917Z   i This style reverses the cascade logic, and precedence is reversed. This could lead to having styles with higher specificity being overridden by styles with lower specificity.
quality	Run repository quality gate	2026-10-05T13:26:56.8622278Z
quality	Run repository quality gate	2026-10-05T13:26:56.8622630Z   i Unsafe fix: Remove the style.
quality	Run repository quality gate	2026-10-05T13:26:56.8623102Z
quality	Run repository quality gate	2026-10-05T13:26:56.8623611Z     1510 │ → → scroll-behavior:·auto·!important;
quality	Run repository quality gate	2026-10-05T13:26:56.8624286Z          │                          -----------
quality	Run repository quality gate	2026-10-05T13:26:56.8624673Z
quality	Run repository quality gate	2026-10-05T13:26:56.8625431Z src/styles/globals.css:1511:30 lint/complexity/noImportantStyles  FIXABLE  ━━━━━━━━━━━━━━━━━━━━━━━━━
quality	Run repository quality gate	2026-10-05T13:26:56.8626449Z
quality	Run repository quality gate	2026-10-05T13:26:56.8626664Z   ! Avoid the use of the !important style.
quality	Run repository quality gate	2026-10-05T13:26:56.8627158Z
quality	Run repository quality gate	2026-10-05T13:26:56.8627642Z     1509 │ 	*::after {
quality	Run repository quality gate	2026-10-05T13:26:56.8628201Z     1510 │ 		scroll-behavior: auto !important;
quality	Run repository quality gate	2026-10-05T13:26:56.8628901Z   > 1511 │ 		animation-duration: 0.01ms !important;
quality	Run repository quality gate	2026-10-05T13:26:56.8629578Z          │ 		                           ^^^^^^^^^^
quality	Run repository quality gate	2026-10-05T13:26:56.8630258Z     1512 │ 		animation-iteration-count: 1 !important;
quality	Run repository quality gate	2026-10-05T13:26:56.8630992Z     1513 │ 		transition-duration: 0.01ms !important;
quality	Run repository quality gate	2026-10-05T13:26:56.8631521Z
quality	Run repository quality gate	2026-10-05T13:26:56.8632778Z   i This style reverses the cascade logic, and precedence is reversed. This could lead to having styles with higher specificity being overridden by styles with lower specificity.
quality	Run repository quality gate	2026-10-05T13:26:56.8634150Z
quality	Run repository quality gate	2026-10-05T13:26:56.8634503Z   i Unsafe fix: Remove the style.
quality	Run repository quality gate	2026-10-05T13:26:56.8634979Z
quality	Run repository quality gate	2026-10-05T13:26:56.8635531Z     1511 │ → → animation-duration:·0.01ms·!important;
quality	Run repository quality gate	2026-10-05T13:26:56.8636520Z          │                               -----------
quality	Run repository quality gate	2026-10-05T13:26:56.8636917Z
quality	Run repository quality gate	2026-10-05T13:26:56.8637652Z src/styles/globals.css:1512:32 lint/complexity/noImportantStyles  FIXABLE  ━━━━━━━━━━━━━━━━━━━━━━━━━
quality	Run repository quality gate	2026-10-05T13:26:56.8638398Z
quality	Run repository quality gate	2026-10-05T13:26:56.8638593Z   ! Avoid the use of the !important style.
quality	Run repository quality gate	2026-10-05T13:26:56.8639095Z
quality	Run repository quality gate	2026-10-05T13:26:56.8639590Z     1510 │ 		scroll-behavior: auto !important;
quality	Run repository quality gate	2026-10-05T13:26:56.8640276Z     1511 │ 		animation-duration: 0.01ms !important;
quality	Run repository quality gate	2026-10-05T13:26:56.8640996Z   > 1512 │ 		animation-iteration-count: 1 !important;
quality	Run repository quality gate	2026-10-05T13:26:56.8641612Z Checked 16 files in 302ms. No fixes applied.
quality	Run repository quality gate	2026-10-05T13:26:56.8642163Z Found 6 warnings.
quality	Run repository quality gate	2026-10-05T13:26:56.8642530Z Found 1 info.
quality	Run repository quality gate	2026-10-05T13:26:56.8643021Z          │ 		                             ^^^^^^^^^^
quality	Run repository quality gate	2026-10-05T13:26:56.8643701Z     1513 │ 		transition-duration: 0.01ms !important;
quality	Run repository quality gate	2026-10-05T13:26:56.8644289Z     1514 │ 	}
quality	Run repository quality gate	2026-10-05T13:26:56.8644627Z
quality	Run repository quality gate	2026-10-05T13:26:56.8706173Z   i This style reverses the cascade logic, and precedence is reversed. This could lead to having styles with higher specificity being overridden by styles with lower specificity.
quality	Run repository quality gate	2026-10-05T13:26:56.8707589Z
quality	Run repository quality gate	2026-10-05T13:26:56.8707955Z   i Unsafe fix: Remove the style.
quality	Run repository quality gate	2026-10-05T13:26:56.8708415Z
quality	Run repository quality gate	2026-10-05T13:26:56.8709000Z     1512 │ → → animation-iteration-count:·1·!important;
quality	Run repository quality gate	2026-10-05T13:26:56.8709713Z          │                                 -----------
quality	Run repository quality gate	2026-10-05T13:26:56.8710102Z
quality	Run repository quality gate	2026-10-05T13:26:56.8710840Z src/styles/globals.css:1513:31 lint/complexity/noImportantStyles  FIXABLE  ━━━━━━━━━━━━━━━━━━━━━━━━━
quality	Run repository quality gate	2026-10-05T13:26:56.8711927Z
quality	Run repository quality gate	2026-10-05T13:26:56.8712127Z   ! Avoid the use of the !important style.
quality	Run repository quality gate	2026-10-05T13:26:56.8712602Z
quality	Run repository quality gate	2026-10-05T13:26:56.8713162Z     1511 │ 		animation-duration: 0.01ms !important;
quality	Run repository quality gate	2026-10-05T13:26:56.8714081Z     1512 │ 		animation-iteration-count: 1 !important;
quality	Run repository quality gate	2026-10-05T13:26:56.8714770Z   > 1513 │ 		transition-duration: 0.01ms !important;
quality	Run repository quality gate	2026-10-05T13:26:56.8715387Z          │ 		                            ^^^^^^^^^^
quality	Run repository quality gate	2026-10-05T13:26:56.8716131Z     1514 │ 	}
quality	Run repository quality gate	2026-10-05T13:26:56.8716485Z     1515 │ }
quality	Run repository quality gate	2026-10-05T13:26:56.8716798Z
quality	Run repository quality gate	2026-10-05T13:26:56.8717931Z   i This style reverses the cascade logic, and precedence is reversed. This could lead to having styles with higher specificity being overridden by styles with lower specificity.
quality	Run repository quality gate	2026-10-05T13:26:56.8719200Z
quality	Run repository quality gate	2026-10-05T13:26:56.8719531Z   i Unsafe fix: Remove the style.
quality	Run repository quality gate	2026-10-05T13:26:56.8719953Z
quality	Run repository quality gate	2026-10-05T13:26:56.8720457Z     1513 │ → → transition-duration:·0.01ms·!important;
quality	Run repository quality gate	2026-10-05T13:26:56.8721165Z          │                                -----------
quality	Run repository quality gate	2026-10-05T13:26:56.8721521Z
quality	Run repository quality gate	2026-10-05T13:26:56.8722056Z ##[endgroup]
quality	Run repository quality gate	2026-10-05T13:26:56.8722659Z ##[group]agent:lint
quality	Run repository quality gate	2026-10-05T13:26:56.8723067Z cache miss, executing dbd3ed446d9d3a3e
quality	Run repository quality gate	2026-10-05T13:26:56.8723543Z $ biome check .
quality	Run repository quality gate	2026-10-05T13:26:56.8724437Z agent/lib/run-runtime.ts:262:6 lint/complexity/useOptionalChain  FIXABLE  ━━━━━━━━━━━━━━━━━━━━━━━━━━
quality	Run repository quality gate	2026-10-05T13:26:56.8725125Z
quality	Run repository quality gate	2026-10-05T13:26:56.8725296Z   ! Change to an optional chain.
quality	Run repository quality gate	2026-10-05T13:26:56.8725928Z
quality	Run repository quality gate	2026-10-05T13:26:56.8726351Z     260 │ 		},
quality	Run repository quality gate	2026-10-05T13:26:56.8726764Z     261 │ 	});
quality	Run repository quality gate	2026-10-05T13:26:56.8727348Z   > 262 │ 	if (!run || run.status !== "RUNNING") return false;
quality	Run repository quality gate	2026-10-05T13:26:56.8728046Z         │ 	    ^^^^^^^^^^^^^^^^^^^^^^^^^^^^^^^^
quality	Run repository quality gate	2026-10-05T13:26:56.8728562Z     263 │
quality	Run repository quality gate	2026-10-05T13:26:56.8728925Z     264 │ 	try {
quality	Run repository quality gate	2026-10-05T13:26:56.8729256Z
quality	Run repository quality gate	2026-10-05T13:26:56.8729638Z   i Unsafe fix: Change to an optional chain.
quality	Run repository quality gate	2026-10-05T13:26:56.8730141Z
quality	Run repository quality gate	2026-10-05T13:26:56.8730565Z      260  260 │       },
quality	Run repository quality gate	2026-10-05T13:26:56.8731032Z      261  261 │     });
quality	Run repository quality gate	2026-10-05T13:26:56.8731728Z      262      │ - → if·(!run·||·run.status·!==·"RUNNING")·return·false;
quality	Run repository quality gate	2026-10-05T13:26:56.8732640Z           262 │ + → if·(run?.status·!==·"RUNNING")·return·false;
quality	Run repository quality gate	2026-10-05T13:26:56.8733287Z      263  263 │
quality	Run repository quality gate	2026-10-05T13:26:56.8733736Z      264  264 │     try {
quality	Run repository quality gate	2026-10-05T13:26:56.8734132Z
quality	Run repository quality gate	2026-10-05T13:26:56.8734312Z
quality	Run repository quality gate	2026-10-05T13:26:56.8735023Z agent/lib/run-runtime.ts:286:6 lint/complexity/useOptionalChain  FIXABLE  ━━━━━━━━━━━━━━━━━━━━━━━━━━
quality	Run repository quality gate	2026-10-05T13:26:56.8796082Z
quality	Run repository quality gate	2026-10-05T13:26:56.8796315Z   ! Change to an optional chain.
quality	Run repository quality gate	2026-10-05T13:26:56.8796782Z
quality	Run repository quality gate	2026-10-05T13:26:56.8797212Z     284 │ 		},
quality	Run repository quality gate	2026-10-05T13:26:56.8797607Z     285 │ 	});
quality	Run repository quality gate	2026-10-05T13:26:56.8798171Z   > 286 │ 	if (!run || run.status !== "RUNNING") return false;
quality	Run repository quality gate	2026-10-05T13:26:56.8798878Z         │ 	    ^^^^^^^^^^^^^^^^^^^^^^^^^^^^^^^^
quality	Run repository quality gate	2026-10-05T13:26:56.8799406Z     287 │
quality	Run repository quality gate	2026-10-05T13:26:56.8799838Z     288 │ 	try {
quality	Run repository quality gate	2026-10-05T13:26:56.8800179Z
quality	Run repository quality gate	2026-10-05T13:26:56.8800557Z   i Unsafe fix: Change to an optional chain.
quality	Run repository quality gate	2026-10-05T13:26:56.8801057Z
quality	Run repository quality gate	2026-10-05T13:26:56.8801446Z      284  284 │       },
quality	Run repository quality gate	2026-10-05T13:26:56.8801919Z      285  285 │     });
quality	Run repository quality gate	2026-10-05T13:26:56.8802596Z      286      │ - → if·(!run·||·run.status·!==·"RUNNING")·return·false;
quality	Run repository quality gate	2026-10-05T13:26:56.8803475Z           286 │ + → if·(run?.status·!==·"RUNNING")·return·false;
quality	Run repository quality gate	2026-10-05T13:26:56.8804117Z      287  287 │
quality	Run repository quality gate	2026-10-05T13:26:56.8804555Z      288  288 │     try {
quality	Run repository quality gate	2026-10-05T13:26:56.8804956Z
quality	Run repository quality gate	2026-10-05T13:26:56.8805128Z
quality	Run repository quality gate	2026-10-05T13:26:56.8806079Z agent/lib/tasks.ts:29:1 lint/performance/noBarrelFile ━━━━━━━━━━━━━━━━━━━━━━━━━━━━━━━━━━━━━━━━━━━━━━
quality	Run repository quality gate	2026-10-05T13:26:56.8806800Z
quality	Run repository quality gate	2026-10-05T13:26:56.8807375Z   ! Avoid barrel files, they slow down performance, and cause large module graphs with modules that go unused.
quality	Run repository quality gate	2026-10-05T13:26:56.8808251Z
quality	Run repository quality gate	2026-10-05T13:26:56.8808755Z     27 │ const LEASE_MS = DISPATCH.task.leaseMs;
quality	Run repository quality gate	2026-10-05T13:26:56.8809623Z     28 │
quality	Run repository quality gate	2026-10-05T13:26:56.8810274Z   > 29 │ export { DIRECT_KINDS, MAX_ATTEMPTS } from "@crm/db/agent-tasks";
quality	Run repository quality gate	2026-10-05T13:26:56.8811130Z        │ ^^^^^^^^^^^^^^^^^^^^^^^^^^^^^^^^^^^^^^^^^^^^^^^^^^^^^^^^^^^^^^^^^
quality	Run repository quality gate	2026-10-05T13:26:56.8811982Z     30 │
quality	Run repository quality gate	2026-10-05T13:26:56.8812443Z     31 │ export async function claimDue(
quality	Run repository quality gate	2026-10-05T13:26:56.8813031Z
quality	Run repository quality gate	2026-10-05T13:26:56.8813543Z   i Check this thorough explanation to better understand the context.
quality	Run repository quality gate	2026-10-05T13:26:56.8814208Z
quality	Run repository quality gate	2026-10-05T13:26:56.8814390Z
quality	Run repository quality gate	2026-10-05T13:26:56.8815127Z src/governed-run-action-runtime.mjs:156:7 lint/complexity/useOptionalChain  FIXABLE  ━━━━━━━━━━━━━━━
quality	Run repository quality gate	2026-10-05T13:26:56.8816114Z
quality	Run repository quality gate	2026-10-05T13:26:56.8816309Z   ! Change to an optional chain.
quality	Run repository quality gate	2026-10-05T13:26:56.8816755Z
quality	Run repository quality gate	2026-10-05T13:26:56.8817164Z     154 │ 		}
quality	Run repository quality gate	2026-10-05T13:26:56.8817877Z     155 │ 		const descriptor = Object.getOwnPropertyDescriptor(source, key);
quality	Run repository quality gate	2026-10-05T13:26:56.8818967Z   > 156 │ 		if (!descriptor || !descriptor.enumerable || !("value" in descriptor)) {
quality	Run repository quality gate	2026-10-05T13:26:56.8819859Z         │ 		    ^^^^^^^^^^^^^^^^^^^^^^^^^^^^^^^^^^^^^
quality	Run repository quality gate	2026-10-05T13:26:56.8820445Z     157 │ 			throw new TypeError(
quality	Run repository quality gate	2026-10-05T13:26:56.8821113Z     158 │ 				`${field}.${key} must be an enumerable data property`,
quality	Run repository quality gate	2026-10-05T13:26:56.8821675Z
quality	Run repository quality gate	2026-10-05T13:26:56.8822041Z   i Unsafe fix: Change to an optional chain.
quality	Run repository quality gate	2026-10-05T13:26:56.8822527Z
quality	Run repository quality gate	2026-10-05T13:26:56.8822884Z Checked 192 files in 962ms. No fixes applied.
quality	Run repository quality gate	2026-10-05T13:26:56.8823452Z     154 154 │       }
quality	Run repository quality gate	2026-10-05T13:26:56.8823810Z Found 5 warnings.
quality	Run repository quality gate	2026-10-05T13:26:56.8824555Z     155 155 │       const descriptor = Object.getOwnPropertyDescriptor(source, key);
quality	Run repository quality gate	2026-10-05T13:26:56.8886079Z     156     │ - → → if·(!descriptor·||·!descriptor.enumerable·||·!("value"·in·descriptor))·{
quality	Run repository quality gate	2026-10-05T13:26:56.8887361Z         156 │ + → → if·(!descriptor?.enumerable·||·!("value"·in·descriptor))·{
quality	Run repository quality gate	2026-10-05T13:26:56.8888156Z     157 157 │         throw new TypeError(
quality	Run repository quality gate	2026-10-05T13:26:56.8888957Z     158 158 │           `${field}.${key} must be an enumerable data property`,
quality	Run repository quality gate	2026-10-05T13:26:56.8889570Z
quality	Run repository quality gate	2026-10-05T13:26:56.8889742Z
quality	Run repository quality gate	2026-10-05T13:26:56.8890474Z src/run-execution-budget.mjs:15:3 lint/complexity/useOptionalChain  FIXABLE  ━━━━━━━━━━━━━━━━━━━━━━━
quality	Run repository quality gate	2026-10-05T13:26:56.8891241Z
quality	Run repository quality gate	2026-10-05T13:26:56.8891426Z   ! Change to an optional chain.
quality	Run repository quality gate	2026-10-05T13:26:56.8891859Z
quality	Run repository quality gate	2026-10-05T13:26:56.8892501Z     13 │ 		throw new TypeError("Invalid execution timeout configuration");
quality	Run repository quality gate	2026-10-05T13:26:56.8893225Z     14 │ 	if (
quality	Run repository quality gate	2026-10-05T13:26:56.8893629Z   > 15 │ 		!run ||
quality	Run repository quality gate	2026-10-05T13:26:56.8894036Z        │ 		^^^^^^^
quality	Run repository quality gate	2026-10-05T13:26:56.8894492Z   > 16 │ 		run.status !== "RUNNING" ||
quality	Run repository quality gate	2026-10-05T13:26:56.8895045Z        │ 		^^^^^^^^^^^^^^^^^^^^^^^^
quality	Run repository quality gate	2026-10-05T13:26:56.8895574Z     17 │ 		!run.sessionId ||
quality	Run repository quality gate	2026-10-05T13:26:56.8896343Z     18 │ 		run.cancelRequestedAt
quality	Run repository quality gate	2026-10-05T13:26:56.8896791Z
quality	Run repository quality gate	2026-10-05T13:26:56.8897162Z   i Unsafe fix: Change to an optional chain.
quality	Run repository quality gate	2026-10-05T13:26:56.8897916Z
quality	Run repository quality gate	2026-10-05T13:26:56.8898589Z     13 13 │       throw new TypeError("Invalid execution timeout configuration");
quality	Run repository quality gate	2026-10-05T13:26:56.8899335Z     14 14 │     if (
quality	Run repository quality gate	2026-10-05T13:26:56.8900036Z     15    │ - → → !run·||
quality	Run repository quality gate	2026-10-05T13:26:56.8900581Z     16    │ - → → run.status·!==·"RUNNING"·||
quality	Run repository quality gate	2026-10-05T13:26:56.8901238Z        15 │ + → → run?.status·!==·"RUNNING"·||
quality	Run repository quality gate	2026-10-05T13:26:56.8901847Z     17 16 │       !run.sessionId ||
quality	Run repository quality gate	2026-10-05T13:26:56.8902405Z     18 17 │       run.cancelRequestedAt
quality	Run repository quality gate	2026-10-05T13:26:56.8902866Z
quality	Run repository quality gate	2026-10-05T13:26:56.8903040Z
quality	Run repository quality gate	2026-10-05T13:26:56.8903512Z ##[endgroup]
quality	Run repository quality gate	2026-10-05T13:26:57.1868259Z ##[group]app:lint
quality	Run repository quality gate	2026-10-05T13:26:57.1868813Z cache miss, executing 9aaf36772e0d755c
quality	Run repository quality gate	2026-10-05T13:26:57.1869345Z $ biome check .
quality	Run repository quality gate	2026-10-05T13:26:57.1870566Z app/(app)/[slug]/settings/pipelines/pipeline-settings.tsx:418:11 lint/style/useTemplate  FIXABLE  ━━━━━━━━━━
quality	Run repository quality gate	2026-10-05T13:26:57.1871604Z Checked 299 files in 1247ms. No fixes applied.
quality	Run repository quality gate	2026-10-05T13:26:57.1872201Z Found 1 warning.
quality	Run repository quality gate	2026-10-05T13:26:57.1872589Z Found 1 info.
quality	Run repository quality gate	2026-10-05T13:26:57.1872805Z
quality	Run repository quality gate	2026-10-05T13:26:57.1873122Z   i Template literals are preferred over string concatenation.
quality	Run repository quality gate	2026-10-05T13:26:57.1873783Z
quality	Run repository quality gate	2026-10-05T13:26:57.1874398Z     416 │ 									expectedVersion: archiveCandidate.version,
quality	Run repository quality gate	2026-10-05T13:26:57.1875168Z     417 │ 									idempotencyKey: commandKey(
quality	Run repository quality gate	2026-10-05T13:26:57.1876196Z   > 418 │ 										"pipeline-archive:" + archiveCandidate.id,
quality	Run repository quality gate	2026-10-05T13:26:57.1877121Z         │ 										^^^^^^^^^^^^^^^^^^^^^^^^^^^^^^^^^^^^^^^^^
quality	Run repository quality gate	2026-10-05T13:26:57.1877728Z     419 │ 										{
quality	Run repository quality gate	2026-10-05T13:26:57.1878277Z     420 │ 											id: archiveCandidate.id,
quality	Run repository quality gate	2026-10-05T13:26:57.1878785Z
quality	Run repository quality gate	2026-10-05T13:26:57.1879167Z   i Unsafe fix: Use a template literal.
quality	Run repository quality gate	2026-10-05T13:26:57.1879651Z
quality	Run repository quality gate	2026-10-05T13:26:57.1880273Z     416 416 │                     expectedVersion: archiveCandidate.version,
quality	Run repository quality gate	2026-10-05T13:26:57.1881136Z     417 417 │                     idempotencyKey: commandKey(
quality	Run repository quality gate	2026-10-05T13:26:57.1882154Z     418     │ - → → → → → → → → → → "pipeline-archive:"·+·archiveCandidate.id,
quality	Run repository quality gate	2026-10-05T13:26:57.1883116Z         418 │ + → → → → → → → → → → `pipeline-archive:${archiveCandidate.id}`,
quality	Run repository quality gate	2026-10-05T13:26:57.1883988Z     419 419 │                       {
quality	Run repository quality gate	2026-10-05T13:26:57.1884681Z     420 420 │                         id: archiveCandidate.id,
quality	Run repository quality gate	2026-10-05T13:26:57.1885251Z
quality	Run repository quality gate	2026-10-05T13:26:57.1885440Z
quality	Run repository quality gate	2026-10-05T13:26:57.1886471Z postcss.config.mjs:1:1 lint/performance/noBarrelFile ━━━━━━━━━━━━━━━━━━━━━━━━━━━━━━━━━━━━━━━━━━━━━━━
quality	Run repository quality gate	2026-10-05T13:26:57.1887205Z
quality	Run repository quality gate	2026-10-05T13:26:57.1887777Z   ! Avoid barrel files, they slow down performance, and cause large module graphs with modules that go unused.
quality	Run repository quality gate	2026-10-05T13:26:57.1888678Z
quality	Run repository quality gate	2026-10-05T13:26:57.1889214Z   > 1 │ export { default } from "@crm/ui/postcss.config";
quality	Run repository quality gate	2026-10-05T13:26:57.1889940Z       │ ^^^^^^^^^^^^^^^^^^^^^^^^^^^^^^^^^^^^^^^^^^^^^^^^^
quality	Run repository quality gate	2026-10-05T13:26:57.1890473Z     2 │
quality	Run repository quality gate	2026-10-05T13:26:57.1890815Z
quality	Run repository quality gate	2026-10-05T13:26:57.1891327Z   i Check this thorough explanation to better understand the context.
quality	Run repository quality gate	2026-10-05T13:26:57.1891965Z
quality	Run repository quality gate	2026-10-05T13:26:57.1892137Z
quality	Run repository quality gate	2026-10-05T13:26:57.1892579Z ##[endgroup]
quality	Run repository quality gate	2026-10-05T13:26:57.2656758Z ##[group]api:lint
quality	Run repository quality gate	2026-10-05T13:26:57.2657268Z cache miss, executing a8320e226a619f70
quality	Run repository quality gate	2026-10-05T13:26:57.2657746Z $ biome check .
quality	Run repository quality gate	2026-10-05T13:26:57.2658847Z src/operations/operations-core.mjs:274:13 lint/complexity/noExtraBooleanCast  FIXABLE  ━━━━━━━━━━━━━
quality	Run repository quality gate	2026-10-05T13:26:57.2659565Z
quality	Run repository quality gate	2026-10-05T13:26:57.2659741Z   i Avoid redundant `Boolean` call
quality	Run repository quality gate	2026-10-05T13:26:57.2660175Z
quality	Run repository quality gate	2026-10-05T13:26:57.2660564Z     272 │ 						agentId: row.agentId,
quality	Run repository quality gate	2026-10-05T13:26:57.2661215Z     273 │ 						agentName: names.get(row.agentId) ?? row.agentId,
quality	Run repository quality gate	2026-10-05T13:26:57.2661743Z   > 274 │ 						type: Boolean(receiptFor(row))
quality	Run repository quality gate	2026-10-05T13:26:57.2662108Z         │ 						      ^^^^^^^^^^^^^^^^^^^^^^^^
quality	Run repository quality gate	2026-10-05T13:26:57.2662820Z     275 │ 							? "AMBIGUOUS_OUTCOME"
quality	Run repository quality gate	2026-10-05T13:26:57.2663733Z     276 │ 							: "ACTION_FAILED",
quality	Run repository quality gate	2026-10-05T13:26:57.2664196Z
quality	Run repository quality gate	2026-10-05T13:26:57.2664867Z   i It is not necessary to use `Boolean` call when a value will already be coerced to a boolean.
quality	Run repository quality gate	2026-10-05T13:26:57.2666173Z
quality	Run repository quality gate	2026-10-05T13:26:57.2666555Z   i Safe fix: Remove redundant `Boolean` call
quality	Run repository quality gate	2026-10-05T13:26:57.2667045Z
quality	Run repository quality gate	2026-10-05T13:26:57.2667602Z     274 │ → → → → → → type:·Boolean(receiptFor(row))
quality	Run repository quality gate	2026-10-05T13:26:57.2668268Z         │                   --------              -
quality	Run repository quality gate	2026-10-05T13:26:57.2668732Z
quality	Run repository quality gate	2026-10-05T13:26:57.2669425Z src/deals/deals.contracts.ts:10:1 lint/performance/noBarrelFile ━━━━━━━━━━━━━━━━━━━━━━━━━━━━━━━━━━━━
quality	Run repository quality gate	2026-10-05T13:26:57.2670105Z
quality	Run repository quality gate	2026-10-05T13:26:57.2670663Z   ! Avoid barrel files, they slow down performance, and cause large module graphs with modules that go unused.
quality	Run repository quality gate	2026-10-05T13:26:57.2671624Z
quality	Run repository quality gate	2026-10-05T13:26:57.2672198Z      8 │ import { listInput } from "../trpc/list-input";
quality	Run repository quality gate	2026-10-05T13:26:57.2672802Z      9 │
quality	Run repository quality gate	2026-10-05T13:26:57.2673413Z   > 10 │ export { MAX_AMOUNT_CENTS } from "@crm/db/money-input";
quality	Run repository quality gate	2026-10-05T13:26:57.2674123Z        │ ^^^^^^^^^^^^^^^^^^^^^^^^^^^^^^^^^^^^^^^^^^^^^^^^^^^^^^^
quality	Run repository quality gate	2026-10-05T13:26:57.2674449Z     11 │
quality	Run repository quality gate	2026-10-05T13:26:57.2674703Z     12 │ const amountCents = z
quality	Run repository quality gate	2026-10-05T13:26:57.2674939Z
quality	Run repository quality gate	2026-10-05T13:26:57.2675230Z   i Check this thorough explanation to better understand the context.
quality	Run repository quality gate	2026-10-05T13:26:57.2675592Z
quality	Run repository quality gate	2026-10-05T13:26:57.2676306Z
quality	Run repository quality gate	2026-10-05T13:26:57.2676778Z src/google/google.constants.ts:1:1 lint/performance/noBarrelFile ━━━━━━━━━━━━━━━━━━━━━━━━━━━━━━━━━━━
quality	Run repository quality gate	2026-10-05T13:26:57.2677196Z
quality	Run repository quality gate	2026-10-05T13:26:57.2677526Z   ! Avoid barrel files, they slow down performance, and cause large module graphs with modules that go unused.
quality	Run repository quality gate	2026-10-05T13:26:57.2678028Z
quality	Run repository quality gate	2026-10-05T13:26:57.2678239Z    > 1 │ export {
quality	Run repository quality gate	2026-10-05T13:26:57.2678466Z        │ ^^^^^^^^
quality	Run repository quality gate	2026-10-05T13:26:57.2678712Z    > 2 │ 	CALENDAR_SCOPE,
quality	Run repository quality gate	2026-10-05T13:26:57.2678971Z    > 3 │ 	GMAIL_SCOPE,
quality	Run repository quality gate	2026-10-05T13:26:57.2679256Z    > 4 │ 	GOOGLE_PROVIDER_ID,
quality	Run repository quality gate	2026-10-05T13:26:57.2679531Z    > 5 │ 	GOOGLE_SYNC_SOURCES,
quality	Run repository quality gate	2026-10-05T13:26:57.2679812Z    > 6 │ 	type GoogleSyncSource,
quality	Run repository quality gate	2026-10-05T13:26:57.2680098Z    > 7 │ 	SCOPE_FOR_SOURCE,
quality	Run repository quality gate	2026-10-05T13:26:57.2680360Z    > 8 │ 	SYNC_SCOPES,
quality	Run repository quality gate	2026-10-05T13:26:57.2680669Z    > 9 │ } from "../mailbox/mailbox.constants";
quality	Run repository quality gate	2026-10-05T13:26:57.2681022Z        │ ^^^^^^^^^^^^^^^^^^^^^^^^^^^^^^^^^^^^^^
quality	Run repository quality gate	2026-10-05T13:26:57.2681300Z     10 │
quality	Run repository quality gate	2026-10-05T13:26:57.2681488Z
quality	Run repository quality gate	2026-10-05T13:26:57.2681773Z   i Check this thorough explanation to better understand the context.
quality	Run repository quality gate	2026-10-05T13:26:57.2682146Z
quality	Run repository quality gate	2026-10-05T13:26:57.2682241Z
quality	Run repository quality gate	2026-10-05T13:26:57.2682619Z src/mailbox/mailbox.constants.ts:10:1 lint/performance/noBarrelFile ━━━━━━━━━━━━━━━━━━━━━━━━━━━━━━━━
quality	Run repository quality gate	2026-10-05T13:26:57.2683011Z
quality	Run repository quality gate	2026-10-05T13:26:57.2683327Z   ! Avoid barrel files, they slow down performance, and cause large module graphs with modules that go unused.
quality	Run repository quality gate	2026-10-05T13:26:57.2683811Z
quality	Run repository quality gate	2026-10-05T13:26:57.2684026Z      8 │ } from "@crm/auth";
quality	Run repository quality gate	2026-10-05T13:26:57.2684287Z      9 │
quality	Run repository quality gate	2026-10-05T13:26:57.2684493Z   > 10 │ export {
quality	Run repository quality gate	2026-10-05T13:26:57.2684717Z        │ ^^^^^^^^
quality	Run repository quality gate	2026-10-05T13:26:57.2684945Z   > 11 │ 	CALENDAR_SCOPE,
quality	Run repository quality gate	2026-10-05T13:26:57.2685182Z         ...
quality	Run repository quality gate	2026-10-05T13:26:57.2685411Z   > 18 │ 	SYNC_SCOPES,
quality	Run repository quality gate	2026-10-05T13:26:57.2685955Z   > 19 │ } from "@crm/auth";
quality	Run repository quality gate	2026-10-05T13:26:57.2686439Z        │ ^^^^^^^^^^^^^^^^^^^
quality	Run repository quality gate	2026-10-05T13:26:57.2686749Z     20 │
quality	Run repository quality gate	2026-10-05T13:26:57.2687306Z     21 │ export const SYNC_SOURCES = ["calendar", "gmail", "outlook"] as const;
quality	Run repository quality gate	2026-10-05T13:26:57.2687723Z
quality	Run repository quality gate	2026-10-05T13:26:57.2688015Z   i Check this thorough explanation to better understand the context.
quality	Run repository quality gate	2026-10-05T13:26:57.2688585Z
quality	Run repository quality gate	2026-10-05T13:26:57.2688743Z
quality	Run repository quality gate	2026-10-05T13:26:57.2689404Z src/microsoft/microsoft.constants.ts:1:1 lint/performance/noBarrelFile ━━━━━━━━━━━━━━━━━━━━━━━━━━━━━
quality	Run repository quality gate	2026-10-05T13:26:57.2690089Z
quality	Run repository quality gate	2026-10-05T13:26:57.2690703Z   ! Avoid barrel files, they slow down performance, and cause large module graphs with modules that go unused.
quality	Run repository quality gate	2026-10-05T13:26:57.2691822Z
quality	Run repository quality gate	2026-10-05T13:26:57.2692311Z   > 1 │ export {
quality	Run repository quality gate	2026-10-05T13:26:57.2692562Z       │ ^^^^^^^^
quality	Run repository quality gate	2026-10-05T13:26:57.2692834Z   > 2 │ 	MICROSOFT_PROVIDER_ID,
quality	Run repository quality gate	2026-10-05T13:26:57.2693351Z   > 3 │ 	MICROSOFT_SYNC_SCOPES,
quality	Run repository quality gate	2026-10-05T13:26:57.2693635Z   > 4 │ 	MICROSOFT_SYNC_SOURCES,
quality	Run repository quality gate	2026-10-05T13:26:57.2693931Z   > 5 │ 	type MicrosoftSyncSource,
quality	Run repository quality gate	2026-10-05T13:26:57.2694233Z   > 6 │ 	OUTLOOK_MAIL_SCOPE,
quality	Run repository quality gate	2026-10-05T13:26:57.2694535Z   > 7 │ 	SCOPE_FOR_SOURCE,
quality	Run repository quality gate	2026-10-05T13:26:57.2694843Z   > 8 │ } from "../mailbox/mailbox.constants";
quality	Run repository quality gate	2026-10-05T13:26:57.2695208Z       │ ^^^^^^^^^^^^^^^^^^^^^^^^^^^^^^^^^^^^^^
quality	Run repository quality gate	2026-10-05T13:26:57.2695482Z     9 │
quality	Run repository quality gate	2026-10-05T13:26:57.2696086Z
quality	Run repository quality gate	2026-10-05T13:26:57.2696656Z   i Check this thorough explanation to better understand the context.
quality	Run repository quality gate	2026-10-05T13:26:57.2697060Z
quality	Run repository quality gate	2026-10-05T13:26:57.2697163Z
quality	Run repository quality gate	2026-10-05T13:26:57.2697606Z src/migrations/background-import.mjs:75:6 lint/complexity/useOptionalChain  FIXABLE  ━━━━━━━━━━━━━━━
quality	Run repository quality gate	2026-10-05T13:26:57.2698050Z
quality	Run repository quality gate	2026-10-05T13:26:57.2698155Z   ! Change to an optional chain.
quality	Run repository quality gate	2026-10-05T13:26:57.2698407Z
quality	Run repository quality gate	2026-10-05T13:26:57.2698610Z     73 │ 				});
quality	Run repository quality gate	2026-10-05T13:26:57.2698839Z     74 │ 				if (
quality	Run repository quality gate	2026-10-05T13:26:57.2699121Z   > 75 │ 					!row ||
quality	Run repository quality gate	2026-10-05T13:26:57.2699366Z        │ 					^^^^^^^
quality	Run repository quality gate	2026-10-05T13:26:57.2699636Z   > 76 │ 					!row.backgroundEnabled ||
quality	Run repository quality gate	2026-10-05T13:26:57.2699954Z        │ 					^^^^^^^^^^^^^^^^^^^^^^
quality	Run repository quality gate	2026-10-05T13:26:57.2700286Z     77 │ 					row.backgroundVersion !== claim.version
quality	Run repository quality gate	2026-10-05T13:26:57.2700616Z     78 │ 				)
quality	Run repository quality gate	2026-10-05T13:26:57.2700808Z
quality	Run repository quality gate	2026-10-05T13:26:57.2701017Z   i Unsafe fix: Change to an optional chain.
quality	Run repository quality gate	2026-10-05T13:26:57.2701300Z
quality	Run repository quality gate	2026-10-05T13:26:57.2701512Z      73  73 │           });
quality	Run repository quality gate	2026-10-05T13:26:57.2701789Z      74  74 │           if (
quality	Run repository quality gate	2026-10-05T13:26:57.2702082Z      75     │ - → → → → → !row·||
quality	Run repository quality gate	2026-10-05T13:26:57.2702415Z      76     │ - → → → → → !row.backgroundEnabled·||
quality	Run repository quality gate	2026-10-05T13:26:57.2702813Z          75 │ + → → → → → !row?.backgroundEnabled·||
quality	Run repository quality gate	2026-10-05T13:26:57.2703234Z      77  76 │             row.backgroundVersion !== claim.version
quality	Run repository quality gate	2026-10-05T13:26:57.2703590Z      78  77 │           )
quality	Run repository quality gate	2026-10-05T13:26:57.2703814Z
quality	Run repository quality gate	2026-10-05T13:26:57.2703916Z
quality	Run repository quality gate	2026-10-05T13:26:57.2704298Z src/tracking/tracking.service.ts:40:2 lint/correctness/noUnusedImports  FIXABLE  ━━━━━━━━━━━━━━━━━━━
quality	Run repository quality gate	2026-10-05T13:26:57.2704692Z
quality	Run repository quality gate	2026-10-05T13:26:57.2704802Z   ! Several of these imports are unused.
quality	Run repository quality gate	2026-10-05T13:26:57.2705062Z
quality	Run repository quality gate	2026-10-05T13:26:57.2705284Z     38 │ 	TrackingSettings,
quality	Run repository quality gate	2026-10-05T13:26:57.2705543Z     39 │ 	VerifyResult,
quality	Run repository quality gate	2026-10-05T13:26:57.2706181Z   > 40 │ 	VisitedPage,
quality	Run repository quality gate	2026-10-05T13:26:57.2706681Z        │ 	^^^^^^^^^^^
quality	Run repository quality gate	2026-10-05T13:26:57.2707211Z     41 │ 	WebsiteActivity,
quality	Run repository quality gate	2026-10-05T13:26:57.2707817Z     42 │ } from "./tracking.contracts";
quality	Run repository quality gate	2026-10-05T13:26:57.2708349Z
quality	Run repository quality gate	2026-10-05T13:26:57.2708865Z   i Unused imports might be the result of an incomplete refactoring.
quality	Run repository quality gate	2026-10-05T13:26:57.2709567Z
quality	Run repository quality gate	2026-10-05T13:26:57.2710041Z   i Unsafe fix: Remove the unused imports.
quality	Run repository quality gate	2026-10-05T13:26:57.2710455Z
quality	Run repository quality gate	2026-10-05T13:26:57.2710982Z      38  38 │     TrackingSettings,
quality	Run repository quality gate	2026-10-05T13:26:57.2711618Z      39  39 │     VerifyResult,
quality	Run repository quality gate	2026-10-05T13:26:57.2712306Z      40     │ - → VisitedPage,
quality	Run repository quality gate	2026-10-05T13:26:57.2712872Z      41  40 │     WebsiteActivity,
quality	Run repository quality gate	2026-10-05T13:26:57.2713503Z      42  41 │   } from "./tracking.contracts";
quality	Run repository quality gate	2026-10-05T13:26:57.2713985Z
quality	Run repository quality gate	2026-10-05T13:26:57.2714187Z
quality	Run repository quality gate	2026-10-05T13:26:57.2715115Z test/operations-postgres.integration.spec.ts:320:17 lint/style/noNonNullAssertion ━━━━━━━━━━━━━━━━━━
quality	Run repository quality gate	2026-10-05T13:26:57.2716060Z
quality	Run repository quality gate	2026-10-05T13:26:57.2716228Z   ! Forbidden non-null assertion.
quality	Run repository quality gate	2026-10-05T13:26:57.2716693Z
quality	Run repository quality gate	2026-10-05T13:26:57.2717068Z     318 │ 		});
quality	Run repository quality gate	2026-10-05T13:26:57.2717560Z     319 │ 		await db.contact.update({
quality	Run repository quality gate	2026-10-05T13:26:57.2718161Z   > 320 │ 			where: { id: receipts[0]!.entityId! },
quality	Run repository quality gate	2026-10-05T13:26:57.2718724Z         │ 			             ^^^^^^^^^^^^^^^^^^^^^^
quality	Run repository quality gate	2026-10-05T13:26:57.2719437Z     321 │ 			data: {
quality	Run repository quality gate	2026-10-05T13:26:57.2719880Z     322 │ 				title: "Edited after import",
quality	Run repository quality gate	2026-10-05T13:26:57.2720291Z
quality	Run repository quality gate	2026-10-05T13:26:57.2720450Z
quality	Run repository quality gate	2026-10-05T13:26:57.2721178Z test/operations-postgres.integration.spec.ts:320:17 lint/style/noNonNullAssertion  FIXABLE  ━━━━━━━━━━
quality	Run repository quality gate	2026-10-05T13:26:57.2722173Z
quality	Run repository quality gate	2026-10-05T13:26:57.2722351Z   ! Forbidden non-null assertion.
quality	Run repository quality gate	2026-10-05T13:26:57.2722767Z
quality	Run repository quality gate	2026-10-05T13:26:57.2723084Z     318 │ 		});
quality	Run repository quality gate	2026-10-05T13:26:57.2723481Z     319 │ 		await db.contact.update({
quality	Run repository quality gate	2026-10-05T13:26:57.2724063Z   > 320 │ 			where: { id: receipts[0]!.entityId! },
quality	Run repository quality gate	2026-10-05T13:26:57.2724821Z         │ 			             ^^^^^^^^^^^^
quality	Run repository quality gate	2026-10-05T13:26:57.2725438Z     321 │ 			data: {
quality	Run repository quality gate	2026-10-05T13:26:57.2726083Z     322 │ 				title: "Edited after import",
quality	Run repository quality gate	2026-10-05T13:26:57.2726560Z
quality	Run repository quality gate	2026-10-05T13:26:57.2727542Z   i Unsafe fix: Replace with optional chain operator ?. This operator includes runtime checks, so it is safer than the compile-only non-null assertion operator
quality	Run repository quality gate	2026-10-05T13:26:57.2728908Z
quality	Run repository quality gate	2026-10-05T13:26:57.2729447Z     318 318 │       });
quality	Run repository quality gate	2026-10-05T13:26:57.2730100Z     319 319 │       await db.contact.update({
quality	Run repository quality gate	2026-10-05T13:26:57.2730920Z     320     │ - → → → where:·{·id:·receipts[0]!.entityId!·},
quality	Run repository quality gate	2026-10-05T13:26:57.2731668Z         320 │ + → → → where:·{·id:·receipts[0]?.entityId!·},
quality	Run repository quality gate	2026-10-05T13:26:57.2732214Z     321 321 │         data: {
quality	Run repository quality gate	2026-10-05T13:26:57.2732730Z     322 322 │           title: "Edited after import",
quality	Run repository quality gate	2026-10-05T13:26:57.2733179Z
quality	Run repository quality gate	2026-10-05T13:26:57.2733336Z
quality	Run repository quality gate	2026-10-05T13:26:57.2733985Z test/operations-postgres.integration.spec.ts:340:19 lint/style/noNonNullAssertion ━━━━━━━━━━━━━━━━━━
quality	Run repository quality gate	2026-10-05T13:26:57.2734646Z
quality	Run repository quality gate	2026-10-05T13:26:57.2734797Z   ! Forbidden non-null assertion.
quality	Run repository quality gate	2026-10-05T13:26:57.2735193Z
quality	Run repository quality gate	2026-10-05T13:26:57.2735508Z     338 │ 			(
quality	Run repository quality gate	2026-10-05T13:26:57.2736219Z     339 │ 				await db.contact.findUniqueOrThrow({
quality	Run repository quality gate	2026-10-05T13:26:57.2736846Z   > 340 │ 					where: { id: receipts[0]!.entityId! },
quality	Run repository quality gate	2026-10-05T13:26:57.2737416Z         │ 					             ^^^^^^^^^^^^^^^^^^^^^^
quality	Run repository quality gate	2026-10-05T13:26:57.2737891Z     341 │ 				})
quality	Run repository quality gate	2026-10-05T13:26:57.2738275Z     342 │ 			).archivedAt,
quality	Run repository quality gate	2026-10-05T13:26:57.2738644Z
quality	Run repository quality gate	2026-10-05T13:26:57.2738834Z
quality	Run repository quality gate	2026-10-05T13:26:57.2739526Z test/operations-postgres.integration.spec.ts:340:19 lint/style/noNonNullAssertion  FIXABLE  ━━━━━━━━━━
quality	Run repository quality gate	2026-10-05T13:26:57.2740259Z
quality	Run repository quality gate	2026-10-05T13:26:57.2740423Z   ! Forbidden non-null assertion.
quality	Run repository quality gate	2026-10-05T13:26:57.2740835Z
quality	Run repository quality gate	2026-10-05T13:26:57.2741162Z     338 │ 			(
quality	Run repository quality gate	2026-10-05T13:26:57.2741641Z     339 │ 				await db.contact.findUniqueOrThrow({
quality	Run repository quality gate	2026-10-05T13:26:57.2742251Z   > 340 │ 					where: { id: receipts[0]!.entityId! },
quality	Run repository quality gate	2026-10-05T13:26:57.2742826Z         │ 					             ^^^^^^^^^^^^
quality	Run repository quality gate	2026-10-05T13:26:57.2743345Z     341 │ 				})
quality	Run repository quality gate	2026-10-05T13:26:57.2743712Z     342 │ 			).archivedAt,
quality	Run repository quality gate	2026-10-05T13:26:57.2744065Z
quality	Run repository quality gate	2026-10-05T13:26:57.2745081Z   i Unsafe fix: Replace with optional chain operator ?. This operator includes runtime checks, so it is safer than the compile-only non-null assertion operator
quality	Run repository quality gate	2026-10-05T13:26:57.2746586Z
quality	Run repository quality gate	2026-10-05T13:26:57.2746925Z     338 338 │         (
quality	Run repository quality gate	2026-10-05T13:26:57.2747419Z     339 339 │           await db.contact.findUniqueOrThrow({
quality	Run repository quality gate	2026-10-05T13:26:57.2748336Z     340     │ - → → → → → where:·{·id:·receipts[0]!.entityId!·},
quality	Run repository quality gate	2026-10-05T13:26:57.2749081Z         340 │ + → → → → → where:·{·id:·receipts[0]?.entityId!·},
quality	Run repository quality gate	2026-10-05T13:26:57.2749678Z     341 341 │           })
quality	Run repository quality gate	2026-10-05T13:26:57.2750127Z     342 342 │         ).archivedAt,
quality	Run repository quality gate	2026-10-05T13:26:57.2750535Z
quality	Run repository quality gate	2026-10-05T13:26:57.2750696Z
quality	Run repository quality gate	2026-10-05T13:26:57.2751347Z test/operations-postgres.integration.spec.ts:564:17 lint/style/noNonNullAssertion ━━━━━━━━━━━━━━━━━━
quality	Run repository quality gate	2026-10-05T13:26:57.2751778Z
quality	Run repository quality gate	2026-10-05T13:26:57.2751880Z   ! Forbidden non-null assertion.
quality	Run repository quality gate	2026-10-05T13:26:57.2752135Z
quality	Run repository quality gate	2026-10-05T13:26:57.2752341Z     562 │ 		]);
quality	Run repository quality gate	2026-10-05T13:26:57.2752647Z     563 │ 		expect(claims.filter(Boolean).length).toBe(1);
quality	Run repository quality gate	2026-10-05T13:26:57.2753064Z   > 564 │ 		const claim = claims.find(Boolean)!;
quality	Run repository quality gate	2026-10-05T13:26:57.2753407Z         │ 		              ^^^^^^^^^^^^^^^^^^^^^
quality	Run repository quality gate	2026-10-05T13:26:57.2753801Z     565 │ 		expect(claim.sessionId).toBe(f.identity.sessionId);
quality	Run repository quality gate	2026-10-05T13:26:57.2754292Z     566 │ 		expect(claim.rootSessionId).not.toBe(claim.sessionId);
quality	Run repository quality gate	2026-10-05T13:26:57.2754636Z
quality	Run repository quality gate	2026-10-05T13:26:57.2754739Z
quality	Run repository quality gate	2026-10-05T13:26:57.2755133Z test/operations-postgres.integration.spec.ts:575:17 lint/style/noNonNullAssertion ━━━━━━━━━━━━━━━━━━
quality	Run repository quality gate	2026-10-05T13:26:57.2755547Z
quality	Run repository quality gate	2026-10-05T13:26:57.2755874Z   ! Forbidden non-null assertion.
quality	Run repository quality gate	2026-10-05T13:26:57.2756213Z
quality	Run repository quality gate	2026-10-05T13:26:57.2756733Z     573 │ 	it("one-time transport admission and exact request binding survive new store instances", async () => {
quality	Run repository quality gate	2026-10-05T13:26:57.2757307Z     574 │ 		const f = await fixture("admit");
quality	Run repository quality gate	2026-10-05T13:26:57.2757701Z   > 575 │ 		const claim = (await f.store.claim(f.ticket.id))!;
quality	Run repository quality gate	2026-10-05T13:26:57.2758107Z         │ 		              ^^^^^^^^^^^^^^^^^^^^^^^^^^^^^^^^^^^
quality	Run repository quality gate	2026-10-05T13:26:57.2758432Z     576 │ 		expect(
quality	Run repository quality gate	2026-10-05T13:26:57.2758841Z     577 │ 			await f.store.admitDelivery({ ...claim, sessionId: "different-child" }),
quality	Run repository quality gate	2026-10-05T13:26:57.2759248Z
quality	Run repository quality gate	2026-10-05T13:26:57.2759363Z
quality	Run repository quality gate	2026-10-05T13:26:57.2759483Z Checked 277 files in 1424ms. No fixes applied.
quality	Run repository quality gate	2026-10-05T13:26:57.2759786Z Found 12 warnings.
quality	Run repository quality gate	2026-10-05T13:26:57.2759990Z Found 1 info.
quality	Run repository quality gate	2026-10-05T13:26:57.2760454Z ##[endgroup]
quality	Run repository quality gate	2026-10-05T13:26:57.2760576Z
quality	Run repository quality gate	2026-10-05T13:26:57.2760679Z  Tasks:    9 successful, 9 total
quality	Run repository quality gate	2026-10-05T13:26:57.2760938Z Cached:    0 cached, 9 total
quality	Run repository quality gate	2026-10-05T13:26:57.2761178Z   Time:    1.67s
quality	Run repository quality gate	2026-10-05T13:26:57.2761304Z
quality	Run repository quality gate	2026-10-05T13:26:57.2798409Z
quality	Run repository quality gate	2026-10-05T13:26:57.2798597Z > bun run check-types
quality	Run repository quality gate	2026-10-05T13:26:57.2827410Z $ turbo run check-types
quality	Run repository quality gate	2026-10-05T13:26:57.3737692Z
quality	Run repository quality gate	2026-10-05T13:26:57.3740717Z    • Packages in scope: @crm/action-registry, @crm/agent-action-runtime, @crm/auth, @crm/db, @crm/env, @crm/integration-runtime, @crm/migration-core, @crm/migration-runtime, @crm/pipeline-core, @crm/pipeline-runtime, @crm/security-core, @crm/telemetry, @crm/typescript-config, @crm/ui, @crm/validation, agent, api, app
quality	Run repository quality gate	2026-10-05T13:26:57.3743934Z    • Running check-types in 18 packages
quality	Run repository quality gate	2026-10-05T13:26:57.3756807Z    • Remote caching disabled
quality	Run repository quality gate	2026-10-05T13:26:57.3757493Z
quality	Run repository quality gate	2026-10-05T13:26:57.8276522Z ##[group]app:typegen
quality	Run repository quality gate	2026-10-05T13:26:57.8286649Z cache miss, executing 170ade75f117e6ab
quality	Run repository quality gate	2026-10-05T13:26:57.8319216Z $ next typegen
quality	Run repository quality gate	2026-10-05T13:26:57.8336432Z Generating route types...
quality	Run repository quality gate	2026-10-05T13:26:57.8340253Z ✓ Types generated successfully
quality	Run repository quality gate	2026-10-05T13:26:57.8366849Z ##[endgroup]
quality	Run repository quality gate	2026-10-05T13:26:58.9297145Z ##[group]@crm/env:check-types
quality	Run repository quality gate	2026-10-05T13:26:58.9297801Z cache miss, executing fb1dc4bf623bb611
quality	Run repository quality gate	2026-10-05T13:26:58.9298408Z $ tsc --noEmit
quality	Run repository quality gate	2026-10-05T13:26:58.9299202Z ##[endgroup]
quality	Run repository quality gate	2026-10-05T13:26:59.8926852Z ##[group]@crm/db:build
quality	Run repository quality gate	2026-10-05T13:26:59.8927401Z cache miss, executing 44598decfbcad5cc
quality	Run repository quality gate	2026-10-05T13:26:59.8927923Z $ prisma generate
quality	Run repository quality gate	2026-10-05T13:26:59.8928690Z Loaded Prisma config from prisma.config.ts.
quality	Run repository quality gate	2026-10-05T13:26:59.8929084Z
quality	Run repository quality gate	2026-10-05T13:26:59.8929359Z Prisma schema loaded from prisma/schema.prisma.
quality	Run repository quality gate	2026-10-05T13:26:59.8929790Z
quality	Run repository quality gate	2026-10-05T13:26:59.8930694Z ✔ Generated Prisma Client (7.9.1) to ./src/generated/prisma in 645ms
quality	Run repository quality gate	2026-10-05T13:26:59.8931283Z
quality	Run repository quality gate	2026-10-05T13:26:59.8931794Z ##[endgroup]
quality	Run repository quality gate	2026-10-05T13:27:00.0787382Z ##[group]api:build
quality	Run repository quality gate	2026-10-05T13:27:00.0816651Z cache miss, executing 472c29ebd79dba95
quality	Run repository quality gate	2026-10-05T13:27:00.0817544Z $ bun build src/main.ts --target=bun --outdir dist --packages=external --sourcemap
quality	Run repository quality gate	2026-10-05T13:27:00.0818371Z Bundled 206 modules in 152ms
quality	Run repository quality gate	2026-10-05T13:27:00.0818682Z
quality	Run repository quality gate	2026-10-05T13:27:00.0818867Z   main.js      0.84 MB  (entry point)
quality	Run repository quality gate	2026-10-05T13:27:00.0819385Z   main.js.map  1.49 MB  (source map)
quality	Run repository quality gate	2026-10-05T13:27:00.0819701Z
quality	Run repository quality gate	2026-10-05T13:27:00.0820213Z ##[endgroup]
quality	Run repository quality gate	2026-10-05T13:27:04.2875105Z ##[group]api:trpc:generate
quality	Run repository quality gate	2026-10-05T13:27:04.2930873Z cache miss, executing a2c5eb5dba0238b2
quality	Run repository quality gate	2026-10-05T13:27:04.3037453Z $ nestjs-trpc generate -e src/app.module.ts -r "**/*.router.ts" -o src/generated
quality	Run repository quality gate	2026-10-05T13:27:04.3136984Z ✓ Generated server.ts successfully!
quality	Run repository quality gate	2026-10-05T13:27:04.3178194Z
quality	Run repository quality gate	2026-10-05T13:27:04.3266158Z   Output:     /home/runner/work/tayvero/tayvero/apps/api/src/generated/server.ts
quality	Run repository quality gate	2026-10-05T13:27:04.3346761Z   Routers:    24
quality	Run repository quality gate	2026-10-05T13:27:04.3428765Z   Procedures: 185
quality	Run repository quality gate	2026-10-05T13:27:04.3486169Z
quality	Run repository quality gate	2026-10-05T13:27:04.3487109Z ##[endgroup]
quality	Run repository quality gate	2026-10-05T13:27:08.0190661Z ##[group]@crm/validation:check-types
quality	Run repository quality gate	2026-10-05T13:27:08.0306734Z cache miss, executing 233ca5ea17bbc66a
quality	Run repository quality gate	2026-10-05T13:27:08.0415392Z $ tsc --noEmit
quality	Run repository quality gate	2026-10-05T13:27:08.0626951Z ##[endgroup]
quality	Run repository quality gate	2026-10-05T13:27:11.6907087Z ##[group]@crm/telemetry:check-types
quality	Run repository quality gate	2026-10-05T13:27:11.6937099Z cache miss, executing 1a64489f302f60f3
quality	Run repository quality gate	2026-10-05T13:27:11.6937995Z $ tsc --noEmit
quality	Run repository quality gate	2026-10-05T13:27:11.6966754Z ##[endgroup]
quality	Run repository quality gate	2026-10-05T13:27:14.2268674Z ##[group]@crm/db:check-types
quality	Run repository quality gate	2026-10-05T13:27:14.2356698Z cache miss, executing 95566ceb99421333
quality	Run repository quality gate	2026-10-05T13:27:14.2446522Z $ tsc --noEmit
quality	Run repository quality gate	2026-10-05T13:27:14.2536819Z ##[endgroup]
quality	Run repository quality gate	2026-10-05T13:27:17.4665438Z ##[group]@crm/auth:check-types
quality	Run repository quality gate	2026-10-05T13:27:17.4716639Z cache miss, executing d36af519aca8f515
quality	Run repository quality gate	2026-10-05T13:27:17.4752579Z $ tsc --noEmit
quality	Run repository quality gate	2026-10-05T13:27:17.4753652Z ##[endgroup]
quality	Run repository quality gate	2026-10-05T13:27:20.0657030Z ##[group]@crm/ui:check-types
quality	Run repository quality gate	2026-10-05T13:27:20.0666953Z cache miss, executing bbef54f6819f2e85
quality	Run repository quality gate	2026-10-05T13:27:20.0696315Z $ tsc --noEmit
quality	Run repository quality gate	2026-10-05T13:27:20.0697081Z ##[endgroup]
quality	Run repository quality gate	2026-10-05T13:27:20.3311711Z ##[group]agent:check-types
quality	Run repository quality gate	2026-10-05T13:27:20.3313395Z cache miss, executing e6c584f23025861a
quality	Run repository quality gate	2026-10-05T13:27:20.3314395Z $ tsc --noEmit
quality	Run repository quality gate	2026-10-05T13:27:20.3315115Z ##[endgroup]
quality	Run repository quality gate	2026-10-05T13:27:30.8964041Z ##[group]api:check-types
quality	Run repository quality gate	2026-10-05T13:27:30.8964594Z cache miss, executing be9845314d3b49a3
quality	Run repository quality gate	2026-10-05T13:27:30.8965079Z $ tsc --noEmit
quality	Run repository quality gate	2026-10-05T13:27:30.8966008Z ##[endgroup]
quality	Run repository quality gate	2026-10-05T13:27:35.6955238Z ##[group]app:check-types
quality	Run repository quality gate	2026-10-05T13:27:35.6956029Z cache miss, executing eaa977b6f7e35467
quality	Run repository quality gate	2026-10-05T13:27:35.6956547Z $ tsc --noEmit
quality	Run repository quality gate	2026-10-05T13:27:35.6957510Z ##[endgroup]
quality	Run repository quality gate	2026-10-05T13:27:35.6962727Z
quality	Run repository quality gate	2026-10-05T13:27:35.6962967Z  Tasks:    13 successful, 13 total
quality	Run repository quality gate	2026-10-05T13:27:35.6963486Z Cached:    0 cached, 13 total
quality	Run repository quality gate	2026-10-05T13:27:35.6963904Z   Time:    38.379s
quality	Run repository quality gate	2026-10-05T13:27:35.6964134Z
quality	Run repository quality gate	2026-10-05T13:27:35.7075228Z
quality	Run repository quality gate	2026-10-05T13:27:35.7075899Z > bun run test
quality	Run repository quality gate	2026-10-05T13:27:35.7106360Z $ turbo run test --concurrency=1
quality	Run repository quality gate	2026-10-05T13:27:35.8122179Z
quality	Run repository quality gate	2026-10-05T13:27:35.8124957Z    • Packages in scope: @crm/action-registry, @crm/agent-action-runtime, @crm/auth, @crm/db, @crm/env, @crm/integration-runtime, @crm/migration-core, @crm/migration-runtime, @crm/pipeline-core, @crm/pipeline-runtime, @crm/security-core, @crm/telemetry, @crm/typescript-config, @crm/ui, @crm/validation, agent, api, app
quality	Run repository quality gate	2026-10-05T13:27:35.8127671Z    • Running test in 18 packages
quality	Run repository quality gate	2026-10-05T13:27:35.8128235Z    • Remote caching disabled
quality	Run repository quality gate	2026-10-05T13:27:35.8128943Z
quality	Run repository quality gate	2026-10-05T13:27:35.9508422Z ##[group]@crm/action-registry:test
quality	Run repository quality gate	2026-10-05T13:27:35.9508854Z cache miss, executing b61fa426100cba41
quality	Run repository quality gate	2026-10-05T13:27:35.9509240Z $ node --test ./test/*.test.mjs
quality	Run repository quality gate	2026-10-05T13:27:35.9509971Z TAP version 13
quality	Run repository quality gate	2026-10-05T13:27:35.9510391Z # Subtest: registers immutable typed action entries without exposing a direct execution path
quality	Run repository quality gate	2026-10-05T13:27:35.9511275Z ok 1 - registers immutable typed action entries without exposing a direct execution path
quality	Run repository quality gate	2026-10-05T13:27:35.9512010Z   ---
quality	Run repository quality gate	2026-10-05T13:27:35.9512333Z   duration_ms: 1.996412
quality	Run repository quality gate	2026-10-05T13:27:35.9512708Z   type: 'test'
quality	Run repository quality gate	2026-10-05T13:27:35.9512956Z   ...
quality	Run repository quality gate	2026-10-05T13:27:35.9513352Z # Subtest: normalizes legacy risk and idempotency vocabulary into the governed runtime contract
quality	Run repository quality gate	2026-10-05T13:27:35.9513999Z ok 2 - normalizes legacy risk and idempotency vocabulary into the governed runtime contract
quality	Run repository quality gate	2026-10-05T13:27:35.9514503Z   ---
quality	Run repository quality gate	2026-10-05T13:27:35.9514844Z   duration_ms: 0.461895
quality	Run repository quality gate	2026-10-05T13:27:35.9515232Z   type: 'test'
quality	Run repository quality gate	2026-10-05T13:27:35.9515570Z   ...
quality	Run repository quality gate	2026-10-05T13:27:35.9516378Z # Subtest: converts JSON schemas into runtime validators
quality	Run repository quality gate	2026-10-05T13:27:35.9516901Z ok 3 - converts JSON schemas into runtime validators
quality	Run repository quality gate	2026-10-05T13:27:35.9517236Z   ---
quality	Run repository quality gate	2026-10-05T13:27:35.9517444Z   duration_ms: 1.367673
quality	Run repository quality gate	2026-10-05T13:27:35.9517674Z   type: 'test'
quality	Run repository quality gate	2026-10-05T13:27:35.9517876Z   ...
quality	Run repository quality gate	2026-10-05T13:27:35.9518239Z # Subtest: defensively snapshots schemas, metadata, permissions and retry configuration
quality	Run repository quality gate	2026-10-05T13:27:35.9518840Z ok 4 - defensively snapshots schemas, metadata, permissions and retry configuration
quality	Run repository quality gate	2026-10-05T13:27:35.9519265Z   ---
quality	Run repository quality gate	2026-10-05T13:27:35.9519456Z   duration_ms: 0.398767
quality	Run repository quality gate	2026-10-05T13:27:35.9519681Z   type: 'test'
quality	Run repository quality gate	2026-10-05T13:27:35.9519875Z   ...
quality	Run repository quality gate	2026-10-05T13:27:35.9520100Z # Subtest: rejects duplicate action identifiers
quality	Run repository quality gate	2026-10-05T13:27:35.9520443Z ok 5 - rejects duplicate action identifiers
quality	Run repository quality gate	2026-10-05T13:27:35.9520738Z   ---
quality	Run repository quality gate	2026-10-05T13:27:35.9520935Z   duration_ms: 0.361488
quality	Run repository quality gate	2026-10-05T13:27:35.9521166Z   type: 'test'
quality	Run repository quality gate	2026-10-05T13:27:35.9521354Z   ...
quality	Run repository quality gate	2026-10-05T13:27:35.9521733Z # Subtest: rejects execution-state options because execution belongs to the governed runtime
quality	Run repository quality gate	2026-10-05T13:27:35.9522402Z ok 6 - rejects execution-state options because execution belongs to the governed runtime
quality	Run repository quality gate	2026-10-05T13:27:35.9522851Z   ---
quality	Run repository quality gate	2026-10-05T13:27:35.9523044Z   duration_ms: 0.241633
quality	Run repository quality gate	2026-10-05T13:27:35.9523277Z   type: 'test'
quality	Run repository quality gate	2026-10-05T13:27:35.9523474Z   ...
quality	Run repository quality gate	2026-10-05T13:27:35.9523726Z # Subtest: rejects a mutating manifest without idempotency
quality	Run repository quality gate	2026-10-05T13:27:35.9524115Z ok 7 - rejects a mutating manifest without idempotency
quality	Run repository quality gate	2026-10-05T13:27:35.9524425Z   ---
quality	Run repository quality gate	2026-10-05T13:27:35.9524615Z   duration_ms: 0.26651
quality	Run repository quality gate	2026-10-05T13:27:35.9524838Z   type: 'test'
quality	Run repository quality gate	2026-10-05T13:27:35.9525032Z   ...
quality	Run repository quality gate	2026-10-05T13:27:35.9525281Z # Subtest: rejects manifests without explicit permissions
quality	Run repository quality gate	2026-10-05T13:27:35.9526990Z ok 8 - rejects manifests without explicit permissions
quality	Run repository quality gate	2026-10-05T13:27:35.9527427Z   ---
quality	Run repository quality gate	2026-10-05T13:27:35.9527646Z   duration_ms: 0.252894
quality	Run repository quality gate	2026-10-05T13:27:35.9527875Z   type: 'test'
quality	Run repository quality gate	2026-10-05T13:27:35.9528073Z   ...
quality	Run repository quality gate	2026-10-05T13:27:35.9528343Z # Subtest: rejects unsafe retry policies for mutating actions
quality	Run repository quality gate	2026-10-05T13:27:35.9528753Z ok 9 - rejects unsafe retry policies for mutating actions
quality	Run repository quality gate	2026-10-05T13:27:35.9529078Z   ---
quality	Run repository quality gate	2026-10-05T13:27:35.9529263Z   duration_ms: 0.601969
quality	Run repository quality gate	2026-10-05T13:27:35.9529480Z   type: 'test'
quality	Run repository quality gate	2026-10-05T13:27:35.9529676Z   ...
quality	Run repository quality gate	2026-10-05T13:27:35.9529950Z # Subtest: rejects non-integer and non-finite retry configuration
quality	Run repository quality gate	2026-10-05T13:27:35.9530389Z ok 10 - rejects non-integer and non-finite retry configuration
quality	Run repository quality gate	2026-10-05T13:27:35.9530728Z   ---
quality	Run repository quality gate	2026-10-05T13:27:35.9530914Z   duration_ms: 0.789751
quality	Run repository quality gate	2026-10-05T13:27:35.9531134Z   type: 'test'
quality	Run repository quality gate	2026-10-05T13:27:35.9531323Z   ...
quality	Run repository quality gate	2026-10-05T13:27:35.9531687Z # Subtest: registerMany accepts tuple and entry forms and returns stable sorted manifests
quality	Run repository quality gate	2026-10-05T13:27:35.9532283Z ok 11 - registerMany accepts tuple and entry forms and returns stable sorted manifests
quality	Run repository quality gate	2026-10-05T13:27:35.9532913Z   ---
quality	Run repository quality gate	2026-10-05T13:27:35.9533110Z   duration_ms: 7.716553
quality	Run repository quality gate	2026-10-05T13:27:35.9533327Z   type: 'test'
quality	Run repository quality gate	2026-10-05T13:27:35.9533522Z   ...
quality	Run repository quality gate	2026-10-05T13:27:35.9533953Z # Subtest: requires own properties instead of inherited prototype properties
quality	Run repository quality gate	2026-10-05T13:27:35.9534489Z ok 12 - requires own properties instead of inherited prototype properties
quality	Run repository quality gate	2026-10-05T13:27:35.9534872Z   ---
quality	Run repository quality gate	2026-10-05T13:27:35.9535062Z   duration_ms: 1.054717
quality	Run repository quality gate	2026-10-05T13:27:35.9535291Z   type: 'test'
quality	Run repository quality gate	2026-10-05T13:27:35.9535483Z   ...
quality	Run repository quality gate	2026-10-05T13:27:35.9536000Z # Subtest: rejects unsafe JSON-schema and metadata object keys
quality	Run repository quality gate	2026-10-05T13:27:35.9536427Z ok 13 - rejects unsafe JSON-schema and metadata object keys
quality	Run repository quality gate	2026-10-05T13:27:35.9536742Z   ---
quality	Run repository quality gate	2026-10-05T13:27:35.9536932Z   duration_ms: 0.256961
quality	Run repository quality gate	2026-10-05T13:27:35.9537159Z   type: 'test'
quality	Run repository quality gate	2026-10-05T13:27:35.9537414Z   ...
quality	Run repository quality gate	2026-10-05T13:27:35.9537729Z 1..13
quality	Run repository quality gate	2026-10-05T13:27:35.9537923Z # tests 13
quality	Run repository quality gate	2026-10-05T13:27:35.9538258Z # suites 0
quality	Run repository quality gate	2026-10-05T13:27:35.9538584Z # pass 13
quality	Run repository quality gate	2026-10-05T13:27:35.9538900Z # fail 0
quality	Run repository quality gate	2026-10-05T13:27:35.9539187Z # cancelled 0
quality	Run repository quality gate	2026-10-05T13:27:35.9539514Z # skipped 0
quality	Run repository quality gate	2026-10-05T13:27:35.9539864Z # todo 0
quality	Run repository quality gate	2026-10-05T13:27:35.9540213Z # duration_ms 88.343289
quality	Run repository quality gate	2026-10-05T13:27:35.9541023Z ##[endgroup]
quality	Run repository quality gate	2026-10-05T13:27:36.2473695Z ##[group]@crm/integration-runtime:test
quality	Run repository quality gate	2026-10-05T13:27:36.2474340Z cache miss, executing d17142f1015cdaa6
quality	Run repository quality gate	2026-10-05T13:27:36.2474810Z $ node --test ./test/*.test.mjs
quality	Run repository quality gate	2026-10-05T13:27:36.2475229Z TAP version 13
quality	Run repository quality gate	2026-10-05T13:27:36.2476232Z # Subtest: blocks private, loopback, link-local, metadata, documentation and multicast IP ranges
quality	Run repository quality gate	2026-10-05T13:27:36.2477384Z ok 1 - blocks private, loopback, link-local, metadata, documentation and multicast IP ranges
quality	Run repository quality gate	2026-10-05T13:27:36.2478178Z   ---
quality	Run repository quality gate	2026-10-05T13:27:36.2478502Z   duration_ms: 6.171828
quality	Run repository quality gate	2026-10-05T13:27:36.2478882Z   type: 'test'
quality	Run repository quality gate	2026-10-05T13:27:36.2479210Z   ...
quality	Run repository quality gate	2026-10-05T13:27:36.2479703Z # Subtest: rejects URL credentials and DNS rebinding to a private address
quality	Run repository quality gate	2026-10-05T13:27:36.2480581Z ok 2 - rejects URL credentials and DNS rebinding to a private address
quality	Run repository quality gate	2026-10-05T13:27:36.2481160Z   ---
quality	Run repository quality gate	2026-10-05T13:27:36.2481489Z   duration_ms: 0.961803
quality	Run repository quality gate	2026-10-05T13:27:36.2481924Z   type: 'test'
quality	Run repository quality gate	2026-10-05T13:27:36.2482276Z   ...
quality	Run repository quality gate	2026-10-05T13:27:36.2482677Z # Subtest: enforces connector host allowlists
quality	Run repository quality gate	2026-10-05T13:27:36.2483238Z ok 3 - enforces connector host allowlists
quality	Run repository quality gate	2026-10-05T13:27:36.2483719Z   ---
quality	Run repository quality gate	2026-10-05T13:27:36.2484070Z   duration_ms: 0.373621
quality	Run repository quality gate	2026-10-05T13:27:36.2484463Z   type: 'test'
quality	Run repository quality gate	2026-10-05T13:27:36.2484814Z   ...
quality	Run repository quality gate	2026-10-05T13:27:36.2485275Z # Subtest: executes a pinned bounded request and parses JSON
quality	Run repository quality gate	2026-10-05T13:27:36.2486237Z ok 4 - executes a pinned bounded request and parses JSON
quality	Run repository quality gate	2026-10-05T13:27:36.2486798Z   ---
quality	Run repository quality gate	2026-10-05T13:27:36.2487132Z   duration_ms: 20.258211
quality	Run repository quality gate	2026-10-05T13:27:36.2487538Z   type: 'test'
quality	Run repository quality gate	2026-10-05T13:27:36.2487887Z   ...
quality	Run repository quality gate	2026-10-05T13:27:36.2488284Z # Subtest: rejects mutation retry without idempotency
quality	Run repository quality gate	2026-10-05T13:27:36.2488870Z ok 5 - rejects mutation retry without idempotency
quality	Run repository quality gate	2026-10-05T13:27:36.2489390Z   ---
quality	Run repository quality gate	2026-10-05T13:27:36.2489792Z   duration_ms: 0.694051
quality	Run repository quality gate	2026-10-05T13:27:36.2490228Z   type: 'test'
quality	Run repository quality gate	2026-10-05T13:27:36.2490573Z   ...
quality	Run repository quality gate	2026-10-05T13:27:36.2490988Z # Subtest: rejects redirect to a private destination
quality	Run repository quality gate	2026-10-05T13:27:36.2491590Z ok 6 - rejects redirect to a private destination
quality	Run repository quality gate	2026-10-05T13:27:36.2492096Z   ---
quality	Run repository quality gate	2026-10-05T13:27:36.2492305Z   duration_ms: 6.453126
quality	Run repository quality gate	2026-10-05T13:27:36.2492532Z   type: 'test'
quality	Run repository quality gate	2026-10-05T13:27:36.2492733Z   ...
quality	Run repository quality gate	2026-10-05T13:27:36.2492965Z # Subtest: verifies HMAC webhooks and rejects replay
quality	Run repository quality gate	2026-10-05T13:27:36.2493326Z ok 7 - verifies HMAC webhooks and rejects replay
quality	Run repository quality gate	2026-10-05T13:27:36.2493630Z   ---
quality	Run repository quality gate	2026-10-05T13:27:36.2493821Z   duration_ms: 1.662577
quality	Run repository quality gate	2026-10-05T13:27:36.2494047Z   type: 'test'
quality	Run repository quality gate	2026-10-05T13:27:36.2494244Z   ...
quality	Run repository quality gate	2026-10-05T13:27:36.2494460Z # Subtest: rejects tampered webhook body
quality	Run repository quality gate	2026-10-05T13:27:36.2494971Z ok 8 - rejects tampered webhook body
quality	Run repository quality gate	2026-10-05T13:27:36.2495232Z   ---
quality	Run repository quality gate	2026-10-05T13:27:36.2495424Z   duration_ms: 0.6245
quality	Run repository quality gate	2026-10-05T13:27:36.2495644Z   type: 'test'
quality	Run repository quality gate	2026-10-05T13:27:36.2496244Z   ...
quality	Run repository quality gate	2026-10-05T13:27:36.2496890Z # Subtest: compiles bounded OpenAPI operations and classifies risk
quality	Run repository quality gate	2026-10-05T13:27:36.2497346Z ok 9 - compiles bounded OpenAPI operations and classifies risk
quality	Run repository quality gate	2026-10-05T13:27:36.2497696Z   ---
quality	Run repository quality gate	2026-10-05T13:27:36.2497897Z   duration_ms: 1.133885
quality	Run repository quality gate	2026-10-05T13:27:36.2498127Z   type: 'test'
quality	Run repository quality gate	2026-10-05T13:27:36.2498317Z   ...
quality	Run repository quality gate	2026-10-05T13:27:36.2498533Z # Subtest: rejects external OpenAPI references
quality	Run repository quality gate	2026-10-05T13:27:36.2498865Z ok 10 - rejects external OpenAPI references
quality	Run repository quality gate	2026-10-05T13:27:36.2499143Z   ---
quality	Run repository quality gate	2026-10-05T13:27:36.2499337Z   duration_ms: 0.504475
quality	Run repository quality gate	2026-10-05T13:27:36.2499556Z   type: 'test'
quality	Run repository quality gate	2026-10-05T13:27:36.2499745Z   ...
quality	Run repository quality gate	2026-10-05T13:27:36.2500036Z # Subtest: rejects malformed resolver results before opening a socket
quality	Run repository quality gate	2026-10-05T13:27:36.2500499Z ok 11 - rejects malformed resolver results before opening a socket
quality	Run repository quality gate	2026-10-05T13:27:36.2501039Z   ---
quality	Run repository quality gate	2026-10-05T13:27:36.2501244Z   duration_ms: 0.495319
quality	Run repository quality gate	2026-10-05T13:27:36.2501471Z   type: 'test'
quality	Run repository quality gate	2026-10-05T13:27:36.2501673Z   ...
quality	Run repository quality gate	2026-10-05T13:27:36.2501900Z # Subtest: validates the retry-delay boundary
quality	Run repository quality gate	2026-10-05T13:27:36.2502230Z ok 12 - validates the retry-delay boundary
quality	Run repository quality gate	2026-10-05T13:27:36.2502503Z   ---
quality	Run repository quality gate	2026-10-05T13:27:36.2502688Z   duration_ms: 0.383218
quality	Run repository quality gate	2026-10-05T13:27:36.2502913Z   type: 'test'
quality	Run repository quality gate	2026-10-05T13:27:36.2503105Z   ...
quality	Run repository quality gate	2026-10-05T13:27:36.2503445Z # Subtest: enforces a total request deadline even while response bytes keep arriving
quality	Run repository quality gate	2026-10-05T13:27:36.2504007Z ok 13 - enforces a total request deadline even while response bytes keep arriving
quality	Run repository quality gate	2026-10-05T13:27:36.2504410Z   ---
quality	Run repository quality gate	2026-10-05T13:27:36.2504614Z   duration_ms: 101.430006
quality	Run repository quality gate	2026-10-05T13:27:36.2504842Z   type: 'test'
quality	Run repository quality gate	2026-10-05T13:27:36.2505036Z   ...
quality	Run repository quality gate	2026-10-05T13:27:36.2505397Z # Subtest: SSRF: all mapped, expanded, reserved and transition representations are blocked
quality	Run repository quality gate	2026-10-05T13:27:36.2506263Z ok 14 - SSRF: all mapped, expanded, reserved and transition representations are blocked
quality	Run repository quality gate	2026-10-05T13:27:36.2506696Z   ---
quality	Run repository quality gate	2026-10-05T13:27:36.2506886Z   duration_ms: 6.465189
quality	Run repository quality gate	2026-10-05T13:27:36.2507125Z   type: 'test'
quality	Run repository quality gate	2026-10-05T13:27:36.2507319Z   ...
quality	Run repository quality gate	2026-10-05T13:27:36.2507660Z # Subtest: HTTP: cross-origin redirect cannot forward secrets or reach its destination
quality	Run repository quality gate	2026-10-05T13:27:36.2508236Z ok 15 - HTTP: cross-origin redirect cannot forward secrets or reach its destination
quality	Run repository quality gate	2026-10-05T13:27:36.2508637Z   ---
quality	Run repository quality gate	2026-10-05T13:27:36.2508834Z   duration_ms: 22.704236
quality	Run repository quality gate	2026-10-05T13:27:36.2509059Z   type: 'test'
quality	Run repository quality gate	2026-10-05T13:27:36.2509252Z   ...
quality	Run repository quality gate	2026-10-05T13:27:36.2509511Z # Subtest: HTTP: safe same-origin GET redirect still works
quality	Run repository quality gate	2026-10-05T13:27:36.2509894Z ok 16 - HTTP: safe same-origin GET redirect still works
quality	Run repository quality gate	2026-10-05T13:27:36.2510205Z   ---
quality	Run repository quality gate	2026-10-05T13:27:36.2510392Z   duration_ms: 8.75503
quality	Run repository quality gate	2026-10-05T13:27:36.2510611Z   type: 'test'
quality	Run repository quality gate	2026-10-05T13:27:36.2510817Z   ...
quality	Run repository quality gate	2026-10-05T13:27:36.2511163Z # Subtest: HTTP: an idempotency header alone does not prove the provider can safely retry
quality	Run repository quality gate	2026-10-05T13:27:36.2511749Z ok 17 - HTTP: an idempotency header alone does not prove the provider can safely retry
quality	Run repository quality gate	2026-10-05T13:27:36.2512165Z   ---
quality	Run repository quality gate	2026-10-05T13:27:36.2512352Z   duration_ms: 0.3841
quality	Run repository quality gate	2026-10-05T13:27:36.2512577Z   type: 'test'
quality	Run repository quality gate	2026-10-05T13:27:36.2512772Z   ...
quality	Run repository quality gate	2026-10-05T13:27:36.2513051Z # Subtest: HTTP: abort before dispatch performs no DNS lookup
quality	Run repository quality gate	2026-10-05T13:27:36.2513463Z ok 18 - HTTP: abort before dispatch performs no DNS lookup
quality	Run repository quality gate	2026-10-05T13:27:36.2513785Z   ---
quality	Run repository quality gate	2026-10-05T13:27:36.2513981Z   duration_ms: 0.330489
quality	Run repository quality gate	2026-10-05T13:27:36.2514200Z   type: 'test'
quality	Run repository quality gate	2026-10-05T13:27:36.2514400Z   ...
quality	Run repository quality gate	2026-10-05T13:27:36.2514648Z # Subtest: HTTP: deadline includes stalled DNS resolution
quality	Run repository quality gate	2026-10-05T13:27:36.2515160Z ok 19 - HTTP: deadline includes stalled DNS resolution
quality	Run repository quality gate	2026-10-05T13:27:36.2515896Z   ---
quality	Run repository quality gate	2026-10-05T13:27:36.2516244Z   duration_ms: 100.806678
quality	Run repository quality gate	2026-10-05T13:27:36.2516798Z   type: 'test'
quality	Run repository quality gate	2026-10-05T13:27:36.2516999Z   ...
quality	Run repository quality gate	2026-10-05T13:27:36.2517281Z # Subtest: Webhook: replay protection must not silently disappear
quality	Run repository quality gate	2026-10-05T13:27:36.2517732Z ok 20 - Webhook: replay protection must not silently disappear
quality	Run repository quality gate	2026-10-05T13:27:36.2518208Z   ---
quality	Run repository quality gate	2026-10-05T13:27:36.2518404Z   duration_ms: 1.377562
quality	Run repository quality gate	2026-10-05T13:27:36.2518627Z   type: 'test'
quality	Run repository quality gate	2026-10-05T13:27:36.2518823Z   ...
quality	Run repository quality gate	2026-10-05T13:27:36.2519117Z # Subtest: Webhook: ambiguous duplicate signature fields are rejected
quality	Run repository quality gate	2026-10-05T13:27:36.2519578Z ok 21 - Webhook: ambiguous duplicate signature fields are rejected
quality	Run repository quality gate	2026-10-05T13:27:36.2519930Z   ---
quality	Run repository quality gate	2026-10-05T13:27:36.2520124Z   duration_ms: 0.371316
quality	Run repository quality gate	2026-10-05T13:27:36.2520349Z   type: 'test'
quality	Run repository quality gate	2026-10-05T13:27:36.2520551Z   ...
quality	Run repository quality gate	2026-10-05T13:27:36.2520891Z # Subtest: OpenAPI: server base path is retained and schema is an immutable snapshot
quality	Run repository quality gate	2026-10-05T13:27:36.2521453Z ok 22 - OpenAPI: server base path is retained and schema is an immutable snapshot
quality	Run repository quality gate	2026-10-05T13:27:36.2521855Z   ---
quality	Run repository quality gate	2026-10-05T13:27:36.2522053Z   duration_ms: 0.921758
quality	Run repository quality gate	2026-10-05T13:27:36.2522272Z   type: 'test'
quality	Run repository quality gate	2026-10-05T13:27:36.2522467Z   ...
quality	Run repository quality gate	2026-10-05T13:27:36.2522736Z # Subtest: OpenAPI: reject host-changing and traversal paths
quality	Run repository quality gate	2026-10-05T13:27:36.2523143Z ok 23 - OpenAPI: reject host-changing and traversal paths
quality	Run repository quality gate	2026-10-05T13:27:36.2523469Z   ---
quality	Run repository quality gate	2026-10-05T13:27:36.2523658Z   duration_ms: 0.946324
quality	Run repository quality gate	2026-10-05T13:27:36.2523880Z   type: 'test'
quality	Run repository quality gate	2026-10-05T13:27:36.2524082Z   ...
quality	Run repository quality gate	2026-10-05T13:27:36.2524391Z # Subtest: OpenAPI: cyclic objects are bounded failures, not stack overflows
quality	Run repository quality gate	2026-10-05T13:27:36.2524901Z ok 24 - OpenAPI: cyclic objects are bounded failures, not stack overflows
quality	Run repository quality gate	2026-10-05T13:27:36.2525269Z   ---
quality	Run repository quality gate	2026-10-05T13:27:36.2525456Z   duration_ms: 0.263233
quality	Run repository quality gate	2026-10-05T13:27:36.2526359Z   type: 'test'
quality	Run repository quality gate	2026-10-05T13:27:36.2526583Z   ...
quality	Run repository quality gate	2026-10-05T13:27:36.2526774Z 1..24
quality	Run repository quality gate	2026-10-05T13:27:36.2526953Z # tests 24
quality	Run repository quality gate	2026-10-05T13:27:36.2527138Z # suites 0
quality	Run repository quality gate	2026-10-05T13:27:36.2527338Z # pass 24
quality	Run repository quality gate	2026-10-05T13:27:36.2527524Z # fail 0
quality	Run repository quality gate	2026-10-05T13:27:36.2527709Z # cancelled 0
quality	Run repository quality gate	2026-10-05T13:27:36.2527916Z # skipped 0
quality	Run repository quality gate	2026-10-05T13:27:36.2528104Z # todo 0
quality	Run repository quality gate	2026-10-05T13:27:36.2528300Z # duration_ms 255.194083
quality	Run repository quality gate	2026-10-05T13:27:36.2528776Z ##[endgroup]
quality	Run repository quality gate	2026-10-05T13:27:36.3667362Z ##[group]@crm/pipeline-core:test
quality	Run repository quality gate	2026-10-05T13:27:36.3667963Z cache miss, executing 81d1422094ab62ee
quality	Run repository quality gate	2026-10-05T13:27:36.3668514Z $ node --test ./test/*.test.mjs
quality	Run repository quality gate	2026-10-05T13:27:36.3668901Z TAP version 13
quality	Run repository quality gate	2026-10-05T13:27:36.3669380Z # Subtest: compiles a complete deterministic legacy stage map
quality	Run repository quality gate	2026-10-05T13:27:36.3670083Z ok 1 - compiles a complete deterministic legacy stage map
quality	Run repository quality gate	2026-10-05T13:27:36.3670650Z   ---
quality	Run repository quality gate	2026-10-05T13:27:36.3670982Z   duration_ms: 2.606606
quality	Run repository quality gate	2026-10-05T13:27:36.3671372Z   type: 'test'
quality	Run repository quality gate	2026-10-05T13:27:36.3671710Z   ...
quality	Run repository quality gate	2026-10-05T13:27:36.3672030Z # Subtest: requires every legacy stage to be mapped
quality	Run repository quality gate	2026-10-05T13:27:36.3672411Z ok 2 - requires every legacy stage to be mapped
quality	Run repository quality gate	2026-10-05T13:27:36.3672736Z   ---
quality	Run repository quality gate	2026-10-05T13:27:36.3672935Z   duration_ms: 0.653055
quality	Run repository quality gate	2026-10-05T13:27:36.3673162Z   type: 'test'
quality	Run repository quality gate	2026-10-05T13:27:36.3673357Z   ...
quality	Run repository quality gate	2026-10-05T13:27:36.3673945Z # Subtest: rejects semantic mismatch between legacy outcome and pipeline stage type
quality	Run repository quality gate	2026-10-05T13:27:36.3674933Z ok 3 - rejects semantic mismatch between legacy outcome and pipeline stage type
quality	Run repository quality gate	2026-10-05T13:27:36.3675602Z   ---
quality	Run repository quality gate	2026-10-05T13:27:36.3676163Z   duration_ms: 0.3199
quality	Run repository quality gate	2026-10-05T13:27:36.3676398Z   type: 'test'
quality	Run repository quality gate	2026-10-05T13:27:36.3676647Z   ...
quality	Run repository quality gate	2026-10-05T13:27:36.3677042Z # Subtest: reconciliation reports missing, wrong and orphan assignments deterministically
quality	Run repository quality gate	2026-10-05T13:27:36.3677665Z ok 4 - reconciliation reports missing, wrong and orphan assignments deterministically
quality	Run repository quality gate	2026-10-05T13:27:36.3678104Z   ---
quality	Run repository quality gate	2026-10-05T13:27:36.3678307Z   duration_ms: 1.262436
quality	Run repository quality gate	2026-10-05T13:27:36.3678537Z   type: 'test'
quality	Run repository quality gate	2026-10-05T13:27:36.3678732Z   ...
quality	Run repository quality gate	2026-10-05T13:27:36.3678954Z # Subtest: normalizes a safe pipeline slug
quality	Run repository quality gate	2026-10-05T13:27:36.3679505Z ok 5 - normalizes a safe pipeline slug
quality	Run repository quality gate	2026-10-05T13:27:36.3679773Z   ---
quality	Run repository quality gate	2026-10-05T13:27:36.3679970Z   duration_ms: 1.201792
quality	Run repository quality gate	2026-10-05T13:27:36.3680191Z   type: 'test'
quality	Run repository quality gate	2026-10-05T13:27:36.3680394Z   ...
quality	Run repository quality gate	2026-10-05T13:27:36.3680766Z # Subtest: accepts a complete pipeline definition
quality	Run repository quality gate	2026-10-05T13:27:36.3681118Z ok 6 - accepts a complete pipeline definition
quality	Run repository quality gate	2026-10-05T13:27:36.3681413Z   ---
quality	Run repository quality gate	2026-10-05T13:27:36.3681603Z   duration_ms: 0.900828
quality	Run repository quality gate	2026-10-05T13:27:36.3681833Z   type: 'test'
quality	Run repository quality gate	2026-10-05T13:27:36.3682028Z   ...
quality	Run repository quality gate	2026-10-05T13:27:36.3682235Z # Subtest: rejects duplicate stage IDs
quality	Run repository quality gate	2026-10-05T13:27:36.3682534Z ok 7 - rejects duplicate stage IDs
quality	Run repository quality gate	2026-10-05T13:27:36.3682788Z   ---
quality	Run repository quality gate	2026-10-05T13:27:36.3682987Z   duration_ms: 0.691496
quality	Run repository quality gate	2026-10-05T13:27:36.3683208Z   type: 'test'
quality	Run repository quality gate	2026-10-05T13:27:36.3683407Z   ...
quality	Run repository quality gate	2026-10-05T13:27:36.3683627Z # Subtest: rejects non-contiguous positions
quality	Run repository quality gate	2026-10-05T13:27:36.3683940Z ok 8 - rejects non-contiguous positions
quality	Run repository quality gate	2026-10-05T13:27:36.3684217Z   ---
quality	Run repository quality gate	2026-10-05T13:27:36.3684411Z   duration_ms: 0.353813
quality	Run repository quality gate	2026-10-05T13:27:36.3684625Z   type: 'test'
quality	Run repository quality gate	2026-10-05T13:27:36.3684819Z   ...
quality	Run repository quality gate	2026-10-05T13:27:36.3685041Z # Subtest: rejects invalid terminal probability
quality	Run repository quality gate	2026-10-05T13:27:36.3685378Z ok 9 - rejects invalid terminal probability
quality	Run repository quality gate	2026-10-05T13:27:36.3686652Z   ---
quality	Run repository quality gate	2026-10-05T13:27:36.3686938Z   duration_ms: 1.25359
quality	Run repository quality gate	2026-10-05T13:27:36.3687170Z   type: 'test'
quality	Run repository quality gate	2026-10-05T13:27:36.3687365Z   ...
quality	Run repository quality gate	2026-10-05T13:27:36.3687595Z # Subtest: rejects an archived default pipeline
quality	Run repository quality gate	2026-10-05T13:27:36.3687946Z ok 10 - rejects an archived default pipeline
quality	Run repository quality gate	2026-10-05T13:27:36.3688234Z   ---
quality	Run repository quality gate	2026-10-05T13:27:36.3688436Z   duration_ms: 0.392556
quality	Run repository quality gate	2026-10-05T13:27:36.3688657Z   type: 'test'
quality	Run repository quality gate	2026-10-05T13:27:36.3688858Z   ...
quality	Run repository quality gate	2026-10-05T13:27:36.3689192Z # Subtest: plans an allowed transition with optimistic version increment
quality	Run repository quality gate	2026-10-05T13:27:36.3689670Z ok 11 - plans an allowed transition with optimistic version increment
quality	Run repository quality gate	2026-10-05T13:27:36.3690029Z   ---
quality	Run repository quality gate	2026-10-05T13:27:36.3690228Z   duration_ms: 0.731932
quality	Run repository quality gate	2026-10-05T13:27:36.3690456Z   type: 'test'
quality	Run repository quality gate	2026-10-05T13:27:36.3690647Z   ...
quality	Run repository quality gate	2026-10-05T13:27:36.3690874Z # Subtest: treats same-stage movement as idempotent
quality	Run repository quality gate	2026-10-05T13:27:36.3691229Z ok 12 - treats same-stage movement as idempotent
quality	Run repository quality gate	2026-10-05T13:27:36.3691524Z   ---
quality	Run repository quality gate	2026-10-05T13:27:36.3691713Z   duration_ms: 0.295985
quality	Run repository quality gate	2026-10-05T13:27:36.3691928Z   type: 'test'
quality	Run repository quality gate	2026-10-05T13:27:36.3692116Z   ...
quality	Run repository quality gate	2026-10-05T13:27:36.3692366Z # Subtest: rejects a transition that violates stage rules
quality	Run repository quality gate	2026-10-05T13:27:36.3692912Z ok 13 - rejects a transition that violates stage rules
quality	Run repository quality gate	2026-10-05T13:27:36.3693244Z   ---
quality	Run repository quality gate	2026-10-05T13:27:36.3693436Z   duration_ms: 0.659146
quality	Run repository quality gate	2026-10-05T13:27:36.3693678Z   type: 'test'
quality	Run repository quality gate	2026-10-05T13:27:36.3693878Z   ...
quality	Run repository quality gate	2026-10-05T13:27:36.3694087Z # Subtest: rejects stale optimistic version
quality	Run repository quality gate	2026-10-05T13:27:36.3694398Z ok 14 - rejects stale optimistic version
quality	Run repository quality gate	2026-10-05T13:27:36.3694663Z   ---
quality	Run repository quality gate	2026-10-05T13:27:36.3694853Z   duration_ms: 0.743564
quality	Run repository quality gate	2026-10-05T13:27:36.3695083Z   type: 'test'
quality	Run repository quality gate	2026-10-05T13:27:36.3695273Z   ...
quality	Run repository quality gate	2026-10-05T13:27:36.3695486Z # Subtest: rejects cross-tenant assignment
quality	Run repository quality gate	2026-10-05T13:27:36.3696113Z ok 15 - rejects cross-tenant assignment
quality	Run repository quality gate	2026-10-05T13:27:36.3696385Z   ---
quality	Run repository quality gate	2026-10-05T13:27:36.3696579Z   duration_ms: 0.430517
quality	Run repository quality gate	2026-10-05T13:27:36.3696796Z   type: 'test'
quality	Run repository quality gate	2026-10-05T13:27:36.3696991Z   ...
quality	Run repository quality gate	2026-10-05T13:27:36.3697264Z # Subtest: requires explicit permission to reopen a terminal deal
quality	Run repository quality gate	2026-10-05T13:27:36.3697698Z ok 16 - requires explicit permission to reopen a terminal deal
quality	Run repository quality gate	2026-10-05T13:27:36.3698031Z   ---
quality	Run repository quality gate	2026-10-05T13:27:36.3698218Z   duration_ms: 0.310432
quality	Run repository quality gate	2026-10-05T13:27:36.3698439Z   type: 'test'
quality	Run repository quality gate	2026-10-05T13:27:36.3698629Z   ...
quality	Run repository quality gate	2026-10-05T13:27:36.3698877Z # Subtest: allows an explicitly authorized terminal reopen
quality	Run repository quality gate	2026-10-05T13:27:36.3699270Z ok 17 - allows an explicitly authorized terminal reopen
quality	Run repository quality gate	2026-10-05T13:27:36.3699578Z   ---
quality	Run repository quality gate	2026-10-05T13:27:36.3699768Z   duration_ms: 0.269375
quality	Run repository quality gate	2026-10-05T13:27:36.3699983Z   type: 'test'
quality	Run repository quality gate	2026-10-05T13:27:36.3700367Z   ...
quality	Run repository quality gate	2026-10-05T13:27:36.3700597Z # Subtest: builds deterministic legacy assignments
quality	Run repository quality gate	2026-10-05T13:27:36.3700945Z ok 18 - builds deterministic legacy assignments
quality	Run repository quality gate	2026-10-05T13:27:36.3701238Z   ---
quality	Run repository quality gate	2026-10-05T13:27:36.3701606Z   duration_ms: 1.260923
quality	Run repository quality gate	2026-10-05T13:27:36.3701825Z   type: 'test'
quality	Run repository quality gate	2026-10-05T13:27:36.3702020Z   ...
quality	Run repository quality gate	2026-10-05T13:27:36.3702263Z # Subtest: fails closed when a legacy stage has no mapping
quality	Run repository quality gate	2026-10-05T13:27:36.3702644Z ok 19 - fails closed when a legacy stage has no mapping
quality	Run repository quality gate	2026-10-05T13:27:36.3702950Z   ---
quality	Run repository quality gate	2026-10-05T13:27:36.3703137Z   duration_ms: 0.432651
quality	Run repository quality gate	2026-10-05T13:27:36.3703355Z   type: 'test'
quality	Run repository quality gate	2026-10-05T13:27:36.3703546Z   ...
quality	Run repository quality gate	2026-10-05T13:27:36.3703847Z # Subtest: calculates exact minor-unit analytics without floating point
quality	Run repository quality gate	2026-10-05T13:27:36.3704333Z ok 20 - calculates exact minor-unit analytics without floating point
quality	Run repository quality gate	2026-10-05T13:27:36.3704688Z   ---
quality	Run repository quality gate	2026-10-05T13:27:36.3704877Z   duration_ms: 0.926406
quality	Run repository quality gate	2026-10-05T13:27:36.3705086Z   type: 'test'
quality	Run repository quality gate	2026-10-05T13:27:36.3705300Z   ...
quality	Run repository quality gate	2026-10-05T13:27:36.3705472Z 1..20
quality	Run repository quality gate	2026-10-05T13:27:36.3706314Z # tests 20
quality	Run repository quality gate	2026-10-05T13:27:36.3706569Z # suites 0
quality	Run repository quality gate	2026-10-05T13:27:36.3706754Z # pass 20
quality	Run repository quality gate	2026-10-05T13:27:36.3706939Z # fail 0
quality	Run repository quality gate	2026-10-05T13:27:36.3707134Z # cancelled 0
quality	Run repository quality gate	2026-10-05T13:27:36.3707326Z # skipped 0
quality	Run repository quality gate	2026-10-05T13:27:36.3707515Z # todo 0
quality	Run repository quality gate	2026-10-05T13:27:36.3707704Z # duration_ms 82.710489
quality	Run repository quality gate	2026-10-05T13:27:36.3708150Z ##[endgroup]
quality	Run repository quality gate	2026-10-05T13:27:36.5960402Z ##[group]@crm/agent-action-runtime:test
quality	Run repository quality gate	2026-10-05T13:27:36.5961144Z cache miss, executing 81f8af0d02b88a25
quality	Run repository quality gate	2026-10-05T13:27:36.5961687Z $ node --test test/*.test.mjs
quality	Run repository quality gate	2026-10-05T13:27:36.5962178Z TAP version 13
quality	Run repository quality gate	2026-10-05T13:27:36.5963025Z # Subtest: executes a validated authorized action and records redacted audit events
quality	Run repository quality gate	2026-10-05T13:27:36.5964125Z ok 1 - executes a validated authorized action and records redacted audit events
quality	Run repository quality gate	2026-10-05T13:27:36.5964589Z   ---
quality	Run repository quality gate	2026-10-05T13:27:36.5964792Z   duration_ms: 4.857896
quality	Run repository quality gate	2026-10-05T13:27:36.5965056Z   type: 'test'
quality	Run repository quality gate	2026-10-05T13:27:36.5965289Z   ...
quality	Run repository quality gate	2026-10-05T13:27:36.5965940Z # Subtest: rejects tenant ownership fields at any nesting depth
quality	Run repository quality gate	2026-10-05T13:27:36.5966693Z ok 2 - rejects tenant ownership fields at any nesting depth
quality	Run repository quality gate	2026-10-05T13:27:36.5967347Z   ---
quality	Run repository quality gate	2026-10-05T13:27:36.5967680Z   duration_ms: 0.694542
quality	Run repository quality gate	2026-10-05T13:27:36.5968071Z   type: 'test'
quality	Run repository quality gate	2026-10-05T13:27:36.5968400Z   ...
quality	Run repository quality gate	2026-10-05T13:27:36.5968906Z # Subtest: rejects missing permissions and object-level authorization
quality	Run repository quality gate	2026-10-05T13:27:36.5969722Z ok 3 - rejects missing permissions and object-level authorization
quality	Run repository quality gate	2026-10-05T13:27:36.5970322Z   ---
quality	Run repository quality gate	2026-10-05T13:27:36.5970659Z   duration_ms: 0.577883
quality	Run repository quality gate	2026-10-05T13:27:36.5971052Z   type: 'test'
quality	Run repository quality gate	2026-10-05T13:27:36.5971399Z   ...
quality	Run repository quality gate	2026-10-05T13:27:36.5971966Z # Subtest: replays a completed idempotent result without executing again
quality	Run repository quality gate	2026-10-05T13:27:36.5972771Z ok 4 - replays a completed idempotent result without executing again
quality	Run repository quality gate	2026-10-05T13:27:36.5973392Z   ---
quality	Run repository quality gate	2026-10-05T13:27:36.5973727Z   duration_ms: 2.333775
quality	Run repository quality gate	2026-10-05T13:27:36.5974110Z   type: 'test'
quality	Run repository quality gate	2026-10-05T13:27:36.5974486Z   ...
quality	Run repository quality gate	2026-10-05T13:27:36.5975007Z # Subtest: rejects reuse of an idempotency key for another payload
quality	Run repository quality gate	2026-10-05T13:27:36.5976046Z ok 5 - rejects reuse of an idempotency key for another payload
quality	Run repository quality gate	2026-10-05T13:27:36.5976660Z   ---
quality	Run repository quality gate	2026-10-05T13:27:36.5977002Z   duration_ms: 1.700477
quality	Run repository quality gate	2026-10-05T13:27:36.5977339Z   type: 'test'
quality	Run repository quality gate	2026-10-05T13:27:36.5977566Z   ...
quality	Run repository quality gate	2026-10-05T13:27:36.5977949Z # Subtest: rejects changed payload after an approval failure acquired the same idempotency key
quality	Run repository quality gate	2026-10-05T13:27:36.5978594Z ok 6 - rejects changed payload after an approval failure acquired the same idempotency key
quality	Run repository quality gate	2026-10-05T13:27:36.5979031Z   ---
quality	Run repository quality gate	2026-10-05T13:27:36.5979219Z   duration_ms: 1.257958
quality	Run repository quality gate	2026-10-05T13:27:36.5979440Z   type: 'test'
quality	Run repository quality gate	2026-10-05T13:27:36.5979661Z   ...
quality	Run repository quality gate	2026-10-05T13:27:36.5979944Z # Subtest: allows only one concurrent execution for the same receipt
quality	Run repository quality gate	2026-10-05T13:27:36.5980653Z ok 7 - allows only one concurrent execution for the same receipt
quality	Run repository quality gate	2026-10-05T13:27:36.5981268Z   ---
quality	Run repository quality gate	2026-10-05T13:27:36.5981468Z   duration_ms: 16.872256
quality	Run repository quality gate	2026-10-05T13:27:36.5981709Z   type: 'test'
quality	Run repository quality gate	2026-10-05T13:27:36.5981908Z   ...
quality	Run repository quality gate	2026-10-05T13:27:36.5982385Z # Subtest: requires payload-bound tenant-bound approval for high-risk actions
quality	Run repository quality gate	2026-10-05T13:27:36.5982913Z ok 8 - requires payload-bound tenant-bound approval for high-risk actions
quality	Run repository quality gate	2026-10-05T13:27:36.5983302Z   ---
quality	Run repository quality gate	2026-10-05T13:27:36.5983493Z   duration_ms: 1.951668
quality	Run repository quality gate	2026-10-05T13:27:36.5983718Z   type: 'test'
quality	Run repository quality gate	2026-10-05T13:27:36.5983927Z   ...
quality	Run repository quality gate	2026-10-05T13:27:36.5984230Z # Subtest: rejects approval bound to another tenant or modified payload
quality	Run repository quality gate	2026-10-05T13:27:36.5984722Z ok 9 - rejects approval bound to another tenant or modified payload
quality	Run repository quality gate	2026-10-05T13:27:36.5985075Z   ---
quality	Run repository quality gate	2026-10-05T13:27:36.5985265Z   duration_ms: 1.075937
quality	Run repository quality gate	2026-10-05T13:27:36.5985489Z   type: 'test'
quality	Run repository quality gate	2026-10-05T13:27:36.5985925Z   ...
quality	Run repository quality gate	2026-10-05T13:27:36.5986349Z # Subtest: times out a non-cooperative executor and records failure
quality	Run repository quality gate	2026-10-05T13:27:36.5986818Z ok 10 - times out a non-cooperative executor and records failure
quality	Run repository quality gate	2026-10-05T13:27:36.5987153Z   ---
quality	Run repository quality gate	2026-10-05T13:27:36.5987348Z   duration_ms: 21.206138
quality	Run repository quality gate	2026-10-05T13:27:36.5987580Z   type: 'test'
quality	Run repository quality gate	2026-10-05T13:27:36.5987778Z   ...
quality	Run repository quality gate	2026-10-05T13:27:36.5988029Z # Subtest: propagates cancellation and does not retry it
quality	Run repository quality gate	2026-10-05T13:27:36.5988415Z ok 11 - propagates cancellation and does not retry it
quality	Run repository quality gate	2026-10-05T13:27:36.5988725Z   ---
quality	Run repository quality gate	2026-10-05T13:27:36.5988915Z   duration_ms: 0.766076
quality	Run repository quality gate	2026-10-05T13:27:36.5989138Z   type: 'test'
quality	Run repository quality gate	2026-10-05T13:27:36.5989329Z   ...
quality	Run repository quality gate	2026-10-05T13:27:36.5989614Z # Subtest: keeps the success receipt when the success audit write fails
quality	Run repository quality gate	2026-10-05T13:27:36.5990104Z ok 12 - keeps the success receipt when the success audit write fails
quality	Run repository quality gate	2026-10-05T13:27:36.5990448Z   ---
quality	Run repository quality gate	2026-10-05T13:27:36.5990641Z   duration_ms: 1.157158
quality	Run repository quality gate	2026-10-05T13:27:36.5990858Z   type: 'test'
quality	Run repository quality gate	2026-10-05T13:27:36.5991052Z   ...
quality	Run repository quality gate	2026-10-05T13:27:36.5991370Z # Subtest: propagates the operation digest and idempotency key to the executor
quality	Run repository quality gate	2026-10-05T13:27:36.5991891Z ok 13 - propagates the operation digest and idempotency key to the executor
quality	Run repository quality gate	2026-10-05T13:27:36.5992271Z   ---
quality	Run repository quality gate	2026-10-05T13:27:36.5992460Z   duration_ms: 0.671309
quality	Run repository quality gate	2026-10-05T13:27:36.5992683Z   type: 'test'
quality	Run repository quality gate	2026-10-05T13:27:36.5992878Z   ...
quality	Run repository quality gate	2026-10-05T13:27:36.5993141Z # Subtest: validates untrusted model input and executor output
quality	Run repository quality gate	2026-10-05T13:27:36.5993554Z ok 14 - validates untrusted model input and executor output
quality	Run repository quality gate	2026-10-05T13:27:36.5993875Z   ---
quality	Run repository quality gate	2026-10-05T13:27:36.5994060Z   duration_ms: 1.027355
quality	Run repository quality gate	2026-10-05T13:27:36.5994288Z   type: 'test'
quality	Run repository quality gate	2026-10-05T13:27:36.5994481Z   ...
quality	Run repository quality gate	2026-10-05T13:27:36.5994736Z # Subtest: rejects mutating manifests without idempotency
quality	Run repository quality gate	2026-10-05T13:27:36.5995113Z ok 15 - rejects mutating manifests without idempotency
quality	Run repository quality gate	2026-10-05T13:27:36.5995416Z   ---
quality	Run repository quality gate	2026-10-05T13:27:36.5995603Z   duration_ms: 0.295174
quality	Run repository quality gate	2026-10-05T13:27:36.5996158Z   type: 'test'
quality	Run repository quality gate	2026-10-05T13:27:36.5996482Z   ...
quality	Run repository quality gate	2026-10-05T13:27:36.5996919Z # Subtest: rejects manifests without explicit permissions
quality	Run repository quality gate	2026-10-05T13:27:36.5997323Z ok 16 - rejects manifests without explicit permissions
quality	Run repository quality gate	2026-10-05T13:27:36.5997633Z   ---
quality	Run repository quality gate	2026-10-05T13:27:36.5997823Z   duration_ms: 0.301846
quality	Run repository quality gate	2026-10-05T13:27:36.5998042Z   type: 'test'
quality	Run repository quality gate	2026-10-05T13:27:36.5998227Z   ...
quality	Run repository quality gate	2026-10-05T13:27:36.5998508Z # Subtest: rejects non-integer, non-finite and unsafe retry policies
quality	Run repository quality gate	2026-10-05T13:27:36.5999128Z ok 17 - rejects non-integer, non-finite and unsafe retry policies
quality	Run repository quality gate	2026-10-05T13:27:36.5999473Z   ---
quality	Run repository quality gate	2026-10-05T13:27:36.5999665Z   duration_ms: 2.111418
quality	Run repository quality gate	2026-10-05T13:27:36.5999879Z   type: 'test'
quality	Run repository quality gate	2026-10-05T13:27:36.6000067Z   ...
quality	Run repository quality gate	2026-10-05T13:27:36.6000416Z # Subtest: passes an immutable permission snapshot to validators, policy and executor
quality	Run repository quality gate	2026-10-05T13:27:36.6000995Z ok 18 - passes an immutable permission snapshot to validators, policy and executor
quality	Run repository quality gate	2026-10-05T13:27:36.6001405Z   ---
quality	Run repository quality gate	2026-10-05T13:27:36.6001591Z   duration_ms: 0.716583
quality	Run repository quality gate	2026-10-05T13:27:36.6001972Z   type: 'test'
quality	Run repository quality gate	2026-10-05T13:27:36.6002169Z   ...
quality	Run repository quality gate	2026-10-05T13:27:36.6002507Z # Subtest: passes immutable validated input to business validation and authorization
quality	Run repository quality gate	2026-10-05T13:27:36.6003080Z ok 19 - passes immutable validated input to business validation and authorization
quality	Run repository quality gate	2026-10-05T13:27:36.6003596Z   ---
quality	Run repository quality gate	2026-10-05T13:27:36.6003789Z   duration_ms: 0.770744
quality	Run repository quality gate	2026-10-05T13:27:36.6004011Z   type: 'test'
quality	Run repository quality gate	2026-10-05T13:27:36.6004209Z   ...
quality	Run repository quality gate	2026-10-05T13:27:36.6004505Z # Subtest: rejects invalid clock values before durable state mutation
quality	Run repository quality gate	2026-10-05T13:27:36.6004964Z ok 20 - rejects invalid clock values before durable state mutation
quality	Run repository quality gate	2026-10-05T13:27:36.6005310Z   ---
quality	Run repository quality gate	2026-10-05T13:27:36.6005499Z   duration_ms: 0.935704
quality	Run repository quality gate	2026-10-05T13:27:36.6006054Z   type: 'test'
quality	Run repository quality gate	2026-10-05T13:27:36.6006406Z   ...
quality	Run repository quality gate	2026-10-05T13:27:36.6006757Z # Subtest: rejects plain object registries that could expose prototype-backed actions
quality	Run repository quality gate	2026-10-05T13:27:36.6007335Z ok 21 - rejects plain object registries that could expose prototype-backed actions
quality	Run repository quality gate	2026-10-05T13:27:36.6007747Z   ---
quality	Run repository quality gate	2026-10-05T13:27:36.6007938Z   duration_ms: 0.237475
quality	Run repository quality gate	2026-10-05T13:27:36.6008167Z   type: 'test'
quality	Run repository quality gate	2026-10-05T13:27:36.6008358Z   ...
quality	Run repository quality gate	2026-10-05T13:27:36.6008714Z # Subtest: invalid approval expiry is rejected instead of being treated as non-expiring
quality	Run repository quality gate	2026-10-05T13:27:36.6009288Z ok 22 - invalid approval expiry is rejected instead of being treated as non-expiring
quality	Run repository quality gate	2026-10-05T13:27:36.6009689Z   ---
quality	Run repository quality gate	2026-10-05T13:27:36.6009878Z   duration_ms: 0.430877
quality	Run repository quality gate	2026-10-05T13:27:36.6010099Z   type: 'test'
quality	Run repository quality gate	2026-10-05T13:27:36.6010290Z   ...
quality	Run repository quality gate	2026-10-05T13:27:36.6010578Z # Subtest: rejects unknown request and execution-option control fields
quality	Run repository quality gate	2026-10-05T13:27:36.6011036Z ok 23 - rejects unknown request and execution-option control fields
quality	Run repository quality gate	2026-10-05T13:27:36.6011390Z   ---
quality	Run repository quality gate	2026-10-05T13:27:36.6011573Z   duration_ms: 0.465713
quality	Run repository quality gate	2026-10-05T13:27:36.6011789Z   type: 'test'
quality	Run repository quality gate	2026-10-05T13:27:36.6011980Z   ...
quality	Run repository quality gate	2026-10-05T13:27:36.6012358Z # Subtest: requires both input and output validators even for a custom registry implementation
quality	Run repository quality gate	2026-10-05T13:27:36.6012986Z ok 24 - requires both input and output validators even for a custom registry implementation
quality	Run repository quality gate	2026-10-05T13:27:36.6013410Z   ---
quality	Run repository quality gate	2026-10-05T13:27:36.6013602Z   duration_ms: 0.491091
quality	Run repository quality gate	2026-10-05T13:27:36.6013815Z   type: 'test'
quality	Run repository quality gate	2026-10-05T13:27:36.6014009Z   ...
quality	Run repository quality gate	2026-10-05T13:27:36.6014369Z # Subtest: normalizes failures from business validation, authorization and policy evaluation
quality	Run repository quality gate	2026-10-05T13:27:36.6014985Z ok 25 - normalizes failures from business validation, authorization and policy evaluation
quality	Run repository quality gate	2026-10-05T13:27:36.6015415Z   ---
quality	Run repository quality gate	2026-10-05T13:27:36.6015598Z   duration_ms: 0.943418
quality	Run repository quality gate	2026-10-05T13:27:36.6016195Z   type: 'test'
quality	Run repository quality gate	2026-10-05T13:27:36.6016397Z   ...
quality	Run repository quality gate	2026-10-05T13:27:36.6016725Z # Subtest: redacts common secret values even when the property name is generic
quality	Run repository quality gate	2026-10-05T13:27:36.6017245Z ok 26 - redacts common secret values even when the property name is generic
quality	Run repository quality gate	2026-10-05T13:27:36.6017616Z   ---
quality	Run repository quality gate	2026-10-05T13:27:36.6017814Z   duration_ms: 0.525865
quality	Run repository quality gate	2026-10-05T13:27:36.6018044Z   type: 'test'
quality	Run repository quality gate	2026-10-05T13:27:36.6018235Z   ...
quality	Run repository quality gate	2026-10-05T13:27:36.6018621Z # Subtest: memory receipt store validates its lease configuration and fails closed on lost leases
quality	Run repository quality gate	2026-10-05T13:27:36.6019263Z ok 27 - memory receipt store validates its lease configuration and fails closed on lost leases
quality	Run repository quality gate	2026-10-05T13:27:36.6019706Z   ---
quality	Run repository quality gate	2026-10-05T13:27:36.6019892Z   duration_ms: 0.312245
quality	Run repository quality gate	2026-10-05T13:27:36.6020115Z   type: 'test'
quality	Run repository quality gate	2026-10-05T13:27:36.6020306Z   ...
quality	Run repository quality gate	2026-10-05T13:27:36.6020677Z # Subtest: a pre-aborted request does not acquire a receipt, consume approval or call an executor
quality	Run repository quality gate	2026-10-05T13:27:36.6021313Z ok 28 - a pre-aborted request does not acquire a receipt, consume approval or call an executor
quality	Run repository quality gate	2026-10-05T13:27:36.6021746Z   ---
quality	Run repository quality gate	2026-10-05T13:27:36.6021937Z   duration_ms: 0.32037
quality	Run repository quality gate	2026-10-05T13:27:36.6022150Z   type: 'test'
quality	Run repository quality gate	2026-10-05T13:27:36.6022339Z   ...
quality	Run repository quality gate	2026-10-05T13:27:36.6022629Z # Subtest: canonical JSON rejects cyclic arrays and unsafe object keys
quality	Run repository quality gate	2026-10-05T13:27:36.6035498Z ok 29 - canonical JSON rejects cyclic arrays and unsafe object keys
quality	Run repository quality gate	2026-10-05T13:27:36.6036252Z   ---
quality	Run repository quality gate	2026-10-05T13:27:36.6036468Z   duration_ms: 0.433112
quality	Run repository quality gate	2026-10-05T13:27:36.6036887Z   type: 'test'
quality	Run repository quality gate	2026-10-05T13:27:36.6037092Z   ...
quality	Run repository quality gate	2026-10-05T13:27:36.6037471Z # Subtest: audit redaction stores unsafe property names without invoking prototype setters
quality	Run repository quality gate	2026-10-05T13:27:36.6038084Z ok 30 - audit redaction stores unsafe property names without invoking prototype setters
quality	Run repository quality gate	2026-10-05T13:27:36.6038515Z   ---
quality	Run repository quality gate	2026-10-05T13:27:36.6038703Z   duration_ms: 0.230613
quality	Run repository quality gate	2026-10-05T13:27:36.6038932Z   type: 'test'
quality	Run repository quality gate	2026-10-05T13:27:36.6039134Z   ...
quality	Run repository quality gate	2026-10-05T13:27:36.6039395Z # Subtest: rejects malformed trusted correlation identifiers
quality	Run repository quality gate	2026-10-05T13:27:36.6039818Z ok 31 - rejects malformed trusted correlation identifiers
quality	Run repository quality gate	2026-10-05T13:27:36.6040137Z   ---
quality	Run repository quality gate	2026-10-05T13:27:36.6040331Z   duration_ms: 0.324267
quality	Run repository quality gate	2026-10-05T13:27:36.6040574Z   type: 'test'
quality	Run repository quality gate	2026-10-05T13:27:36.6040775Z   ...
quality	Run repository quality gate	2026-10-05T13:27:36.6041065Z # Subtest: fails closed when policy approval metadata is malformed
quality	Run repository quality gate	2026-10-05T13:27:36.6041512Z ok 32 - fails closed when policy approval metadata is malformed
quality	Run repository quality gate	2026-10-05T13:27:36.6041849Z   ---
quality	Run repository quality gate	2026-10-05T13:27:36.6042038Z   duration_ms: 0.401874
quality	Run repository quality gate	2026-10-05T13:27:36.6042253Z   type: 'test'
quality	Run repository quality gate	2026-10-05T13:27:36.6042445Z   ...
quality	Run repository quality gate	2026-10-05T13:27:36.6042796Z # Subtest: rejects non-plain request objects without invoking custom serialization hooks
quality	Run repository quality gate	2026-10-05T13:27:36.6043389Z ok 33 - rejects non-plain request objects without invoking custom serialization hooks
quality	Run repository quality gate	2026-10-05T13:27:36.6043804Z   ---
quality	Run repository quality gate	2026-10-05T13:27:36.6043992Z   duration_ms: 0.27764
quality	Run repository quality gate	2026-10-05T13:27:36.6044212Z   type: 'test'
quality	Run repository quality gate	2026-10-05T13:27:36.6044402Z   ...
quality	Run repository quality gate	2026-10-05T13:27:36.6044721Z # Subtest: revalidates validator-transformed input for tenant ownership fields
quality	Run repository quality gate	2026-10-05T13:27:36.6045260Z ok 34 - revalidates validator-transformed input for tenant ownership fields
quality	Run repository quality gate	2026-10-05T13:27:36.6045885Z   ---
quality	Run repository quality gate	2026-10-05T13:27:36.6046119Z   duration_ms: 0.318958
quality	Run repository quality gate	2026-10-05T13:27:36.6046344Z   type: 'test'
quality	Run repository quality gate	2026-10-05T13:27:36.6046536Z   ...
quality	Run repository quality gate	2026-10-05T13:27:36.6046977Z # Subtest: preflight shares authorization but only requests consent: no receipt, consumption or side effects
quality	Run repository quality gate	2026-10-05T13:27:36.6047723Z ok 35 - preflight shares authorization but only requests consent: no receipt, consumption or side effects
quality	Run repository quality gate	2026-10-05T13:27:36.6048211Z   ---
quality	Run repository quality gate	2026-10-05T13:27:36.6048401Z   duration_ms: 0.840305
quality	Run repository quality gate	2026-10-05T13:27:36.6048632Z   type: 'test'
quality	Run repository quality gate	2026-10-05T13:27:36.6048826Z   ...
quality	Run repository quality gate	2026-10-05T13:27:36.6049235Z # Subtest: preflight cannot grant authority, skip policy or silently use missing approval persistence
quality	Run repository quality gate	2026-10-05T13:27:36.6049936Z ok 36 - preflight cannot grant authority, skip policy or silently use missing approval persistence
quality	Run repository quality gate	2026-10-05T13:27:36.6050396Z   ---
quality	Run repository quality gate	2026-10-05T13:27:36.6050589Z   duration_ms: 0.8645
quality	Run repository quality gate	2026-10-05T13:27:36.6050805Z   type: 'test'
quality	Run repository quality gate	2026-10-05T13:27:36.6050997Z   ...
quality	Run repository quality gate	2026-10-05T13:27:36.6051313Z # Subtest: canonical hashing rejects accessor properties without invoking them
quality	Run repository quality gate	2026-10-05T13:27:36.6051831Z ok 37 - canonical hashing rejects accessor properties without invoking them
quality	Run repository quality gate	2026-10-05T13:27:36.6052208Z   ---
quality	Run repository quality gate	2026-10-05T13:27:36.6052392Z   duration_ms: 1.528204
quality	Run repository quality gate	2026-10-05T13:27:36.6052608Z   type: 'test'
quality	Run repository quality gate	2026-10-05T13:27:36.6052798Z   ...
quality	Run repository quality gate	2026-10-05T13:27:36.6053099Z # Subtest: rejects sparse arrays so absent elements cannot alias explicit null
quality	Run repository quality gate	2026-10-05T13:27:36.6053602Z ok 38 - rejects sparse arrays so absent elements cannot alias explicit null
quality	Run repository quality gate	2026-10-05T13:27:36.6053967Z   ---
quality	Run repository quality gate	2026-10-05T13:27:36.6054156Z   duration_ms: 0.221204
quality	Run repository quality gate	2026-10-05T13:27:36.6054365Z   type: 'test'
quality	Run repository quality gate	2026-10-05T13:27:36.6054553Z   ...
quality	Run repository quality gate	2026-10-05T13:27:36.6054913Z # Subtest: rejects over-depth inputs with a bounded domain error rather than stack overflow
quality	Run repository quality gate	2026-10-05T13:27:36.6055511Z ok 39 - rejects over-depth inputs with a bounded domain error rather than stack overflow
quality	Run repository quality gate	2026-10-05T13:27:36.6056058Z   ---
quality	Run repository quality gate	2026-10-05T13:27:36.6056244Z   duration_ms: 1.544005
quality	Run repository quality gate	2026-10-05T13:27:36.6056601Z   type: 'test'
quality	Run repository quality gate	2026-10-05T13:27:36.6056796Z   ...
quality	Run repository quality gate	2026-10-05T13:27:36.6057212Z # Subtest: rejects oversized strings and excessive node counts
quality	Run repository quality gate	2026-10-05T13:27:36.6057712Z ok 40 - rejects oversized strings and excessive node counts
quality	Run repository quality gate	2026-10-05T13:27:36.6058170Z   ---
quality	Run repository quality gate	2026-10-05T13:27:36.6058358Z   duration_ms: 13.511285
quality	Run repository quality gate	2026-10-05T13:27:36.6058574Z   type: 'test'
quality	Run repository quality gate	2026-10-05T13:27:36.6058763Z   ...
quality	Run repository quality gate	2026-10-05T13:27:36.6059023Z # Subtest: input snapshot rejects a getter before execution
quality	Run repository quality gate	2026-10-05T13:27:36.6059405Z ok 41 - input snapshot rejects a getter before execution
quality	Run repository quality gate	2026-10-05T13:27:36.6059709Z   ---
quality	Run repository quality gate	2026-10-05T13:27:36.6059893Z   duration_ms: 2.009507
quality	Run repository quality gate	2026-10-05T13:27:36.6060114Z   type: 'test'
quality	Run repository quality gate	2026-10-05T13:27:36.6060297Z   ...
quality	Run repository quality gate	2026-10-05T13:27:36.6060631Z # Subtest: normal JSON digests remain stable and object undefined fields stay omitted
quality	Run repository quality gate	2026-10-05T13:27:36.6061180Z ok 42 - normal JSON digests remain stable and object undefined fields stay omitted
quality	Run repository quality gate	2026-10-05T13:27:36.6061584Z   ---
quality	Run repository quality gate	2026-10-05T13:27:36.6061765Z   duration_ms: 0.396834
quality	Run repository quality gate	2026-10-05T13:27:36.6061979Z   type: 'test'
quality	Run repository quality gate	2026-10-05T13:27:36.6062170Z   ...
quality	Run repository quality gate	2026-10-05T13:27:36.6062376Z # Subtest: unknown actions default to denial
quality	Run repository quality gate	2026-10-05T13:27:36.6062682Z ok 43 - unknown actions default to denial
quality	Run repository quality gate	2026-10-05T13:27:36.6062954Z   ---
quality	Run repository quality gate	2026-10-05T13:27:36.6063134Z   duration_ms: 1.633673
quality	Run repository quality gate	2026-10-05T13:27:36.6063350Z   type: 'test'
quality	Run repository quality gate	2026-10-05T13:27:36.6063537Z   ...
quality	Run repository quality gate	2026-10-05T13:27:36.6063837Z # Subtest: exact ALLOW rule permits only already-authorized low-risk action
quality	Run repository quality gate	2026-10-05T13:27:36.6064329Z ok 44 - exact ALLOW rule permits only already-authorized low-risk action
quality	Run repository quality gate	2026-10-05T13:27:36.6064689Z   ---
quality	Run repository quality gate	2026-10-05T13:27:36.6064930Z   duration_ms: 0.563465
quality	Run repository quality gate	2026-10-05T13:27:36.6065329Z   type: 'test'
quality	Run repository quality gate	2026-10-05T13:27:36.6065830Z   ...
quality	Run repository quality gate	2026-10-05T13:27:36.6066383Z # Subtest: high and critical risks cannot be downgraded by an ALLOW rule
quality	Run repository quality gate	2026-10-05T13:27:36.6067204Z ok 45 - high and critical risks cannot be downgraded by an ALLOW rule
quality	Run repository quality gate	2026-10-05T13:27:36.6067582Z   ---
quality	Run repository quality gate	2026-10-05T13:27:36.6067770Z   duration_ms: 0.246522
quality	Run repository quality gate	2026-10-05T13:27:36.6068000Z   type: 'test'
quality	Run repository quality gate	2026-10-05T13:27:36.6068194Z   ...
quality	Run repository quality gate	2026-10-05T13:27:36.6068489Z # Subtest: read-only overrides allow and approval for mutating actions
quality	Run repository quality gate	2026-10-05T13:27:36.6068959Z ok 46 - read-only overrides allow and approval for mutating actions
quality	Run repository quality gate	2026-10-05T13:27:36.6069304Z   ---
quality	Run repository quality gate	2026-10-05T13:27:36.6069492Z   duration_ms: 0.151885
quality	Run repository quality gate	2026-10-05T13:27:36.6069701Z   type: 'test'
quality	Run repository quality gate	2026-10-05T13:27:36.6069903Z   ...
quality	Run repository quality gate	2026-10-05T13:27:36.6070185Z # Subtest: explicit REQUIRE_APPROVAL is honored for low-risk actions
quality	Run repository quality gate	2026-10-05T13:27:36.6070629Z ok 47 - explicit REQUIRE_APPROVAL is honored for low-risk actions
quality	Run repository quality gate	2026-10-05T13:27:36.6070967Z   ---
quality	Run repository quality gate	2026-10-05T13:27:36.6071150Z   duration_ms: 0.27752
quality	Run repository quality gate	2026-10-05T13:27:36.6071370Z   type: 'test'
quality	Run repository quality gate	2026-10-05T13:27:36.6071555Z   ...
quality	Run repository quality gate	2026-10-05T13:27:36.6071868Z # Subtest: malformed rules, wildcards and getters are rejected without execution
quality	Run repository quality gate	2026-10-05T13:27:36.6072399Z ok 48 - malformed rules, wildcards and getters are rejected without execution
quality	Run repository quality gate	2026-10-05T13:27:36.6072772Z   ---
quality	Run repository quality gate	2026-10-05T13:27:36.6072966Z   duration_ms: 0.600095
quality	Run repository quality gate	2026-10-05T13:27:36.6073182Z   type: 'test'
quality	Run repository quality gate	2026-10-05T13:27:36.6073371Z   ...
quality	Run repository quality gate	2026-10-05T13:27:36.6073650Z # Subtest: malformed risk never becomes an implicitly allowed action
quality	Run repository quality gate	2026-10-05T13:27:36.6074088Z ok 49 - malformed risk never becomes an implicitly allowed action
quality	Run repository quality gate	2026-10-05T13:27:36.6074422Z   ---
quality	Run repository quality gate	2026-10-05T13:27:36.6074605Z   duration_ms: 0.403166
quality	Run repository quality gate	2026-10-05T13:27:36.6074820Z   type: 'test'
quality	Run repository quality gate	2026-10-05T13:27:36.6075004Z   ...
quality	Run repository quality gate	2026-10-05T13:27:36.6075253Z # Subtest: model-supplied policy fields have no authority
quality	Run repository quality gate	2026-10-05T13:27:36.6075842Z ok 50 - model-supplied policy fields have no authority
quality	Run repository quality gate	2026-10-05T13:27:36.6076192Z   ---
quality	Run repository quality gate	2026-10-05T13:27:36.6076380Z   duration_ms: 0.224901
quality	Run repository quality gate	2026-10-05T13:27:36.6076592Z   type: 'test'
quality	Run repository quality gate	2026-10-05T13:27:36.6076783Z   ...
quality	Run repository quality gate	2026-10-05T13:27:36.6077067Z # Subtest: receipt store atomically acquires, completes and replays
quality	Run repository quality gate	2026-10-05T13:27:36.6077733Z ok 51 - receipt store atomically acquires, completes and replays
quality	Run repository quality gate	2026-10-05T13:27:36.6078069Z   ---
quality	Run repository quality gate	2026-10-05T13:27:36.6078251Z   duration_ms: 5.182663
quality	Run repository quality gate	2026-10-05T13:27:36.6078569Z   type: 'test'
quality	Run repository quality gate	2026-10-05T13:27:36.6078772Z   ...
quality	Run repository quality gate	2026-10-05T13:27:36.6079010Z # Subtest: receipt rejects same key with another digest
quality	Run repository quality gate	2026-10-05T13:27:36.6079381Z ok 52 - receipt rejects same key with another digest
quality	Run repository quality gate	2026-10-05T13:27:36.6079677Z   ---
quality	Run repository quality gate	2026-10-05T13:27:36.6079859Z   duration_ms: 0.784831
quality	Run repository quality gate	2026-10-05T13:27:36.6080077Z   type: 'test'
quality	Run repository quality gate	2026-10-05T13:27:36.6080263Z   ...
quality	Run repository quality gate	2026-10-05T13:27:36.6080538Z # Subtest: receipt completion requires the acquired lease token
quality	Run repository quality gate	2026-10-05T13:27:36.6080959Z ok 53 - receipt completion requires the acquired lease token
quality	Run repository quality gate	2026-10-05T13:27:36.6081277Z   ---
quality	Run repository quality gate	2026-10-05T13:27:36.6081469Z   duration_ms: 0.498185
quality	Run repository quality gate	2026-10-05T13:27:36.6081686Z   type: 'test'
quality	Run repository quality gate	2026-10-05T13:27:36.6081885Z   ...
quality	Run repository quality gate	2026-10-05T13:27:36.6082185Z # Subtest: approval consumption is tenant, action, digest and expiry bound
quality	Run repository quality gate	2026-10-05T13:27:36.6082681Z ok 54 - approval consumption is tenant, action, digest and expiry bound
quality	Run repository quality gate	2026-10-05T13:27:36.6083046Z   ---
quality	Run repository quality gate	2026-10-05T13:27:36.6083235Z   duration_ms: 0.653104
quality	Run repository quality gate	2026-10-05T13:27:36.6083456Z   type: 'test'
quality	Run repository quality gate	2026-10-05T13:27:36.6083648Z   ...
quality	Run repository quality gate	2026-10-05T13:27:36.6083882Z # Subtest: audit sink redacts secret-bearing properties
quality	Run repository quality gate	2026-10-05T13:27:36.6084256Z ok 55 - audit sink redacts secret-bearing properties
quality	Run repository quality gate	2026-10-05T13:27:36.6084559Z   ---
quality	Run repository quality gate	2026-10-05T13:27:36.6084751Z   duration_ms: 1.335223
quality	Run repository quality gate	2026-10-05T13:27:36.6084965Z   type: 'test'
quality	Run repository quality gate	2026-10-05T13:27:36.6085153Z   ...
quality	Run repository quality gate	2026-10-05T13:27:36.6085547Z # Subtest: expired unsafe receipt is quarantined instead of repeating an unknown external side effect
quality	Run repository quality gate	2026-10-05T13:27:36.6086365Z ok 56 - expired unsafe receipt is quarantined instead of repeating an unknown external side effect
quality	Run repository quality gate	2026-10-05T13:27:36.6086824Z   ---
quality	Run repository quality gate	2026-10-05T13:27:36.6087007Z   duration_ms: 0.881582
quality	Run repository quality gate	2026-10-05T13:27:36.6087222Z   type: 'test'
quality	Run repository quality gate	2026-10-05T13:27:36.6087420Z   ...
quality	Run repository quality gate	2026-10-05T13:27:36.6087757Z # Subtest: expired receipt may replay only with an explicit safe adapter capability
quality	Run repository quality gate	2026-10-05T13:27:36.6088316Z ok 57 - expired receipt may replay only with an explicit safe adapter capability
quality	Run repository quality gate	2026-10-05T13:27:36.6088713Z   ---
quality	Run repository quality gate	2026-10-05T13:27:36.6088911Z   duration_ms: 1.160545
quality	Run repository quality gate	2026-10-05T13:27:36.6089135Z   type: 'test'
quality	Run repository quality gate	2026-10-05T13:27:36.6089328Z   ...
quality	Run repository quality gate	2026-10-05T13:27:36.6089645Z # Subtest: receipt lease covers the complete declared execution/retry budget
quality	Run repository quality gate	2026-10-05T13:27:36.6090142Z ok 58 - receipt lease covers the complete declared execution/retry budget
quality	Run repository quality gate	2026-10-05T13:27:36.6090515Z   ---
quality	Run repository quality gate	2026-10-05T13:27:36.6090696Z   duration_ms: 0.503544
quality	Run repository quality gate	2026-10-05T13:27:36.6090911Z   type: 'test'
quality	Run repository quality gate	2026-10-05T13:27:36.6091104Z   ...
quality	Run repository quality gate	2026-10-05T13:27:36.6091408Z # Subtest: memory reference adapter quarantines expired unsafe execution too
quality	Run repository quality gate	2026-10-05T13:27:36.6091901Z ok 59 - memory reference adapter quarantines expired unsafe execution too
quality	Run repository quality gate	2026-10-05T13:27:36.6092265Z   ---
quality	Run repository quality gate	2026-10-05T13:27:36.6092445Z   duration_ms: 2.208118
quality	Run repository quality gate	2026-10-05T13:27:36.6092661Z   type: 'test'
quality	Run repository quality gate	2026-10-05T13:27:36.6092852Z   ...
quality	Run repository quality gate	2026-10-05T13:27:36.6093028Z 1..59
quality	Run repository quality gate	2026-10-05T13:27:36.6093203Z # tests 59
quality	Run repository quality gate	2026-10-05T13:27:36.6093381Z # suites 0
quality	Run repository quality gate	2026-10-05T13:27:36.6093568Z # pass 59
quality	Run repository quality gate	2026-10-05T13:27:36.6093747Z # fail 0
quality	Run repository quality gate	2026-10-05T13:27:36.6093931Z # cancelled 0
quality	Run repository quality gate	2026-10-05T13:27:36.6094126Z # skipped 0
quality	Run repository quality gate	2026-10-05T13:27:36.6094306Z # todo 0
quality	Run repository quality gate	2026-10-05T13:27:36.6094498Z # duration_ms 192.417228
quality	Run repository quality gate	2026-10-05T13:27:36.6094952Z ##[endgroup]
quality	Run repository quality gate	2026-10-05T13:27:36.7465227Z ##[group]@crm/migration-core:test
quality	Run repository quality gate	2026-10-05T13:27:36.7466169Z cache miss, executing 7ca4c3b1f4984773
quality	Run repository quality gate	2026-10-05T13:27:36.7466679Z $ node --test ./test/*.test.mjs
quality	Run repository quality gate	2026-10-05T13:27:36.7467109Z TAP version 13
quality	Run repository quality gate	2026-10-05T13:27:36.7467685Z # Subtest: CSV: auto-detection works beyond the 30-row sampling boundary
quality	Run repository quality gate	2026-10-05T13:27:36.7468512Z ok 1 - CSV: auto-detection works beyond the 30-row sampling boundary
quality	Run repository quality gate	2026-10-05T13:27:36.7469742Z   ---
quality	Run repository quality gate	2026-10-05T13:27:36.7470086Z   duration_ms: 8.001108
quality	Run repository quality gate	2026-10-05T13:27:36.7470483Z   type: 'test'
quality	Run repository quality gate	2026-10-05T13:27:36.7470828Z   ...
quality	Run repository quality gate	2026-10-05T13:27:36.7471356Z # Subtest: CSV: rejects text or a second quoted string after a closing quote
quality	Run repository quality gate	2026-10-05T13:27:36.7472427Z ok 2 - CSV: rejects text or a second quoted string after a closing quote
quality	Run repository quality gate	2026-10-05T13:27:36.7473058Z   ---
quality	Run repository quality gate	2026-10-05T13:27:36.7473387Z   duration_ms: 0.966501
quality	Run repository quality gate	2026-10-05T13:27:36.7473778Z   type: 'test'
quality	Run repository quality gate	2026-10-05T13:27:36.7474119Z   ...
quality	Run repository quality gate	2026-10-05T13:27:36.7474690Z # Subtest: CSV: single-column imports are valid without explicit delimiter selection
quality	Run repository quality gate	2026-10-05T13:27:36.7475639Z ok 3 - CSV: single-column imports are valid without explicit delimiter selection
quality	Run repository quality gate	2026-10-05T13:27:36.7477422Z   ---
quality	Run repository quality gate	2026-10-05T13:27:36.7477784Z   duration_ms: 1.178689
quality	Run repository quality gate	2026-10-05T13:27:36.7478168Z   type: 'test'
quality	Run repository quality gate	2026-10-05T13:27:36.7478510Z   ...
quality	Run repository quality gate	2026-10-05T13:27:36.7479043Z # Subtest: CSV: formula escaping includes line breaks and Unicode whitespace
quality	Run repository quality gate	2026-10-05T13:27:36.7479866Z ok 4 - CSV: formula escaping includes line breaks and Unicode whitespace
quality	Run repository quality gate	2026-10-05T13:27:36.7480479Z   ---
quality	Run repository quality gate	2026-10-05T13:27:36.7480805Z   duration_ms: 0.362159
quality	Run repository quality gate	2026-10-05T13:27:36.7481173Z   type: 'test'
quality	Run repository quality gate	2026-10-05T13:27:36.7481371Z   ...
quality	Run repository quality gate	2026-10-05T13:27:36.7481638Z # Subtest: CSV: limits cannot be disabled by NaN or Infinity
quality	Run repository quality gate	2026-10-05T13:27:36.7482054Z ok 5 - CSV: limits cannot be disabled by NaN or Infinity
quality	Run repository quality gate	2026-10-05T13:27:36.7482477Z   ---
quality	Run repository quality gate	2026-10-05T13:27:36.7482830Z   duration_ms: 0.529363
quality	Run repository quality gate	2026-10-05T13:27:36.7483225Z   type: 'test'
quality	Run repository quality gate	2026-10-05T13:27:36.7483552Z   ...
quality	Run repository quality gate	2026-10-05T13:27:36.7484068Z # Subtest: CSV: source row numbers survive blank and multiline records
quality	Run repository quality gate	2026-10-05T13:27:36.7484555Z ok 6 - CSV: source row numbers survive blank and multiline records
quality	Run repository quality gate	2026-10-05T13:27:36.7484903Z   ---
quality	Run repository quality gate	2026-10-05T13:27:36.7485093Z   duration_ms: 3.510249
quality	Run repository quality gate	2026-10-05T13:27:36.7485309Z   type: 'test'
quality	Run repository quality gate	2026-10-05T13:27:36.7485507Z   ...
quality	Run repository quality gate	2026-10-05T13:27:36.7486220Z # Subtest: CSV: format detection rejects backslash paths and control characters on every OS
quality	Run repository quality gate	2026-10-05T13:27:36.7486851Z ok 7 - CSV: format detection rejects backslash paths and control characters on every OS
quality	Run repository quality gate	2026-10-05T13:27:36.7487292Z   ---
quality	Run repository quality gate	2026-10-05T13:27:36.7487489Z   duration_ms: 0.863339
quality	Run repository quality gate	2026-10-05T13:27:36.7487724Z   type: 'test'
quality	Run repository quality gate	2026-10-05T13:27:36.7487925Z   ...
quality	Run repository quality gate	2026-10-05T13:27:36.7488246Z # Subtest: rejects inherited targets instead of resolving Object.prototype
quality	Run repository quality gate	2026-10-05T13:27:36.7488757Z ok 8 - rejects inherited targets instead of resolving Object.prototype
quality	Run repository quality gate	2026-10-05T13:27:36.7489122Z   ---
quality	Run repository quality gate	2026-10-05T13:27:36.7489326Z   duration_ms: 1.655183
quality	Run repository quality gate	2026-10-05T13:27:36.7489600Z   type: 'test'
quality	Run repository quality gate	2026-10-05T13:27:36.7489797Z   ...
quality	Run repository quality gate	2026-10-05T13:27:36.7490021Z # Subtest: rejects prototype transformer names
quality	Run repository quality gate	2026-10-05T13:27:36.7490354Z ok 9 - rejects prototype transformer names
quality	Run repository quality gate	2026-10-05T13:27:36.7490628Z   ---
quality	Run repository quality gate	2026-10-05T13:27:36.7490823Z   duration_ms: 0.243236
quality	Run repository quality gate	2026-10-05T13:27:36.7491038Z   type: 'test'
quality	Run repository quality gate	2026-10-05T13:27:36.7491241Z   ...
quality	Run repository quality gate	2026-10-05T13:27:36.7491572Z # Subtest: rejects duplicate and blank headers without choosing an arbitrary column
quality	Run repository quality gate	2026-10-05T13:27:36.7492123Z ok 10 - rejects duplicate and blank headers without choosing an arbitrary column
quality	Run repository quality gate	2026-10-05T13:27:36.7492526Z   ---
quality	Run repository quality gate	2026-10-05T13:27:36.7492712Z   duration_ms: 0.195215
quality	Run repository quality gate	2026-10-05T13:27:36.7492942Z   type: 'test'
quality	Run repository quality gate	2026-10-05T13:27:36.7493137Z   ...
quality	Run repository quality gate	2026-10-05T13:27:36.7493454Z # Subtest: compiled defaults are immutable snapshots, not caller-owned objects
quality	Run repository quality gate	2026-10-05T13:27:36.7493988Z ok 11 - compiled defaults are immutable snapshots, not caller-owned objects
quality	Run repository quality gate	2026-10-05T13:27:36.7494375Z   ---
quality	Run repository quality gate	2026-10-05T13:27:36.7494569Z   duration_ms: 0.418986
quality	Run repository quality gate	2026-10-05T13:27:36.7494791Z   type: 'test'
quality	Run repository quality gate	2026-10-05T13:27:36.7494987Z   ...
quality	Run repository quality gate	2026-10-05T13:27:36.7495286Z # Subtest: accessor field definitions are rejected without invoking them
quality	Run repository quality gate	2026-10-05T13:27:36.7496027Z ok 12 - accessor field definitions are rejected without invoking them
quality	Run repository quality gate	2026-10-05T13:27:36.7496677Z   ---
quality	Run repository quality gate	2026-10-05T13:27:36.7496867Z   duration_ms: 0.287519
quality	Run repository quality gate	2026-10-05T13:27:36.7497088Z   type: 'test'
quality	Run repository quality gate	2026-10-05T13:27:36.7497282Z   ...
quality	Run repository quality gate	2026-10-05T13:27:36.7497591Z # Subtest: rejects object defaults and unsafe reserved destination fields
quality	Run repository quality gate	2026-10-05T13:27:36.7498191Z ok 13 - rejects object defaults and unsafe reserved destination fields
quality	Run repository quality gate	2026-10-05T13:27:36.7498541Z   ---
quality	Run repository quality gate	2026-10-05T13:27:36.7498730Z   duration_ms: 0.256391
quality	Run repository quality gate	2026-10-05T13:27:36.7498947Z   type: 'test'
quality	Run repository quality gate	2026-10-05T13:27:36.7499147Z   ...
quality	Run repository quality gate	2026-10-05T13:27:36.7499441Z # Subtest: rejects non-cell values rather than executing coercion hooks
quality	Run repository quality gate	2026-10-05T13:27:36.7499908Z ok 14 - rejects non-cell values rather than executing coercion hooks
quality	Run repository quality gate	2026-10-05T13:27:36.7500272Z   ---
quality	Run repository quality gate	2026-10-05T13:27:36.7500463Z   duration_ms: 0.286277
quality	Run repository quality gate	2026-10-05T13:27:36.7500677Z   type: 'test'
quality	Run repository quality gate	2026-10-05T13:27:36.7500869Z   ...
quality	Run repository quality gate	2026-10-05T13:27:36.7501218Z # Subtest: rejects unsupported entity types before creating an executable migration plan
quality	Run repository quality gate	2026-10-05T13:27:36.7501813Z ok 15 - rejects unsupported entity types before creating an executable migration plan
quality	Run repository quality gate	2026-10-05T13:27:36.7502231Z   ---
quality	Run repository quality gate	2026-10-05T13:27:36.7502416Z   duration_ms: 1.405805
quality	Run repository quality gate	2026-10-05T13:27:36.7502641Z   type: 'test'
quality	Run repository quality gate	2026-10-05T13:27:36.7502832Z   ...
quality	Run repository quality gate	2026-10-05T13:27:36.7503111Z # Subtest: parses RFC4180 quoted commas, newlines, and escaped quotes
quality	Run repository quality gate	2026-10-05T13:27:36.7503566Z ok 16 - parses RFC4180 quoted commas, newlines, and escaped quotes
quality	Run repository quality gate	2026-10-05T13:27:36.7503903Z   ---
quality	Run repository quality gate	2026-10-05T13:27:36.7504094Z   duration_ms: 2.848688
quality	Run repository quality gate	2026-10-05T13:27:36.7504314Z   type: 'test'
quality	Run repository quality gate	2026-10-05T13:27:36.7504500Z   ...
quality	Run repository quality gate	2026-10-05T13:27:36.7504705Z # Subtest: detects a semicolon delimiter
quality	Run repository quality gate	2026-10-05T13:27:36.7504995Z ok 17 - detects a semicolon delimiter
quality	Run repository quality gate	2026-10-05T13:27:36.7505255Z   ---
quality	Run repository quality gate	2026-10-05T13:27:36.7505439Z   duration_ms: 0.827992
quality	Run repository quality gate	2026-10-05T13:27:36.7506506Z   type: 'test'
quality	Run repository quality gate	2026-10-05T13:27:36.7506757Z   ...
quality	Run repository quality gate	2026-10-05T13:27:36.7506994Z # Subtest: removes UTF-8 BOM from the first header
quality	Run repository quality gate	2026-10-05T13:27:36.7507366Z ok 18 - removes UTF-8 BOM from the first header
quality	Run repository quality gate	2026-10-05T13:27:36.7507659Z   ---
quality	Run repository quality gate	2026-10-05T13:27:36.7507851Z   duration_ms: 0.240891
quality	Run repository quality gate	2026-10-05T13:27:36.7508084Z   type: 'test'
quality	Run repository quality gate	2026-10-05T13:27:36.7508280Z   ...
quality	Run repository quality gate	2026-10-05T13:27:36.7508482Z # Subtest: rejects an unclosed quote
quality	Run repository quality gate	2026-10-05T13:27:36.7508762Z ok 19 - rejects an unclosed quote
quality	Run repository quality gate	2026-10-05T13:27:36.7509006Z   ---
quality	Run repository quality gate	2026-10-05T13:27:36.7509198Z   duration_ms: 0.732693
quality	Run repository quality gate	2026-10-05T13:27:36.7509421Z   type: 'test'
quality	Run repository quality gate	2026-10-05T13:27:36.7509615Z   ...
quality	Run repository quality gate	2026-10-05T13:27:36.7509833Z # Subtest: rejects duplicate normalized headers
quality	Run repository quality gate	2026-10-05T13:27:36.7510167Z ok 20 - rejects duplicate normalized headers
quality	Run repository quality gate	2026-10-05T13:27:36.7510462Z   ---
quality	Run repository quality gate	2026-10-05T13:27:36.7510648Z   duration_ms: 1.92577
quality	Run repository quality gate	2026-10-05T13:27:36.7510873Z   type: 'test'
quality	Run repository quality gate	2026-10-05T13:27:36.7511062Z   ...
quality	Run repository quality gate	2026-10-05T13:27:36.7511254Z # Subtest: enforces row limits
quality	Run repository quality gate	2026-10-05T13:27:36.7511518Z ok 21 - enforces row limits
quality	Run repository quality gate	2026-10-05T13:27:36.7511744Z   ---
quality	Run repository quality gate	2026-10-05T13:27:36.7511942Z   duration_ms: 0.278102
quality	Run repository quality gate	2026-10-05T13:27:36.7512161Z   type: 'test'
quality	Run repository quality gate	2026-10-05T13:27:36.7512350Z   ...
quality	Run repository quality gate	2026-10-05T13:27:36.7512627Z # Subtest: neutralizes spreadsheet formulas in exported reports
quality	Run repository quality gate	2026-10-05T13:27:36.7513058Z ok 22 - neutralizes spreadsheet formulas in exported reports
quality	Run repository quality gate	2026-10-05T13:27:36.7513383Z   ---
quality	Run repository quality gate	2026-10-05T13:27:36.7513568Z   duration_ms: 0.370915
quality	Run repository quality gate	2026-10-05T13:27:36.7513781Z   type: 'test'
quality	Run repository quality gate	2026-10-05T13:27:36.7513971Z   ...
quality	Run repository quality gate	2026-10-05T13:27:36.7514224Z # Subtest: serializes error reports with formula protection
quality	Run repository quality gate	2026-10-05T13:27:36.7514625Z ok 23 - serializes error reports with formula protection
quality	Run repository quality gate	2026-10-05T13:27:36.7514933Z   ---
quality	Run repository quality gate	2026-10-05T13:27:36.7515115Z   duration_ms: 0.459381
quality	Run repository quality gate	2026-10-05T13:27:36.7515331Z   type: 'test'
quality	Run repository quality gate	2026-10-05T13:27:36.7515516Z   ...
quality	Run repository quality gate	2026-10-05T13:27:36.7516064Z # Subtest: parses money deterministically in minor units
quality	Run repository quality gate	2026-10-05T13:27:36.7516472Z ok 24 - parses money deterministically in minor units
quality	Run repository quality gate	2026-10-05T13:27:36.7516771Z   ---
quality	Run repository quality gate	2026-10-05T13:27:36.7517226Z   duration_ms: 0.72576
quality	Run repository quality gate	2026-10-05T13:27:36.7517441Z   type: 'test'
quality	Run repository quality gate	2026-10-05T13:27:36.7517634Z   ...
quality	Run repository quality gate	2026-10-05T13:27:36.7517847Z # Subtest: normalizes Uzbekistan phone numbers
quality	Run repository quality gate	2026-10-05T13:27:36.7518169Z ok 25 - normalizes Uzbekistan phone numbers
quality	Run repository quality gate	2026-10-05T13:27:36.7518558Z   ---
quality	Run repository quality gate	2026-10-05T13:27:36.7518744Z   duration_ms: 0.724848
quality	Run repository quality gate	2026-10-05T13:27:36.7518966Z   type: 'test'
quality	Run repository quality gate	2026-10-05T13:27:36.7519154Z   ...
quality	Run repository quality gate	2026-10-05T13:27:36.7519406Z # Subtest: validates extension, MIME, and XLSX ZIP signature
quality	Run repository quality gate	2026-10-05T13:27:36.7519808Z ok 26 - validates extension, MIME, and XLSX ZIP signature
quality	Run repository quality gate	2026-10-05T13:27:36.7520118Z   ---
quality	Run repository quality gate	2026-10-05T13:27:36.7520307Z   duration_ms: 0.518142
quality	Run repository quality gate	2026-10-05T13:27:36.7520519Z   type: 'test'
quality	Run repository quality gate	2026-10-05T13:27:36.7520708Z   ...
quality	Run repository quality gate	2026-10-05T13:27:36.7521014Z # Subtest: compiles deterministic mappings and validates required fields
quality	Run repository quality gate	2026-10-05T13:27:36.7521502Z ok 27 - compiles deterministic mappings and validates required fields
quality	Run repository quality gate	2026-10-05T13:27:36.7521867Z   ---
quality	Run repository quality gate	2026-10-05T13:27:36.7522058Z   duration_ms: 0.646562
quality	Run repository quality gate	2026-10-05T13:27:36.7522268Z   type: 'test'
quality	Run repository quality gate	2026-10-05T13:27:36.7522461Z   ...
quality	Run repository quality gate	2026-10-05T13:27:36.7522740Z # Subtest: creates deterministic dry-run batches and duplicate issues
quality	Run repository quality gate	2026-10-05T13:27:36.7523209Z ok 28 - creates deterministic dry-run batches and duplicate issues
quality	Run repository quality gate	2026-10-05T13:27:36.7523553Z   ---
quality	Run repository quality gate	2026-10-05T13:27:36.7523734Z   duration_ms: 1.831283
quality	Run repository quality gate	2026-10-05T13:27:36.7523949Z   type: 'test'
quality	Run repository quality gate	2026-10-05T13:27:36.7524135Z   ...
quality	Run repository quality gate	2026-10-05T13:27:36.7524479Z # Subtest: marks existing-record matches as warnings without silently dropping the row
quality	Run repository quality gate	2026-10-05T13:27:36.7525049Z ok 29 - marks existing-record matches as warnings without silently dropping the row
quality	Run repository quality gate	2026-10-05T13:27:36.7525460Z   ---
quality	Run repository quality gate	2026-10-05T13:27:36.7525861Z   duration_ms: 0.386234
quality	Run repository quality gate	2026-10-05T13:27:36.7526236Z   type: 'test'
quality	Run repository quality gate	2026-10-05T13:27:36.7526469Z   ...
quality	Run repository quality gate	2026-10-05T13:27:36.7526640Z 1..29
quality	Run repository quality gate	2026-10-05T13:27:36.7526809Z # tests 29
quality	Run repository quality gate	2026-10-05T13:27:36.7526996Z # suites 0
quality	Run repository quality gate	2026-10-05T13:27:36.7527179Z # pass 29
quality	Run repository quality gate	2026-10-05T13:27:36.7527371Z # fail 0
quality	Run repository quality gate	2026-10-05T13:27:36.7527551Z # cancelled 0
quality	Run repository quality gate	2026-10-05T13:27:36.7527742Z # skipped 0
quality	Run repository quality gate	2026-10-05T13:27:36.7527930Z # todo 0
quality	Run repository quality gate	2026-10-05T13:27:36.7528120Z # duration_ms 111.460996
quality	Run repository quality gate	2026-10-05T13:27:36.7528570Z ##[endgroup]
quality	Run repository quality gate	2026-10-05T13:27:36.9150893Z ##[group]@crm/security-core:test
quality	Run repository quality gate	2026-10-05T13:27:36.9151547Z cache miss, executing 872edcc676c10eab
quality	Run repository quality gate	2026-10-05T13:27:36.9152054Z $ node --test test/*.test.mjs
quality	Run repository quality gate	2026-10-05T13:27:36.9152605Z TAP version 13
quality	Run repository quality gate	2026-10-05T13:27:36.9153297Z # Subtest: givenPlainCredential_whenSealingAndOpening_thenReturnsValidatedPlaintext
quality	Run repository quality gate	2026-10-05T13:27:36.9154435Z ok 1 - givenPlainCredential_whenSealingAndOpening_thenReturnsValidatedPlaintext
quality	Run repository quality gate	2026-10-05T13:27:36.9155206Z   ---
quality	Run repository quality gate	2026-10-05T13:27:36.9155557Z   duration_ms: 8.103542
quality	Run repository quality gate	2026-10-05T13:27:36.9156431Z   type: 'test'
quality	Run repository quality gate	2026-10-05T13:27:36.9156798Z   ...
quality	Run repository quality gate	2026-10-05T13:27:36.9157359Z # Subtest: givenLegacyPlaintextAndStrictMode_whenOpening_thenRejects
quality	Run repository quality gate	2026-10-05T13:27:36.9158257Z ok 2 - givenLegacyPlaintextAndStrictMode_whenOpening_thenRejects
quality	Run repository quality gate	2026-10-05T13:27:36.9158946Z   ---
quality	Run repository quality gate	2026-10-05T13:27:36.9159297Z   duration_ms: 1.399653
quality	Run repository quality gate	2026-10-05T13:27:36.9159693Z   type: 'test'
quality	Run repository quality gate	2026-10-05T13:27:36.9160032Z   ...
quality	Run repository quality gate	2026-10-05T13:27:36.9160720Z # Subtest: givenLegacyPlaintextAndMigrationMode_whenOpening_thenMarksMigrationRequired
quality	Run repository quality gate	2026-10-05T13:27:36.9161933Z ok 3 - givenLegacyPlaintextAndMigrationMode_whenOpening_thenMarksMigrationRequired
quality	Run repository quality gate	2026-10-05T13:27:36.9162744Z   ---
quality	Run repository quality gate	2026-10-05T13:27:36.9163092Z   duration_ms: 0.855945
quality	Run repository quality gate	2026-10-05T13:27:36.9163489Z   type: 'test'
quality	Run repository quality gate	2026-10-05T13:27:36.9163839Z   ...
quality	Run repository quality gate	2026-10-05T13:27:36.9164429Z # Subtest: givenEncryptedValue_whenSealingAgain_thenPreventsDoubleEncryption
quality	Run repository quality gate	2026-10-05T13:27:36.9165373Z ok 4 - givenEncryptedValue_whenSealingAgain_thenPreventsDoubleEncryption
quality	Run repository quality gate	2026-10-05T13:27:36.9166307Z   ---
quality	Run repository quality gate	2026-10-05T13:27:36.9166637Z   duration_ms: 0.669435
quality	Run repository quality gate	2026-10-05T13:27:36.9167037Z   type: 'test'
quality	Run repository quality gate	2026-10-05T13:27:36.9167376Z   ...
quality	Run repository quality gate	2026-10-05T13:27:36.9168105Z # Subtest: givenValidContext_whenEncryptingAndDecrypting_thenRoundTripsWithoutPlaintextLeakage
quality	Run repository quality gate	2026-10-05T13:27:36.9169629Z ok 5 - givenValidContext_whenEncryptingAndDecrypting_thenRoundTripsWithoutPlaintextLeakage
quality	Run repository quality gate	2026-10-05T13:27:36.9170768Z   ---
quality	Run repository quality gate	2026-10-05T13:27:36.9171097Z   duration_ms: 3.608674
quality	Run repository quality gate	2026-10-05T13:27:36.9171489Z   type: 'test'
quality	Run repository quality gate	2026-10-05T13:27:36.9171818Z   ...
quality	Run repository quality gate	2026-10-05T13:27:36.9172458Z # Subtest: givenSamePlaintext_whenEncryptedTwice_thenRandomIvProducesDifferentEnvelopes
quality	Run repository quality gate	2026-10-05T13:27:36.9173620Z ok 6 - givenSamePlaintext_whenEncryptedTwice_thenRandomIvProducesDifferentEnvelopes
quality	Run repository quality gate	2026-10-05T13:27:36.9174435Z   ---
quality	Run repository quality gate	2026-10-05T13:27:36.9174769Z   duration_ms: 0.904285
quality	Run repository quality gate	2026-10-05T13:27:36.9175168Z   type: 'test'
quality	Run repository quality gate	2026-10-05T13:27:36.9175500Z   ...
quality	Run repository quality gate	2026-10-05T13:27:36.9176707Z # Subtest: givenWrongTenantContext_whenDecrypting_thenAuthenticationFails
quality	Run repository quality gate	2026-10-05T13:27:36.9177655Z ok 7 - givenWrongTenantContext_whenDecrypting_thenAuthenticationFails
quality	Run repository quality gate	2026-10-05T13:27:36.9178337Z   ---
quality	Run repository quality gate	2026-10-05T13:27:36.9178689Z   duration_ms: 0.907531
quality	Run repository quality gate	2026-10-05T13:27:36.9179079Z   type: 'test'
quality	Run repository quality gate	2026-10-05T13:27:36.9179421Z   ...
quality	Run repository quality gate	2026-10-05T13:27:36.9179990Z # Subtest: givenTamperedCiphertext_whenDecrypting_thenAuthenticationFails
quality	Run repository quality gate	2026-10-05T13:27:36.9180915Z ok 8 - givenTamperedCiphertext_whenDecrypting_thenAuthenticationFails
quality	Run repository quality gate	2026-10-05T13:27:36.9181593Z   ---
quality	Run repository quality gate	2026-10-05T13:27:36.9181997Z   duration_ms: 0.733585
quality	Run repository quality gate	2026-10-05T13:27:36.9182393Z   type: 'test'
quality	Run repository quality gate	2026-10-05T13:27:36.9182730Z   ...
quality	Run repository quality gate	2026-10-05T13:27:36.9183346Z # Subtest: givenMissingHistoricalKey_whenDecrypting_thenFailsWithoutLeakingSecret
quality	Run repository quality gate	2026-10-05T13:27:36.9184413Z ok 9 - givenMissingHistoricalKey_whenDecrypting_thenFailsWithoutLeakingSecret
quality	Run repository quality gate	2026-10-05T13:27:36.9185145Z   ---
quality	Run repository quality gate	2026-10-05T13:27:36.9185475Z   duration_ms: 1.016285
quality	Run repository quality gate	2026-10-05T13:27:36.9186305Z   type: 'test'
quality	Run repository quality gate	2026-10-05T13:27:36.9186656Z   ...
quality	Run repository quality gate	2026-10-05T13:27:36.9187477Z # Subtest: givenHistoricalKeyAndNewActiveKey_whenRotating_thenReencryptsWithNewKey
quality	Run repository quality gate	2026-10-05T13:27:36.9188574Z ok 10 - givenHistoricalKeyAndNewActiveKey_whenRotating_thenReencryptsWithNewKey
quality	Run repository quality gate	2026-10-05T13:27:36.9189313Z   ---
quality	Run repository quality gate	2026-10-05T13:27:36.9189636Z   duration_ms: 1.560785
quality	Run repository quality gate	2026-10-05T13:27:36.9190029Z   type: 'test'
quality	Run repository quality gate	2026-10-05T13:27:36.9190378Z   ...
quality	Run repository quality gate	2026-10-05T13:27:36.9190942Z # Subtest: givenPlaintext_whenDecrypting_thenRejectsImplicitLegacyFallback
quality	Run repository quality gate	2026-10-05T13:27:36.9191886Z ok 11 - givenPlaintext_whenDecrypting_thenRejectsImplicitLegacyFallback
quality	Run repository quality gate	2026-10-05T13:27:36.9192570Z   ---
quality	Run repository quality gate	2026-10-05T13:27:36.9192912Z   duration_ms: 0.496019
quality	Run repository quality gate	2026-10-05T13:27:36.9193305Z   type: 'test'
quality	Run repository quality gate	2026-10-05T13:27:36.9193647Z   ...
quality	Run repository quality gate	2026-10-05T13:27:36.9194176Z # Subtest: givenInvalidKeyLength_whenCreatingProvider_thenFailsFast
quality	Run repository quality gate	2026-10-05T13:27:36.9194804Z ok 12 - givenInvalidKeyLength_whenCreatingProvider_thenFailsFast
quality	Run repository quality gate	2026-10-05T13:27:36.9195179Z   ---
quality	Run repository quality gate	2026-10-05T13:27:36.9195385Z   duration_ms: 0.34124
quality	Run repository quality gate	2026-10-05T13:27:36.9195610Z   type: 'test'
quality	Run repository quality gate	2026-10-05T13:27:36.9196308Z   ...
quality	Run repository quality gate	2026-10-05T13:27:36.9196915Z # Subtest: givenEnvironmentKeyring_whenCreatingProvider_thenValidatesAndDecrypts
quality	Run repository quality gate	2026-10-05T13:27:36.9197582Z ok 13 - givenEnvironmentKeyring_whenCreatingProvider_thenValidatesAndDecrypts
quality	Run repository quality gate	2026-10-05T13:27:36.9198006Z   ---
quality	Run repository quality gate	2026-10-05T13:27:36.9198213Z   duration_ms: 1.381069
quality	Run repository quality gate	2026-10-05T13:27:36.9198446Z   type: 'test'
quality	Run repository quality gate	2026-10-05T13:27:36.9198646Z   ...
quality	Run repository quality gate	2026-10-05T13:27:36.9199264Z # Subtest: givenEnvelope_whenRedactingAndFingerprinting_thenNeverReturnsPlaintext
quality	Run repository quality gate	2026-10-05T13:27:36.9200391Z ok 14 - givenEnvelope_whenRedactingAndFingerprinting_thenNeverReturnsPlaintext
quality	Run repository quality gate	2026-10-05T13:27:36.9201097Z   ---
quality	Run repository quality gate	2026-10-05T13:27:36.9201431Z   duration_ms: 1.716468
quality	Run repository quality gate	2026-10-05T13:27:36.9201795Z   type: 'test'
quality	Run repository quality gate	2026-10-05T13:27:36.9202130Z   ...
quality	Run repository quality gate	2026-10-05T13:27:36.9202719Z # Subtest: givenOversizedPlaintext_whenEncrypting_thenRejectsBeforeEncryption
quality	Run repository quality gate	2026-10-05T13:27:36.9203696Z ok 15 - givenOversizedPlaintext_whenEncrypting_thenRejectsBeforeEncryption
quality	Run repository quality gate	2026-10-05T13:27:36.9204405Z   ---
quality	Run repository quality gate	2026-10-05T13:27:36.9204741Z   duration_ms: 0.419887
quality	Run repository quality gate	2026-10-05T13:27:36.9205502Z   type: 'test'
quality	Run repository quality gate	2026-10-05T13:27:36.9206088Z   ...
quality	Run repository quality gate	2026-10-05T13:27:36.9206590Z # Subtest: givenUnscopedWhere_whenScoping_thenInjectsActiveTenant
quality	Run repository quality gate	2026-10-05T13:27:36.9207380Z ok 16 - givenUnscopedWhere_whenScoping_thenInjectsActiveTenant
quality	Run repository quality gate	2026-10-05T13:27:36.9208204Z   ---
quality	Run repository quality gate	2026-10-05T13:27:36.9208545Z   duration_ms: 2.359223
quality	Run repository quality gate	2026-10-05T13:27:36.9208921Z   type: 'test'
quality	Run repository quality gate	2026-10-05T13:27:36.9209255Z   ...
quality	Run repository quality gate	2026-10-05T13:27:36.9209720Z # Subtest: givenCrossTenantSelector_whenScoping_thenRejects
quality	Run repository quality gate	2026-10-05T13:27:36.9210437Z ok 17 - givenCrossTenantSelector_whenScoping_thenRejects
quality	Run repository quality gate	2026-10-05T13:27:36.9211025Z   ---
quality	Run repository quality gate	2026-10-05T13:27:36.9211340Z   duration_ms: 0.666599
quality	Run repository quality gate	2026-10-05T13:27:36.9211717Z   type: 'test'
quality	Run repository quality gate	2026-10-05T13:27:36.9212041Z   ...
quality	Run repository quality gate	2026-10-05T13:27:36.9212553Z # Subtest: givenCreatePayloadForAnotherTenant_whenScoping_thenRejects
quality	Run repository quality gate	2026-10-05T13:27:36.9213401Z ok 18 - givenCreatePayloadForAnotherTenant_whenScoping_thenRejects
quality	Run repository quality gate	2026-10-05T13:27:36.9214038Z   ---
quality	Run repository quality gate	2026-10-05T13:27:36.9214382Z   duration_ms: 0.310121
quality	Run repository quality gate	2026-10-05T13:27:36.9214784Z   type: 'test'
quality	Run repository quality gate	2026-10-05T13:27:36.9215126Z   ...
quality	Run repository quality gate	2026-10-05T13:27:36.9215898Z # Subtest: givenAttemptedTenantReassignment_whenUpdating_thenRejects
quality	Run repository quality gate	2026-10-05T13:27:36.9216785Z ok 19 - givenAttemptedTenantReassignment_whenUpdating_thenRejects
quality	Run repository quality gate	2026-10-05T13:27:36.9217436Z   ---
quality	Run repository quality gate	2026-10-05T13:27:36.9217778Z   duration_ms: 0.285314
quality	Run repository quality gate	2026-10-05T13:27:36.9218158Z   type: 'test'
quality	Run repository quality gate	2026-10-05T13:27:36.9218494Z   ...
quality	Run repository quality gate	2026-10-05T13:27:36.9219048Z # Subtest: givenUniqueSelector_whenScoping_thenKeepsUniqueFieldAndAddsTenant
quality	Run repository quality gate	2026-10-05T13:27:36.9220045Z ok 20 - givenUniqueSelector_whenScoping_thenKeepsUniqueFieldAndAddsTenant
quality	Run repository quality gate	2026-10-05T13:27:36.9220759Z   ---
quality	Run repository quality gate	2026-10-05T13:27:36.9221119Z   duration_ms: 0.404137
quality	Run repository quality gate	2026-10-05T13:27:36.9221502Z   type: 'test'
quality	Run repository quality gate	2026-10-05T13:27:36.9221845Z   ...
quality	Run repository quality gate	2026-10-05T13:27:36.9222552Z # Subtest: givenSameOperationInDifferentTenants_whenBuildingIdempotencyKey_thenKeysDiffer
quality	Run repository quality gate	2026-10-05T13:27:36.9223743Z ok 21 - givenSameOperationInDifferentTenants_whenBuildingIdempotencyKey_thenKeysDiffer
quality	Run repository quality gate	2026-10-05T13:27:36.9224582Z   ---
quality	Run repository quality gate	2026-10-05T13:27:36.9224918Z   duration_ms: 0.876884
quality	Run repository quality gate	2026-10-05T13:27:36.9225307Z   type: 'test'
quality	Run repository quality gate	2026-10-05T13:27:36.9225965Z   ...
quality	Run repository quality gate	2026-10-05T13:27:36.9226711Z # Subtest: givenTenantScopedDelegate_whenReading_thenAlwaysInjectsTenantAndValidatesResults
quality	Run repository quality gate	2026-10-05T13:27:36.9227945Z ok 22 - givenTenantScopedDelegate_whenReading_thenAlwaysInjectsTenantAndValidatesResults
quality	Run repository quality gate	2026-10-05T13:27:36.9228759Z   ---
quality	Run repository quality gate	2026-10-05T13:27:36.9229102Z   duration_ms: 2.297015
quality	Run repository quality gate	2026-10-05T13:27:36.9229501Z   type: 'test'
quality	Run repository quality gate	2026-10-05T13:27:36.9230390Z   ...
quality	Run repository quality gate	2026-10-05T13:27:36.9231823Z # Subtest: givenCompromisedDelegateReturningAnotherTenant_whenReading_thenFailsClosed
quality	Run repository quality gate	2026-10-05T13:27:36.9232939Z ok 23 - givenCompromisedDelegateReturningAnotherTenant_whenReading_thenFailsClosed
quality	Run repository quality gate	2026-10-05T13:27:36.9233700Z   ---
quality	Run repository quality gate	2026-10-05T13:27:36.9234082Z   duration_ms: 0.484899
quality	Run repository quality gate	2026-10-05T13:27:36.9234483Z   type: 'test'
quality	Run repository quality gate	2026-10-05T13:27:36.9234848Z   ...
quality	Run repository quality gate	2026-10-05T13:27:36.9235522Z # Subtest: givenScopedMutation_whenUpdating_thenScopesWhereAndForbidsOwnershipChange
quality	Run repository quality gate	2026-10-05T13:27:36.9236814Z ok 24 - givenScopedMutation_whenUpdating_thenScopesWhereAndForbidsOwnershipChange
quality	Run repository quality gate	2026-10-05T13:27:36.9237464Z   ---
quality	Run repository quality gate	2026-10-05T13:27:36.9237831Z   duration_ms: 0.847038
quality	Run repository quality gate	2026-10-05T13:27:36.9238229Z   type: 'test'
quality	Run repository quality gate	2026-10-05T13:27:36.9238557Z   ...
quality	Run repository quality gate	2026-10-05T13:27:36.9239043Z # Subtest: givenPrototypePollutionKey_whenScoping_thenRejectsInput
quality	Run repository quality gate	2026-10-05T13:27:36.9239844Z ok 25 - givenPrototypePollutionKey_whenScoping_thenRejectsInput
quality	Run repository quality gate	2026-10-05T13:27:36.9240436Z   ---
quality	Run repository quality gate	2026-10-05T13:27:36.9240761Z   duration_ms: 0.66154
quality	Run repository quality gate	2026-10-05T13:27:36.9241128Z   type: 'test'
quality	Run repository quality gate	2026-10-05T13:27:36.9241460Z   ...
quality	Run repository quality gate	2026-10-05T13:27:36.9242304Z # Subtest: givenCallerSelectExcludesTenantField_whenReading_thenVerifiesInternallyAndRestoresRequestedShape
quality	Run repository quality gate	2026-10-05T13:27:36.9243786Z ok 26 - givenCallerSelectExcludesTenantField_whenReading_thenVerifiesInternallyAndRestoresRequestedShape
quality	Run repository quality gate	2026-10-05T13:27:36.9244956Z   ---
quality	Run repository quality gate	2026-10-05T13:27:36.9245281Z   duration_ms: 0.5227
quality	Run repository quality gate	2026-10-05T13:27:36.9245650Z   type: 'test'
quality	Run repository quality gate	2026-10-05T13:27:36.9246169Z   ...
quality	Run repository quality gate	2026-10-05T13:27:36.9246470Z 1..26
quality	Run repository quality gate	2026-10-05T13:27:36.9246761Z # tests 26
quality	Run repository quality gate	2026-10-05T13:27:36.9247253Z # suites 0
quality	Run repository quality gate	2026-10-05T13:27:36.9247567Z # pass 26
quality	Run repository quality gate	2026-10-05T13:27:36.9247866Z # fail 0
quality	Run repository quality gate	2026-10-05T13:27:36.9248181Z # cancelled 0
quality	Run repository quality gate	2026-10-05T13:27:36.9248523Z # skipped 0
quality	Run repository quality gate	2026-10-05T13:27:36.9248845Z # todo 0
quality	Run repository quality gate	2026-10-05T13:27:36.9249168Z # duration_ms 127.291141
quality	Run repository quality gate	2026-10-05T13:27:36.9249906Z ##[endgroup]
quality	Run repository quality gate	2026-10-05T13:27:36.9250489Z ##[group]@crm/db:build
quality	Run repository quality gate	2026-10-05T13:27:36.9250902Z cache hit, replaying logs 44598decfbcad5cc
quality	Run repository quality gate	2026-10-05T13:27:36.9251385Z $ prisma generate
quality	Run repository quality gate	2026-10-05T13:27:36.9251792Z Loaded Prisma config from prisma.config.ts.
quality	Run repository quality gate	2026-10-05T13:27:36.9252151Z
quality	Run repository quality gate	2026-10-05T13:27:36.9252366Z Prisma schema loaded from prisma/schema.prisma.
quality	Run repository quality gate	2026-10-05T13:27:36.9252750Z
quality	Run repository quality gate	2026-10-05T13:27:36.9253413Z ✔ Generated Prisma Client (7.9.1) to ./src/generated/prisma in 645ms
quality	Run repository quality gate	2026-10-05T13:27:36.9253937Z
quality	Run repository quality gate	2026-10-05T13:27:36.9254307Z ##[endgroup]
quality	Run repository quality gate	2026-10-05T13:27:37.0962945Z ##[group]@crm/pipeline-runtime:test
quality	Run repository quality gate	2026-10-05T13:27:37.0963609Z cache miss, executing 29d2de00c60c1c50
quality	Run repository quality gate	2026-10-05T13:27:37.0964173Z $ node --test ./test/*.test.mjs
quality	Run repository quality gate	2026-10-05T13:27:37.0964583Z TAP version 13
quality	Run repository quality gate	2026-10-05T13:27:37.0965023Z # Subtest: maps Prisma pipeline rows into the domain shape
quality	Run repository quality gate	2026-10-05T13:27:37.0965925Z ok 1 - maps Prisma pipeline rows into the domain shape
quality	Run repository quality gate	2026-10-05T13:27:37.0966358Z   ---
quality	Run repository quality gate	2026-10-05T13:27:37.0966570Z   duration_ms: 2.581478
quality	Run repository quality gate	2026-10-05T13:27:37.0966801Z   type: 'test'
quality	Run repository quality gate	2026-10-05T13:27:37.0966997Z   ...
quality	Run repository quality gate	2026-10-05T13:27:37.0967322Z # Subtest: scopes every pipeline read by workspace and bounds the list
quality	Run repository quality gate	2026-10-05T13:27:37.0967804Z ok 2 - scopes every pipeline read by workspace and bounds the list
quality	Run repository quality gate	2026-10-05T13:27:37.0968176Z   ---
quality	Run repository quality gate	2026-10-05T13:27:37.0968377Z   duration_ms: 1.006417
quality	Run repository quality gate	2026-10-05T13:27:37.0968609Z   type: 'test'
quality	Run repository quality gate	2026-10-05T13:27:37.0968803Z   ...
quality	Run repository quality gate	2026-10-05T13:27:37.0969056Z # Subtest: uses serializable interactive transactions
quality	Run repository quality gate	2026-10-05T13:27:37.0969418Z ok 3 - uses serializable interactive transactions
quality	Run repository quality gate	2026-10-05T13:27:37.0969713Z   ---
quality	Run repository quality gate	2026-10-05T13:27:37.0969914Z   duration_ms: 0.423574
quality	Run repository quality gate	2026-10-05T13:27:37.0970235Z   type: 'test'
quality	Run repository quality gate	2026-10-05T13:27:37.0970594Z   ...
quality	Run repository quality gate	2026-10-05T13:27:37.0971074Z # Subtest: retries only bounded Prisma serialization conflicts
quality	Run repository quality gate	2026-10-05T13:27:37.0984865Z ok 4 - retries only bounded Prisma serialization conflicts
quality	Run repository quality gate	2026-10-05T13:27:37.0985248Z   ---
quality	Run repository quality gate	2026-10-05T13:27:37.0985454Z   duration_ms: 0.483646
quality	Run repository quality gate	2026-10-05T13:27:37.0985954Z   type: 'test'
quality	Run repository quality gate	2026-10-05T13:27:37.0986172Z   ...
quality	Run repository quality gate	2026-10-05T13:27:37.0986422Z # Subtest: does not retry permanent Prisma errors
quality	Run repository quality gate	2026-10-05T13:27:37.0986782Z ok 5 - does not retry permanent Prisma errors
quality	Run repository quality gate	2026-10-05T13:27:37.0987079Z   ---
quality	Run repository quality gate	2026-10-05T13:27:37.0987290Z   duration_ms: 0.443682
quality	Run repository quality gate	2026-10-05T13:27:37.0987514Z   type: 'test'
quality	Run repository quality gate	2026-10-05T13:27:37.0987714Z   ...
quality	Run repository quality gate	2026-10-05T13:27:37.0988033Z # Subtest: maps exhausted serialization retries to a stable runtime error
quality	Run repository quality gate	2026-10-05T13:27:37.0988525Z ok 6 - maps exhausted serialization retries to a stable runtime error
quality	Run repository quality gate	2026-10-05T13:27:37.0988902Z   ---
quality	Run repository quality gate	2026-10-05T13:27:37.0989104Z   duration_ms: 0.58706
quality	Run repository quality gate	2026-10-05T13:27:37.0989341Z   type: 'test'
quality	Run repository quality gate	2026-10-05T13:27:37.0989542Z   ...
quality	Run repository quality gate	2026-10-05T13:27:37.0989820Z # Subtest: rejects an invalid retry jitter source before sleeping
quality	Run repository quality gate	2026-10-05T13:27:37.0990271Z ok 7 - rejects an invalid retry jitter source before sleeping
quality	Run repository quality gate	2026-10-05T13:27:37.0990614Z   ---
quality	Run repository quality gate	2026-10-05T13:27:37.0990812Z   duration_ms: 0.356538
quality	Run repository quality gate	2026-10-05T13:27:37.0991033Z   type: 'test'
quality	Run repository quality gate	2026-10-05T13:27:37.0991229Z   ...
quality	Run repository quality gate	2026-10-05T13:27:37.0991575Z # Subtest: persists command receipts and audit events using workspace-owned fields
quality	Run repository quality gate	2026-10-05T13:27:37.0992137Z ok 8 - persists command receipts and audit events using workspace-owned fields
quality	Run repository quality gate	2026-10-05T13:27:37.0992539Z   ---
quality	Run repository quality gate	2026-10-05T13:27:37.0992729Z   duration_ms: 0.419566
quality	Run repository quality gate	2026-10-05T13:27:37.0993180Z   type: 'test'
quality	Run repository quality gate	2026-10-05T13:27:37.0993374Z   ...
quality	Run repository quality gate	2026-10-05T13:27:37.0993673Z # Subtest: enforces the maximum number of pipelines inside the transaction
quality	Run repository quality gate	2026-10-05T13:27:37.0994165Z ok 9 - enforces the maximum number of pipelines inside the transaction
quality	Run repository quality gate	2026-10-05T13:27:37.0994663Z   ---
quality	Run repository quality gate	2026-10-05T13:27:37.0994899Z   duration_ms: 1.075265
quality	Run repository quality gate	2026-10-05T13:27:37.0995120Z   type: 'test'
quality	Run repository quality gate	2026-10-05T13:27:37.0995317Z   ...
quality	Run repository quality gate	2026-10-05T13:27:37.0995619Z # Subtest: atomically hands off the default during pipeline creation
quality	Run repository quality gate	2026-10-05T13:27:37.0996687Z ok 10 - atomically hands off the default during pipeline creation
quality	Run repository quality gate	2026-10-05T13:27:37.0997064Z   ---
quality	Run repository quality gate	2026-10-05T13:27:37.0997257Z   duration_ms: 0.897252
quality	Run repository quality gate	2026-10-05T13:27:37.0997480Z   type: 'test'
quality	Run repository quality gate	2026-10-05T13:27:37.0997688Z   ...
quality	Run repository quality gate	2026-10-05T13:27:37.0997940Z # Subtest: maps a duplicate slug to a stable domain error
quality	Run repository quality gate	2026-10-05T13:27:37.0998393Z ok 11 - maps a duplicate slug to a stable domain error
quality	Run repository quality gate	2026-10-05T13:27:37.0998823Z   ---
quality	Run repository quality gate	2026-10-05T13:27:37.0999030Z   duration_ms: 0.492764
quality	Run repository quality gate	2026-10-05T13:27:37.0999263Z   type: 'test'
quality	Run repository quality gate	2026-10-05T13:27:37.0999464Z   ...
quality	Run repository quality gate	2026-10-05T13:27:37.0999789Z # Subtest: neutralizes stage keys and positions before an ordered replacement
quality	Run repository quality gate	2026-10-05T13:27:37.1000306Z ok 12 - neutralizes stage keys and positions before an ordered replacement
quality	Run repository quality gate	2026-10-05T13:27:37.1000680Z   ---
quality	Run repository quality gate	2026-10-05T13:27:37.1000872Z   duration_ms: 2.198941
quality	Run repository quality gate	2026-10-05T13:27:37.1001089Z   type: 'test'
quality	Run repository quality gate	2026-10-05T13:27:37.1001287Z   ...
quality	Run repository quality gate	2026-10-05T13:27:37.1001560Z # Subtest: blocks removal of a stage that already owns assignments
quality	Run repository quality gate	2026-10-05T13:27:37.1001987Z ok 13 - blocks removal of a stage that already owns assignments
quality	Run repository quality gate	2026-10-05T13:27:37.1002329Z   ---
quality	Run repository quality gate	2026-10-05T13:27:37.1002524Z   duration_ms: 0.487644
quality	Run repository quality gate	2026-10-05T13:27:37.1002752Z   type: 'test'
quality	Run repository quality gate	2026-10-05T13:27:37.1002950Z   ...
quality	Run repository quality gate	2026-10-05T13:27:37.1003242Z # Subtest: maps a foreign-key race during stage deletion to STAGE_IN_USE
quality	Run repository quality gate	2026-10-05T13:27:37.1003722Z ok 14 - maps a foreign-key race during stage deletion to STAGE_IN_USE
quality	Run repository quality gate	2026-10-05T13:27:37.1004077Z   ---
quality	Run repository quality gate	2026-10-05T13:27:37.1004271Z   duration_ms: 0.510217
quality	Run repository quality gate	2026-10-05T13:27:37.1004486Z   type: 'test'
quality	Run repository quality gate	2026-10-05T13:27:37.1004678Z   ...
quality	Run repository quality gate	2026-10-05T13:27:37.1004981Z # Subtest: sets the default pipeline with an optimistic version predicate
quality	Run repository quality gate	2026-10-05T13:27:37.1005468Z ok 15 - sets the default pipeline with an optimistic version predicate
quality	Run repository quality gate	2026-10-05T13:27:37.1006059Z   ---
quality	Run repository quality gate	2026-10-05T13:27:37.1006257Z   duration_ms: 0.431148
quality	Run repository quality gate	2026-10-05T13:27:37.1006481Z   type: 'test'
quality	Run repository quality gate	2026-10-05T13:27:37.1006678Z   ...
quality	Run repository quality gate	2026-10-05T13:27:37.1007006Z # Subtest: rejects a stale default-pipeline request before changing any defaults
quality	Run repository quality gate	2026-10-05T13:27:37.1007539Z ok 16 - rejects a stale default-pipeline request before changing any defaults
quality	Run repository quality gate	2026-10-05T13:27:37.1007936Z   ---
quality	Run repository quality gate	2026-10-05T13:27:37.1008121Z   duration_ms: 0.227366
quality	Run repository quality gate	2026-10-05T13:27:37.1008349Z   type: 'test'
quality	Run repository quality gate	2026-10-05T13:27:37.1008539Z   ...
quality	Run repository quality gate	2026-10-05T13:27:37.1008819Z # Subtest: creates an idempotent pipeline and writes one audit event
quality	Run repository quality gate	2026-10-05T13:27:37.1009274Z ok 17 - creates an idempotent pipeline and writes one audit event
quality	Run repository quality gate	2026-10-05T13:27:37.1009613Z   ---
quality	Run repository quality gate	2026-10-05T13:27:37.1009804Z   duration_ms: 5.568818
quality	Run repository quality gate	2026-10-05T13:27:37.1010020Z   type: 'test'
quality	Run repository quality gate	2026-10-05T13:27:37.1010212Z   ...
quality	Run repository quality gate	2026-10-05T13:27:37.1010561Z # Subtest: forces the first pipeline to default even when the caller does not request it
quality	Run repository quality gate	2026-10-05T13:27:37.1011133Z ok 18 - forces the first pipeline to default even when the caller does not request it
quality	Run repository quality gate	2026-10-05T13:27:37.1011544Z   ---
quality	Run repository quality gate	2026-10-05T13:27:37.1011728Z   duration_ms: 0.674734
quality	Run repository quality gate	2026-10-05T13:27:37.1011942Z   type: 'test'
quality	Run repository quality gate	2026-10-05T13:27:37.1012135Z   ...
quality	Run repository quality gate	2026-10-05T13:27:37.1012467Z # Subtest: atomically promotes an explicitly default second pipeline during creation
quality	Run repository quality gate	2026-10-05T13:27:37.1013031Z ok 19 - atomically promotes an explicitly default second pipeline during creation
quality	Run repository quality gate	2026-10-05T13:27:37.1013430Z   ---
quality	Run repository quality gate	2026-10-05T13:27:37.1013627Z   duration_ms: 10.239422
quality	Run repository quality gate	2026-10-05T13:27:37.1013854Z   type: 'test'
quality	Run repository quality gate	2026-10-05T13:27:37.1014212Z   ...
quality	Run repository quality gate	2026-10-05T13:27:37.1014504Z # Subtest: keeps an explicitly non-default later pipeline non-default
quality	Run repository quality gate	2026-10-05T13:27:37.1014955Z ok 20 - keeps an explicitly non-default later pipeline non-default
quality	Run repository quality gate	2026-10-05T13:27:37.1015413Z   ---
quality	Run repository quality gate	2026-10-05T13:27:37.1015603Z   duration_ms: 1.81397
quality	Run repository quality gate	2026-10-05T13:27:37.1016353Z   type: 'test'
quality	Run repository quality gate	2026-10-05T13:27:37.1016564Z   ...
quality	Run repository quality gate	2026-10-05T13:27:37.1016926Z # Subtest: replays a concurrently committed command after a deterministic mutation race
quality	Run repository quality gate	2026-10-05T13:27:37.1017522Z ok 21 - replays a concurrently committed command after a deterministic mutation race
quality	Run repository quality gate	2026-10-05T13:27:37.1017932Z   ---
quality	Run repository quality gate	2026-10-05T13:27:37.1018120Z   duration_ms: 1.551458
quality	Run repository quality gate	2026-10-05T13:27:37.1018350Z   type: 'test'
quality	Run repository quality gate	2026-10-05T13:27:37.1018541Z   ...
quality	Run repository quality gate	2026-10-05T13:27:37.1018875Z # Subtest: canonical payload hashing never invokes object or array accessors
quality	Run repository quality gate	2026-10-05T13:27:37.1019382Z ok 22 - canonical payload hashing never invokes object or array accessors
quality	Run repository quality gate	2026-10-05T13:27:37.1019759Z   ---
quality	Run repository quality gate	2026-10-05T13:27:37.1019961Z   duration_ms: 0.863619
quality	Run repository quality gate	2026-10-05T13:27:37.1020177Z   type: 'test'
quality	Run repository quality gate	2026-10-05T13:27:37.1020370Z   ...
quality	Run repository quality gate	2026-10-05T13:27:37.1020727Z # Subtest: canonical payload hashing rejects cycles, sparse arrays and custom serialization
quality	Run repository quality gate	2026-10-05T13:27:37.1021333Z ok 23 - canonical payload hashing rejects cycles, sparse arrays and custom serialization
quality	Run repository quality gate	2026-10-05T13:27:37.1021757Z   ---
quality	Run repository quality gate	2026-10-05T13:27:37.1021945Z   duration_ms: 0.615203
quality	Run repository quality gate	2026-10-05T13:27:37.1022167Z   type: 'test'
quality	Run repository quality gate	2026-10-05T13:27:37.1022353Z   ...
quality	Run repository quality gate	2026-10-05T13:27:37.1022760Z # Subtest: replays a command by its stable API payload before service-side reads
quality	Run repository quality gate	2026-10-05T13:27:37.1023380Z ok 24 - replays a command by its stable API payload before service-side reads
quality	Run repository quality gate	2026-10-05T13:27:37.1023925Z   ---
quality	Run repository quality gate	2026-10-05T13:27:37.1024214Z   duration_ms: 2.298599
quality	Run repository quality gate	2026-10-05T13:27:37.1024438Z   type: 'test'
quality	Run repository quality gate	2026-10-05T13:27:37.1024629Z   ...
quality	Run repository quality gate	2026-10-05T13:27:37.1024916Z # Subtest: rejects an idempotency key reused with another payload
quality	Run repository quality gate	2026-10-05T13:27:37.1025507Z ok 25 - rejects an idempotency key reused with another payload
quality	Run repository quality gate	2026-10-05T13:27:37.1026063Z   ---
quality	Run repository quality gate	2026-10-05T13:27:37.1026414Z   duration_ms: 2.122618
quality	Run repository quality gate	2026-10-05T13:27:37.1026722Z   type: 'test'
quality	Run repository quality gate	2026-10-05T13:27:37.1026930Z   ...
quality	Run repository quality gate	2026-10-05T13:27:37.1027197Z # Subtest: rejects tenant ownership supplied for another tenant
quality	Run repository quality gate	2026-10-05T13:27:37.1027785Z ok 26 - rejects tenant ownership supplied for another tenant
quality	Run repository quality gate	2026-10-05T13:27:37.1028385Z   ---
quality	Run repository quality gate	2026-10-05T13:27:37.1028604Z   duration_ms: 1.569431
quality	Run repository quality gate	2026-10-05T13:27:37.1028975Z   type: 'test'
quality	Run repository quality gate	2026-10-05T13:27:37.1029184Z   ...
quality	Run repository quality gate	2026-10-05T13:27:37.1029532Z # Subtest: normalizes pipeline-domain validation failures at the runtime boundary
quality	Run repository quality gate	2026-10-05T13:27:37.1030268Z ok 27 - normalizes pipeline-domain validation failures at the runtime boundary
quality	Run repository quality gate	2026-10-05T13:27:37.1030679Z   ---
quality	Run repository quality gate	2026-10-05T13:27:37.1030876Z   duration_ms: 0.706685
quality	Run repository quality gate	2026-10-05T13:27:37.1031170Z   type: 'test'
quality	Run repository quality gate	2026-10-05T13:27:37.1031455Z   ...
quality	Run repository quality gate	2026-10-05T13:27:37.1031744Z # Subtest: enforces action permission at the operation boundary
quality	Run repository quality gate	2026-10-05T13:27:37.1032171Z ok 28 - enforces action permission at the operation boundary
quality	Run repository quality gate	2026-10-05T13:27:37.1032644Z   ---
quality	Run repository quality gate	2026-10-05T13:27:37.1032854Z   duration_ms: 0.483577
quality	Run repository quality gate	2026-10-05T13:27:37.1033075Z   type: 'test'
quality	Run repository quality gate	2026-10-05T13:27:37.1033266Z   ...
quality	Run repository quality gate	2026-10-05T13:27:37.1033656Z # Subtest: transitions a seeded deal with optimistic concurrency
quality	Run repository quality gate	2026-10-05T13:27:37.1034121Z ok 29 - transitions a seeded deal with optimistic concurrency
quality	Run repository quality gate	2026-10-05T13:27:37.1034454Z   ---
quality	Run repository quality gate	2026-10-05T13:27:37.1034676Z   duration_ms: 3.353005
quality	Run repository quality gate	2026-10-05T13:27:37.1035003Z   type: 'test'
quality	Run repository quality gate	2026-10-05T13:27:37.1035203Z   ...
quality	Run repository quality gate	2026-10-05T13:27:37.1035519Z # Subtest: serializes two concurrent transitions so only one stale version wins
quality	Run repository quality gate	2026-10-05T13:27:37.1036401Z ok 30 - serializes two concurrent transitions so only one stale version wins
quality	Run repository quality gate	2026-10-05T13:27:37.1036795Z   ---
quality	Run repository quality gate	2026-10-05T13:27:37.1036984Z   duration_ms: 2.148487
quality	Run repository quality gate	2026-10-05T13:27:37.1037290Z   type: 'test'
quality	Run repository quality gate	2026-10-05T13:27:37.1037727Z   ...
quality	Run repository quality gate	2026-10-05T13:27:37.1038032Z # Subtest: prevents deleting a stage that still owns a deal assignment
quality	Run repository quality gate	2026-10-05T13:27:37.1038713Z ok 31 - prevents deleting a stage that still owns a deal assignment
quality	Run repository quality gate	2026-10-05T13:27:37.1039526Z   ---
quality	Run repository quality gate	2026-10-05T13:27:37.1039887Z   duration_ms: 1.284828
quality	Run repository quality gate	2026-10-05T13:27:37.1040294Z   type: 'test'
quality	Run repository quality gate	2026-10-05T13:27:37.1040635Z   ...
quality	Run repository quality gate	2026-10-05T13:27:37.1041237Z # Subtest: atomically switches the default pipeline with optimistic concurrency
quality	Run repository quality gate	2026-10-05T13:27:37.1042207Z ok 32 - atomically switches the default pipeline with optimistic concurrency
quality	Run repository quality gate	2026-10-05T13:27:37.1042917Z   ---
quality	Run repository quality gate	2026-10-05T13:27:37.1043233Z   duration_ms: 1.494902
quality	Run repository quality gate	2026-10-05T13:27:37.1043641Z   type: 'test'
quality	Run repository quality gate	2026-10-05T13:27:37.1043967Z   ...
quality	Run repository quality gate	2026-10-05T13:27:37.1044502Z # Subtest: restore requires its own permission rather than archive permission
quality	Run repository quality gate	2026-10-05T13:27:37.1045404Z ok 33 - restore requires its own permission rather than archive permission
quality	Run repository quality gate	2026-10-05T13:27:37.1046281Z   ---
quality	Run repository quality gate	2026-10-05T13:27:37.1046618Z   duration_ms: 1.660252
quality	Run repository quality gate	2026-10-05T13:27:37.1047002Z   type: 'test'
quality	Run repository quality gate	2026-10-05T13:27:37.1047340Z   ...
quality	Run repository quality gate	2026-10-05T13:27:37.1047904Z # Subtest: in-memory keys do not collide when tenant and entity IDs contain colons
quality	Run repository quality gate	2026-10-05T13:27:37.1048855Z ok 34 - in-memory keys do not collide when tenant and entity IDs contain colons
quality	Run repository quality gate	2026-10-05T13:27:37.1049549Z   ---
quality	Run repository quality gate	2026-10-05T13:27:37.1049922Z   duration_ms: 0.345958
quality	Run repository quality gate	2026-10-05T13:27:37.1050355Z   type: 'test'
quality	Run repository quality gate	2026-10-05T13:27:37.1050694Z   ...
quality	Run repository quality gate	2026-10-05T13:27:37.1051075Z # Subtest: enforces the bounded pipeline count
quality	Run repository quality gate	2026-10-05T13:27:37.1051638Z ok 35 - enforces the bounded pipeline count
quality	Run repository quality gate	2026-10-05T13:27:37.1052126Z   ---
quality	Run repository quality gate	2026-10-05T13:27:37.1052457Z   duration_ms: 12.331133
quality	Run repository quality gate	2026-10-05T13:27:37.1052834Z   type: 'test'
quality	Run repository quality gate	2026-10-05T13:27:37.1053176Z   ...
quality	Run repository quality gate	2026-10-05T13:27:37.1053486Z 1..35
quality	Run repository quality gate	2026-10-05T13:27:37.1053790Z # tests 35
quality	Run repository quality gate	2026-10-05T13:27:37.1054108Z # suites 0
quality	Run repository quality gate	2026-10-05T13:27:37.1054459Z # pass 35
quality	Run repository quality gate	2026-10-05T13:27:37.1054771Z # fail 0
quality	Run repository quality gate	2026-10-05T13:27:37.1055089Z # cancelled 0
quality	Run repository quality gate	2026-10-05T13:27:37.1055427Z # skipped 0
quality	Run repository quality gate	2026-10-05T13:27:37.1055913Z # todo 0
quality	Run repository quality gate	2026-10-05T13:27:37.1056254Z # duration_ms 138.409868
quality	Run repository quality gate	2026-10-05T13:27:37.1058533Z ##[endgroup]
quality	Run repository quality gate	2026-10-05T13:27:37.1326247Z ^[[;31m@crm/env:test^[[;0m
quality	Run repository quality gate	2026-10-05T13:27:37.1327196Z cache miss, executing f4d9a35e9283fc63
quality	Run repository quality gate	2026-10-05T13:27:37.1333293Z $ NODE_ENV=test bun test
quality	Run repository quality gate	2026-10-05T13:27:37.1335403Z bun test v1.3.12 (700fc117)
quality	Run repository quality gate	2026-10-05T13:27:37.1336150Z
quality	Run repository quality gate	2026-10-05T13:27:37.1336828Z ##[group]test/parse.spec.ts:
quality	Run repository quality gate	2026-10-05T13:27:37.1337491Z (pass) parseEnv > reads plain and quoted values
quality	Run repository quality gate	2026-10-05T13:27:37.1338233Z (pass) parseEnv > ignores comments and blank lines
quality	Run repository quality gate	2026-10-05T13:27:37.1367014Z ##[error]command (/home/runner/work/tayvero/tayvero/packages/env) /home/runner/.bun/bin/bun run test exited (1)
quality	Run repository quality gate	2026-10-05T13:27:37.1381874Z @crm/env#test:  ERROR  command (/home/runner/work/tayvero/tayvero/packages/env) /home/runner/.bun/bin/bun run test exited (1)
quality	Run repository quality gate	2026-10-05T13:27:37.1382706Z  ERROR  run failed: command  exited (1)
quality	Run repository quality gate	2026-10-05T13:27:37.1383079Z (pass) parseEnv > keeps a # that is part of the value
quality	Run repository quality gate	2026-10-05T13:27:37.1383524Z (pass) parseEnv > does not treat a hash inside quotes as a comment
quality	Run repository quality gate	2026-10-05T13:27:37.1384038Z (pass) parseEnv > keeps base64 padding, which openssl rand emits [1.00ms]
quality	Run repository quality gate	2026-10-05T13:27:37.1384627Z (pass) parseEnv > accepts an export prefix and surrounding whitespace
quality	Run repository quality gate	2026-10-05T13:27:37.1385231Z (pass) parseEnv > reads an empty value as empty rather than skipping it
quality	Run repository quality gate	2026-10-05T13:27:37.1386395Z (pass) parseEnv > skips lines that are not assignments
quality	Run repository quality gate	2026-10-05T13:27:37.1386848Z (pass) parseEnv > lets a later line win, which is how a file is edited
quality	Run repository quality gate	2026-10-05T13:27:37.1387351Z (pass) parseEnv > survives CRLF, which is what a Windows editor writes
quality	Run repository quality gate	2026-10-05T13:27:37.1387636Z
quality	Run repository quality gate	2026-10-05T13:27:37.1387916Z ##[endgroup]
quality	Run repository quality gate	2026-10-05T13:27:37.1388076Z
quality	Run repository quality gate	2026-10-05T13:27:37.1388322Z ##[group]test/root.spec.ts:
quality	Run repository quality gate	2026-10-05T13:27:37.1388919Z (pass) finding the workspace root > finds it from the repo root itself
quality	Run repository quality gate	2026-10-05T13:27:37.1390372Z (pass) finding the workspace root > finds it from a package that has its own turbo.json
quality	Run repository quality gate	2026-10-05T13:27:37.1390950Z (pass) finding the workspace root > finds it from a nested source directory
quality	Run repository quality gate	2026-10-05T13:27:37.1391868Z (pass) finding the workspace root > returns null above the repo rather than walking to / [1.00ms]
quality	Run repository quality gate	2026-10-05T13:27:37.1392706Z (pass) finding the workspace root > only matches a manifest that declares workspaces
quality	Run repository quality gate	2026-10-05T13:27:37.1393494Z (pass) the committed .env.example > names every variable the required section promises
quality	Run repository quality gate	2026-10-05T13:27:37.1394059Z 72 |
quality	Run repository quality gate	2026-10-05T13:27:37.1394286Z 73 | 	it("ships no secret of its own", () => {
quality	Run repository quality gate	2026-10-05T13:27:37.1394613Z 74 | 		for (const line of example.split("\n")) {
quality	Run repository quality gate	2026-10-05T13:27:37.1395178Z 75 | 			if (line.startsWith("#") || !line.includes("=")) continue;
quality	Run repository quality gate	2026-10-05T13:27:37.1395602Z 76 | 			const value = line.slice(line.indexOf("=") + 1).trim();
quality	Run repository quality gate	2026-10-05T13:27:37.1396316Z 77 | 			expect(value === '""' || value.length > 0).toBe(true);
quality	Run repository quality gate	2026-10-05T13:27:37.1396662Z                                                    ^
quality	Run repository quality gate	2026-10-05T13:27:37.1396964Z error: expect(received).toBe(expected)
quality	Run repository quality gate	2026-10-05T13:27:37.1397191Z
quality	Run repository quality gate	2026-10-05T13:27:37.1397285Z Expected: true
quality	Run repository quality gate	2026-10-05T13:27:37.1397488Z Received: false
quality	Run repository quality gate	2026-10-05T13:27:37.1397613Z
quality	Run repository quality gate	2026-10-05T13:27:37.1397894Z       at <anonymous> (/home/runner/work/tayvero/tayvero/packages/env/test/root.spec.ts:77:47)
quality	Run repository quality gate	2026-10-05T13:27:37.1398270Z
quality	Run repository quality gate	2026-10-05T13:27:37.1401632Z ##[error]Expected: true
quality	Run repository quality gate	Received: false
quality	Run repository quality gate
quality	Run repository quality gate	      at <anonymous> (/home/runner/work/tayvero/tayvero/packages/env/test/root.spec.ts:77:47)
quality	Run repository quality gate	2026-10-05T13:27:37.1403111Z (fail) the committed .env.example > ships no secret of its own
quality	Run repository quality gate	2026-10-05T13:27:37.1403398Z
quality	Run repository quality gate	2026-10-05T13:27:37.1403666Z ##[endgroup]
quality	Run repository quality gate	2026-10-05T13:27:37.1403798Z
quality	Run repository quality gate	2026-10-05T13:27:37.1403889Z  16 pass
quality	Run repository quality gate	2026-10-05T13:27:37.1404083Z  1 fail
quality	Run repository quality gate	2026-10-05T13:27:37.1404277Z  33 expect() calls
quality	Run repository quality gate	2026-10-05T13:27:37.1404536Z Ran 17 tests across 2 files. [28.00ms]
quality	Run repository quality gate	2026-10-05T13:27:37.1404833Z error: script "test" exited with code 1
quality	Run repository quality gate	2026-10-05T13:27:37.1405288Z ##[group]@crm/migration-runtime:test
quality	Run repository quality gate	2026-10-05T13:27:37.1405586Z cache miss, executing 8839086d604b8ae6
quality	Run repository quality gate	2026-10-05T13:27:37.1406312Z ##[endgroup]
quality	Run repository quality gate	2026-10-05T13:27:37.1406440Z
quality	Run repository quality gate	2026-10-05T13:27:37.1406538Z  Tasks:    8 successful, 10 total
quality	Run repository quality gate	2026-10-05T13:27:37.1406818Z Cached:    1 cached, 10 total
quality	Run repository quality gate	2026-10-05T13:27:37.1407060Z   Time:    1.388s
quality	Run repository quality gate	2026-10-05T13:27:37.1407285Z Failed:    @crm/env#test
quality	Run repository quality gate	2026-10-05T13:27:37.1407431Z
quality	Run repository quality gate	2026-10-05T13:27:37.1455451Z error: script "test" exited with code 1
quality	Run repository quality gate	2026-10-05T13:27:37.1492342Z error: script "quality:gate" exited with code 1
quality	Run repository quality gate	2026-10-05T13:27:37.1500177Z ##[error]Process completed with exit code 1.
quality	Preserve acceptance reports and logs	﻿2026-10-05T13:27:37.1584467Z ##[group]Run actions/upload-artifact@v4
quality	Preserve acceptance reports and logs	2026-10-05T13:27:37.1584793Z with:
quality	Preserve acceptance reports and logs	2026-10-05T13:27:37.1585050Z   name: postgres-quality-evidence-37316730927-1
quality	Preserve acceptance reports and logs	2026-10-05T13:27:37.1585389Z   path: docs/quality/generated-*
quality	Preserve acceptance reports and logs	2026-10-05T13:27:37.1585969Z   if-no-files-found: warn
quality	Preserve acceptance reports and logs	2026-10-05T13:27:37.1586247Z   retention-days: 14
quality	Preserve acceptance reports and logs	2026-10-05T13:27:37.1586475Z   compression-level: 6
quality	Preserve acceptance reports and logs	2026-10-05T13:27:37.1586703Z   overwrite: false
quality	Preserve acceptance reports and logs	2026-10-05T13:27:37.1586940Z   include-hidden-files: false
quality	Preserve acceptance reports and logs	2026-10-05T13:27:37.1587183Z env:
quality	Preserve acceptance reports and logs	2026-10-05T13:27:37.1587378Z   CI: true
quality	Preserve acceptance reports and logs	2026-10-05T13:27:37.1587580Z   CRM_TELEMETRY_DISABLED: true
quality	Preserve acceptance reports and logs	2026-10-05T13:27:37.1587926Z   DATABASE_URL: [REDACTED_DATABASE_URL]
quality	Preserve acceptance reports and logs	2026-10-05T13:27:37.1588407Z   TEST_DATABASE_URL: [REDACTED_DATABASE_URL]
quality	Preserve acceptance reports and logs	2026-10-05T13:27:37.1588813Z   ALLOWED_SIGN_IN: example.test
quality	Preserve acceptance reports and logs	2026-10-05T13:27:37.1589102Z   CREDENTIAL_VAULT_ACTIVE_KEY_ID: ci-ephemeral
quality	Preserve acceptance reports and logs	2026-10-05T13:27:37.1589413Z   CREDENTIAL_VAULT_ENFORCE: true
quality	Preserve acceptance reports and logs	2026-10-05T13:27:37.1589954Z   BETTER_AUTH_SECRET: ***
quality	Preserve acceptance reports and logs	2026-10-05T13:27:37.1590377Z   AGENT_BRIDGE_SECRET: ***
quality	Preserve acceptance reports and logs	2026-10-05T13:27:37.1590831Z   CREDENTIAL_VAULT_KEYS: ***
quality	Preserve acceptance reports and logs	2026-10-05T13:27:37.1591080Z ##[endgroup]
quality	Preserve acceptance reports and logs	2026-10-05T13:27:37.3261587Z (node:4794) [DEP0040] DeprecationWarning: The `punycode` module is deprecated. Please use a userland alternative instead.
quality	Preserve acceptance reports and logs	2026-10-05T13:27:37.3262591Z (Use `node --trace-deprecation ...` to show where the warning was created)
quality	Preserve acceptance reports and logs	2026-10-05T13:27:37.3381581Z With the provided path, there will be 31 files uploaded
quality	Preserve acceptance reports and logs	2026-10-05T13:27:37.3387104Z Artifact name is valid!
quality	Preserve acceptance reports and logs	2026-10-05T13:27:37.3387824Z Root directory input is valid!
quality	Preserve acceptance reports and logs	2026-10-05T13:27:37.5963568Z Beginning upload of artifact content to blob storage
quality	Preserve acceptance reports and logs	2026-10-05T13:27:37.6665738Z (node:4794) [DEP0169] DeprecationWarning: `url.parse()` behavior is not standardized and prone to errors that have security implications. Use the WHATWG URL API instead. CVEs are not issued for `url.parse()` vulnerabilities.
quality	Preserve acceptance reports and logs	2026-10-05T13:27:37.8609783Z Uploaded bytes 210086
quality	Preserve acceptance reports and logs	2026-10-05T13:27:37.8981240Z Finished uploading artifact content to blob storage!
quality	Preserve acceptance reports and logs	2026-10-05T13:27:37.8982373Z SHA256 digest of uploaded artifact zip is 7b850fc146df7e571397354ec0bcfaab1ac2d45c34565c93c697fe6695c8e704
quality	Preserve acceptance reports and logs	2026-10-05T13:27:37.8984644Z Finalizing artifact upload
quality	Preserve acceptance reports and logs	2026-10-05T13:27:38.2445099Z Artifact postgres-quality-evidence-37316730927-1.zip successfully finalized. Artifact ID 11347519332
quality	Preserve acceptance reports and logs	2026-10-05T13:27:38.2447077Z Artifact postgres-quality-evidence-37316730927-1 has been successfully uploaded! Final size is 210086 bytes. Artifact ID is 11347519332
quality	Preserve acceptance reports and logs	2026-10-05T13:27:38.2453607Z Artifact download URL: https://github.com/SamandarMansurkhodjaev2713/tayvero/actions/runs/37316730927/artifacts/11347519332
quality	Post Checkout	﻿2026-10-05T13:27:38.2660053Z Post job cleanup.
quality	Post Checkout	2026-10-05T13:27:38.3503069Z [command]/usr/bin/git version
quality	Post Checkout	2026-10-05T13:27:38.3618921Z git version 2.55.0
quality	Post Checkout	2026-10-05T13:27:38.3632191Z Temporarily overriding HOME='/home/runner/work/_temp/366638d0-6ffe-43aa-96f2-f0f4ff8bd690' before making global git config changes
quality	Post Checkout	2026-10-05T13:27:38.3633606Z Adding repository directory to the temporary git global config as a safe directory
quality	Post Checkout	2026-10-05T13:27:38.3634319Z [command]/usr/bin/git config --global --add safe.directory /home/runner/work/tayvero/tayvero
quality	Post Checkout	2026-10-05T13:27:38.3649108Z [command]/usr/bin/git config --local --name-only --get-regexp core\.sshCommand
quality	Post Checkout	2026-10-05T13:27:38.3686555Z [command]/usr/bin/git submodule foreach --recursive sh -c "git config --local --name-only --get-regexp 'core\.sshCommand' && git config --local --unset-all 'core.sshCommand' || :"
quality	Post Checkout	2026-10-05T13:27:38.3938142Z [command]/usr/bin/git config --local --name-only --get-regexp http\.https\:\/\/github\.com\/\.extraheader
quality	Post Checkout	2026-10-05T13:27:38.3967679Z http.https://github.com/.extraheader
quality	Post Checkout	2026-10-05T13:27:38.3979936Z [command]/usr/bin/git config --local --unset-all http.https://github.com/.extraheader
quality	Post Checkout	2026-10-05T13:27:38.4026665Z [command]/usr/bin/git submodule foreach --recursive sh -c "git config --local --name-only --get-regexp 'http\.https\:\/\/github\.com\/\.extraheader' && git config --local --unset-all 'http.https://github.com/.extraheader' || :"
quality	Post Checkout	2026-10-05T13:27:38.4303238Z [command]/usr/bin/git config --local --name-only --get-regexp ^includeIf\.gitdir:
quality	Post Checkout	2026-10-05T13:27:38.4345972Z [command]/usr/bin/git submodule foreach --recursive git config --local --show-origin --name-only --get-regexp remote.origin.url
quality	Stop containers	﻿2026-10-05T13:27:38.4721707Z Print service container logs: 7b4b54a4e1134c3b93b8fb9f3e65063c_postgres16_afd71e
quality	Stop containers	2026-10-05T13:27:38.4726441Z ##[command]/usr/bin/docker logs --details beefd1998b95242e73cf7df2ad5607804368ffadc9fc5a379fd41639d4864254
quality	Stop containers	2026-10-05T13:27:38.4856498Z  ********************************************************************************
quality	Stop containers	2026-10-05T13:27:38.4857420Z  The files belonging to this database system will be owned by user "postgres".
quality	Stop containers	2026-10-05T13:27:38.4858427Z  WARNING: POSTGRES_HOST_AUTH_METHOD has been set to "trust". This will allow
quality	Stop containers	2026-10-05T13:27:38.4859392Z           anyone with access to the Postgres port to access your database without
quality	Stop containers	2026-10-05T13:27:38.4860276Z           a password, even if POSTGRES_PASSWORD is set. See PostgreSQL
quality	Stop containers	2026-10-05T13:27:38.4861203Z  This user must also own the server process.
quality	Stop containers	2026-10-05T13:27:38.4861743Z
quality	Stop containers	2026-10-05T13:27:38.4862174Z           documentation about "trust":
quality	Stop containers	2026-10-05T13:27:38.4862851Z           https://www.postgresql.org/docs/current/auth-trust.html
quality	Stop containers	2026-10-05T13:27:38.4864036Z           In Docker's default configuration, this is effectively any other
quality	Stop containers	2026-10-05T13:27:38.4864718Z           container on the same system.
quality	Stop containers	2026-10-05T13:27:38.4865177Z
quality	Stop containers	2026-10-05T13:27:38.4865925Z           It is not recommended to use POSTGRES_HOST_AUTH_METHOD=trust. Replace
quality	Stop containers	2026-10-05T13:27:38.4866812Z           it with "-e POSTGRES_PASSWORD=password" instead to set a password in
quality	Stop containers	2026-10-05T13:27:38.4867478Z           "docker run".
quality	Stop containers	2026-10-05T13:27:38.4867886Z  ********************************************************************************
quality	Stop containers	2026-10-05T13:27:38.4868352Z  initdb: warning: enabling "trust" authentication for local connections
quality	Stop containers	2026-10-05T13:27:38.4869094Z  initdb: hint: You can change this by editing pg_hba.conf or using the option -A, or --auth-local and --auth-host, the next time you run initdb.
quality	Stop containers	2026-10-05T13:27:38.4870089Z  2026-10-05 13:26:05.929 UTC [1] LOG:  starting PostgreSQL 16.15 (Debian 16.15-1.pgdg13+2) on x86_64-pc-linux-gnu, compiled by gcc (Debian 14.2.0-19) 14.2.0, 64-bit
quality	Stop containers	2026-10-05T13:27:38.4870886Z  2026-10-05 13:26:05.929 UTC [1] LOG:  listening on IPv4 address "0.0.0.0", port 5432
quality	Stop containers	2026-10-05T13:27:38.4871389Z  2026-10-05 13:26:05.929 UTC [1] LOG:  listening on IPv6 address "::", port 5432
quality	Stop containers	2026-10-05T13:27:38.4871939Z  2026-10-05 13:26:05.930 UTC [1] LOG:  listening on Unix socket "/var/run/postgresql/.s.PGSQL.5432"
quality	Stop containers	2026-10-05T13:27:38.4872743Z  2026-10-05 13:26:05.932 UTC [65] LOG:  database system was shut down at 2026-10-05 13:26:05 UTC
quality	Stop containers	2026-10-05T13:27:38.4873300Z  2026-10-05 13:26:05.936 UTC [1] LOG:  database system is ready to accept connections
quality	Stop containers	2026-10-05T13:27:38.4874280Z  2026-10-05 13:26:42.993 UTC [135] ERROR:  could not serialize access due to concurrent update
quality	Stop containers	2026-10-05T13:27:38.4876644Z  2026-10-05 13:26:42.993 UTC [135] STATEMENT:  UPDATE "public"."crm_migration_source" SET "version" = ("public"."crm_migration_source"."version" + $1) WHERE ("public"."crm_migration_source"."workspace_id" = $2 AND "public"."crm_migration_source"."id" = $3 AND "public"."crm_migration_source"."version" = $4)
quality	Stop containers	2026-10-05T13:27:38.4878826Z  2026-10-05 13:26:43.042 UTC [135] ERROR:  could not serialize access due to concurrent update
quality	Stop containers	2026-10-05T13:27:38.4881667Z  2026-10-05 13:26:43.042 UTC [135] STATEMENT:  UPDATE "public"."crm_migration_job" SET "status" = CAST($1::text AS "public"."CrmMigrationJobStatus"), "version" = $2, "total_rows" = $3, "accepted_rows" = $4, "rejected_rows" = $5, "warning_count" = $6, "last_completed_batch" = $7, "updated_at" = $8 WHERE ("public"."crm_migration_job"."workspace_id" = $9 AND "public"."crm_migration_job"."id" = $10 AND "public"."crm_migration_job"."version" = $11)
quality	Stop containers	2026-10-05T13:27:38.4884587Z  2026-10-05 13:26:43.178 UTC [135] ERROR:  could not serialize access due to concurrent update
quality	Stop containers	2026-10-05T13:27:38.4887223Z  2026-10-05 13:26:43.178 UTC [135] STATEMENT:  UPDATE "public"."crm_migration_job" SET "version" = $1, "updated_at" = $2 WHERE ("public"."crm_migration_job"."id" = $3 AND "public"."crm_migration_job"."workspace_id" = $4 AND "public"."crm_migration_job"."version" = $5 AND "public"."crm_migration_job"."status" = CAST($6::text AS "public"."CrmMigrationJobStatus"))
quality	Stop containers	2026-10-05T13:27:38.4889477Z  2026-10-05 13:26:43.202 UTC [134] ERROR:  could not serialize access due to concurrent update
quality	Stop containers	2026-10-05T13:27:38.4891121Z  2026-10-05 13:26:43.202 UTC [134] STATEMENT:  UPDATE "public"."crm_migration_job" SET "status" = CAST($1::text AS "public"."CrmMigrationJobStatus"), "version" = $2, "total_rows" = $3, "accepted_rows" = $4, "rejected_rows" = $5, "warning_count" = $6, "last_completed_batch" = $7, "updated_at" = $8 WHERE ("public"."crm_migration_job"."workspace_id" = $9 AND "public"."crm_migration_job"."id" = $10 AND "public"."crm_migration_job"."version" = $11)
quality	Stop containers	2026-10-05T13:27:38.4893004Z  2026-10-05 13:26:43.256 UTC [134] ERROR:  insert or update on table "crm_migration_job" violates foreign key constraint "crm_migration_job_workspace_id_source_id_fkey"
quality	Stop containers	2026-10-05T13:27:38.4894224Z  2026-10-05 13:26:43.256 UTC [134] DETAIL:  Key (workspace_id, source_id)=(wrong-f98e73a8-8f85-4272-93e7-dc8f35f5343e, 0cc8b1d1c45081893ab970445de1e169) is not present in table "crm_migration_source".
quality	Stop containers	2026-10-05T13:27:38.4899470Z  2026-10-05 13:26:43.256 UTC [134] STATEMENT:  UPDATE "public"."crm_migration_job" SET "workspace_id" = $1, "updated_at" = $2 WHERE ("public"."crm_migration_job"."id" = $3 AND 1=1) RETURNING "public"."crm_migration_job"."id", "public"."crm_migration_job"."background_enabled", "public"."crm_migration_job"."background_requested_by_id", "public"."crm_migration_job"."background_version", "public"."crm_migration_job"."background_next_attempt_at", "public"."crm_migration_job"."background_failure_count", "public"."crm_migration_job"."background_last_error_code", "public"."crm_migration_job"."source_id", "public"."crm_migration_job"."workspace_id", "public"."crm_migration_job"."created_by_id", "public"."crm_migration_job"."entity_type", "public"."crm_migration_job"."source_format", "public"."crm_migration_job"."source_filename", "public"."crm_migration_job"."source_sha256", "public"."crm_migration_job"."status"::text, "public"."crm_migration_job"."mapping", "public"."crm_migration_job"."total_rows", "public"."crm_migration_job"."accepted_rows", "public"."crm_migration_job"."rejected_rows", "public"."crm_migration_job"."warning_count", "public"."crm_migration_job"."last_completed_batch", "public"."crm_migration_job"."version", "public"."crm_migration_job"."created_at", "public"."crm_migration_job"."updated_at"
quality	Stop containers	2026-10-05T13:27:38.4904566Z  2026-10-05 13:26:43.298 UTC [135] ERROR:  duplicate key value violates unique constraint "crm_migration_receipt_row_key"
quality	Stop containers	2026-10-05T13:27:38.4905584Z  2026-10-05 13:26:43.298 UTC [135] DETAIL:  Key (workspace_id, job_id, row_number)=(ops-test-f98e73a8-8f85-4272-93e7-dc8f35f5343e, mj_6f29effa22f3d0a8133ad57b757680e57d817665, 2) already exists.
quality	Stop containers	2026-10-05T13:27:38.4909454Z  2026-10-05 13:26:43.298 UTC [135] STATEMENT:  INSERT INTO "public"."crm_migration_row_receipt" ("id","workspace_id","job_id","row_number","batch_index","fingerprint","entity_type","entity_id","status","code","record_updated_at","rolled_back_at","created_at") VALUES ($1,$2,$3,$4,$5,$6,$7,$8,$9,$10,$11,$12,$13) RETURNING "public"."crm_migration_row_receipt"."id", "public"."crm_migration_row_receipt"."workspace_id", "public"."crm_migration_row_receipt"."job_id", "public"."crm_migration_row_receipt"."row_number", "public"."crm_migration_row_receipt"."batch_index", "public"."crm_migration_row_receipt"."fingerprint", "public"."crm_migration_row_receipt"."entity_type", "public"."crm_migration_row_receipt"."entity_id", "public"."crm_migration_row_receipt"."status", "public"."crm_migration_row_receipt"."code", "public"."crm_migration_row_receipt"."record_updated_at", "public"."crm_migration_row_receipt"."rolled_back_at", "public"."crm_migration_row_receipt"."created_at"
quality	Stop containers	2026-10-05T13:27:38.4912891Z  2026-10-05 13:26:43.309 UTC [136] ERROR:  duplicate key value violates unique constraint "crm_migration_receipt_row_key"
quality	Stop containers	2026-10-05T13:27:38.4913908Z  2026-10-05 13:26:43.309 UTC [136] DETAIL:  Key (workspace_id, job_id, row_number)=(ops-test-f98e73a8-8f85-4272-93e7-dc8f35f5343e, mj_6f29effa22f3d0a8133ad57b757680e57d817665, 2) already exists.
quality	Stop containers	2026-10-05T13:27:38.4917938Z  2026-10-05 13:26:43.309 UTC [136] STATEMENT:  INSERT INTO "public"."crm_migration_row_receipt" ("id","workspace_id","job_id","row_number","batch_index","fingerprint","entity_type","entity_id","status","code","record_updated_at","rolled_back_at","created_at") VALUES ($1,$2,$3,$4,$5,$6,$7,$8,$9,$10,$11,$12,$13) RETURNING "public"."crm_migration_row_receipt"."id", "public"."crm_migration_row_receipt"."workspace_id", "public"."crm_migration_row_receipt"."job_id", "public"."crm_migration_row_receipt"."row_number", "public"."crm_migration_row_receipt"."batch_index", "public"."crm_migration_row_receipt"."fingerprint", "public"."crm_migration_row_receipt"."entity_type", "public"."crm_migration_row_receipt"."entity_id", "public"."crm_migration_row_receipt"."status", "public"."crm_migration_row_receipt"."code", "public"."crm_migration_row_receipt"."record_updated_at", "public"."crm_migration_row_receipt"."rolled_back_at", "public"."crm_migration_row_receipt"."created_at"
quality	Stop containers	2026-10-05T13:27:38.4921364Z  2026-10-05 13:26:43.465 UTC [137] ERROR:  could not serialize access due to concurrent update
quality	Stop containers	2026-10-05T13:27:38.4923556Z  2026-10-05 13:26:43.465 UTC [137] STATEMENT:  UPDATE "public"."GovernedActionApproval" SET "status" = $1, "approvedById" = $2, "decidedById" = $3, "decidedAt" = $4, "decisionReason" = $5, "updatedAt" = $6, "version" = ("public"."GovernedActionApproval"."version" + $7) WHERE ("public"."GovernedActionApproval"."id" = $8 AND "public"."GovernedActionApproval"."workspaceId" = $9 AND "public"."GovernedActionApproval"."version" = $10 AND "public"."GovernedActionApproval"."status" = $11 AND "public"."GovernedActionApproval"."payloadDigest" = $12 AND "public"."GovernedActionApproval"."consumedAt" IS NULL)
quality	Stop containers	2026-10-05T13:27:38.4925989Z  2026-10-05 13:26:43.482 UTC [136] ERROR:  could not serialize access due to concurrent update
quality	Stop containers	2026-10-05T13:27:38.4928047Z  2026-10-05 13:26:43.482 UTC [136] STATEMENT:  UPDATE "public"."GovernedActionApproval" SET "status" = $1, "consumedAt" = $2, "consumedById" = $3, "updatedAt" = $4, "version" = ("public"."GovernedActionApproval"."version" + $5) WHERE ("public"."GovernedActionApproval"."id" = $6 AND "public"."GovernedActionApproval"."workspaceId" = $7 AND "public"."GovernedActionApproval"."status" = $8 AND "public"."GovernedActionApproval"."version" = $9 AND "public"."GovernedActionApproval"."consumedAt" IS NULL AND "public"."GovernedActionApproval"."expiresAt" > $10)
quality	Stop containers	2026-10-05T13:27:38.4930099Z  2026-10-05 13:26:43.558 UTC [137] ERROR:  could not serialize access due to concurrent update
quality	Stop containers	2026-10-05T13:27:38.4931936Z  2026-10-05 13:26:43.558 UTC [137] STATEMENT:  UPDATE "public"."agentRun" SET "status" = CAST($1::text AS "public"."AgentRunStatus"), "approvalWaitStartedAt" = $2, "approvalExecutionDeadlineAt" = $3 WHERE ("public"."agentRun"."id" = $4 AND "public"."agentRun"."status" = CAST($5::text AS "public"."AgentRunStatus") AND "public"."agentRun"."versionId" = $6 AND "public"."agentRun"."sessionId" = $7 AND "public"."agentRun"."cancelRequestedAt" IS NULL AND "public"."agentRun"."approvalWaitStartedAt" = $8)
quality	Stop containers	2026-10-05T13:27:38.4933784Z  2026-10-05 13:26:43.619 UTC [136] ERROR:  could not serialize access due to concurrent update
quality	Stop containers	2026-10-05T13:27:38.4935490Z  2026-10-05 13:26:43.619 UTC [136] STATEMENT:  UPDATE "public"."GovernedActionContinuation" SET "transportAdmittedAt" = $1, "updatedAt" = $2, "version" = ("public"."GovernedActionContinuation"."version" + $3) WHERE ("public"."GovernedActionContinuation"."id" = $4 AND "public"."GovernedActionContinuation"."workspaceId" = $5 AND "public"."GovernedActionContinuation"."version" = $6 AND "public"."GovernedActionContinuation"."status" = $7)
quality	Stop containers	2026-10-05T13:27:38.4937636Z  2026-10-05 13:26:43.719 UTC [136] ERROR:  duplicate key value violates unique constraint "gac_workspace_approval_key"
quality	Stop containers	2026-10-05T13:27:38.4938689Z  2026-10-05 13:26:43.719 UTC [136] DETAIL:  Key ("workspaceId", "approvalId")=(ops-test-f98e73a8-8f85-4272-93e7-dc8f35f5343e, ga_cbf330b2ff2391a64055afb1bdb65310a91cfcaa6d36da72) already exists.
quality	Stop containers	2026-10-05T13:27:38.4945994Z  2026-10-05 13:26:43.719 UTC [136] STATEMENT:  INSERT INTO "public"."GovernedActionContinuation" ("id","workspaceId","approvalId","runId","versionId","rootSessionId","sessionId","callId","toolName","payloadDigest","nativeRequestId","nativeTurnId","nativeSequence","status","version","decision","leaseToken","leaseExpiresAt","nextCheckAt","transportAdmittedAt","waitingAt","deliveredAt","completedAt","errorCode","createdAt","updatedAt") VALUES ($1,$2,$3,$4,$5,$6,$7,$8,$9,$10,$11,$12,$13,$14,$15,$16,$17,$18,$19,$20,$21,$22,$23,$24,$25,$26) RETURNING "public"."GovernedActionContinuation"."id", "public"."GovernedActionContinuation"."workspaceId", "public"."GovernedActionContinuation"."approvalId", "public"."GovernedActionContinuation"."runId", "public"."GovernedActionContinuation"."versionId", "public"."GovernedActionContinuation"."rootSessionId", "public"."GovernedActionContinuation"."sessionId", "public"."GovernedActionContinuation"."callId", "public"."GovernedActionContinuation"."toolName", "public"."GovernedActionContinuation"."payloadDigest", "public"."GovernedActionContinuation"."nativeRequestId", "public"."GovernedActionContinuation"."nativeTurnId", "public"."GovernedActionContinuation"."nativeSequence", "public"."GovernedActionContinuation"."status", "public"."GovernedActionContinuation"."version", "public"."GovernedActionContinuation"."decision", "public"."GovernedActionContinuation"."leaseToken", "public"."GovernedActionContinuation"."leaseExpiresAt", "public"."GovernedActionContinuation"."nextCheckAt", "public"."GovernedActionContinuation"."transportAdmittedAt", "public"."GovernedActionContinuation"."waitingAt", "public"."GovernedActionContinuation"."deliveredAt", "public"."GovernedActionContinuation"."completedAt", "public"."GovernedActionContinuation"."errorCode", "public"."GovernedActionContinuation"."createdAt", "public"."GovernedActionContinuation"."updatedAt"
quality	Stop containers	2026-10-05T13:27:38.4953158Z  2026-10-05 13:26:43.723 UTC [137] ERROR:  insert or update on table "GovernedActionContinuation" violates foreign key constraint "gac_approval_fk"
quality	Stop containers	2026-10-05T13:27:38.4954398Z  2026-10-05 13:26:43.723 UTC [137] DETAIL:  Key (workspaceId, approvalId)=(other-f98e73a8-8f85-4272-93e7-dc8f35f5343e, ga_cbf330b2ff2391a64055afb1bdb65310a91cfcaa6d36da72) is not present in table "GovernedActionApproval".
quality	Stop containers	2026-10-05T13:27:38.4960714Z  2026-10-05 13:26:43.723 UTC [137] STATEMENT:  UPDATE "public"."GovernedActionContinuation" SET "workspaceId" = $1, "updatedAt" = $2 WHERE ("public"."GovernedActionContinuation"."id" = $3 AND 1=1) RETURNING "public"."GovernedActionContinuation"."id", "public"."GovernedActionContinuation"."workspaceId", "public"."GovernedActionContinuation"."approvalId", "public"."GovernedActionContinuation"."runId", "public"."GovernedActionContinuation"."versionId", "public"."GovernedActionContinuation"."rootSessionId", "public"."GovernedActionContinuation"."sessionId", "public"."GovernedActionContinuation"."callId", "public"."GovernedActionContinuation"."toolName", "public"."GovernedActionContinuation"."payloadDigest", "public"."GovernedActionContinuation"."nativeRequestId", "public"."GovernedActionContinuation"."nativeTurnId", "public"."GovernedActionContinuation"."nativeSequence", "public"."GovernedActionContinuation"."status", "public"."GovernedActionContinuation"."version", "public"."GovernedActionContinuation"."decision", "public"."GovernedActionContinuation"."leaseToken", "public"."GovernedActionContinuation"."leaseExpiresAt", "public"."GovernedActionContinuation"."nextCheckAt", "public"."GovernedActionContinuation"."transportAdmittedAt", "public"."GovernedActionContinuation"."waitingAt", "public"."GovernedActionContinuation"."deliveredAt", "public"."GovernedActionContinuation"."completedAt", "public"."GovernedActionContinuation"."errorCode", "public"."GovernedActionContinuation"."createdAt", "public"."GovernedActionContinuation"."updatedAt"
quality	Stop containers	2026-10-05T13:27:38.4966902Z  2026-10-05 13:26:43.789 UTC [139] ERROR:  could not serialize access due to concurrent update
quality	Stop containers	2026-10-05T13:27:38.4968137Z  2026-10-05 13:26:43.789 UTC [139] STATEMENT:  UPDATE "public"."crm_migration_source" SET "version" = ("public"."crm_migration_source"."version" + $1) WHERE ("public"."crm_migration_source"."workspace_id" = $2 AND "public"."crm_migration_source"."id" = $3 AND "public"."crm_migration_source"."version" = $4)
quality	Stop containers	2026-10-05T13:27:38.4969371Z  2026-10-05 13:26:43.809 UTC [138] ERROR:  could not serialize access due to concurrent update
quality	Stop containers	2026-10-05T13:27:38.4970593Z  2026-10-05 13:26:43.809 UTC [138] STATEMENT:  UPDATE "public"."crm_migration_source" SET "version" = ("public"."crm_migration_source"."version" + $1) WHERE ("public"."crm_migration_source"."workspace_id" = $2 AND "public"."crm_migration_source"."id" = $3 AND "public"."crm_migration_source"."version" = $4)
quality	Stop containers	2026-10-05T13:27:38.4971818Z  2026-10-05 13:26:43.822 UTC [138] ERROR:  could not serialize access due to concurrent update
quality	Stop containers	2026-10-05T13:27:38.4973432Z  2026-10-05 13:26:43.822 UTC [138] STATEMENT:  UPDATE "public"."crm_migration_source" SET "purged_at" = $1, "version" = ("public"."crm_migration_source"."version" + $2) WHERE ("public"."crm_migration_source"."workspace_id" = $3 AND "public"."crm_migration_source"."id" = $4 AND "public"."crm_migration_source"."deleted_at" IS NOT NULL AND "public"."crm_migration_source"."purged_at" IS NULL)
quality	Stop containers	2026-10-05T13:27:38.4974899Z  2026-10-05 13:26:43.861 UTC [139] ERROR:  could not serialize access due to concurrent update
quality	Stop containers	2026-10-05T13:27:38.4976736Z  2026-10-05 13:26:43.861 UTC [139] STATEMENT:  UPDATE "public"."crm_migration_job" SET "background_version" = ("public"."crm_migration_job"."background_version" + $1), "background_next_attempt_at" = $2, "updated_at" = $3 WHERE ("public"."crm_migration_job"."workspace_id" = $4 AND "public"."crm_migration_job"."id" = $5 AND "public"."crm_migration_job"."background_enabled" = $6 AND "public"."crm_migration_job"."background_version" = $7)
quality	Stop containers	2026-10-05T13:27:38.4978377Z  2026-10-05 13:26:44.025 UTC [138] ERROR:  could not serialize access due to concurrent update
quality	Stop containers	2026-10-05T13:27:38.4979990Z  2026-10-05 13:26:44.025 UTC [138] STATEMENT:  UPDATE "public"."crm_migration_job" SET "background_version" = ("public"."crm_migration_job"."background_version" + $1), "background_next_attempt_at" = $2, "updated_at" = $3 WHERE ("public"."crm_migration_job"."workspace_id" = $4 AND "public"."crm_migration_job"."id" = $5 AND "public"."crm_migration_job"."background_enabled" = $6 AND "public"."crm_migration_job"."background_version" = $7)
quality	Stop containers	2026-10-05T13:27:38.4981605Z  2026-10-05 13:26:44.061 UTC [139] ERROR:  could not serialize access due to concurrent update
quality	Stop containers	2026-10-05T13:27:38.4983217Z  2026-10-05 13:26:44.061 UTC [139] STATEMENT:  UPDATE "public"."crm_migration_job" SET "background_version" = ("public"."crm_migration_job"."background_version" + $1), "background_next_attempt_at" = $2, "updated_at" = $3 WHERE ("public"."crm_migration_job"."workspace_id" = $4 AND "public"."crm_migration_job"."id" = $5 AND "public"."crm_migration_job"."background_enabled" = $6 AND "public"."crm_migration_job"."background_version" = $7)
quality	Stop containers	2026-10-05T13:27:38.4984804Z  The database cluster will be initialized with locale "en_US.utf8".
quality	Stop containers	2026-10-05T13:27:38.4985272Z  The default database encoding has accordingly been set to "UTF8".
quality	Stop containers	2026-10-05T13:27:38.4985938Z  The default text search configuration will be set to "english".
quality	Stop containers	2026-10-05T13:27:38.4986306Z
quality	Stop containers	2026-10-05T13:27:38.4986515Z  Data page checksums are disabled.
quality	Stop containers	2026-10-05T13:27:38.4986780Z
quality	Stop containers	2026-10-05T13:27:38.4987094Z  fixing permissions on existing directory /var/lib/postgresql/data ... ok
quality	Stop containers	2026-10-05T13:27:38.4987507Z  creating subdirectories ... ok
quality	Stop containers	2026-10-05T13:27:38.4987862Z  selecting dynamic shared memory implementation ... posix
quality	Stop containers	2026-10-05T13:27:38.4988236Z  selecting default max_connections ... 100
quality	Stop containers	2026-10-05T13:27:38.4988549Z  selecting default shared_buffers ... 128MB
quality	Stop containers	2026-10-05T13:27:38.4989003Z  selecting default time zone ... Etc/UTC
quality	Stop containers	2026-10-05T13:27:38.4989306Z  creating configuration files ... ok
quality	Stop containers	2026-10-05T13:27:38.4989603Z  running bootstrap script ... ok
quality	Stop containers	2026-10-05T13:27:38.4989921Z  performing post-bootstrap initialization ... ok
quality	Stop containers	2026-10-05T13:27:38.4990248Z  syncing data to disk ... ok
quality	Stop containers	2026-10-05T13:27:38.4990492Z
quality	Stop containers	2026-10-05T13:27:38.4991257Z
quality	Stop containers	2026-10-05T13:27:38.4991684Z  Success. You can now start the database server using:
quality	Stop containers	2026-10-05T13:27:38.4992238Z
quality	Stop containers	2026-10-05T13:27:38.4992811Z      pg_ctl -D /var/lib/postgresql/data -l logfile start
quality	Stop containers	2026-10-05T13:27:38.4993595Z
quality	Stop containers	2026-10-05T13:27:38.4994878Z  waiting for server to start....2026-10-05 13:26:05.624 UTC [49] LOG:  starting PostgreSQL 16.15 (Debian 16.15-1.pgdg13+2) on x86_64-pc-linux-gnu, compiled by gcc (Debian 14.2.0-19) 14.2.0, 64-bit
quality	Stop containers	2026-10-05T13:27:38.4996892Z  2026-10-05 13:26:05.625 UTC [49] LOG:  listening on Unix socket "/var/run/postgresql/.s.PGSQL.5432"
quality	Stop containers	2026-10-05T13:27:38.4998061Z  2026-10-05 13:26:05.627 UTC [52] LOG:  database system was shut down at 2026-10-05 13:26:05 UTC
quality	Stop containers	2026-10-05T13:27:38.4999499Z  2026-10-05 13:26:05.631 UTC [49] LOG:  database system is ready to accept connections
quality	Stop containers	2026-10-05T13:27:38.5000181Z   done
quality	Stop containers	2026-10-05T13:27:38.5000598Z  server started
quality	Stop containers	2026-10-05T13:27:38.5000932Z  CREATE DATABASE
quality	Stop containers	2026-10-05T13:27:38.5001331Z
quality	Stop containers	2026-10-05T13:27:38.5001649Z
quality	Stop containers	2026-10-05T13:27:38.5002131Z  /usr/local/bin/docker-entrypoint.sh: ignoring /docker-entrypoint-initdb.d/*
quality	Stop containers	2026-10-05T13:27:38.5002689Z
quality	Stop containers	2026-10-05T13:27:38.5003253Z  waiting for server to shut down...2026-10-05 13:26:05.809 UTC [49] LOG:  received fast shutdown request
quality	Stop containers	2026-10-05T13:27:38.5003954Z  .2026-10-05 13:26:05.810 UTC [49] LOG:  aborting any active transactions
quality	Stop containers	2026-10-05T13:27:38.5004747Z  2026-10-05 13:26:05.812 UTC [49] LOG:  background worker "logical replication launcher" (PID 55) exited with exit code 1
quality	Stop containers	2026-10-05T13:27:38.5005480Z  2026-10-05 13:26:05.812 UTC [50] LOG:  shutting down
quality	Stop containers	2026-10-05T13:27:38.5006322Z  2026-10-05 13:26:05.813 UTC [50] LOG:  checkpoint starting: shutdown immediate
quality	Stop containers	2026-10-05T13:27:38.5007731Z  2026-10-05 13:26:05.828 UTC [50] LOG:  checkpoint complete: wrote 926 buffers (5.7%); 0 WAL file(s) added, 0 removed, 0 recycled; write=0.013 s, sync=0.002 s, total=0.016 s; sync files=301, longest=0.001 s, average=0.001 s; distance=4273 kB, estimate=4273 kB; lsn=0/191F060, redo lsn=0/191F060
quality	Stop containers	2026-10-05T13:27:38.5008964Z  2026-10-05 13:26:05.835 UTC [49] LOG:  database system is shut down
quality	Stop containers	2026-10-05T13:27:38.5009471Z   done
quality	Stop containers	2026-10-05T13:27:38.5009805Z  server stopped
quality	Stop containers	2026-10-05T13:27:38.5010223Z
quality	Stop containers	2026-10-05T13:27:38.5010577Z  PostgreSQL init process complete; ready for start up.
quality	Stop containers	2026-10-05T13:27:38.5011080Z
quality	Stop containers	2026-10-05T13:27:38.5016973Z Stop and remove container: 7b4b54a4e1134c3b93b8fb9f3e65063c_postgres16_afd71e
quality	Stop containers	2026-10-05T13:27:38.5021851Z ##[command]/usr/bin/docker rm --force beefd1998b95242e73cf7df2ad5607804368ffadc9fc5a379fd41639d4864254
quality	Stop containers	2026-10-05T13:27:38.6414308Z beefd1998b95242e73cf7df2ad5607804368ffadc9fc5a379fd41639d4864254
quality	Stop containers	2026-10-05T13:27:38.6444455Z Remove container network: github_network_4f563a1698fe4989b6591afccbb4aa0f
quality	Stop containers	2026-10-05T13:27:38.6449843Z ##[command]/usr/bin/docker network rm github_network_4f563a1698fe4989b6591afccbb4aa0f
quality	Stop containers	2026-10-05T13:27:38.7452241Z github_network_4f563a1698fe4989b6591afccbb4aa0f
quality	Complete job	﻿2026-10-05T13:27:38.7528226Z Cleaning up orphan processes
quality	Complete job	2026-10-05T13:27:38.7860273Z ##[warning]Node.js 20 is deprecated. The following actions target Node.js 20 but are being forced to run on Node.js 24: actions/checkout@v4, actions/upload-artifact@v4. For more information see: https://github.blog/changelog/2025-09-19-deprecation-of-node-20-on-github-actions-runners/
