quality	Set up job	﻿2026-10-05T13:32:19.2940635Z Current runner version: '2.337.0'
quality	Set up job	2026-10-05T13:32:19.2963480Z ##[group]Runner Image Provisioner
quality	Set up job	2026-10-05T13:32:19.2964425Z Hosted Compute Agent
quality	Set up job	2026-10-05T13:32:19.2964991Z Version: 20260901.588
quality	Set up job	2026-10-05T13:32:19.2965578Z Commit: f88ec8081b781fac6c440065ac7ff9e710ce3d0b
quality	Set up job	2026-10-05T13:32:19.2966311Z Build Date: 2026-09-01T19:56:44Z
quality	Set up job	2026-10-05T13:32:19.2966953Z Worker ID: {5a728bd9-8479-461c-9e23-a7c0d3e6fffe}
quality	Set up job	2026-10-05T13:32:19.2967615Z Azure Region: westcentralus
quality	Set up job	2026-10-05T13:32:19.2968244Z ##[endgroup]
quality	Set up job	2026-10-05T13:32:19.2969443Z ##[group]Operating System
quality	Set up job	2026-10-05T13:32:19.2970065Z Ubuntu
quality	Set up job	2026-10-05T13:32:19.2970569Z 24.04.5
quality	Set up job	2026-10-05T13:32:19.2971039Z LTS
quality	Set up job	2026-10-05T13:32:19.2971553Z ##[endgroup]
quality	Set up job	2026-10-05T13:32:19.2972066Z ##[group]Runner Image
quality	Set up job	2026-10-05T13:32:19.2972811Z Image: ubuntu-24.04
quality	Set up job	2026-10-05T13:32:19.2973400Z Version: 20260927.320.1
quality	Set up job	2026-10-05T13:32:19.2974428Z Included Software: https://github.com/actions/runner-images/blob/ubuntu24/20260927.320/images/ubuntu/Ubuntu2404-Readme.md
quality	Set up job	2026-10-05T13:32:19.2976075Z Image Release: https://github.com/actions/runner-images/releases/tag/ubuntu24%2F20260927.320
quality	Set up job	2026-10-05T13:32:19.2976992Z ##[endgroup]
quality	Set up job	2026-10-05T13:32:19.2978047Z ##[group]GITHUB_TOKEN Permissions
quality	Set up job	2026-10-05T13:32:19.2979935Z Contents: read
quality	Set up job	2026-10-05T13:32:19.2980526Z Metadata: read
quality	Set up job	2026-10-05T13:32:19.2981055Z ##[endgroup]
quality	Set up job	2026-10-05T13:32:19.2983122Z Secret source: Actions
quality	Set up job	2026-10-05T13:32:19.2984050Z Cache mode: write
quality	Set up job	2026-10-05T13:32:19.2984710Z Prepare workflow directory
quality	Set up job	2026-10-05T13:32:19.3431016Z Prepare all required actions
quality	Set up job	2026-10-05T13:32:19.3478534Z Getting action download info
quality	Set up job	2026-10-05T13:32:19.6794092Z Download action repository 'actions/checkout@v4' (SHA:11d5960a326750d5838078e36cf38b85af677262)
quality	Set up job	2026-10-05T13:32:19.7698533Z Download action repository 'oven-sh/setup-bun@v2' (SHA:0c5077e51419868618aeaa5fe8019c62421857d6)
quality	Set up job	2026-10-05T13:32:20.4251967Z Download action repository 'actions/upload-artifact@v4' (SHA:ea165f8d65b6e75b540449e92b4886f43607fa02)
quality	Set up job	2026-10-05T13:32:20.6779492Z Complete job name: quality
quality	Initialize containers	﻿2026-10-05T13:32:20.7239943Z ##[group]Checking docker version
quality	Initialize containers	2026-10-05T13:32:20.7252142Z ##[command]/usr/bin/docker version --format '{{.Server.APIVersion}}'
quality	Initialize containers	2026-10-05T13:32:20.8375867Z '1.48'
quality	Initialize containers	2026-10-05T13:32:20.8389316Z Docker daemon API version: '1.48'
quality	Initialize containers	2026-10-05T13:32:20.8390261Z ##[command]/usr/bin/docker version --format '{{.Client.APIVersion}}'
quality	Initialize containers	2026-10-05T13:32:20.8559323Z '1.48'
quality	Initialize containers	2026-10-05T13:32:20.8568239Z Docker client API version: '1.48'
quality	Initialize containers	2026-10-05T13:32:20.8573312Z ##[endgroup]
quality	Initialize containers	2026-10-05T13:32:20.8575589Z ##[group]Clean up resources from previous jobs
quality	Initialize containers	2026-10-05T13:32:20.8580473Z ##[command]/usr/bin/docker ps --all --quiet --no-trunc --filter "label=5a3a00"
quality	Initialize containers	2026-10-05T13:32:20.8730938Z ##[command]/usr/bin/docker network prune --force --filter "label=5a3a00"
quality	Initialize containers	2026-10-05T13:32:20.8854869Z ##[endgroup]
quality	Initialize containers	2026-10-05T13:32:20.8855573Z ##[group]Create local container network
quality	Initialize containers	2026-10-05T13:32:20.8864997Z ##[command]/usr/bin/docker network create --label 5a3a00 github_network_75dbc904f5794012b0cbe0ec65f46123
quality	Initialize containers	2026-10-05T13:32:20.9323522Z ad2eeea9dde6859763487b3a58c4e50369b08d06de2549578a4330d6988b1639
quality	Initialize containers	2026-10-05T13:32:20.9338182Z ##[endgroup]
quality	Initialize containers	2026-10-05T13:32:20.9364414Z ##[group]Starting postgres service container
quality	Initialize containers	2026-10-05T13:32:20.9385347Z ##[command]/usr/bin/docker pull postgres:16
quality	Initialize containers	2026-10-05T13:32:21.6894586Z 16: Pulling from library/postgres
quality	Initialize containers	2026-10-05T13:32:21.9004887Z 6b37362b3da7: Pulling fs layer
quality	Initialize containers	2026-10-05T13:32:21.9008345Z b1fdda8975a0: Pulling fs layer
quality	Initialize containers	2026-10-05T13:32:21.9009883Z 106e7e3cf19a: Pulling fs layer
quality	Initialize containers	2026-10-05T13:32:21.9011326Z ba0e979d0818: Pulling fs layer
quality	Initialize containers	2026-10-05T13:32:21.9013063Z ad29720ebbb9: Pulling fs layer
quality	Initialize containers	2026-10-05T13:32:21.9014994Z 3a749597affc: Pulling fs layer
quality	Initialize containers	2026-10-05T13:32:21.9016530Z 483fb6941c15: Pulling fs layer
quality	Initialize containers	2026-10-05T13:32:21.9018103Z 359ae0fc975d: Pulling fs layer
quality	Initialize containers	2026-10-05T13:32:21.9019653Z 56d4d190ef07: Pulling fs layer
quality	Initialize containers	2026-10-05T13:32:21.9021231Z 74156cf9f063: Pulling fs layer
quality	Initialize containers	2026-10-05T13:32:21.9023004Z f7c7d4dd80ba: Pulling fs layer
quality	Initialize containers	2026-10-05T13:32:21.9024893Z ba0e979d0818: Waiting
quality	Initialize containers	2026-10-05T13:32:21.9026368Z 749acf6dc637: Pulling fs layer
quality	Initialize containers	2026-10-05T13:32:21.9027919Z ad29720ebbb9: Waiting
quality	Initialize containers	2026-10-05T13:32:21.9029300Z 3a749597affc: Waiting
quality	Initialize containers	2026-10-05T13:32:21.9030800Z 4d848243a73e: Pulling fs layer
quality	Initialize containers	2026-10-05T13:32:21.9032831Z 6ad4758748c1: Pulling fs layer
quality	Initialize containers	2026-10-05T13:32:21.9034788Z 483fb6941c15: Waiting
quality	Initialize containers	2026-10-05T13:32:21.9036140Z 359ae0fc975d: Waiting
quality	Initialize containers	2026-10-05T13:32:21.9037500Z 56d4d190ef07: Waiting
quality	Initialize containers	2026-10-05T13:32:21.9038809Z 74156cf9f063: Waiting
quality	Initialize containers	2026-10-05T13:32:21.9040119Z f7c7d4dd80ba: Waiting
quality	Initialize containers	2026-10-05T13:32:21.9041440Z 749acf6dc637: Waiting
quality	Initialize containers	2026-10-05T13:32:21.9043003Z 6ad4758748c1: Waiting
quality	Initialize containers	2026-10-05T13:32:21.9044334Z 4d848243a73e: Waiting
quality	Initialize containers	2026-10-05T13:32:22.1067413Z b1fdda8975a0: Verifying Checksum
quality	Initialize containers	2026-10-05T13:32:22.1069590Z b1fdda8975a0: Download complete
quality	Initialize containers	2026-10-05T13:32:22.3021495Z 106e7e3cf19a: Verifying Checksum
quality	Initialize containers	2026-10-05T13:32:22.3025404Z 106e7e3cf19a: Download complete
quality	Initialize containers	2026-10-05T13:32:22.3869751Z 6b37362b3da7: Verifying Checksum
quality	Initialize containers	2026-10-05T13:32:22.3873242Z 6b37362b3da7: Download complete
quality	Initialize containers	2026-10-05T13:32:22.4294960Z ba0e979d0818: Verifying Checksum
quality	Initialize containers	2026-10-05T13:32:22.4297902Z ba0e979d0818: Download complete
quality	Initialize containers	2026-10-05T13:32:22.6293537Z 483fb6941c15: Verifying Checksum
quality	Initialize containers	2026-10-05T13:32:22.6296845Z 483fb6941c15: Download complete
quality	Initialize containers	2026-10-05T13:32:22.7017179Z ad29720ebbb9: Verifying Checksum
quality	Initialize containers	2026-10-05T13:32:22.7023542Z ad29720ebbb9: Download complete
quality	Initialize containers	2026-10-05T13:32:22.7026565Z 3a749597affc: Verifying Checksum
quality	Initialize containers	2026-10-05T13:32:22.7029109Z 3a749597affc: Download complete
quality	Initialize containers	2026-10-05T13:32:22.8490029Z 359ae0fc975d: Download complete
quality	Initialize containers	2026-10-05T13:32:22.9154156Z 74156cf9f063: Verifying Checksum
quality	Initialize containers	2026-10-05T13:32:22.9159504Z 74156cf9f063: Download complete
quality	Initialize containers	2026-10-05T13:32:23.0374620Z f7c7d4dd80ba: Download complete
quality	Initialize containers	2026-10-05T13:32:23.1314302Z 749acf6dc637: Verifying Checksum
quality	Initialize containers	2026-10-05T13:32:23.1315937Z 749acf6dc637: Download complete
quality	Initialize containers	2026-10-05T13:32:23.2340160Z 4d848243a73e: Verifying Checksum
quality	Initialize containers	2026-10-05T13:32:23.2341350Z 4d848243a73e: Download complete
quality	Initialize containers	2026-10-05T13:32:23.2993276Z 6b37362b3da7: Pull complete
quality	Initialize containers	2026-10-05T13:32:23.3373179Z 6ad4758748c1: Verifying Checksum
quality	Initialize containers	2026-10-05T13:32:23.3374208Z 6ad4758748c1: Download complete
quality	Initialize containers	2026-10-05T13:32:23.3555749Z 56d4d190ef07: Verifying Checksum
quality	Initialize containers	2026-10-05T13:32:23.3557203Z 56d4d190ef07: Download complete
quality	Initialize containers	2026-10-05T13:32:24.7084737Z b1fdda8975a0: Pull complete
quality	Initialize containers	2026-10-05T13:32:24.9729601Z 106e7e3cf19a: Pull complete
quality	Initialize containers	2026-10-05T13:32:25.0531413Z ba0e979d0818: Pull complete
quality	Initialize containers	2026-10-05T13:32:25.4662738Z ad29720ebbb9: Pull complete
quality	Initialize containers	2026-10-05T13:32:25.5740449Z 3a749597affc: Pull complete
quality	Initialize containers	2026-10-05T13:32:25.5823629Z 483fb6941c15: Pull complete
quality	Initialize containers	2026-10-05T13:32:25.5933957Z 359ae0fc975d: Pull complete
quality	Initialize containers	2026-10-05T13:32:29.6943409Z 56d4d190ef07: Pull complete
quality	Initialize containers	2026-10-05T13:32:29.7229314Z 74156cf9f063: Pull complete
quality	Initialize containers	2026-10-05T13:32:29.7316701Z f7c7d4dd80ba: Pull complete
quality	Initialize containers	2026-10-05T13:32:29.7412334Z 749acf6dc637: Pull complete
quality	Initialize containers	2026-10-05T13:32:29.7676353Z 4d848243a73e: Pull complete
quality	Initialize containers	2026-10-05T13:32:29.7786520Z 6ad4758748c1: Pull complete
quality	Initialize containers	2026-10-05T13:32:29.7829137Z Digest: sha256:1a6ab3f5345eb6dbe04a1349529caabdb0ab09293a09590fad07b2246bfa4b54
quality	Initialize containers	2026-10-05T13:32:29.7844345Z Status: Downloaded newer image for postgres:16
quality	Initialize containers	2026-10-05T13:32:29.7857031Z docker.io/library/postgres:16
quality	Initialize containers	2026-10-05T13:32:29.7928068Z ##[command]/usr/bin/docker create --name dd2fb2d22fbe4583a2387439a934dcd8_postgres16_721a23 --label 5a3a00 --network github_network_75dbc904f5794012b0cbe0ec65f46123 --network-alias postgres -p 5432:5432 --health-cmd "pg_isready -U postgres" --health-interval 5s --health-timeout 5s --health-retries 10 -e "POSTGRES_HOST_AUTH_METHOD=trust" -e "POSTGRES_DB=crm_build" -e GITHUB_ACTIONS=true -e CI=true postgres:16
quality	Initialize containers	2026-10-05T13:32:29.8203757Z a27629d29f70af7a5cae8c43a67f78ca83b581e3767fbff7540157eb9f87583d
quality	Initialize containers	2026-10-05T13:32:29.8220582Z ##[command]/usr/bin/docker start a27629d29f70af7a5cae8c43a67f78ca83b581e3767fbff7540157eb9f87583d
quality	Initialize containers	2026-10-05T13:32:30.0203179Z a27629d29f70af7a5cae8c43a67f78ca83b581e3767fbff7540157eb9f87583d
quality	Initialize containers	2026-10-05T13:32:30.0240726Z ##[command]/usr/bin/docker ps --all --filter id=a27629d29f70af7a5cae8c43a67f78ca83b581e3767fbff7540157eb9f87583d --filter status=running --no-trunc --format "{{.ID}} {{.Status}}"
quality	Initialize containers	2026-10-05T13:32:30.0397602Z a27629d29f70af7a5cae8c43a67f78ca83b581e3767fbff7540157eb9f87583d Up Less than a second (health: starting)
quality	Initialize containers	2026-10-05T13:32:30.0428552Z ##[command]/usr/bin/docker port a27629d29f70af7a5cae8c43a67f78ca83b581e3767fbff7540157eb9f87583d
quality	Initialize containers	2026-10-05T13:32:30.0568151Z 5432/tcp -> 0.0.0.0:5432
quality	Initialize containers	2026-10-05T13:32:30.0568865Z 5432/tcp -> [::]:5432
quality	Initialize containers	2026-10-05T13:32:30.0608371Z ##[endgroup]
quality	Initialize containers	2026-10-05T13:32:30.0617182Z ##[group]Waiting for all services to be ready
quality	Initialize containers	2026-10-05T13:32:30.0630562Z ##[command]/usr/bin/docker inspect --format="{{if .Config.Healthcheck}}{{print .State.Health.Status}}{{end}}" a27629d29f70af7a5cae8c43a67f78ca83b581e3767fbff7540157eb9f87583d
quality	Initialize containers	2026-10-05T13:32:30.0767816Z starting
quality	Initialize containers	2026-10-05T13:32:30.0785698Z postgres service is starting, waiting 2 seconds before checking again.
quality	Initialize containers	2026-10-05T13:32:32.0791155Z ##[command]/usr/bin/docker inspect --format="{{if .Config.Healthcheck}}{{print .State.Health.Status}}{{end}}" a27629d29f70af7a5cae8c43a67f78ca83b581e3767fbff7540157eb9f87583d
quality	Initialize containers	2026-10-05T13:32:32.0927291Z starting
quality	Initialize containers	2026-10-05T13:32:32.0935377Z postgres service is starting, waiting 3 seconds before checking again.
quality	Initialize containers	2026-10-05T13:32:35.8828097Z ##[command]/usr/bin/docker inspect --format="{{if .Config.Healthcheck}}{{print .State.Health.Status}}{{end}}" a27629d29f70af7a5cae8c43a67f78ca83b581e3767fbff7540157eb9f87583d
quality	Initialize containers	2026-10-05T13:32:35.8960404Z healthy
quality	Initialize containers	2026-10-05T13:32:35.8973102Z postgres service is healthy.
quality	Initialize containers	2026-10-05T13:32:35.8974146Z ##[endgroup]
quality	Checkout	﻿2026-10-05T13:32:35.9248723Z ##[group]Run actions/checkout@v4
quality	Checkout	2026-10-05T13:32:35.9249295Z with:
quality	Checkout	2026-10-05T13:32:35.9249765Z   repository: SamandarMansurkhodjaev2713/tayvero
quality	Checkout	2026-10-05T13:32:35.9252354Z   token: ***
quality	Checkout	2026-10-05T13:32:35.9252826Z   ssh-strict: true
quality	Checkout	2026-10-05T13:32:35.9253156Z   ssh-user: git
quality	Checkout	2026-10-05T13:32:35.9253472Z   persist-credentials: true
quality	Checkout	2026-10-05T13:32:35.9253796Z   clean: true
quality	Checkout	2026-10-05T13:32:35.9254110Z   sparse-checkout-cone-mode: true
quality	Checkout	2026-10-05T13:32:35.9254472Z   fetch-depth: 1
quality	Checkout	2026-10-05T13:32:35.9254760Z   fetch-tags: false
quality	Checkout	2026-10-05T13:32:35.9255051Z   show-progress: true
quality	Checkout	2026-10-05T13:32:35.9255357Z   lfs: false
quality	Checkout	2026-10-05T13:32:35.9255673Z   submodules: false
quality	Checkout	2026-10-05T13:32:35.9255995Z   set-safe-directory: true
quality	Checkout	2026-10-05T13:32:35.9256324Z   allow-unsafe-pr-checkout: false
quality	Checkout	2026-10-05T13:32:35.9256790Z env:
quality	Checkout	2026-10-05T13:32:35.9257065Z   CI: true
quality	Checkout	2026-10-05T13:32:35.9257382Z   CRM_TELEMETRY_DISABLED: true
quality	Checkout	2026-10-05T13:32:35.9257802Z   DATABASE_URL: [REDACTED_DATABASE_URL]
quality	Checkout	2026-10-05T13:32:35.9258428Z   TEST_DATABASE_URL: [REDACTED_DATABASE_URL]
quality	Checkout	2026-10-05T13:32:35.9258872Z   ALLOWED_SIGN_IN: example.test
quality	Checkout	2026-10-05T13:32:35.9259523Z   CREDENTIAL_VAULT_ACTIVE_KEY_ID: ci-ephemeral
quality	Checkout	2026-10-05T13:32:35.9259885Z   CREDENTIAL_VAULT_ENFORCE: true
quality	Checkout	2026-10-05T13:32:35.9260260Z ##[endgroup]
quality	Checkout	2026-10-05T13:32:36.0258250Z Syncing repository: SamandarMansurkhodjaev2713/tayvero
quality	Checkout	2026-10-05T13:32:36.0260312Z ##[group]Getting Git version info
quality	Checkout	2026-10-05T13:32:36.0260983Z Working directory is '/home/runner/work/tayvero/tayvero'
quality	Checkout	2026-10-05T13:32:36.0262108Z [command]/usr/bin/git version
quality	Checkout	2026-10-05T13:32:36.0322336Z git version 2.55.0
quality	Checkout	2026-10-05T13:32:36.0342375Z ##[endgroup]
quality	Checkout	2026-10-05T13:32:36.0356391Z Temporarily overriding HOME='/home/runner/work/_temp/5b7a05aa-917d-485b-860f-1102eac014ea' before making global git config changes
quality	Checkout	2026-10-05T13:32:36.0357546Z Adding repository directory to the temporary git global config as a safe directory
quality	Checkout	2026-10-05T13:32:36.0362443Z [command]/usr/bin/git config --global --add safe.directory /home/runner/work/tayvero/tayvero
quality	Checkout	2026-10-05T13:32:36.0425831Z Deleting the contents of '/home/runner/work/tayvero/tayvero'
quality	Checkout	2026-10-05T13:32:36.0430801Z ##[group]Initializing the repository
quality	Checkout	2026-10-05T13:32:36.0436600Z [command]/usr/bin/git init /home/runner/work/tayvero/tayvero
quality	Checkout	2026-10-05T13:32:36.0533507Z hint: Using 'master' as the name for the initial branch. This default branch name
quality	Checkout	2026-10-05T13:32:36.0534549Z hint: will change to "main" in Git 3.0. To configure the initial branch name
quality	Checkout	2026-10-05T13:32:36.0535512Z hint: to use in all of your new repositories, which will suppress this warning,
quality	Checkout	2026-10-05T13:32:36.0536172Z hint: call:
quality	Checkout	2026-10-05T13:32:36.0536773Z hint:
quality	Checkout	2026-10-05T13:32:36.0537269Z hint: 	git config --global init.defaultBranch <name>
quality	Checkout	2026-10-05T13:32:36.0537940Z hint:
quality	Checkout	2026-10-05T13:32:36.0538543Z hint: Names commonly chosen instead of 'master' are 'main', 'trunk' and
quality	Checkout	2026-10-05T13:32:36.0539498Z hint: 'development'. The just-created branch can be renamed via this command:
quality	Checkout	2026-10-05T13:32:36.0540268Z hint:
quality	Checkout	2026-10-05T13:32:36.0540682Z hint: 	git branch -m <name>
quality	Checkout	2026-10-05T13:32:36.0541008Z hint:
quality	Checkout	2026-10-05T13:32:36.0541573Z hint: Disable this message with "git config set advice.defaultBranchName false"
quality	Checkout	2026-10-05T13:32:36.0542361Z Initialized empty Git repository in /home/runner/work/tayvero/tayvero/.git/
quality	Checkout	2026-10-05T13:32:36.0547062Z [command]/usr/bin/git remote add origin https://github.com/SamandarMansurkhodjaev2713/tayvero
quality	Checkout	2026-10-05T13:32:36.0598179Z ##[endgroup]
quality	Checkout	2026-10-05T13:32:36.0598774Z ##[group]Disabling automatic garbage collection
quality	Checkout	2026-10-05T13:32:36.0602869Z [command]/usr/bin/git config --local gc.auto 0
quality	Checkout	2026-10-05T13:32:36.0631797Z ##[endgroup]
quality	Checkout	2026-10-05T13:32:36.0632279Z ##[group]Setting up auth
quality	Checkout	2026-10-05T13:32:36.0640003Z [command]/usr/bin/git config --local --name-only --get-regexp core\.sshCommand
quality	Checkout	2026-10-05T13:32:36.0671516Z [command]/usr/bin/git submodule foreach --recursive sh -c "git config --local --name-only --get-regexp 'core\.sshCommand' && git config --local --unset-all 'core.sshCommand' || :"
quality	Checkout	2026-10-05T13:32:36.1013791Z [command]/usr/bin/git config --local --name-only --get-regexp http\.https\:\/\/github\.com\/\.extraheader
quality	Checkout	2026-10-05T13:32:36.1047156Z [command]/usr/bin/git submodule foreach --recursive sh -c "git config --local --name-only --get-regexp 'http\.https\:\/\/github\.com\/\.extraheader' && git config --local --unset-all 'http.https://github.com/.extraheader' || :"
quality	Checkout	2026-10-05T13:32:36.1259123Z [command]/usr/bin/git config --local --name-only --get-regexp ^includeIf\.gitdir:
quality	Checkout	2026-10-05T13:32:36.1289087Z [command]/usr/bin/git submodule foreach --recursive git config --local --show-origin --name-only --get-regexp remote.origin.url
quality	Checkout	2026-10-05T13:32:36.1474177Z [command]/usr/bin/git config --local http.https://github.com/.extraheader AUTHORIZATION: basic ***
quality	Checkout	2026-10-05T13:32:36.1512312Z ##[endgroup]
quality	Checkout	2026-10-05T13:32:36.1513378Z ##[group]Fetching the repository
quality	Checkout	2026-10-05T13:32:36.1522705Z [command]/usr/bin/git -c protocol.version=2 fetch --no-tags --prune --no-recurse-submodules --depth=1 origin +f92c735ac7f3b2e36eb5a984fbc81e22eda0f07e:refs/remotes/origin/main
quality	Checkout	2026-10-05T13:32:37.3504472Z From https://github.com/SamandarMansurkhodjaev2713/tayvero
quality	Checkout	2026-10-05T13:32:37.3505796Z  * [new ref]         f92c735ac7f3b2e36eb5a984fbc81e22eda0f07e -> origin/main
quality	Checkout	2026-10-05T13:32:37.3509244Z ##[endgroup]
quality	Checkout	2026-10-05T13:32:37.3510147Z ##[group]Determining the checkout info
quality	Checkout	2026-10-05T13:32:37.3512187Z ##[endgroup]
quality	Checkout	2026-10-05T13:32:37.3519117Z [command]/usr/bin/git sparse-checkout disable
quality	Checkout	2026-10-05T13:32:37.3570242Z [command]/usr/bin/git config --local --unset-all extensions.worktreeConfig
quality	Checkout	2026-10-05T13:32:37.3642967Z ##[group]Checking out the ref
quality	Checkout	2026-10-05T13:32:37.3656600Z [command]/usr/bin/git checkout --progress --force -B main refs/remotes/origin/main
quality	Checkout	2026-10-05T13:32:37.4518269Z Switched to a new branch 'main'
quality	Checkout	2026-10-05T13:32:37.4522366Z branch 'main' set up to track 'origin/main'.
quality	Checkout	2026-10-05T13:32:37.4528113Z ##[endgroup]
quality	Checkout	2026-10-05T13:32:37.4566589Z [command]/usr/bin/git log -1 --format=%H
quality	Checkout	2026-10-05T13:32:37.4589543Z f92c735ac7f3b2e36eb5a984fbc81e22eda0f07e
quality	Set up Bun	﻿2026-10-05T13:32:37.4814163Z ##[group]Run oven-sh/setup-bun@v2
quality	Set up Bun	2026-10-05T13:32:37.4814716Z with:
quality	Set up Bun	2026-10-05T13:32:37.4815002Z   bun-version: 1.3.12
quality	Set up Bun	2026-10-05T13:32:37.4815351Z   no-cache: false
quality	Set up Bun	2026-10-05T13:32:37.4817588Z   token: ***
quality	Set up Bun	2026-10-05T13:32:37.4817879Z env:
quality	Set up Bun	2026-10-05T13:32:37.4818144Z   CI: true
quality	Set up Bun	2026-10-05T13:32:37.4818463Z   CRM_TELEMETRY_DISABLED: true
quality	Set up Bun	2026-10-05T13:32:37.4818879Z   DATABASE_URL: [REDACTED_DATABASE_URL]
quality	Set up Bun	2026-10-05T13:32:37.4819403Z   TEST_DATABASE_URL: [REDACTED_DATABASE_URL]
quality	Set up Bun	2026-10-05T13:32:37.4819853Z   ALLOWED_SIGN_IN: example.test
quality	Set up Bun	2026-10-05T13:32:37.4820229Z   CREDENTIAL_VAULT_ACTIVE_KEY_ID: ci-ephemeral
quality	Set up Bun	2026-10-05T13:32:37.4820586Z   CREDENTIAL_VAULT_ENFORCE: true
quality	Set up Bun	2026-10-05T13:32:37.4820962Z ##[endgroup]
quality	Set up Bun	2026-10-05T13:32:37.8629026Z Downloading a new version of Bun: https://github.com/oven-sh/bun/releases/download/bun-v1.3.12/bun-linux-x64.zip
quality	Set up Bun	2026-10-05T13:32:38.5017604Z [command]/usr/bin/unzip -o -q /home/runner/work/_temp/c50fa050-19b2-4207-b6d2-23f089b62b55.zip
quality	Set up Bun	2026-10-05T13:32:39.2930358Z [command]/home/runner/.bun/bin/bun --revision
quality	Set up Bun	2026-10-05T13:32:39.2962018Z 1.3.12+700fc117a
quality	Generate job-local keys (not deployment credentials)	﻿2026-10-05T13:32:39.3067360Z ##[group]Run auth_key=$(openssl rand -hex 32)
quality	Generate job-local keys (not deployment credentials)	2026-10-05T13:32:39.3067888Z ^[[36;1mauth_key=$(openssl rand -hex 32)^[[0m
quality	Generate job-local keys (not deployment credentials)	2026-10-05T13:32:39.3068344Z ^[[36;1mbridge_key=$(openssl rand -hex 32)^[[0m
quality	Generate job-local keys (not deployment credentials)	2026-10-05T13:32:39.3068801Z ^[[36;1mvault_key=$(openssl rand -base64 32)^[[0m
quality	Generate job-local keys (not deployment credentials)	2026-10-05T13:32:39.3069220Z ^[[36;1mvault_keys="{\"ci-ephemeral\":\"$vault_key\"}"^[[0m
quality	Generate job-local keys (not deployment credentials)	2026-10-05T13:32:39.3069631Z ^[[36;1mecho "::add-mask::$auth_key"^[[0m
quality	Generate job-local keys (not deployment credentials)	2026-10-05T13:32:39.3069977Z ^[[36;1mecho "::add-mask::$bridge_key"^[[0m
quality	Generate job-local keys (not deployment credentials)	2026-10-05T13:32:39.3070335Z ^[[36;1mecho "::add-mask::$vault_key"^[[0m
quality	Generate job-local keys (not deployment credentials)	2026-10-05T13:32:39.3070703Z ^[[36;1mecho "::add-mask::$vault_keys"^[[0m
quality	Generate job-local keys (not deployment credentials)	2026-10-05T13:32:39.3071316Z ^[[36;1mprintf 'BETTER_AUTH_SECRET=%s\nAGENT_BRIDGE_SECRET=%s\nCREDENTIAL_VAULT_KEYS=%s\n' "$auth_key" "$bridge_key" "$vault_keys" >> "$GITHUB_ENV"^[[0m
quality	Generate job-local keys (not deployment credentials)	2026-10-05T13:32:39.3232197Z shell: /usr/bin/bash --noprofile --norc -e -o pipefail {0}
quality	Generate job-local keys (not deployment credentials)	2026-10-05T13:32:39.3232976Z env:
quality	Generate job-local keys (not deployment credentials)	2026-10-05T13:32:39.3233269Z   CI: true
quality	Generate job-local keys (not deployment credentials)	2026-10-05T13:32:39.3233567Z   CRM_TELEMETRY_DISABLED: true
quality	Generate job-local keys (not deployment credentials)	2026-10-05T13:32:39.3234140Z   DATABASE_URL: [REDACTED_DATABASE_URL]
quality	Generate job-local keys (not deployment credentials)	2026-10-05T13:32:39.3234639Z   TEST_DATABASE_URL: [REDACTED_DATABASE_URL]
quality	Generate job-local keys (not deployment credentials)	2026-10-05T13:32:39.3235086Z   ALLOWED_SIGN_IN: example.test
quality	Generate job-local keys (not deployment credentials)	2026-10-05T13:32:39.3235446Z   CREDENTIAL_VAULT_ACTIVE_KEY_ID: ci-ephemeral
quality	Generate job-local keys (not deployment credentials)	2026-10-05T13:32:39.3235834Z   CREDENTIAL_VAULT_ENFORCE: true
quality	Generate job-local keys (not deployment credentials)	2026-10-05T13:32:39.3236176Z ##[endgroup]
quality	Install dependencies	﻿2026-10-05T13:32:39.3456292Z ##[group]Run bun install --frozen-lockfile
quality	Install dependencies	2026-10-05T13:32:39.3456719Z ^[[36;1mbun install --frozen-lockfile^[[0m
quality	Install dependencies	2026-10-05T13:32:39.3499034Z shell: /usr/bin/bash -e {0}
quality	Install dependencies	2026-10-05T13:32:39.3499512Z env:
quality	Install dependencies	2026-10-05T13:32:39.3499804Z   CI: true
quality	Install dependencies	2026-10-05T13:32:39.3500194Z   CRM_TELEMETRY_DISABLED: true
quality	Install dependencies	2026-10-05T13:32:39.3500628Z   DATABASE_URL: [REDACTED_DATABASE_URL]
quality	Install dependencies	2026-10-05T13:32:39.3501317Z   TEST_DATABASE_URL: [REDACTED_DATABASE_URL]
quality	Install dependencies	2026-10-05T13:32:39.3501810Z   ALLOWED_SIGN_IN: example.test
quality	Install dependencies	2026-10-05T13:32:39.3502206Z   CREDENTIAL_VAULT_ACTIVE_KEY_ID: ci-ephemeral
quality	Install dependencies	2026-10-05T13:32:39.3502873Z   CREDENTIAL_VAULT_ENFORCE: true
quality	Install dependencies	2026-10-05T13:32:39.3503533Z   BETTER_AUTH_SECRET: ***
quality	Install dependencies	2026-10-05T13:32:39.3504028Z   AGENT_BRIDGE_SECRET: ***
quality	Install dependencies	2026-10-05T13:32:39.3504547Z   CREDENTIAL_VAULT_KEYS: ***
quality	Install dependencies	2026-10-05T13:32:39.3504905Z ##[endgroup]
quality	Install dependencies	2026-10-05T13:32:39.3587334Z bun install v1.3.12 (700fc117)
quality	Install dependencies	2026-10-05T13:32:39.3758593Z Resolving dependencies
quality	Install dependencies	2026-10-05T13:32:40.5169807Z Resolved, downloaded and extracted [152]
quality	Install dependencies	2026-10-05T13:32:52.7030525Z
quality	Install dependencies	2026-10-05T13:32:52.7031332Z + @biomejs/biome@2.5.6
quality	Install dependencies	2026-10-05T13:32:52.7032032Z + @oxlint/plugins@1.78.0
quality	Install dependencies	2026-10-05T13:32:52.7032928Z + esbuild@0.25.12
quality	Install dependencies	2026-10-05T13:32:52.7033318Z + knip@6.32.2
quality	Install dependencies	2026-10-05T13:32:52.7033764Z + oxlint@1.78.0
quality	Install dependencies	2026-10-05T13:32:52.7034115Z + turbo@2.10.8
quality	Install dependencies	2026-10-05T13:32:52.7034480Z + typescript@5.9.2 (v7.0.2 available)
quality	Install dependencies	2026-10-05T13:32:52.7035078Z
quality	Install dependencies	2026-10-05T13:32:52.7035440Z 2409 packages installed [13.35s]
quality	Verify disposable pipeline database	﻿2026-10-05T13:32:52.7615962Z ##[group]Run bun run gate:pipeline-postgres
quality	Verify disposable pipeline database	2026-10-05T13:32:52.7616429Z ^[[36;1mbun run gate:pipeline-postgres^[[0m
quality	Verify disposable pipeline database	2026-10-05T13:32:52.7662457Z shell: /usr/bin/bash -e {0}
quality	Verify disposable pipeline database	2026-10-05T13:32:52.7663034Z env:
quality	Verify disposable pipeline database	2026-10-05T13:32:52.7663506Z   CI: true
quality	Verify disposable pipeline database	2026-10-05T13:32:52.7663816Z   CRM_TELEMETRY_DISABLED: true
quality	Verify disposable pipeline database	2026-10-05T13:32:52.7664266Z   DATABASE_URL: [REDACTED_DATABASE_URL]
quality	Verify disposable pipeline database	2026-10-05T13:32:52.7664855Z   TEST_DATABASE_URL: [REDACTED_DATABASE_URL]
quality	Verify disposable pipeline database	2026-10-05T13:32:52.7665342Z   ALLOWED_SIGN_IN: example.test
quality	Verify disposable pipeline database	2026-10-05T13:32:52.7665779Z   CREDENTIAL_VAULT_ACTIVE_KEY_ID: ci-ephemeral
quality	Verify disposable pipeline database	2026-10-05T13:32:52.7666147Z   CREDENTIAL_VAULT_ENFORCE: true
quality	Verify disposable pipeline database	2026-10-05T13:32:52.7666842Z   BETTER_AUTH_SECRET: ***
quality	Verify disposable pipeline database	2026-10-05T13:32:52.7667347Z   AGENT_BRIDGE_SECRET: ***
quality	Verify disposable pipeline database	2026-10-05T13:32:52.7667907Z   CREDENTIAL_VAULT_KEYS: ***
quality	Verify disposable pipeline database	2026-10-05T13:32:52.7668251Z ##[endgroup]
quality	Verify disposable pipeline database	2026-10-05T13:32:52.7772477Z $ node tools/release/run-pipeline-postgres-gate.mjs
quality	Verify disposable pipeline database	2026-10-05T13:33:04.7408423Z {"artifactState":"VERIFIED_CHECKPOINT","criticalChecksPassed":true,"nextScopeId":"CRM-PIPE-SHADOW-READ-006","blockers":[]}
quality	Verify deployed schema agrees with Prisma (read-only)	﻿2026-10-05T13:33:04.7489795Z ##[group]Run bun run --cwd packages/db prisma migrate diff --from-config-datasource --to-schema prisma/schema.prisma --script --exit-code > docs/quality/generated-test-db-schema-diff.sql
quality	Verify deployed schema agrees with Prisma (read-only)	2026-10-05T13:33:04.7491040Z ^[[36;1mbun run --cwd packages/db prisma migrate diff --from-config-datasource --to-schema prisma/schema.prisma --script --exit-code > docs/quality/generated-test-db-schema-diff.sql^[[0m
quality	Verify deployed schema agrees with Prisma (read-only)	2026-10-05T13:33:04.7531892Z shell: /usr/bin/bash -e {0}
quality	Verify deployed schema agrees with Prisma (read-only)	2026-10-05T13:33:04.7532299Z env:
quality	Verify deployed schema agrees with Prisma (read-only)	2026-10-05T13:33:04.7532974Z   CI: true
quality	Verify deployed schema agrees with Prisma (read-only)	2026-10-05T13:33:04.7533286Z   CRM_TELEMETRY_DISABLED: true
quality	Verify deployed schema agrees with Prisma (read-only)	2026-10-05T13:33:04.7533819Z   DATABASE_URL: [REDACTED_DATABASE_URL]
quality	Verify deployed schema agrees with Prisma (read-only)	2026-10-05T13:33:04.7534379Z   TEST_DATABASE_URL: [REDACTED_DATABASE_URL]
quality	Verify deployed schema agrees with Prisma (read-only)	2026-10-05T13:33:04.7534884Z   ALLOWED_SIGN_IN: example.test
quality	Verify deployed schema agrees with Prisma (read-only)	2026-10-05T13:33:04.7535324Z   CREDENTIAL_VAULT_ACTIVE_KEY_ID: ci-ephemeral
quality	Verify deployed schema agrees with Prisma (read-only)	2026-10-05T13:33:04.7535707Z   CREDENTIAL_VAULT_ENFORCE: true
quality	Verify deployed schema agrees with Prisma (read-only)	2026-10-05T13:33:04.7536564Z   BETTER_AUTH_SECRET: ***
quality	Verify deployed schema agrees with Prisma (read-only)	2026-10-05T13:33:04.7537137Z   AGENT_BRIDGE_SECRET: ***
quality	Verify deployed schema agrees with Prisma (read-only)	2026-10-05T13:33:04.7537717Z   CREDENTIAL_VAULT_KEYS: ***
quality	Verify deployed schema agrees with Prisma (read-only)	2026-10-05T13:33:04.7538043Z ##[endgroup]
quality	Verify deployed schema agrees with Prisma (read-only)	2026-10-05T13:33:05.4051336Z Loaded Prisma config from prisma.config.ts.
quality	Verify deployed schema agrees with Prisma (read-only)	2026-10-05T13:33:05.4051913Z
quality	Verify disposable migration and approval database	﻿2026-10-05T13:33:05.7181067Z ##[group]Run bun run gate:operations-postgres
quality	Verify disposable migration and approval database	2026-10-05T13:33:05.7181521Z ^[[36;1mbun run gate:operations-postgres^[[0m
quality	Verify disposable migration and approval database	2026-10-05T13:33:05.7222675Z shell: /usr/bin/bash -e {0}
quality	Verify disposable migration and approval database	2026-10-05T13:33:05.7223241Z env:
quality	Verify disposable migration and approval database	2026-10-05T13:33:05.7223570Z   CI: true
quality	Verify disposable migration and approval database	2026-10-05T13:33:05.7223922Z   CRM_TELEMETRY_DISABLED: true
quality	Verify disposable migration and approval database	2026-10-05T13:33:05.7224392Z   DATABASE_URL: [REDACTED_DATABASE_URL]
quality	Verify disposable migration and approval database	2026-10-05T13:33:05.7224963Z   TEST_DATABASE_URL: [REDACTED_DATABASE_URL]
quality	Verify disposable migration and approval database	2026-10-05T13:33:05.7225497Z   ALLOWED_SIGN_IN: example.test
quality	Verify disposable migration and approval database	2026-10-05T13:33:05.7225857Z   CREDENTIAL_VAULT_ACTIVE_KEY_ID: ci-ephemeral
quality	Verify disposable migration and approval database	2026-10-05T13:33:05.7226293Z   CREDENTIAL_VAULT_ENFORCE: true
quality	Verify disposable migration and approval database	2026-10-05T13:33:05.7226940Z   BETTER_AUTH_SECRET: ***
quality	Verify disposable migration and approval database	2026-10-05T13:33:05.7227465Z   AGENT_BRIDGE_SECRET: ***
quality	Verify disposable migration and approval database	2026-10-05T13:33:05.7227996Z   CREDENTIAL_VAULT_KEYS: ***
quality	Verify disposable migration and approval database	2026-10-05T13:33:05.7228417Z ##[endgroup]
quality	Verify disposable migration and approval database	2026-10-05T13:33:05.7309111Z $ node tools/release/run-operations-postgres-gate.mjs
quality	Verify disposable migration and approval database	2026-10-05T13:33:11.4864663Z {"status":"VERIFIED","blockers":[],"nextScopeId":"MIG-APPROVAL-AUTHENTICATED-E2E-001"}
quality	Prepare repository integration database	﻿2026-10-05T13:33:11.4953373Z ##[group]Run bun run --cwd packages/db db:test > docs/quality/generated-repository-test-db.log 2>&1
quality	Prepare repository integration database	2026-10-05T13:33:11.4954564Z ^[[36;1mbun run --cwd packages/db db:test > docs/quality/generated-repository-test-db.log 2>&1^[[0m
quality	Prepare repository integration database	2026-10-05T13:33:11.5012346Z shell: /usr/bin/bash -e {0}
quality	Prepare repository integration database	2026-10-05T13:33:11.5013238Z env:
quality	Prepare repository integration database	2026-10-05T13:33:11.5013776Z   CI: true
quality	Prepare repository integration database	2026-10-05T13:33:11.5014196Z   CRM_TELEMETRY_DISABLED: true
quality	Prepare repository integration database	2026-10-05T13:33:11.5014871Z   DATABASE_URL: [REDACTED_DATABASE_URL]
quality	Prepare repository integration database	2026-10-05T13:33:11.5015657Z   TEST_DATABASE_URL: [REDACTED_DATABASE_URL]
quality	Prepare repository integration database	2026-10-05T13:33:11.5016343Z   ALLOWED_SIGN_IN: example.test
quality	Prepare repository integration database	2026-10-05T13:33:11.5016927Z   CREDENTIAL_VAULT_ACTIVE_KEY_ID: ci-ephemeral
quality	Prepare repository integration database	2026-10-05T13:33:11.5017489Z   CREDENTIAL_VAULT_ENFORCE: true
quality	Prepare repository integration database	2026-10-05T13:33:11.5018460Z   BETTER_AUTH_SECRET: ***
quality	Prepare repository integration database	2026-10-05T13:33:11.5019239Z   AGENT_BRIDGE_SECRET: ***
quality	Prepare repository integration database	2026-10-05T13:33:11.5020048Z   CREDENTIAL_VAULT_KEYS: ***
quality	Prepare repository integration database	2026-10-05T13:33:11.5020560Z   NODE_ENV: test
quality	Prepare repository integration database	2026-10-05T13:33:11.5021128Z ##[endgroup]
quality	Run repository quality gate	﻿2026-10-05T13:33:13.1902200Z ##[group]Run bun run quality:gate
quality	Run repository quality gate	2026-10-05T13:33:13.1902902Z ^[[36;1mbun run quality:gate^[[0m
quality	Run repository quality gate	2026-10-05T13:33:13.1942892Z shell: /usr/bin/bash -e {0}
quality	Run repository quality gate	2026-10-05T13:33:13.1943313Z env:
quality	Run repository quality gate	2026-10-05T13:33:13.1943632Z   CI: true
quality	Run repository quality gate	2026-10-05T13:33:13.1943986Z   CRM_TELEMETRY_DISABLED: true
quality	Run repository quality gate	2026-10-05T13:33:13.1944456Z   DATABASE_URL: [REDACTED_DATABASE_URL]
quality	Run repository quality gate	2026-10-05T13:33:13.1944995Z   TEST_DATABASE_URL: [REDACTED_DATABASE_URL]
quality	Run repository quality gate	2026-10-05T13:33:13.1945471Z   ALLOWED_SIGN_IN: example.test
quality	Run repository quality gate	2026-10-05T13:33:13.1945917Z   CREDENTIAL_VAULT_ACTIVE_KEY_ID: ci-ephemeral
quality	Run repository quality gate	2026-10-05T13:33:13.1946358Z   CREDENTIAL_VAULT_ENFORCE: true
quality	Run repository quality gate	2026-10-05T13:33:13.1946973Z   BETTER_AUTH_SECRET: ***
quality	Run repository quality gate	2026-10-05T13:33:13.1947899Z   AGENT_BRIDGE_SECRET: ***
quality	Run repository quality gate	2026-10-05T13:33:13.1948425Z   CREDENTIAL_VAULT_KEYS: ***
quality	Run repository quality gate	2026-10-05T13:33:13.1948830Z ##[endgroup]
quality	Run repository quality gate	2026-10-05T13:33:13.2027199Z $ node scripts/quality-gate.mjs && bun run security:gate
quality	Run repository quality gate	2026-10-05T13:33:13.2307237Z
quality	Run repository quality gate	2026-10-05T13:33:13.2308065Z > /usr/local/bin/node tools/quality/run-local-tests.mjs
quality	Run repository quality gate	2026-10-05T13:33:13.3146867Z TAP version 13
quality	Run repository quality gate	2026-10-05T13:33:13.4401904Z # Subtest: continuation token admits only the exact session/decision body and preserves principal
quality	Run repository quality gate	2026-10-05T13:33:13.4430645Z ok 1 - continuation token admits only the exact session/decision body and preserves principal
quality	Run repository quality gate	2026-10-05T13:33:13.4432030Z   ---
quality	Run repository quality gate	2026-10-05T13:33:13.4432928Z   duration_ms: 8.420929
quality	Run repository quality gate	2026-10-05T13:33:13.4433679Z   type: 'test'
quality	Run repository quality gate	2026-10-05T13:33:13.4434298Z   ...
quality	Run repository quality gate	2026-10-05T13:33:13.4435367Z # Subtest: session/create/general token, altered body, verb, signature and time are rejected before admission
quality	Run repository quality gate	2026-10-05T13:33:13.4436819Z ok 2 - session/create/general token, altered body, verb, signature and time are rejected before admission
quality	Run repository quality gate	2026-10-05T13:33:13.4437902Z   ---
quality	Run repository quality gate	2026-10-05T13:33:13.4438503Z   duration_ms: 4.83479
quality	Run repository quality gate	2026-10-05T13:33:13.4439143Z   type: 'test'
quality	Run repository quality gate	2026-10-05T13:33:13.4439774Z   ...
quality	Run repository quality gate	2026-10-05T13:33:13.4440511Z # Subtest: bounded authentication rejects oversized and malicious JSON without creating consent
quality	Run repository quality gate	2026-10-05T13:33:13.4441787Z ok 3 - bounded authentication rejects oversized and malicious JSON without creating consent
quality	Run repository quality gate	2026-10-05T13:33:13.4442895Z   ---
quality	Run repository quality gate	2026-10-05T13:33:13.4443515Z   duration_ms: 1.727815
quality	Run repository quality gate	2026-10-05T13:33:13.4444060Z   type: 'test'
quality	Run repository quality gate	2026-10-05T13:33:13.4444646Z   ...
quality	Run repository quality gate	2026-10-05T13:33:13.4445392Z # Subtest: expired token during bounded body processing does not enter admission
quality	Run repository quality gate	2026-10-05T13:33:13.4446463Z ok 4 - expired token during bounded body processing does not enter admission
quality	Run repository quality gate	2026-10-05T13:33:13.4447259Z   ---
quality	Run repository quality gate	2026-10-05T13:33:13.4447776Z   duration_ms: 0.791704
quality	Run repository quality gate	2026-10-05T13:33:13.4448416Z   type: 'test'
quality	Run repository quality gate	2026-10-05T13:33:13.4448950Z   ...
quality	Run repository quality gate	2026-10-05T13:33:13.4554272Z # Subtest: transport sends one exact ID request on a real loopback HTTP server, never a new session
quality	Run repository quality gate	2026-10-05T13:33:13.4558712Z ok 5 - transport sends one exact ID request on a real loopback HTTP server, never a new session
quality	Run repository quality gate	2026-10-05T13:33:13.4560034Z   ---
quality	Run repository quality gate	2026-10-05T13:33:13.4560738Z   duration_ms: 26.788652
quality	Run repository quality gate	2026-10-05T13:33:13.4561544Z   type: 'test'
quality	Run repository quality gate	2026-10-05T13:33:13.4562668Z   ...
quality	Run repository quality gate	2026-10-05T13:33:13.4563522Z # Subtest: transport rejects untrusted origins, redirects/errors, mismatched acknowledgement and never retries
quality	Run repository quality gate	2026-10-05T13:33:13.4565340Z ok 6 - transport rejects untrusted origins, redirects/errors, mismatched acknowledgement and never retries
quality	Run repository quality gate	2026-10-05T13:33:13.4566346Z   ---
quality	Run repository quality gate	2026-10-05T13:33:13.4566887Z   duration_ms: 1.38252
quality	Run repository quality gate	2026-10-05T13:33:13.4567587Z   type: 'test'
quality	Run repository quality gate	2026-10-05T13:33:13.4568088Z   ...
quality	Run repository quality gate	2026-10-05T13:33:13.5492448Z # Subtest: both native mutation tools preserve disabled-default behavior before parsing optional input
quality	Run repository quality gate	2026-10-05T13:33:13.5494124Z ok 7 - both native mutation tools preserve disabled-default behavior before parsing optional input
quality	Run repository quality gate	2026-10-05T13:33:13.5495178Z   ---
quality	Run repository quality gate	2026-10-05T13:33:13.5496267Z   duration_ms: 1.213274
quality	Run repository quality gate	2026-10-05T13:33:13.5496965Z   type: 'test'
quality	Run repository quality gate	2026-10-05T13:33:13.5497449Z   ...
quality	Run repository quality gate	2026-10-05T13:33:13.5507223Z # Subtest: native event journal observer is wired outside the best-effort audit catch
quality	Run repository quality gate	2026-10-05T13:33:13.5508472Z ok 8 - native event journal observer is wired outside the best-effort audit catch
quality	Run repository quality gate	2026-10-05T13:33:13.5509151Z   ---
quality	Run repository quality gate	2026-10-05T13:33:13.5509465Z   duration_ms: 0.282382
quality	Run repository quality gate	2026-10-05T13:33:13.5509826Z   type: 'test'
quality	Run repository quality gate	2026-10-05T13:33:13.5510269Z   ...
quality	Run repository quality gate	2026-10-05T13:33:13.5510891Z # Subtest: timeout confirmation remains inside the locked transaction and completion cannot skip pending consent
quality	Run repository quality gate	2026-10-05T13:33:13.5517615Z ok 9 - timeout confirmation remains inside the locked transaction and completion cannot skip pending consent
quality	Run repository quality gate	2026-10-05T13:33:13.5518335Z   ---
quality	Run repository quality gate	2026-10-05T13:33:13.5518752Z   duration_ms: 0.288028
quality	Run repository quality gate	2026-10-05T13:33:13.5519167Z   type: 'test'
quality	Run repository quality gate	2026-10-05T13:33:13.5519562Z   ...
quality	Run repository quality gate	2026-10-05T13:33:13.5520186Z # Subtest: strict Turbo development passes the actual application feature/config variable names
quality	Run repository quality gate	2026-10-05T13:33:13.5521034Z ok 10 - strict Turbo development passes the actual application feature/config variable names
quality	Run repository quality gate	2026-10-05T13:33:13.5521595Z   ---
quality	Run repository quality gate	2026-10-05T13:33:13.5521897Z   duration_ms: 0.658182
quality	Run repository quality gate	2026-10-05T13:33:13.5522219Z   type: 'test'
quality	Run repository quality gate	2026-10-05T13:33:13.5522663Z   ...
quality	Run repository quality gate	2026-10-05T13:33:13.6406362Z # Subtest: unset and example-env blank rules preserve the bounded deployed manifest policy
quality	Run repository quality gate	2026-10-05T13:33:13.6408823Z ok 11 - unset and example-env blank rules preserve the bounded deployed manifest policy
quality	Run repository quality gate	2026-10-05T13:33:13.6410078Z   ---
quality	Run repository quality gate	2026-10-05T13:33:13.6410795Z   duration_ms: 0.830818
quality	Run repository quality gate	2026-10-05T13:33:13.6411460Z   type: 'test'
quality	Run repository quality gate	2026-10-05T13:33:13.6412120Z   ...
quality	Run repository quality gate	2026-10-05T13:33:13.6413301Z # Subtest: malformed configuration fails closed, never silently ignores intended restrictions
quality	Run repository quality gate	2026-10-05T13:33:13.6414664Z ok 12 - malformed configuration fails closed, never silently ignores intended restrictions
quality	Run repository quality gate	2026-10-05T13:33:13.6415518Z   ---
quality	Run repository quality gate	2026-10-05T13:33:13.6416132Z   duration_ms: 0.374594
quality	Run repository quality gate	2026-10-05T13:33:13.6416648Z   type: 'test'
quality	Run repository quality gate	2026-10-05T13:33:13.6417257Z   ...
quality	Run repository quality gate	2026-10-05T13:33:13.6418036Z # Subtest: deployment rules and read-only mode cannot be changed with request fields
quality	Run repository quality gate	2026-10-05T13:33:13.6419159Z ok 13 - deployment rules and read-only mode cannot be changed with request fields
quality	Run repository quality gate	2026-10-05T13:33:13.6420000Z   ---
quality	Run repository quality gate	2026-10-05T13:33:13.6420498Z   duration_ms: 0.137652
quality	Run repository quality gate	2026-10-05T13:33:13.6421164Z   type: 'test'
quality	Run repository quality gate	2026-10-05T13:33:13.6421908Z   ...
quality	Run repository quality gate	2026-10-05T13:33:13.7512388Z # Subtest: the dependency-free service core delegates only through the governed executor
quality	Run repository quality gate	2026-10-05T13:33:13.7513999Z ok 14 - the dependency-free service core delegates only through the governed executor
quality	Run repository quality gate	2026-10-05T13:33:13.7515089Z   ---
quality	Run repository quality gate	2026-10-05T13:33:13.7515815Z   duration_ms: 12.024101
quality	Run repository quality gate	2026-10-05T13:33:13.7516515Z   type: 'test'
quality	Run repository quality gate	2026-10-05T13:33:13.7517135Z   ...
quality	Run repository quality gate	2026-10-05T13:33:13.7517933Z # Subtest: the production service composition uses the same governed path
quality	Run repository quality gate	2026-10-05T13:33:13.7519063Z ok 15 - the production service composition uses the same governed path
quality	Run repository quality gate	2026-10-05T13:33:13.7519960Z   ---
quality	Run repository quality gate	2026-10-05T13:33:13.7520537Z   duration_ms: 0.677248
quality	Run repository quality gate	2026-10-05T13:33:13.7521081Z   type: 'test'
quality	Run repository quality gate	2026-10-05T13:33:13.7521635Z   ...
quality	Run repository quality gate	2026-10-05T13:33:13.7522226Z # Subtest: requires an explicit catalog-only registry
quality	Run repository quality gate	2026-10-05T13:33:13.7523423Z ok 16 - requires an explicit catalog-only registry
quality	Run repository quality gate	2026-10-05T13:33:13.7524156Z   ---
quality	Run repository quality gate	2026-10-05T13:33:13.7524614Z   duration_ms: 0.442512
quality	Run repository quality gate	2026-10-05T13:33:13.7525219Z   type: 'test'
quality	Run repository quality gate	2026-10-05T13:33:13.7525732Z   ...
quality	Run repository quality gate	2026-10-05T13:33:13.7526521Z # Subtest: rejects model attempts to provide execution context or control fields
quality	Run repository quality gate	2026-10-05T13:33:13.7527550Z ok 17 - rejects model attempts to provide execution context or control fields
quality	Run repository quality gate	2026-10-05T13:33:13.7528417Z   ---
quality	Run repository quality gate	2026-10-05T13:33:13.7528971Z   duration_ms: 0.490676
quality	Run repository quality gate	2026-10-05T13:33:13.7529519Z   type: 'test'
quality	Run repository quality gate	2026-10-05T13:33:13.7530059Z   ...
quality	Run repository quality gate	2026-10-05T13:33:13.7530637Z # Subtest: rejects invalid input before any action executor side effect
quality	Run repository quality gate	2026-10-05T13:33:13.7531549Z ok 18 - rejects invalid input before any action executor side effect
quality	Run repository quality gate	2026-10-05T13:33:13.7532501Z   ---
quality	Run repository quality gate	2026-10-05T13:33:13.7533589Z   duration_ms: 0.400558
quality	Run repository quality gate	2026-10-05T13:33:13.7533999Z   type: 'test'
quality	Run repository quality gate	2026-10-05T13:33:13.7534457Z   ...
quality	Run repository quality gate	2026-10-05T13:33:13.7535048Z # Subtest: rejects invalid cancellation objects and unknown execution options
quality	Run repository quality gate	2026-10-05T13:33:13.7535974Z ok 19 - rejects invalid cancellation objects and unknown execution options
quality	Run repository quality gate	2026-10-05T13:33:13.7536624Z   ---
quality	Run repository quality gate	2026-10-05T13:33:13.7536995Z   duration_ms: 0.322449
quality	Run repository quality gate	2026-10-05T13:33:13.7537527Z   type: 'test'
quality	Run repository quality gate	2026-10-05T13:33:13.7537905Z   ...
quality	Run repository quality gate	2026-10-05T13:33:13.7538607Z # Subtest: the Prisma composition persists receipts and audit through the governed path
quality	Run repository quality gate	2026-10-05T13:33:13.7539513Z ok 20 - the Prisma composition persists receipts and audit through the governed path
quality	Run repository quality gate	2026-10-05T13:33:13.7540176Z   ---
quality	Run repository quality gate	2026-10-05T13:33:13.7540715Z   duration_ms: 2.362955
quality	Run repository quality gate	2026-10-05T13:33:13.7541143Z   type: 'test'
quality	Run repository quality gate	2026-10-05T13:33:13.7542195Z   ...
quality	Run repository quality gate	2026-10-05T13:33:13.7543026Z # Subtest: the Prisma composition fails fast when governance dependencies are missing
quality	Run repository quality gate	2026-10-05T13:33:13.7544217Z ok 21 - the Prisma composition fails fast when governance dependencies are missing
quality	Run repository quality gate	2026-10-05T13:33:13.7544880Z   ---
quality	Run repository quality gate	2026-10-05T13:33:13.7545283Z   duration_ms: 0.294866
quality	Run repository quality gate	2026-10-05T13:33:13.7545821Z   type: 'test'
quality	Run repository quality gate	2026-10-05T13:33:13.7546213Z   ...
quality	Run repository quality gate	2026-10-05T13:33:13.8794149Z # Subtest: publishes only the two governed external run actions
quality	Run repository quality gate	2026-10-05T13:33:13.8795395Z ok 22 - publishes only the two governed external run actions
quality	Run repository quality gate	2026-10-05T13:33:13.8796478Z   ---
quality	Run repository quality gate	2026-10-05T13:33:13.8797122Z   duration_ms: 25.62358
quality	Run repository quality gate	2026-10-05T13:33:13.8797973Z   type: 'test'
quality	Run repository quality gate	2026-10-05T13:33:13.8798570Z   ...
quality	Run repository quality gate	2026-10-05T13:33:13.8799392Z # Subtest: passes the full governed idempotency envelope to the CRM side effect
quality	Run repository quality gate	2026-10-05T13:33:13.8800607Z ok 23 - passes the full governed idempotency envelope to the CRM side effect
quality	Run repository quality gate	2026-10-05T13:33:13.8801536Z   ---
quality	Run repository quality gate	2026-10-05T13:33:13.8802241Z   duration_ms: 6.053232
quality	Run repository quality gate	2026-10-05T13:33:13.8803112Z   type: 'test'
quality	Run repository quality gate	2026-10-05T13:33:13.8803768Z   ...
quality	Run repository quality gate	2026-10-05T13:33:13.8804580Z # Subtest: replays a completed governed receipt without repeating the business side effect
quality	Run repository quality gate	2026-10-05T13:33:13.8805882Z ok 24 - replays a completed governed receipt without repeating the business side effect
quality	Run repository quality gate	2026-10-05T13:33:13.8806806Z   ---
quality	Run repository quality gate	2026-10-05T13:33:13.8807355Z   duration_ms: 1.914815
quality	Run repository quality gate	2026-10-05T13:33:13.8807976Z   type: 'test'
quality	Run repository quality gate	2026-10-05T13:33:13.8808507Z   ...
quality	Run repository quality gate	2026-10-05T13:33:13.8809283Z # Subtest: rejects reuse of one run call for different business input
quality	Run repository quality gate	2026-10-05T13:33:13.8832170Z ok 25 - rejects reuse of one run call for different business input
quality	Run repository quality gate	2026-10-05T13:33:13.8857565Z   ---
quality	Run repository quality gate	2026-10-05T13:33:13.8858132Z   duration_ms: 2.319341
quality	Run repository quality gate	2026-10-05T13:33:13.8858662Z   type: 'test'
quality	Run repository quality gate	2026-10-05T13:33:13.8859113Z   ...
quality	Run repository quality gate	2026-10-05T13:33:13.8859745Z # Subtest: denies execution before the side effect when object authorization fails
quality	Run repository quality gate	2026-10-05T13:33:13.8860550Z ok 26 - denies execution before the side effect when object authorization fails
quality	Run repository quality gate	2026-10-05T13:33:13.8861210Z   ---
quality	Run repository quality gate	2026-10-05T13:33:13.8861603Z   duration_ms: 1.106688
quality	Run repository quality gate	2026-10-05T13:33:13.8862104Z   type: 'test'
quality	Run repository quality gate	2026-10-05T13:33:13.8862473Z   ...
quality	Run repository quality gate	2026-10-05T13:33:13.8863544Z # Subtest: rejects model/control-field injection and invalid business input
quality	Run repository quality gate	2026-10-05T13:33:13.8864583Z ok 27 - rejects model/control-field injection and invalid business input
quality	Run repository quality gate	2026-10-05T13:33:13.8865223Z   ---
quality	Run repository quality gate	2026-10-05T13:33:13.8865566Z   duration_ms: 1.200691
quality	Run repository quality gate	2026-10-05T13:33:13.8865891Z   type: 'test'
quality	Run repository quality gate	2026-10-05T13:33:13.8866217Z   ...
quality	Run repository quality gate	2026-10-05T13:33:13.8866748Z # Subtest: honors cancellation before acquiring or executing a side effect
quality	Run repository quality gate	2026-10-05T13:33:13.8867416Z ok 28 - honors cancellation before acquiring or executing a side effect
quality	Run repository quality gate	2026-10-05T13:33:13.8867928Z   ---
quality	Run repository quality gate	2026-10-05T13:33:13.8868283Z   duration_ms: 0.552125
quality	Run repository quality gate	2026-10-05T13:33:13.8868627Z   type: 'test'
quality	Run repository quality gate	2026-10-05T13:33:13.8868948Z   ...
quality	Run repository quality gate	2026-10-05T13:33:13.8869389Z # Subtest: routes Slack through the same governed receipt and execution envelope
quality	Run repository quality gate	2026-10-05T13:33:13.8870178Z ok 29 - routes Slack through the same governed receipt and execution envelope
quality	Run repository quality gate	2026-10-05T13:33:13.8870627Z   ---
quality	Run repository quality gate	2026-10-05T13:33:13.8870958Z   duration_ms: 1.344149
quality	Run repository quality gate	2026-10-05T13:33:13.8871297Z   type: 'test'
quality	Run repository quality gate	2026-10-05T13:33:13.8871617Z   ...
quality	Run repository quality gate	2026-10-05T13:33:13.8872052Z # Subtest: rejects accessor-backed request fields without invoking application code
quality	Run repository quality gate	2026-10-05T13:33:13.8872991Z ok 30 - rejects accessor-backed request fields without invoking application code
quality	Run repository quality gate	2026-10-05T13:33:13.8873455Z   ---
quality	Run repository quality gate	2026-10-05T13:33:13.8873745Z   duration_ms: 0.608984
quality	Run repository quality gate	2026-10-05T13:33:13.8874078Z   type: 'test'
quality	Run repository quality gate	2026-10-05T13:33:13.8874410Z   ...
quality	Run repository quality gate	2026-10-05T13:33:13.8874858Z # Subtest: rejects accessor-backed business input without evaluating its getter
quality	Run repository quality gate	2026-10-05T13:33:13.8875413Z ok 31 - rejects accessor-backed business input without evaluating its getter
quality	Run repository quality gate	2026-10-05T13:33:13.8877246Z   ---
quality	Run repository quality gate	2026-10-05T13:33:13.8877639Z   duration_ms: 0.514302
quality	Run repository quality gate	2026-10-05T13:33:13.8878065Z   type: 'test'
quality	Run repository quality gate	2026-10-05T13:33:13.8878501Z   ...
quality	Run repository quality gate	2026-10-05T13:33:13.8879089Z # Subtest: rejects ambiguous identifier separators before deriving an idempotency key
quality	Run repository quality gate	2026-10-05T13:33:13.8879943Z ok 32 - rejects ambiguous identifier separators before deriving an idempotency key
quality	Run repository quality gate	2026-10-05T13:33:13.8880426Z   ---
quality	Run repository quality gate	2026-10-05T13:33:13.8880760Z   duration_ms: 0.482924
quality	Run repository quality gate	2026-10-05T13:33:13.8881072Z   type: 'test'
quality	Run repository quality gate	2026-10-05T13:33:13.8881364Z   ...
quality	Run repository quality gate	2026-10-05T13:33:13.8881771Z # Subtest: rejects malformed policy decisions before acquiring a receipt
quality	Run repository quality gate	2026-10-05T13:33:13.8882325Z ok 33 - rejects malformed policy decisions before acquiring a receipt
quality	Run repository quality gate	2026-10-05T13:33:13.8883110Z   ---
quality	Run repository quality gate	2026-10-05T13:33:13.8883407Z   duration_ms: 0.684538
quality	Run repository quality gate	2026-10-05T13:33:13.8883709Z   type: 'test'
quality	Run repository quality gate	2026-10-05T13:33:13.8884029Z   ...
quality	Run repository quality gate	2026-10-05T13:33:13.8884473Z # Subtest: rejects misspelled runtime dependencies instead of ignoring configuration
quality	Run repository quality gate	2026-10-05T13:33:13.8885085Z ok 34 - rejects misspelled runtime dependencies instead of ignoring configuration
quality	Run repository quality gate	2026-10-05T13:33:13.8885572Z   ---
quality	Run repository quality gate	2026-10-05T13:33:13.8885880Z   duration_ms: 0.307179
quality	Run repository quality gate	2026-10-05T13:33:13.8886191Z   type: 'test'
quality	Run repository quality gate	2026-10-05T13:33:13.8886499Z   ...
quality	Run repository quality gate	2026-10-05T13:33:13.9738349Z # Subtest: agent runner tools invoke only the governed run-action bridge
quality	Run repository quality gate	2026-10-05T13:33:13.9739728Z ok 35 - agent runner tools invoke only the governed run-action bridge
quality	Run repository quality gate	2026-10-05T13:33:13.9740369Z   ---
quality	Run repository quality gate	2026-10-05T13:33:13.9740835Z   duration_ms: 3.862728
quality	Run repository quality gate	2026-10-05T13:33:13.9741184Z   type: 'test'
quality	Run repository quality gate	2026-10-05T13:33:13.9741494Z   ...
quality	Run repository quality gate	2026-10-05T13:33:14.1314962Z # Subtest: the governed bridge is the sole production caller of low-level run side effects
quality	Run repository quality gate	2026-10-05T13:33:14.1316227Z ok 36 - the governed bridge is the sole production caller of low-level run side effects
quality	Run repository quality gate	2026-10-05T13:33:14.1316812Z   ---
quality	Run repository quality gate	2026-10-05T13:33:14.1317190Z   duration_ms: 157.504227
quality	Run repository quality gate	2026-10-05T13:33:14.1317720Z   type: 'test'
quality	Run repository quality gate	2026-10-05T13:33:14.1318076Z   ...
quality	Run repository quality gate	2026-10-05T13:33:14.1322124Z # Subtest: run-runtime requires the governed envelope and no longer exposes legacy entrypoints
quality	Run repository quality gate	2026-10-05T13:33:14.1324041Z ok 37 - run-runtime requires the governed envelope and no longer exposes legacy entrypoints
quality	Run repository quality gate	2026-10-05T13:33:14.1324686Z   ---
quality	Run repository quality gate	2026-10-05T13:33:14.1325283Z   duration_ms: 0.862559
quality	Run repository quality gate	2026-10-05T13:33:14.1325588Z   type: 'test'
quality	Run repository quality gate	2026-10-05T13:33:14.1325944Z   ...
quality	Run repository quality gate	2026-10-05T13:33:14.1333173Z # Subtest: run.summary remains a run-control capability instead of becoming an external side effect
quality	Run repository quality gate	2026-10-05T13:33:14.1334550Z ok 38 - run.summary remains a run-control capability instead of becoming an external side effect
quality	Run repository quality gate	2026-10-05T13:33:14.1335303Z   ---
quality	Run repository quality gate	2026-10-05T13:33:14.1335736Z   duration_ms: 1.297806
quality	Run repository quality gate	2026-10-05T13:33:14.1336216Z   type: 'test'
quality	Run repository quality gate	2026-10-05T13:33:14.1336624Z   ...
quality	Run repository quality gate	2026-10-05T13:33:14.2236184Z # Subtest: timeout selection cannot fail a run that parked after the query snapshot
quality	Run repository quality gate	2026-10-05T13:33:14.2237774Z ok 39 - timeout selection cannot fail a run that parked after the query snapshot
quality	Run repository quality gate	2026-10-05T13:33:14.2238614Z   ---
quality	Run repository quality gate	2026-10-05T13:33:14.2239590Z   duration_ms: 0.67404
quality	Run repository quality gate	2026-10-05T13:33:14.2240198Z   type: 'test'
quality	Run repository quality gate	2026-10-05T13:33:14.2240764Z   ...
quality	Run repository quality gate	2026-10-05T13:33:14.2256376Z # Subtest: resume uses extended execution budget without changing historical startedAt
quality	Run repository quality gate	2026-10-05T13:33:14.2257389Z ok 40 - resume uses extended execution budget without changing historical startedAt
quality	Run repository quality gate	2026-10-05T13:33:14.2261477Z   ---
quality	Run repository quality gate	2026-10-05T13:33:14.2262358Z   duration_ms: 0.138367
quality	Run repository quality gate	2026-10-05T13:33:14.2263512Z   type: 'test'
quality	Run repository quality gate	2026-10-05T13:33:14.2264275Z   ...
quality	Run repository quality gate	2026-10-05T13:33:14.2265324Z # Subtest: cancelled, detached and terminal runs are never timed out by a stale scan
quality	Run repository quality gate	2026-10-05T13:33:14.2266755Z ok 41 - cancelled, detached and terminal runs are never timed out by a stale scan
quality	Run repository quality gate	2026-10-05T13:33:14.2267738Z   ---
quality	Run repository quality gate	2026-10-05T13:33:14.2268535Z   duration_ms: 0.159293
quality	Run repository quality gate	2026-10-05T13:33:14.2269233Z   type: 'test'
quality	Run repository quality gate	2026-10-05T13:33:14.2269870Z   ...
quality	Run repository quality gate	2026-10-05T13:33:14.2270678Z # Subtest: execution budget rejects corrupt configuration and saved deadlines
quality	Run repository quality gate	2026-10-05T13:33:14.2271814Z ok 42 - execution budget rejects corrupt configuration and saved deadlines
quality	Run repository quality gate	2026-10-05T13:33:14.2273009Z   ---
quality	Run repository quality gate	2026-10-05T13:33:14.2273593Z   duration_ms: 0.342913
quality	Run repository quality gate	2026-10-05T13:33:14.2274342Z   type: 'test'
quality	Run repository quality gate	2026-10-05T13:33:14.2274953Z   ...
quality	Run repository quality gate	2026-10-05T13:33:14.3928354Z # Subtest: approved native request traverses real governed executor once, then receipt completes continuation
quality	Run repository quality gate	2026-10-05T13:33:14.3930170Z ok 43 - approved native request traverses real governed executor once, then receipt completes continuation
quality	Run repository quality gate	2026-10-05T13:33:14.3931408Z   ---
quality	Run repository quality gate	2026-10-05T13:33:14.3932054Z   duration_ms: 56.42465
quality	Run repository quality gate	2026-10-05T13:33:14.3932929Z   type: 'test'
quality	Run repository quality gate	2026-10-05T13:33:14.3933620Z   ...
quality	Run repository quality gate	2026-10-05T13:33:14.4037116Z # Subtest: lost native acknowledgement is reconciled from actual runtime receipt without another HTTP request
quality	Run repository quality gate	2026-10-05T13:33:14.4038892Z ok 44 - lost native acknowledgement is reconciled from actual runtime receipt without another HTTP request
quality	Run repository quality gate	2026-10-05T13:33:14.4039847Z   ---
quality	Run repository quality gate	2026-10-05T13:33:14.4040451Z   duration_ms: 15.299623
quality	Run repository quality gate	2026-10-05T13:33:14.4041024Z   type: 'test'
quality	Run repository quality gate	2026-10-05T13:33:14.4042079Z   ...
quality	Run repository quality gate	2026-10-05T13:33:14.5784639Z # Subtest: native child/session/call binding is durable across fresh service instances
quality	Run repository quality gate	2026-10-05T13:33:14.5792971Z ok 45 - native child/session/call binding is durable across fresh service instances
quality	Run repository quality gate	2026-10-05T13:33:14.5793953Z   ---
quality	Run repository quality gate	2026-10-05T13:33:14.5794678Z   duration_ms: 11.14308
quality	Run repository quality gate	2026-10-05T13:33:14.5795254Z   type: 'test'
quality	Run repository quality gate	2026-10-05T13:33:14.5795851Z   ...
quality	Run repository quality gate	2026-10-05T13:33:14.5796629Z # Subtest: consent alone cannot resume before durable native input and waiting boundary
quality	Run repository quality gate	2026-10-05T13:33:14.5797730Z ok 46 - consent alone cannot resume before durable native input and waiting boundary
quality	Run repository quality gate	2026-10-05T13:33:14.5798556Z   ---
quality	Run repository quality gate	2026-10-05T13:33:14.5799043Z   duration_ms: 3.174084
quality	Run repository quality gate	2026-10-05T13:33:14.5799563Z   type: 'test'
quality	Run repository quality gate	2026-10-05T13:33:14.5800121Z   ...
quality	Run repository quality gate	2026-10-05T13:33:14.5800842Z # Subtest: pending consent parks without dispatch and polling is bounded/fair
quality	Run repository quality gate	2026-10-05T13:33:14.5801809Z ok 47 - pending consent parks without dispatch and polling is bounded/fair
quality	Run repository quality gate	2026-10-05T13:33:14.5802712Z   ---
quality	Run repository quality gate	2026-10-05T13:33:14.5803374Z   duration_ms: 3.469062
quality	Run repository quality gate	2026-10-05T13:33:14.5803922Z   type: 'test'
quality	Run repository quality gate	2026-10-05T13:33:14.5804844Z   ...
quality	Run repository quality gate	2026-10-05T13:33:14.5831355Z # Subtest: wrong session, actor workspace, payload, call and native request cannot rebind consent
quality	Run repository quality gate	2026-10-05T13:33:14.5833508Z ok 48 - wrong session, actor workspace, payload, call and native request cannot rebind consent
quality	Run repository quality gate	2026-10-05T13:33:14.5834309Z   ---
quality	Run repository quality gate	2026-10-05T13:33:14.5835039Z   duration_ms: 3.160341
quality	Run repository quality gate	2026-10-05T13:33:14.5835668Z   type: 'test'
quality	Run repository quality gate	2026-10-05T13:33:14.5836177Z   ...
quality	Run repository quality gate	2026-10-05T13:33:14.5837145Z # Subtest: two dispatchers cannot both submit one approval or two calls of the same waiting run
quality	Run repository quality gate	2026-10-05T13:33:14.5838087Z ok 49 - two dispatchers cannot both submit one approval or two calls of the same waiting run
quality	Run repository quality gate	2026-10-05T13:33:14.5839021Z   ---
quality	Run repository quality gate	2026-10-05T13:33:14.5839389Z   duration_ms: 6.206341
quality	Run repository quality gate	2026-10-05T13:33:14.5840120Z   type: 'test'
quality	Run repository quality gate	2026-10-05T13:33:14.5840615Z   ...
quality	Run repository quality gate	2026-10-05T13:33:14.5841341Z # Subtest: lost transport acknowledgement is quarantined; never whole-run/new-key replay
quality	Run repository quality gate	2026-10-05T13:33:14.5842221Z ok 50 - lost transport acknowledgement is quarantined; never whole-run/new-key replay
quality	Run repository quality gate	2026-10-05T13:33:14.5842969Z   ---
quality	Run repository quality gate	2026-10-05T13:33:14.5843515Z   duration_ms: 2.977978
quality	Run repository quality gate	2026-10-05T13:33:14.5843852Z   type: 'test'
quality	Run repository quality gate	2026-10-05T13:33:14.5844185Z   ...
quality	Run repository quality gate	2026-10-05T13:33:14.5844552Z # Subtest: crashed dispatcher lease is quarantined, not reacquired
quality	Run repository quality gate	2026-10-05T13:33:14.5845049Z ok 51 - crashed dispatcher lease is quarantined, not reacquired
quality	Run repository quality gate	2026-10-05T13:33:14.5845505Z   ---
quality	Run repository quality gate	2026-10-05T13:33:14.5845790Z   duration_ms: 4.516022
quality	Run repository quality gate	2026-10-05T13:33:14.5846153Z   type: 'test'
quality	Run repository quality gate	2026-10-05T13:33:14.5846439Z   ...
quality	Run repository quality gate	2026-10-05T13:33:14.5846864Z # Subtest: exact-session mismatch in transport acknowledgement fails closed
quality	Run repository quality gate	2026-10-05T13:33:14.5847782Z ok 52 - exact-session mismatch in transport acknowledgement fails closed
quality	Run repository quality gate	2026-10-05T13:33:14.5848224Z   ---
quality	Run repository quality gate	2026-10-05T13:33:14.5848559Z   duration_ms: 2.174027
quality	Run repository quality gate	2026-10-05T13:33:14.5848850Z   type: 'test'
quality	Run repository quality gate	2026-10-05T13:33:14.5849192Z   ...
quality	Run repository quality gate	2026-10-05T13:33:14.5849620Z # Subtest: expired/rejected/cancelled approval resumes only a native denial
quality	Run repository quality gate	2026-10-05T13:33:14.5850185Z ok 53 - expired/rejected/cancelled approval resumes only a native denial
quality	Run repository quality gate	2026-10-05T13:33:14.5850645Z   ---
quality	Run repository quality gate	2026-10-05T13:33:14.5850917Z   duration_ms: 7.510506
quality	Run repository quality gate	2026-10-05T13:33:14.5851291Z   type: 'test'
quality	Run repository quality gate	2026-10-05T13:33:14.5851562Z   ...
quality	Run repository quality gate	2026-10-05T13:33:14.5852078Z # Subtest: revoked approver denies; revoked requester quarantines; cancellation never dispatches
quality	Run repository quality gate	2026-10-05T13:33:14.5853044Z ok 54 - revoked approver denies; revoked requester quarantines; cancellation never dispatches
quality	Run repository quality gate	2026-10-05T13:33:14.5853776Z   ---
quality	Run repository quality gate	2026-10-05T13:33:14.5854196Z   duration_ms: 5.169577
quality	Run repository quality gate	2026-10-05T13:33:14.5854523Z   type: 'test'
quality	Run repository quality gate	2026-10-05T13:33:14.5854956Z   ...
quality	Run repository quality gate	2026-10-05T13:33:14.5855637Z # Subtest: approval waiting extends only execution deadline; original startedAt is preserved
quality	Run repository quality gate	2026-10-05T13:33:14.5856635Z ok 55 - approval waiting extends only execution deadline; original startedAt is preserved
quality	Run repository quality gate	2026-10-05T13:33:14.5857110Z   ---
quality	Run repository quality gate	2026-10-05T13:33:14.5857407Z   duration_ms: 1.430104
quality	Run repository quality gate	2026-10-05T13:33:14.5857740Z   type: 'test'
quality	Run repository quality gate	2026-10-05T13:33:14.5858018Z   ...
quality	Run repository quality gate	2026-10-05T13:33:14.5858442Z # Subtest: replayed waiting event cannot park a resumed run again
quality	Run repository quality gate	2026-10-05T13:33:14.5858911Z ok 56 - replayed waiting event cannot park a resumed run again
quality	Run repository quality gate	2026-10-05T13:33:14.5877410Z   ---
quality	Run repository quality gate	2026-10-05T13:33:14.5878371Z   duration_ms: 2.765
quality	Run repository quality gate	2026-10-05T13:33:14.5879505Z   type: 'test'
quality	Run repository quality gate	2026-10-05T13:33:14.5880124Z   ...
quality	Run repository quality gate	2026-10-05T13:33:14.5881061Z # Subtest: audit failure rolls back waiting/dispatch state and produces no delivery
quality	Run repository quality gate	2026-10-05T13:33:14.5882087Z ok 57 - audit failure rolls back waiting/dispatch state and produces no delivery
quality	Run repository quality gate	2026-10-05T13:33:14.5882946Z   ---
quality	Run repository quality gate	2026-10-05T13:33:14.5883397Z   duration_ms: 1.452047
quality	Run repository quality gate	2026-10-05T13:33:14.5883900Z   type: 'test'
quality	Run repository quality gate	2026-10-05T13:33:14.5884424Z   ...
quality	Run repository quality gate	2026-10-05T13:33:14.5885042Z # Subtest: only a successful matching governed receipt closes observed execution
quality	Run repository quality gate	2026-10-05T13:33:14.5886010Z ok 58 - only a successful matching governed receipt closes observed execution
quality	Run repository quality gate	2026-10-05T13:33:14.5886920Z   ---
quality	Run repository quality gate	2026-10-05T13:33:14.5887295Z   duration_ms: 1.80667
quality	Run repository quality gate	2026-10-05T13:33:14.5887740Z   type: 'test'
quality	Run repository quality gate	2026-10-05T13:33:14.5888084Z   ...
quality	Run repository quality gate	2026-10-05T13:33:14.5888861Z # Subtest: native HTTP admission is one-use and rechecks fresh authority without consuming business consent
quality	Run repository quality gate	2026-10-05T13:33:14.5889977Z ok 59 - native HTTP admission is one-use and rechecks fresh authority without consuming business consent
quality	Run repository quality gate	2026-10-05T13:33:14.5890822Z   ---
quality	Run repository quality gate	2026-10-05T13:33:14.5891205Z   duration_ms: 2.571764
quality	Run repository quality gate	2026-10-05T13:33:14.5891618Z   type: 'test'
quality	Run repository quality gate	2026-10-05T13:33:14.5892076Z   ...
quality	Run repository quality gate	2026-10-05T13:33:14.5892918Z # Subtest: late expiry/revocation/cancellation at native admission cannot use earlier dispatch authority
quality	Run repository quality gate	2026-10-05T13:33:14.5894438Z ok 60 - late expiry/revocation/cancellation at native admission cannot use earlier dispatch authority
quality	Run repository quality gate	2026-10-05T13:33:14.5895242Z   ---
quality	Run repository quality gate	2026-10-05T13:33:14.5895742Z   duration_ms: 4.627902
quality	Run repository quality gate	2026-10-05T13:33:14.5896183Z   type: 'test'
quality	Run repository quality gate	2026-10-05T13:33:14.5896570Z   ...
quality	Run repository quality gate	2026-10-05T13:33:14.5897240Z # Subtest: execution budget already exhausted before waiting is not restored by approval
quality	Run repository quality gate	2026-10-05T13:33:14.5898163Z ok 61 - execution budget already exhausted before waiting is not restored by approval
quality	Run repository quality gate	2026-10-05T13:33:14.5898980Z   ---
quality	Run repository quality gate	2026-10-05T13:33:14.5899359Z   duration_ms: 1.32186
quality	Run repository quality gate	2026-10-05T13:33:14.5899864Z   type: 'test'
quality	Run repository quality gate	2026-10-05T13:33:14.5900256Z   ...
quality	Run repository quality gate	2026-10-05T13:33:14.5901006Z # Subtest: scheduled continuation preserves the dispatch principal, never the immutable version editor
quality	Run repository quality gate	2026-10-05T13:33:14.5902189Z ok 62 - scheduled continuation preserves the dispatch principal, never the immutable version editor
quality	Run repository quality gate	2026-10-05T13:33:14.5903156Z   ---
quality	Run repository quality gate	2026-10-05T13:33:14.5903655Z   duration_ms: 1.315516
quality	Run repository quality gate	2026-10-05T13:33:14.5904150Z   type: 'test'
quality	Run repository quality gate	2026-10-05T13:33:14.5904594Z   ...
quality	Run repository quality gate	2026-10-05T13:33:14.5905365Z # Subtest: historical scheduled run principal follows original dispatch, and contradictory manual identity is denied
quality	Run repository quality gate	2026-10-05T13:33:14.5906635Z ok 63 - historical scheduled run principal follows original dispatch, and contradictory manual identity is denied
quality	Run repository quality gate	2026-10-05T13:33:14.5907548Z   ---
quality	Run repository quality gate	2026-10-05T13:33:14.5907940Z   duration_ms: 0.747696
quality	Run repository quality gate	2026-10-05T13:33:14.5908481Z   type: 'test'
quality	Run repository quality gate	2026-10-05T13:33:14.5908870Z   ...
quality	Run repository quality gate	2026-10-05T13:33:14.7615632Z # Subtest: request is immutable, requester-bound and idempotent across service instances
quality	Run repository quality gate	2026-10-05T13:33:14.7633493Z ok 64 - request is immutable, requester-bound and idempotent across service instances
quality	Run repository quality gate	2026-10-05T13:33:14.7634377Z   ---
quality	Run repository quality gate	2026-10-05T13:33:14.7636428Z   duration_ms: 6.074087
quality	Run repository quality gate	2026-10-05T13:33:14.7636968Z   type: 'test'
quality	Run repository quality gate	2026-10-05T13:33:14.7637347Z   ...
quality	Run repository quality gate	2026-10-05T13:33:14.7637843Z # Subtest: no forged tenant or digest is accepted
quality	Run repository quality gate	2026-10-05T13:33:14.7638440Z ok 65 - no forged tenant or digest is accepted
quality	Run repository quality gate	2026-10-05T13:33:14.7638962Z   ---
quality	Run repository quality gate	2026-10-05T13:33:14.7639367Z   duration_ms: 1.062968
quality	Run repository quality gate	2026-10-05T13:33:14.7639878Z   type: 'test'
quality	Run repository quality gate	2026-10-05T13:33:14.7640309Z   ...
quality	Run repository quality gate	2026-10-05T13:33:14.7640842Z # Subtest: queue and decisions require current administrator membership
quality	Run repository quality gate	2026-10-05T13:33:14.7641705Z ok 66 - queue and decisions require current administrator membership
quality	Run repository quality gate	2026-10-05T13:33:14.7642311Z   ---
quality	Run repository quality gate	2026-10-05T13:33:14.7643047Z   duration_ms: 1.397096
quality	Run repository quality gate	2026-10-05T13:33:14.7643539Z   type: 'test'
quality	Run repository quality gate	2026-10-05T13:33:14.7643922Z   ...
quality	Run repository quality gate	2026-10-05T13:33:14.7644604Z # Subtest: self approval is prohibited for both direct human and agent-run requesters
quality	Run repository quality gate	2026-10-05T13:33:14.7645507Z ok 67 - self approval is prohibited for both direct human and agent-run requesters
quality	Run repository quality gate	2026-10-05T13:33:14.7646205Z   ---
quality	Run repository quality gate	2026-10-05T13:33:14.7646592Z   duration_ms: 1.644293
quality	Run repository quality gate	2026-10-05T13:33:14.7647048Z   type: 'test'
quality	Run repository quality gate	2026-10-05T13:33:14.7647494Z   ...
quality	Run repository quality gate	2026-10-05T13:33:14.7648064Z # Subtest: agent run linkage is loaded server-side and inactive runs fail closed
quality	Run repository quality gate	2026-10-05T13:33:14.7649073Z ok 68 - agent run linkage is loaded server-side and inactive runs fail closed
quality	Run repository quality gate	2026-10-05T13:33:14.7649919Z   ---
quality	Run repository quality gate	2026-10-05T13:33:14.7650262Z   duration_ms: 0.947701
quality	Run repository quality gate	2026-10-05T13:33:14.7650619Z   type: 'test'
quality	Run repository quality gate	2026-10-05T13:33:14.7650910Z   ...
quality	Run repository quality gate	2026-10-05T13:33:14.7651508Z # Subtest: approval and audit are atomic; audit failure cannot leave consent behind
quality	Run repository quality gate	2026-10-05T13:33:14.7652089Z ok 69 - approval and audit are atomic; audit failure cannot leave consent behind
quality	Run repository quality gate	2026-10-05T13:33:14.7652844Z   ---
quality	Run repository quality gate	2026-10-05T13:33:14.7653144Z   duration_ms: 1.334324
quality	Run repository quality gate	2026-10-05T13:33:14.7653494Z   type: 'test'
quality	Run repository quality gate	2026-10-05T13:33:14.7653794Z   ...
quality	Run repository quality gate	2026-10-05T13:33:14.7654212Z # Subtest: repeated same decision is idempotent but stale opposite decisions are blocked
quality	Run repository quality gate	2026-10-05T13:33:14.7654890Z ok 70 - repeated same decision is idempotent but stale opposite decisions are blocked
quality	Run repository quality gate	2026-10-05T13:33:14.7655455Z   ---
quality	Run repository quality gate	2026-10-05T13:33:14.7655784Z   duration_ms: 1.377127
quality	Run repository quality gate	2026-10-05T13:33:14.7656096Z   type: 'test'
quality	Run repository quality gate	2026-10-05T13:33:14.7656433Z   ...
quality	Run repository quality gate	2026-10-05T13:33:14.7656836Z # Subtest: expiry is committed and audited instead of rolled back with an exception
quality	Run repository quality gate	2026-10-05T13:33:14.7657403Z ok 71 - expiry is committed and audited instead of rolled back with an exception
quality	Run repository quality gate	2026-10-05T13:33:14.7657892Z   ---
quality	Run repository quality gate	2026-10-05T13:33:14.7658169Z   duration_ms: 1.002281
quality	Run repository quality gate	2026-10-05T13:33:14.7658536Z   type: 'test'
quality	Run repository quality gate	2026-10-05T13:33:14.7658814Z   ...
quality	Run repository quality gate	2026-10-05T13:33:14.7659112Z # Subtest: cannot explicitly expire before deadline
quality	Run repository quality gate	2026-10-05T13:33:14.7659581Z ok 72 - cannot explicitly expire before deadline
quality	Run repository quality gate	2026-10-05T13:33:14.7659959Z   ---
quality	Run repository quality gate	2026-10-05T13:33:14.7660283Z   duration_ms: 1.079338
quality	Run repository quality gate	2026-10-05T13:33:14.7660584Z   type: 'test'
quality	Run repository quality gate	2026-10-05T13:33:14.7660907Z   ...
quality	Run repository quality gate	2026-10-05T13:33:14.7661321Z # Subtest: cannot approve redacted or truncated content without a complete safe preview
quality	Run repository quality gate	2026-10-05T13:33:14.7662096Z ok 73 - cannot approve redacted or truncated content without a complete safe preview
quality	Run repository quality gate	2026-10-05T13:33:14.7662809Z   ---
quality	Run repository quality gate	2026-10-05T13:33:14.7663102Z   duration_ms: 1.639865
quality	Run repository quality gate	2026-10-05T13:33:14.7663457Z   type: 'test'
quality	Run repository quality gate	2026-10-05T13:33:14.7663777Z   ...
quality	Run repository quality gate	2026-10-05T13:33:14.7664227Z # Subtest: approved consent is one-shot and bound to execution key, digest and actor
quality	Run repository quality gate	2026-10-05T13:33:14.7664795Z ok 74 - approved consent is one-shot and bound to execution key, digest and actor
quality	Run repository quality gate	2026-10-05T13:33:14.7665216Z   ---
quality	Run repository quality gate	2026-10-05T13:33:14.7665579Z   duration_ms: 1.586344
quality	Run repository quality gate	2026-10-05T13:33:14.7665885Z   type: 'test'
quality	Run repository quality gate	2026-10-05T13:33:14.7666214Z   ...
quality	Run repository quality gate	2026-10-05T13:33:14.7666577Z # Subtest: revoked approving administrator invalidates unused consent
quality	Run repository quality gate	2026-10-05T13:33:14.7690899Z ok 75 - revoked approving administrator invalidates unused consent
quality	Run repository quality gate	2026-10-05T13:33:14.7691941Z   ---
quality	Run repository quality gate	2026-10-05T13:33:14.7692324Z   duration_ms: 0.993622
quality	Run repository quality gate	2026-10-05T13:33:14.7693116Z   type: 'test'
quality	Run repository quality gate	2026-10-05T13:33:14.7693506Z   ...
quality	Run repository quality gate	2026-10-05T13:33:14.7694229Z # Subtest: consumption audit failure leaves consent unconsumed and executes nothing
quality	Run repository quality gate	2026-10-05T13:33:14.7695187Z ok 76 - consumption audit failure leaves consent unconsumed and executes nothing
quality	Run repository quality gate	2026-10-05T13:33:14.7695943Z   ---
quality	Run repository quality gate	2026-10-05T13:33:14.7696345Z   duration_ms: 1.060556
quality	Run repository quality gate	2026-10-05T13:33:14.7696750Z   type: 'test'
quality	Run repository quality gate	2026-10-05T13:33:14.7697243Z   ...
quality	Run repository quality gate	2026-10-05T13:33:14.7697767Z # Subtest: cancel and reject are terminal and do not start execution
quality	Run repository quality gate	2026-10-05T13:33:14.7698584Z ok 77 - cancel and reject are terminal and do not start execution
quality	Run repository quality gate	2026-10-05T13:33:14.7699147Z   ---
quality	Run repository quality gate	2026-10-05T13:33:14.7699599Z   duration_ms: 2.325567
quality	Run repository quality gate	2026-10-05T13:33:14.7700023Z   type: 'test'
quality	Run repository quality gate	2026-10-05T13:33:14.7700413Z   ...
quality	Run repository quality gate	2026-10-05T13:33:14.7701112Z # Subtest: legacy unbound approvals are visible but cannot be newly approved or consumed
quality	Run repository quality gate	2026-10-05T13:33:14.7702025Z ok 78 - legacy unbound approvals are visible but cannot be newly approved or consumed
quality	Run repository quality gate	2026-10-05T13:33:14.7702988Z   ---
quality	Run repository quality gate	2026-10-05T13:33:14.7703381Z   duration_ms: 0.552658
quality	Run repository quality gate	2026-10-05T13:33:14.7703854Z   type: 'test'
quality	Run repository quality gate	2026-10-05T13:33:14.7704308Z   ...
quality	Run repository quality gate	2026-10-05T13:33:14.7705112Z # Subtest: two decision callers cannot both create conflicting final states
quality	Run repository quality gate	2026-10-05T13:33:14.7706344Z ok 79 - two decision callers cannot both create conflicting final states
quality	Run repository quality gate	2026-10-05T13:33:14.7706879Z   ---
quality	Run repository quality gate	2026-10-05T13:33:14.7707327Z   duration_ms: 0.774664
quality	Run repository quality gate	2026-10-05T13:33:14.7707771Z   type: 'test'
quality	Run repository quality gate	2026-10-05T13:33:14.7708251Z   ...
quality	Run repository quality gate	2026-10-05T13:33:14.7708892Z # Subtest: two consumers cannot both obtain one approval (query-contract double, not database proof)
quality	Run repository quality gate	2026-10-05T13:33:14.7709816Z ok 80 - two consumers cannot both obtain one approval (query-contract double, not database proof)
quality	Run repository quality gate	2026-10-05T13:33:14.7710490Z   ---
quality	Run repository quality gate	2026-10-05T13:33:14.7710859Z   duration_ms: 1.126733
quality	Run repository quality gate	2026-10-05T13:33:14.7711321Z   type: 'test'
quality	Run repository quality gate	2026-10-05T13:33:14.7711662Z   ...
quality	Run repository quality gate	2026-10-05T13:33:14.7712216Z # Subtest: list cursor keeps distinct requests with identical timestamps
quality	Run repository quality gate	2026-10-05T13:33:14.7713338Z ok 81 - list cursor keeps distinct requests with identical timestamps
quality	Run repository quality gate	2026-10-05T13:33:14.7714302Z   ---
quality	Run repository quality gate	2026-10-05T13:33:14.7714788Z   duration_ms: 43.106221
quality	Run repository quality gate	2026-10-05T13:33:14.7715214Z   type: 'test'
quality	Run repository quality gate	2026-10-05T13:33:14.7715720Z   ...
quality	Run repository quality gate	2026-10-05T13:33:14.7716445Z # Subtest: pending expiry filters reflect deadlines even without a scheduled sweeper
quality	Run repository quality gate	2026-10-05T13:33:14.7717382Z ok 82 - pending expiry filters reflect deadlines even without a scheduled sweeper
quality	Run repository quality gate	2026-10-05T13:33:14.7718113Z   ---
quality	Run repository quality gate	2026-10-05T13:33:14.7718543Z   duration_ms: 1.227733
quality	Run repository quality gate	2026-10-05T13:33:14.7719136Z   type: 'test'
quality	Run repository quality gate	2026-10-05T13:33:14.7719539Z   ...
quality	Run repository quality gate	2026-10-05T13:33:14.7720455Z # Subtest: governed executor requests consent, rechecks authorization, consumes once and replays receipt
quality	Run repository quality gate	2026-10-05T13:33:14.7721588Z ok 83 - governed executor requests consent, rechecks authorization, consumes once and replays receipt
quality	Run repository quality gate	2026-10-05T13:33:14.7722655Z   ---
quality	Run repository quality gate	2026-10-05T13:33:14.7723117Z   duration_ms: 5.314482
quality	Run repository quality gate	2026-10-05T13:33:14.7723849Z   type: 'test'
quality	Run repository quality gate	2026-10-05T13:33:14.7724352Z   ...
quality	Run repository quality gate	2026-10-05T13:33:14.7724753Z # Subtest: denied actions never allocate approval requests
quality	Run repository quality gate	2026-10-05T13:33:14.7725525Z ok 84 - denied actions never allocate approval requests
quality	Run repository quality gate	2026-10-05T13:33:14.7726052Z   ---
quality	Run repository quality gate	2026-10-05T13:33:14.7726470Z   duration_ms: 0.340144
quality	Run repository quality gate	2026-10-05T13:33:14.7726898Z   type: 'test'
quality	Run repository quality gate	2026-10-05T13:33:14.7727224Z   ...
quality	Run repository quality gate	2026-10-05T13:33:14.7727727Z # Subtest: expiry uses the current service clock, never a caller-provided backdated timestamp
quality	Run repository quality gate	2026-10-05T13:33:14.7728347Z ok 85 - expiry uses the current service clock, never a caller-provided backdated timestamp
quality	Run repository quality gate	2026-10-05T13:33:14.7728868Z   ---
quality	Run repository quality gate	2026-10-05T13:33:14.7729180Z   duration_ms: 0.617109
quality	Run repository quality gate	2026-10-05T13:33:14.7729558Z   type: 'test'
quality	Run repository quality gate	2026-10-05T13:33:14.7729845Z   ...
quality	Run repository quality gate	2026-10-05T13:33:14.7730276Z # Subtest: approval cannot be consumed if authority queries cross its deadline
quality	Run repository quality gate	2026-10-05T13:33:14.7730822Z ok 86 - approval cannot be consumed if authority queries cross its deadline
quality	Run repository quality gate	2026-10-05T13:33:14.7731327Z   ---
quality	Run repository quality gate	2026-10-05T13:33:14.7731706Z   duration_ms: 0.703579
quality	Run repository quality gate	2026-10-05T13:33:14.7732371Z   type: 'test'
quality	Run repository quality gate	2026-10-05T13:33:14.7733131Z   ...
quality	Run repository quality gate	2026-10-05T13:33:14.7733647Z # Subtest: decision crossing the deadline becomes an audited expiration instead of late consent
quality	Run repository quality gate	2026-10-05T13:33:14.7734483Z ok 87 - decision crossing the deadline becomes an audited expiration instead of late consent
quality	Run repository quality gate	2026-10-05T13:33:14.7735046Z   ---
quality	Run repository quality gate	2026-10-05T13:33:14.7735412Z   duration_ms: 0.545887
quality	Run repository quality gate	2026-10-05T13:33:14.7735787Z   type: 'test'
quality	Run repository quality gate	2026-10-05T13:33:14.7736116Z   ...
quality	Run repository quality gate	2026-10-05T13:33:14.8758966Z # Subtest: clear means no configured signals, not win probability or ROI
quality	Run repository quality gate	2026-10-05T13:33:14.8760019Z ok 88 - clear means no configured signals, not win probability or ROI
quality	Run repository quality gate	2026-10-05T13:33:14.8760678Z   ---
quality	Run repository quality gate	2026-10-05T13:33:14.8761030Z   duration_ms: 14.330215
quality	Run repository quality gate	2026-10-05T13:33:14.8761456Z   type: 'test'
quality	Run repository quality gate	2026-10-05T13:33:14.8761839Z   ...
quality	Run repository quality gate	2026-10-05T13:33:14.8762404Z # Subtest: closed, unqualified and archived records never get an open-deal risk score
quality	Run repository quality gate	2026-10-05T13:33:14.8777222Z ok 89 - closed, unqualified and archived records never get an open-deal risk score
quality	Run repository quality gate	2026-10-05T13:33:14.8777966Z   ---
quality	Run repository quality gate	2026-10-05T13:33:14.8778511Z   duration_ms: 0.517596
quality	Run repository quality gate	2026-10-05T13:33:14.8779239Z   type: 'test'
quality	Run repository quality gate	2026-10-05T13:33:14.8779683Z   ...
quality	Run repository quality gate	2026-10-05T13:33:14.8780224Z # Subtest: every signal points to a recorded source and a reproducible weight
quality	Run repository quality gate	2026-10-05T13:33:14.8781085Z ok 90 - every signal points to a recorded source and a reproducible weight
quality	Run repository quality gate	2026-10-05T13:33:14.8781714Z   ---
quality	Run repository quality gate	2026-10-05T13:33:14.8782102Z   duration_ms: 0.460741
quality	Run repository quality gate	2026-10-05T13:33:14.8782700Z   type: 'test'
quality	Run repository quality gate	2026-10-05T13:33:14.8783087Z   ...
quality	Run repository quality gate	2026-10-05T13:33:14.8783702Z # Subtest: overdue tasks link to the exact activity, not an inferred commitment
quality	Run repository quality gate	2026-10-05T13:33:14.8784255Z ok 91 - overdue tasks link to the exact activity, not an inferred commitment
quality	Run repository quality gate	2026-10-05T13:33:14.8784722Z   ---
quality	Run repository quality gate	2026-10-05T13:33:14.8785018Z   duration_ms: 0.251638
quality	Run repository quality gate	2026-10-05T13:33:14.8785330Z   type: 'test'
quality	Run repository quality gate	2026-10-05T13:33:14.8785880Z   ...
quality	Run repository quality gate	2026-10-05T13:33:14.8786517Z # Subtest: future/missing source timestamps make score unknown, never silently healthy
quality	Run repository quality gate	2026-10-05T13:33:14.8787174Z ok 92 - future/missing source timestamps make score unknown, never silently healthy
quality	Run repository quality gate	2026-10-05T13:33:14.8787682Z   ---
quality	Run repository quality gate	2026-10-05T13:33:14.8788125Z   duration_ms: 0.41572
quality	Run repository quality gate	2026-10-05T13:33:14.8788495Z   type: 'test'
quality	Run repository quality gate	2026-10-05T13:33:14.8788771Z   ...
quality	Run repository quality gate	2026-10-05T13:33:14.8789220Z # Subtest: task snapshot gaps are not reported as absence of a next step
quality	Run repository quality gate	2026-10-05T13:33:14.8789758Z ok 93 - task snapshot gaps are not reported as absence of a next step
quality	Run repository quality gate	2026-10-05T13:33:14.8790215Z   ---
quality	Run repository quality gate	2026-10-05T13:33:14.8790490Z   duration_ms: 0.223953
quality	Run repository quality gate	2026-10-05T13:33:14.8790969Z   type: 'test'
quality	Run repository quality gate	2026-10-05T13:33:14.8791250Z   ...
quality	Run repository quality gate	2026-10-05T13:33:14.8791672Z # Subtest: business-date comparison follows Tashkent midnight rather than UTC midnight
quality	Run repository quality gate	2026-10-05T13:33:14.8792337Z ok 94 - business-date comparison follows Tashkent midnight rather than UTC midnight
quality	Run repository quality gate	2026-10-05T13:33:14.8793165Z   ---
quality	Run repository quality gate	2026-10-05T13:33:14.8793590Z   duration_ms: 0.450235
quality	Run repository quality gate	2026-10-05T13:33:14.8794054Z   type: 'test'
quality	Run repository quality gate	2026-10-05T13:33:14.8794340Z   ...
quality	Run repository quality gate	2026-10-05T13:33:14.8794815Z # Subtest: activity and stage thresholds use complete days without boundary rounding
quality	Run repository quality gate	2026-10-05T13:33:14.8795376Z ok 95 - activity and stage thresholds use complete days without boundary rounding
quality	Run repository quality gate	2026-10-05T13:33:14.8795877Z   ---
quality	Run repository quality gate	2026-10-05T13:33:14.8796178Z   duration_ms: 0.341661
quality	Run repository quality gate	2026-10-05T13:33:14.8796531Z   type: 'test'
quality	Run repository quality gate	2026-10-05T13:33:14.8796809Z   ...
quality	Run repository quality gate	2026-10-05T13:33:14.8797238Z # Subtest: does not mutate the source record and produces deterministic snapshots
quality	Run repository quality gate	2026-10-05T13:33:14.8797812Z ok 96 - does not mutate the source record and produces deterministic snapshots
quality	Run repository quality gate	2026-10-05T13:33:14.8798223Z   ---
quality	Run repository quality gate	2026-10-05T13:33:14.8798563Z   duration_ms: 0.929193
quality	Run repository quality gate	2026-10-05T13:33:14.8798864Z   type: 'test'
quality	Run repository quality gate	2026-10-05T13:33:14.8799187Z   ...
quality	Run repository quality gate	2026-10-05T13:33:14.8799581Z # Subtest: unknown stage semantics and incomplete task records fail closed
quality	Run repository quality gate	2026-10-05T13:33:14.8800126Z ok 97 - unknown stage semantics and incomplete task records fail closed
quality	Run repository quality gate	2026-10-05T13:33:14.8800588Z   ---
quality	Run repository quality gate	2026-10-05T13:33:14.8800843Z   duration_ms: 0.637181
quality	Run repository quality gate	2026-10-05T13:33:14.8801235Z   type: 'test'
quality	Run repository quality gate	2026-10-05T13:33:14.8801511Z   ...
quality	Run repository quality gate	2026-10-05T13:33:14.9625251Z # Subtest: dual-write defaults off and accepts only explicit strict mode
quality	Run repository quality gate	2026-10-05T13:33:14.9626885Z ok 98 - dual-write defaults off and accepts only explicit strict mode
quality	Run repository quality gate	2026-10-05T13:33:14.9627737Z   ---
quality	Run repository quality gate	2026-10-05T13:33:14.9628262Z   duration_ms: 0.9138
quality	Run repository quality gate	2026-10-05T13:33:14.9628897Z   type: 'test'
quality	Run repository quality gate	2026-10-05T13:33:14.9629363Z   ...
quality	Run repository quality gate	2026-10-05T13:33:14.9630174Z # Subtest: plans assignment creation for a backfilled mapping target
quality	Run repository quality gate	2026-10-05T13:33:14.9631138Z ok 99 - plans assignment creation for a backfilled mapping target
quality	Run repository quality gate	2026-10-05T13:33:14.9631891Z   ---
quality	Run repository quality gate	2026-10-05T13:33:14.9632381Z   duration_ms: 0.7066
quality	Run repository quality gate	2026-10-05T13:33:14.9633108Z   type: 'test'
quality	Run repository quality gate	2026-10-05T13:33:14.9633599Z   ...
quality	Run repository quality gate	2026-10-05T13:33:14.9634261Z # Subtest: is idempotent when legacy and sidecar stages already agree
quality	Run repository quality gate	2026-10-05T13:33:14.9635277Z ok 100 - is idempotent when legacy and sidecar stages already agree
quality	Run repository quality gate	2026-10-05T13:33:14.9635948Z   ---
quality	Run repository quality gate	2026-10-05T13:33:14.9636714Z   duration_ms: 0.149196
quality	Run repository quality gate	2026-10-05T13:33:14.9637250Z   type: 'test'
quality	Run repository quality gate	2026-10-05T13:33:14.9637731Z   ...
quality	Run repository quality gate	2026-10-05T13:33:14.9638375Z # Subtest: plans optimistic assignment update when stages drift
quality	Run repository quality gate	2026-10-05T13:33:14.9639136Z ok 101 - plans optimistic assignment update when stages drift
quality	Run repository quality gate	2026-10-05T13:33:14.9639746Z   ---
quality	Run repository quality gate	2026-10-05T13:33:14.9640151Z   duration_ms: 0.114538
quality	Run repository quality gate	2026-10-05T13:33:14.9640620Z   type: 'test'
quality	Run repository quality gate	2026-10-05T13:33:14.9641035Z   ...
quality	Run repository quality gate	2026-10-05T13:33:14.9641664Z # Subtest: fails closed for missing mapping, non-default mapping or semantic mismatch
quality	Run repository quality gate	2026-10-05T13:33:14.9642756Z ok 102 - fails closed for missing mapping, non-default mapping or semantic mismatch
quality	Run repository quality gate	2026-10-05T13:33:14.9643461Z   ---
quality	Run repository quality gate	2026-10-05T13:33:14.9643948Z   duration_ms: 0.237594
quality	Run repository quality gate	2026-10-05T13:33:14.9644608Z   type: 'test'
quality	Run repository quality gate	2026-10-05T13:33:14.9645009Z   ...
quality	Run repository quality gate	2026-10-05T13:33:15.0748960Z # Subtest: privileged operations derive dedicated workspace and recheck current membership
quality	Run repository quality gate	2026-10-05T13:33:15.0750154Z ok 103 - privileged operations derive dedicated workspace and recheck current membership
quality	Run repository quality gate	2026-10-05T13:33:15.0750790Z   ---
quality	Run repository quality gate	2026-10-05T13:33:15.0751151Z   duration_ms: 14.227154
quality	Run repository quality gate	2026-10-05T13:33:15.0751637Z   type: 'test'
quality	Run repository quality gate	2026-10-05T13:33:15.0752057Z   ...
quality	Run repository quality gate	2026-10-05T13:33:15.0901463Z # Subtest: disabled execution is a real server gate, not a disabled UI button
quality	Run repository quality gate	2026-10-05T13:33:15.0902813Z ok 104 - disabled execution is a real server gate, not a disabled UI button
quality	Run repository quality gate	2026-10-05T13:33:15.0903799Z   ---
quality	Run repository quality gate	2026-10-05T13:33:15.0904161Z   duration_ms: 15.411463
quality	Run repository quality gate	2026-10-05T13:33:15.0904505Z   type: 'test'
quality	Run repository quality gate	2026-10-05T13:33:15.0904894Z   ...
quality	Run repository quality gate	2026-10-05T13:33:15.0991677Z # Subtest: upload persists encrypted bytes and preview survives application recreation
quality	Run repository quality gate	2026-10-05T13:33:15.0993321Z ok 105 - upload persists encrypted bytes and preview survives application recreation
quality	Run repository quality gate	2026-10-05T13:33:15.0994177Z   ---
quality	Run repository quality gate	2026-10-05T13:33:15.0994576Z   duration_ms: 8.850649
quality	Run repository quality gate	2026-10-05T13:33:15.0995021Z   type: 'test'
quality	Run repository quality gate	2026-10-05T13:33:15.0995538Z   ...
quality	Run repository quality gate	2026-10-05T13:33:15.1023899Z # Subtest: invalid encoding, canonical base64, large files and XLSX fail before publication
quality	Run repository quality gate	2026-10-05T13:33:15.1025132Z ok 106 - invalid encoding, canonical base64, large files and XLSX fail before publication
quality	Run repository quality gate	2026-10-05T13:33:15.1025812Z   ---
quality	Run repository quality gate	2026-10-05T13:33:15.1026186Z   duration_ms: 3.22638
quality	Run repository quality gate	2026-10-05T13:33:15.1026620Z   type: 'test'
quality	Run repository quality gate	2026-10-05T13:33:15.1027157Z   ...
quality	Run repository quality gate	2026-10-05T13:33:15.1103978Z # Subtest: source fingerprints and cross-workspace source lookups fail closed
quality	Run repository quality gate	2026-10-05T13:33:15.1133572Z ok 107 - source fingerprints and cross-workspace source lookups fail closed
quality	Run repository quality gate	2026-10-05T13:33:15.1134789Z   ---
quality	Run repository quality gate	2026-10-05T13:33:15.1135227Z   duration_ms: 5.818655
quality	Run repository quality gate	2026-10-05T13:33:15.1135613Z   type: 'test'
quality	Run repository quality gate	2026-10-05T13:33:15.1135983Z   ...
quality	Run repository quality gate	2026-10-05T13:33:15.1188225Z # Subtest: mapping cannot assign owner/tenant fields; unsupported deal writes fail
quality	Run repository quality gate	2026-10-05T13:33:15.1189347Z ok 108 - mapping cannot assign owner/tenant fields; unsupported deal writes fail
quality	Run repository quality gate	2026-10-05T13:33:15.1190436Z   ---
quality	Run repository quality gate	2026-10-05T13:33:15.1190758Z   duration_ms: 10.370004
quality	Run repository quality gate	2026-10-05T13:33:15.1191216Z   type: 'test'
quality	Run repository quality gate	2026-10-05T13:33:15.1191610Z   ...
quality	Run repository quality gate	2026-10-05T13:33:15.1292427Z # Subtest: prepare is atomic, idempotent and immutable for the same command
quality	Run repository quality gate	2026-10-05T13:33:15.1293845Z ok 109 - prepare is atomic, idempotent and immutable for the same command
quality	Run repository quality gate	2026-10-05T13:33:15.1294583Z   ---
quality	Run repository quality gate	2026-10-05T13:33:15.1295124Z   duration_ms: 10.597348
quality	Run repository quality gate	2026-10-05T13:33:15.1295726Z   type: 'test'
quality	Run repository quality gate	2026-10-05T13:33:15.1296198Z   ...
quality	Run repository quality gate	2026-10-05T13:33:15.1370411Z # Subtest: preparation failure rolls back job, plan and issues together
quality	Run repository quality gate	2026-10-05T13:33:15.1371541Z ok 110 - preparation failure rolls back job, plan and issues together
quality	Run repository quality gate	2026-10-05T13:33:15.1372116Z   ---
quality	Run repository quality gate	2026-10-05T13:33:15.1372474Z   duration_ms: 7.636029
quality	Run repository quality gate	2026-10-05T13:33:15.1373159Z   type: 'test'
quality	Run repository quality gate	2026-10-05T13:33:15.1373653Z   ...
quality	Run repository quality gate	2026-10-05T13:33:15.1508142Z # Subtest: every valid row gets a receipt in the transaction creating the CRM record
quality	Run repository quality gate	2026-10-05T13:33:15.1509201Z ok 111 - every valid row gets a receipt in the transaction creating the CRM record
quality	Run repository quality gate	2026-10-05T13:33:15.1509881Z   ---
quality	Run repository quality gate	2026-10-05T13:33:15.1510234Z   duration_ms: 13.558253
quality	Run repository quality gate	2026-10-05T13:33:15.1510613Z   type: 'test'
quality	Run repository quality gate	2026-10-05T13:33:15.1510937Z   ...
quality	Run repository quality gate	2026-10-05T13:33:15.1665946Z # Subtest: repeat execution and repeat import never merge or overwrite exact contacts
quality	Run repository quality gate	2026-10-05T13:33:15.1666844Z ok 112 - repeat execution and repeat import never merge or overwrite exact contacts
quality	Run repository quality gate	2026-10-05T13:33:15.1667356Z   ---
quality	Run repository quality gate	2026-10-05T13:33:15.1667738Z   duration_ms: 15.871144
quality	Run repository quality gate	2026-10-05T13:33:15.1668081Z   type: 'test'
quality	Run repository quality gate	2026-10-05T13:33:15.1668479Z   ...
quality	Run repository quality gate	2026-10-05T13:33:15.1778203Z # Subtest: database receipt failure rolls back customer writes before any retry
quality	Run repository quality gate	2026-10-05T13:33:15.1779690Z ok 113 - database receipt failure rolls back customer writes before any retry
quality	Run repository quality gate	2026-10-05T13:33:15.1780557Z   ---
quality	Run repository quality gate	2026-10-05T13:33:15.1781021Z   duration_ms: 11.005064
quality	Run repository quality gate	2026-10-05T13:33:15.1781634Z   type: 'test'
quality	Run repository quality gate	2026-10-05T13:33:15.1782108Z   ...
quality	Run repository quality gate	2026-10-05T13:33:15.1933337Z # Subtest: crash after CRM commit but before batch settlement replays receipts, not writes
quality	Run repository quality gate	2026-10-05T13:33:15.1934545Z ok 114 - crash after CRM commit but before batch settlement replays receipts, not writes
quality	Run repository quality gate	2026-10-05T13:33:15.1935148Z   ---
quality	Run repository quality gate	2026-10-05T13:33:15.1935485Z   duration_ms: 15.459173
quality	Run repository quality gate	2026-10-05T13:33:15.1935864Z   type: 'test'
quality	Run repository quality gate	2026-10-05T13:33:15.1936177Z   ...
quality	Run repository quality gate	2026-10-05T13:33:15.2025522Z # Subtest: invalid rows and in-file duplicates remain separate, paginatable outcomes
quality	Run repository quality gate	2026-10-05T13:33:15.2026687Z ok 115 - invalid rows and in-file duplicates remain separate, paginatable outcomes
quality	Run repository quality gate	2026-10-05T13:33:15.2027230Z   ---
quality	Run repository quality gate	2026-10-05T13:33:15.2027584Z   duration_ms: 9.413849
quality	Run repository quality gate	2026-10-05T13:33:15.2028247Z   type: 'test'
quality	Run repository quality gate	2026-10-05T13:33:15.2028702Z   ...
quality	Run repository quality gate	2026-10-05T13:33:15.2091948Z # Subtest: source and plan tampering prevent writes
quality	Run repository quality gate	2026-10-05T13:33:15.2092754Z ok 116 - source and plan tampering prevent writes
quality	Run repository quality gate	2026-10-05T13:33:15.2093398Z   ---
quality	Run repository quality gate	2026-10-05T13:33:15.2093884Z   duration_ms: 6.482928
quality	Run repository quality gate	2026-10-05T13:33:15.2094275Z   type: 'test'
quality	Run repository quality gate	2026-10-05T13:33:15.2094645Z   ...
quality	Run repository quality gate	2026-10-05T13:33:15.2183846Z # Subtest: membership revocation between preview and execute prevents all writes
quality	Run repository quality gate	2026-10-05T13:33:15.2184832Z ok 117 - membership revocation between preview and execute prevents all writes
quality	Run repository quality gate	2026-10-05T13:33:15.2185548Z   ---
quality	Run repository quality gate	2026-10-05T13:33:15.2186192Z   duration_ms: 9.21708
quality	Run repository quality gate	2026-10-05T13:33:15.2332892Z   type: 'test'
quality	Run repository quality gate	2026-10-05T13:33:15.2333297Z   ...
quality	Run repository quality gate	2026-10-05T13:33:15.2333960Z # Subtest: cancellation is idempotent, stops new batches and does not claim rollback
quality	Run repository quality gate	2026-10-05T13:33:15.2339350Z ok 118 - cancellation is idempotent, stops new batches and does not claim rollback
quality	Run repository quality gate	2026-10-05T13:33:15.2340044Z   ---
quality	Run repository quality gate	2026-10-05T13:33:15.2340472Z   duration_ms: 10.022333
quality	Run repository quality gate	2026-10-05T13:33:15.2340847Z   type: 'test'
quality	Run repository quality gate	2026-10-05T13:33:15.2341211Z   ...
quality	Run repository quality gate	2026-10-05T13:33:15.2400953Z # Subtest: rollback previews first, requires exact confirmation, archives only own unchanged rows
quality	Run repository quality gate	2026-10-05T13:33:15.2402018Z ok 119 - rollback previews first, requires exact confirmation, archives only own unchanged rows
quality	Run repository quality gate	2026-10-05T13:33:15.2402720Z   ---
quality	Run repository quality gate	2026-10-05T13:33:15.2403103Z   duration_ms: 11.592698
quality	Run repository quality gate	2026-10-05T13:33:15.2403463Z   type: 'test'
quality	Run repository quality gate	2026-10-05T13:33:15.2403766Z   ...
quality	Run repository quality gate	2026-10-05T13:33:15.2506473Z # Subtest: rollback will not archive edited or linked CRM records
quality	Run repository quality gate	2026-10-05T13:33:15.2507106Z ok 120 - rollback will not archive edited or linked CRM records
quality	Run repository quality gate	2026-10-05T13:33:15.2507538Z   ---
quality	Run repository quality gate	2026-10-05T13:33:15.2507744Z   duration_ms: 10.491049
quality	Run repository quality gate	2026-10-05T13:33:15.2507970Z   type: 'test'
quality	Run repository quality gate	2026-10-05T13:33:15.2508172Z   ...
quality	Run repository quality gate	2026-10-05T13:33:15.2616007Z # Subtest: sources used by jobs are retained; unused sources can be tombstoned and physically removed
quality	Run repository quality gate	2026-10-05T13:33:15.2617042Z ok 121 - sources used by jobs are retained; unused sources can be tombstoned and physically removed
quality	Run repository quality gate	2026-10-05T13:33:15.2617481Z   ---
quality	Run repository quality gate	2026-10-05T13:33:15.2617686Z   duration_ms: 10.915377
quality	Run repository quality gate	2026-10-05T13:33:15.2618173Z   type: 'test'
quality	Run repository quality gate	2026-10-05T13:33:15.2618421Z   ...
quality	Run repository quality gate	2026-10-05T13:33:15.2707404Z # Subtest: company imports use source evidence and create-only exact duplicate checks
quality	Run repository quality gate	2026-10-05T13:33:15.2708295Z ok 122 - company imports use source evidence and create-only exact duplicate checks
quality	Run repository quality gate	2026-10-05T13:33:15.2708902Z   ---
quality	Run repository quality gate	2026-10-05T13:33:15.2709125Z   duration_ms: 9.124536
quality	Run repository quality gate	2026-10-05T13:33:15.2709486Z   type: 'test'
quality	Run repository quality gate	2026-10-05T13:33:15.2709789Z   ...
quality	Run repository quality gate	2026-10-05T13:33:15.2869213Z # Subtest: report refuses ambiguous row accounting instead of claiming completion
quality	Run repository quality gate	2026-10-05T13:33:15.2870380Z ok 123 - report refuses ambiguous row accounting instead of claiming completion
quality	Run repository quality gate	2026-10-05T13:33:15.2871124Z   ---
quality	Run repository quality gate	2026-10-05T13:33:15.2871559Z   duration_ms: 16.012325
quality	Run repository quality gate	2026-10-05T13:33:15.2872017Z   type: 'test'
quality	Run repository quality gate	2026-10-05T13:33:15.2872859Z   ...
quality	Run repository quality gate	2026-10-05T13:33:15.2973104Z # Subtest: a lease that expires during CRM writes aborts the entire write transaction
quality	Run repository quality gate	2026-10-05T13:33:15.2974098Z ok 124 - a lease that expires during CRM writes aborts the entire write transaction
quality	Run repository quality gate	2026-10-05T13:33:15.2974708Z   ---
quality	Run repository quality gate	2026-10-05T13:33:15.2974932Z   duration_ms: 10.41622
quality	Run repository quality gate	2026-10-05T13:33:15.2975183Z   type: 'test'
quality	Run repository quality gate	2026-10-05T13:33:15.2975390Z   ...
quality	Run repository quality gate	2026-10-05T13:33:15.3053326Z # Subtest: distinct contacts matching email and phone are rejected, never silently merged
quality	Run repository quality gate	2026-10-05T13:33:15.3054224Z ok 125 - distinct contacts matching email and phone are rejected, never silently merged
quality	Run repository quality gate	2026-10-05T13:33:15.3054800Z   ---
quality	Run repository quality gate	2026-10-05T13:33:15.3055112Z   duration_ms: 8.010751
quality	Run repository quality gate	2026-10-05T13:33:15.3055484Z   type: 'test'
quality	Run repository quality gate	2026-10-05T13:33:15.3055787Z   ...
quality	Run repository quality gate	2026-10-05T13:33:15.3134752Z # Subtest: a replacement admin cannot assign newly imported records to a removed owner
quality	Run repository quality gate	2026-10-05T13:33:15.3136929Z ok 126 - a replacement admin cannot assign newly imported records to a removed owner
quality	Run repository quality gate	2026-10-05T13:33:15.3137696Z   ---
quality	Run repository quality gate	2026-10-05T13:33:15.3138047Z   duration_ms: 8.093713
quality	Run repository quality gate	2026-10-05T13:33:15.3138392Z   type: 'test'
quality	Run repository quality gate	2026-10-05T13:33:15.3138711Z   ...
quality	Run repository quality gate	2026-10-05T13:33:15.3196838Z # Subtest: two application instances replay one prepared job instead of allocating duplicate intents
quality	Run repository quality gate	2026-10-05T13:33:15.3197655Z ok 127 - two application instances replay one prepared job instead of allocating duplicate intents
quality	Run repository quality gate	2026-10-05T13:33:15.3198094Z   ---
quality	Run repository quality gate	2026-10-05T13:33:15.3198325Z   duration_ms: 6.114078
quality	Run repository quality gate	2026-10-05T13:33:15.3198575Z   type: 'test'
quality	Run repository quality gate	2026-10-05T13:33:15.3198793Z   ...
quality	Run repository quality gate	2026-10-05T13:33:15.3799797Z # Subtest: multi-batch report pagination does not truncate row outcomes silently
quality	Run repository quality gate	2026-10-05T13:33:15.3800480Z ok 128 - multi-batch report pagination does not truncate row outcomes silently
quality	Run repository quality gate	2026-10-05T13:33:15.3800920Z   ---
quality	Run repository quality gate	2026-10-05T13:33:15.3801157Z   duration_ms: 60.222601
quality	Run repository quality gate	2026-10-05T13:33:15.3801444Z   type: 'test'
quality	Run repository quality gate	2026-10-05T13:33:15.3801688Z   ...
quality	Run repository quality gate	2026-10-05T13:33:15.3887414Z # Subtest: rollback preserves imported contacts referenced by calendarAttendee
quality	Run repository quality gate	2026-10-05T13:33:15.3888387Z ok 129 - rollback preserves imported contacts referenced by calendarAttendee
quality	Run repository quality gate	2026-10-05T13:33:15.3888836Z   ---
quality	Run repository quality gate	2026-10-05T13:33:15.3889068Z   duration_ms: 8.837239
quality	Run repository quality gate	2026-10-05T13:33:15.3889320Z   type: 'test'
quality	Run repository quality gate	2026-10-05T13:33:15.3889539Z   ...
quality	Run repository quality gate	2026-10-05T13:33:15.3970278Z # Subtest: rollback preserves imported contacts referenced by contactBrief
quality	Run repository quality gate	2026-10-05T13:33:15.3971067Z ok 130 - rollback preserves imported contacts referenced by contactBrief
quality	Run repository quality gate	2026-10-05T13:33:15.3971463Z   ---
quality	Run repository quality gate	2026-10-05T13:33:15.3971685Z   duration_ms: 8.252406
quality	Run repository quality gate	2026-10-05T13:33:15.3971948Z   type: 'test'
quality	Run repository quality gate	2026-10-05T13:33:15.3972178Z   ...
quality	Run repository quality gate	2026-10-05T13:33:15.4058517Z # Subtest: rollback preserves imported contacts referenced by company
quality	Run repository quality gate	2026-10-05T13:33:15.4059302Z ok 131 - rollback preserves imported contacts referenced by company
quality	Run repository quality gate	2026-10-05T13:33:15.4059853Z   ---
quality	Run repository quality gate	2026-10-05T13:33:15.4060082Z   duration_ms: 8.637138
quality	Run repository quality gate	2026-10-05T13:33:15.4060371Z   type: 'test'
quality	Run repository quality gate	2026-10-05T13:33:15.4060612Z   ...
quality	Run repository quality gate	2026-10-05T13:33:15.4598597Z # Subtest: full report export is one persisted snapshot, not the current 100-row page
quality	Run repository quality gate	2026-10-05T13:33:15.4600197Z ok 132 - full report export is one persisted snapshot, not the current 100-row page
quality	Run repository quality gate	2026-10-05T13:33:15.4601918Z   ---
quality	Run repository quality gate	2026-10-05T13:33:15.4602434Z   duration_ms: 53.882969
quality	Run repository quality gate	2026-10-05T13:33:15.4603138Z   type: 'test'
quality	Run repository quality gate	2026-10-05T13:33:15.4603613Z   ...
quality	Run repository quality gate	2026-10-05T13:33:15.4704090Z # Subtest: report CSV neutralizes formula-shaped metadata and includes no raw client contact fields
quality	Run repository quality gate	2026-10-05T13:33:15.4705308Z ok 133 - report CSV neutralizes formula-shaped metadata and includes no raw client contact fields
quality	Run repository quality gate	2026-10-05T13:33:15.4706116Z   ---
quality	Run repository quality gate	2026-10-05T13:33:15.4706406Z   duration_ms: 10.563715
quality	Run repository quality gate	2026-10-05T13:33:15.4706701Z   type: 'test'
quality	Run repository quality gate	2026-10-05T13:33:15.4706955Z   ...
quality	Run repository quality gate	2026-10-05T13:33:15.4770835Z # Subtest: export is reauthorized and never presents an active import as a final report
quality	Run repository quality gate	2026-10-05T13:33:15.4771960Z ok 134 - export is reauthorized and never presents an active import as a final report
quality	Run repository quality gate	2026-10-05T13:33:15.4772449Z   ---
quality	Run repository quality gate	2026-10-05T13:33:15.4773023Z   duration_ms: 6.682055
quality	Run repository quality gate	2026-10-05T13:33:15.4773406Z   type: 'test'
quality	Run repository quality gate	2026-10-05T13:33:15.4773636Z   ...
quality	Run repository quality gate	2026-10-05T13:33:15.4880902Z # Subtest: export audit failure aborts the download instead of silently losing its access record
quality	Run repository quality gate	2026-10-05T13:33:15.4882291Z ok 135 - export audit failure aborts the download instead of silently losing its access record
quality	Run repository quality gate	2026-10-05T13:33:15.4883437Z   ---
quality	Run repository quality gate	2026-10-05T13:33:15.4883805Z   duration_ms: 10.824787
quality	Run repository quality gate	2026-10-05T13:33:15.4884292Z   type: 'test'
quality	Run repository quality gate	2026-10-05T13:33:15.4884832Z   ...
quality	Run repository quality gate	2026-10-05T13:33:15.4948383Z # Subtest: source deletion persists intent, audit and physical-purge acknowledgement
quality	Run repository quality gate	2026-10-05T13:33:15.4949545Z ok 136 - source deletion persists intent, audit and physical-purge acknowledgement
quality	Run repository quality gate	2026-10-05T13:33:15.4950298Z   ---
quality	Run repository quality gate	2026-10-05T13:33:15.4950681Z   duration_ms: 6.823347
quality	Run repository quality gate	2026-10-05T13:33:15.4951177Z   type: 'test'
quality	Run repository quality gate	2026-10-05T13:33:15.4951500Z   ...
quality	Run repository quality gate	2026-10-05T13:33:15.4993064Z # Subtest: deletion audit failure rolls back intent and leaves encrypted bytes intact
quality	Run repository quality gate	2026-10-05T13:33:15.4994097Z ok 137 - deletion audit failure rolls back intent and leaves encrypted bytes intact
quality	Run repository quality gate	2026-10-05T13:33:15.4994802Z   ---
quality	Run repository quality gate	2026-10-05T13:33:15.4995143Z   duration_ms: 4.463779
quality	Run repository quality gate	2026-10-05T13:33:15.4995547Z   type: 'test'
quality	Run repository quality gate	2026-10-05T13:33:15.4995768Z   ...
quality	Run repository quality gate	2026-10-05T13:33:15.5050557Z # Subtest: crash after tombstone leaves visible pending purge and a new process can finish
quality	Run repository quality gate	2026-10-05T13:33:15.5051673Z ok 138 - crash after tombstone leaves visible pending purge and a new process can finish
quality	Run repository quality gate	2026-10-05T13:33:15.5052444Z   ---
quality	Run repository quality gate	2026-10-05T13:33:15.5052956Z   duration_ms: 5.687043
quality	Run repository quality gate	2026-10-05T13:33:15.5053358Z   type: 'test'
quality	Run repository quality gate	2026-10-05T13:33:15.5053693Z   ...
quality	Run repository quality gate	2026-10-05T13:33:15.5136019Z # Subtest: lost purge acknowledgement is reconciled from absent file without resurrecting source
quality	Run repository quality gate	2026-10-05T13:33:15.5137304Z ok 139 - lost purge acknowledgement is reconciled from absent file without resurrecting source
quality	Run repository quality gate	2026-10-05T13:33:15.5138080Z   ---
quality	Run repository quality gate	2026-10-05T13:33:15.5138491Z   duration_ms: 8.528583
quality	Run repository quality gate	2026-10-05T13:33:15.5138936Z   type: 'test'
quality	Run repository quality gate	2026-10-05T13:33:15.5139295Z   ...
quality	Run repository quality gate	2026-10-05T13:33:15.5359187Z # Subtest: retention is preview-first and protects recently uploaded and all job-referenced sources
quality	Run repository quality gate	2026-10-05T13:33:15.5360331Z ok 140 - retention is preview-first and protects recently uploaded and all job-referenced sources
quality	Run repository quality gate	2026-10-05T13:33:15.5361073Z   ---
quality	Run repository quality gate	2026-10-05T13:33:15.5361301Z   duration_ms: 22.240311
quality	Run repository quality gate	2026-10-05T13:33:15.5361566Z   type: 'test'
quality	Run repository quality gate	2026-10-05T13:33:15.5361790Z   ...
quality	Run repository quality gate	2026-10-05T13:33:15.5429368Z # Subtest: creating a job after cleanup preview invalidates the destructive plan
quality	Run repository quality gate	2026-10-05T13:33:15.5430522Z ok 141 - creating a job after cleanup preview invalidates the destructive plan
quality	Run repository quality gate	2026-10-05T13:33:15.5431448Z   ---
quality	Run repository quality gate	2026-10-05T13:33:15.5432235Z   duration_ms: 7.02863
quality	Run repository quality gate	2026-10-05T13:33:15.5525769Z   type: 'test'
quality	Run repository quality gate	2026-10-05T13:33:15.5526201Z   ...
quality	Run repository quality gate	2026-10-05T13:33:15.5526731Z # Subtest: source tombstone prevents late plan publication and new CRM writes
quality	Run repository quality gate	2026-10-05T13:33:15.5527785Z ok 142 - source tombstone prevents late plan publication and new CRM writes
quality	Run repository quality gate	2026-10-05T13:33:15.5528729Z   ---
quality	Run repository quality gate	2026-10-05T13:33:15.5529255Z   duration_ms: 9.577285
quality	Run repository quality gate	2026-10-05T13:33:15.5529771Z   type: 'test'
quality	Run repository quality gate	2026-10-05T13:33:15.5530077Z   ...
quality	Run repository quality gate	2026-10-05T13:33:15.5607485Z # Subtest: authenticated old orphan cleanup reserves a tombstone before deleting source bytes
quality	Run repository quality gate	2026-10-05T13:33:15.5608773Z ok 143 - authenticated old orphan cleanup reserves a tombstone before deleting source bytes
quality	Run repository quality gate	2026-10-05T13:33:15.5609650Z   ---
quality	Run repository quality gate	2026-10-05T13:33:15.5610157Z   duration_ms: 8.209784
quality	Run repository quality gate	2026-10-05T13:33:15.5610768Z   type: 'test'
quality	Run repository quality gate	2026-10-05T13:33:15.5611370Z   ...
quality	Run repository quality gate	2026-10-05T13:33:15.5655493Z # Subtest: cleanup denies a revoked admin and does not accept a newer-than-retention cutoff
quality	Run repository quality gate	2026-10-05T13:33:15.5656656Z ok 144 - cleanup denies a revoked admin and does not accept a newer-than-retention cutoff
quality	Run repository quality gate	2026-10-05T13:33:15.5657633Z   ---
quality	Run repository quality gate	2026-10-05T13:33:15.5657984Z   duration_ms: 4.619017
quality	Run repository quality gate	2026-10-05T13:33:15.5658378Z   type: 'test'
quality	Run repository quality gate	2026-10-05T13:33:15.5658762Z   ...
quality	Run repository quality gate	2026-10-05T13:33:15.5714461Z # Subtest: tampered encrypted source is never force-deleted by recovery cleanup
quality	Run repository quality gate	2026-10-05T13:33:15.5715482Z ok 145 - tampered encrypted source is never force-deleted by recovery cleanup
quality	Run repository quality gate	2026-10-05T13:33:15.5716158Z   ---
quality	Run repository quality gate	2026-10-05T13:33:15.5716542Z   duration_ms: 5.952277
quality	Run repository quality gate	2026-10-05T13:33:15.5716966Z   type: 'test'
quality	Run repository quality gate	2026-10-05T13:33:15.5717302Z   ...
quality	Run repository quality gate	2026-10-05T13:33:15.5760522Z # Subtest: fresh orphan is excluded until both encrypted timestamp and filesystem grace expire
quality	Run repository quality gate	2026-10-05T13:33:15.5761684Z ok 146 - fresh orphan is excluded until both encrypted timestamp and filesystem grace expire
quality	Run repository quality gate	2026-10-05T13:33:15.5762467Z   ---
quality	Run repository quality gate	2026-10-05T13:33:15.5763047Z   duration_ms: 4.553943
quality	Run repository quality gate	2026-10-05T13:33:15.5763491Z   type: 'test'
quality	Run repository quality gate	2026-10-05T13:33:15.5763835Z   ...
quality	Run repository quality gate	2026-10-05T13:33:15.5825842Z # Subtest: background import requires deployment flag and explicit consent for the exact job
quality	Run repository quality gate	2026-10-05T13:33:15.5826969Z ok 147 - background import requires deployment flag and explicit consent for the exact job
quality	Run repository quality gate	2026-10-05T13:33:15.5827730Z   ---
quality	Run repository quality gate	2026-10-05T13:33:15.5828109Z   duration_ms: 6.432868
quality	Run repository quality gate	2026-10-05T13:33:15.5828488Z   type: 'test'
quality	Run repository quality gate	2026-10-05T13:33:15.5828861Z   ...
quality	Run repository quality gate	2026-10-05T13:33:15.6387210Z # Subtest: background worker completes multiple batches across independent application instances
quality	Run repository quality gate	2026-10-05T13:33:15.6388411Z ok 148 - background worker completes multiple batches across independent application instances
quality	Run repository quality gate	2026-10-05T13:33:15.6389022Z   ---
quality	Run repository quality gate	2026-10-05T13:33:15.6389275Z   duration_ms: 55.918
quality	Run repository quality gate	2026-10-05T13:33:15.6389529Z   type: 'test'
quality	Run repository quality gate	2026-10-05T13:33:15.6389768Z   ...
quality	Run repository quality gate	2026-10-05T13:33:15.6451809Z # Subtest: worker rechecks requester permissions and never substitutes its own privileges
quality	Run repository quality gate	2026-10-05T13:33:15.6452941Z ok 149 - worker rechecks requester permissions and never substitutes its own privileges
quality	Run repository quality gate	2026-10-05T13:33:15.6453761Z   ---
quality	Run repository quality gate	2026-10-05T13:33:15.6454106Z   duration_ms: 6.4939
quality	Run repository quality gate	2026-10-05T13:33:15.6454514Z   type: 'test'
quality	Run repository quality gate	2026-10-05T13:33:15.6454858Z   ...
quality	Run repository quality gate	2026-10-05T13:33:15.6552719Z # Subtest: pause during source loading prevents the next claim and does not fail the job
quality	Run repository quality gate	2026-10-05T13:33:15.6553830Z ok 150 - pause during source loading prevents the next claim and does not fail the job
quality	Run repository quality gate	2026-10-05T13:33:15.6554523Z   ---
quality	Run repository quality gate	2026-10-05T13:33:15.6554923Z   duration_ms: 10.027332
quality	Run repository quality gate	2026-10-05T13:33:15.6555262Z   type: 'test'
quality	Run repository quality gate	2026-10-05T13:33:15.6555569Z   ...
quality	Run repository quality gate	2026-10-05T13:33:15.6646490Z # Subtest: a pause drains a claimed batch but stale worker acknowledgement cannot re-enable scheduling
quality	Run repository quality gate	2026-10-05T13:33:15.6647247Z ok 151 - a pause drains a claimed batch but stale worker acknowledgement cannot re-enable scheduling
quality	Run repository quality gate	2026-10-05T13:33:15.6647911Z   ---
quality	Run repository quality gate	2026-10-05T13:33:15.6648144Z   duration_ms: 9.413806
quality	Run repository quality gate	2026-10-05T13:33:15.6648392Z   type: 'test'
quality	Run repository quality gate	2026-10-05T13:33:15.6648629Z   ...
quality	Run repository quality gate	2026-10-05T13:33:15.6724494Z # Subtest: revoked original owner cannot be silently replaced by a worker requester
quality	Run repository quality gate	2026-10-05T13:33:15.6725698Z ok 152 - revoked original owner cannot be silently replaced by a worker requester
quality	Run repository quality gate	2026-10-05T13:33:15.6726834Z   ---
quality	Run repository quality gate	2026-10-05T13:33:15.6727698Z   duration_ms: 7.755668
quality	Run repository quality gate	2026-10-05T13:33:15.6728091Z   type: 'test'
quality	Run repository quality gate	2026-10-05T13:33:15.6728351Z   ...
quality	Run repository quality gate	2026-10-05T13:33:15.6841293Z # Subtest: lost batch acknowledgement with transient database error retries receipts, not CRM creation
quality	Run repository quality gate	2026-10-05T13:33:15.6842237Z ok 153 - lost batch acknowledgement with transient database error retries receipts, not CRM creation
quality	Run repository quality gate	2026-10-05T13:33:15.6843027Z   ---
quality	Run repository quality gate	2026-10-05T13:33:15.6843445Z   duration_ms: 11.613055
quality	Run repository quality gate	2026-10-05T13:33:15.6843843Z   type: 'test'
quality	Run repository quality gate	2026-10-05T13:33:15.6844218Z   ...
quality	Run repository quality gate	2026-10-05T13:33:15.6929736Z # Subtest: unknown worker errors suspend processing without logging sensitive exception text
quality	Run repository quality gate	2026-10-05T13:33:15.6930768Z ok 154 - unknown worker errors suspend processing without logging sensitive exception text
quality	Run repository quality gate	2026-10-05T13:33:15.6931745Z   ---
quality	Run repository quality gate	2026-10-05T13:33:15.6931985Z   duration_ms: 8.82239
quality	Run repository quality gate	2026-10-05T13:33:15.6932298Z   type: 'test'
quality	Run repository quality gate	2026-10-05T13:33:15.6932730Z   ...
quality	Run repository quality gate	2026-10-05T13:33:15.6989029Z # Subtest: cancellation clears consent and worker claims; it is not interpreted as pause/resume
quality	Run repository quality gate	2026-10-05T13:33:15.6990224Z ok 155 - cancellation clears consent and worker claims; it is not interpreted as pause/resume
quality	Run repository quality gate	2026-10-05T13:33:15.6990785Z   ---
quality	Run repository quality gate	2026-10-05T13:33:15.6991075Z   duration_ms: 5.920694
quality	Run repository quality gate	2026-10-05T13:33:15.6991374Z   type: 'test'
quality	Run repository quality gate	2026-10-05T13:33:15.6991621Z   ...
quality	Run repository quality gate	2026-10-05T13:33:15.7044208Z # Subtest: worker ticks are bounded and an already-aborted signal processes no job
quality	Run repository quality gate	2026-10-05T13:33:15.7045133Z ok 156 - worker ticks are bounded and an already-aborted signal processes no job
quality	Run repository quality gate	2026-10-05T13:33:15.7045813Z   ---
quality	Run repository quality gate	2026-10-05T13:33:15.7046053Z   duration_ms: 5.447016
quality	Run repository quality gate	2026-10-05T13:33:15.7046339Z   type: 'test'
quality	Run repository quality gate	2026-10-05T13:33:15.7046676Z   ...
quality	Run repository quality gate	2026-10-05T13:33:15.7103253Z # Subtest: source cleanup protects files needed by an opted-in background import
quality	Run repository quality gate	2026-10-05T13:33:15.7104135Z ok 157 - source cleanup protects files needed by an opted-in background import
quality	Run repository quality gate	2026-10-05T13:33:15.7104655Z   ---
quality	Run repository quality gate	2026-10-05T13:33:15.7104930Z   duration_ms: 5.881139
quality	Run repository quality gate	2026-10-05T13:33:15.7105217Z   type: 'test'
quality	Run repository quality gate	2026-10-05T13:33:15.7105419Z   ...
quality	Run repository quality gate	2026-10-05T13:33:15.7178438Z # Subtest: two competing worker instances cannot claim the same queue lease
quality	Run repository quality gate	2026-10-05T13:33:15.7179336Z ok 158 - two competing worker instances cannot claim the same queue lease
quality	Run repository quality gate	2026-10-05T13:33:15.7179834Z   ---
quality	Run repository quality gate	2026-10-05T13:33:15.7180053Z   duration_ms: 7.433003
quality	Run repository quality gate	2026-10-05T13:33:15.7180288Z   type: 'test'
quality	Run repository quality gate	2026-10-05T13:33:15.7180505Z   ...
quality	Run repository quality gate	2026-10-05T13:33:15.7255169Z # Subtest: persisted queue claim recovers after lease expiry without changing the import intent
quality	Run repository quality gate	2026-10-05T13:33:15.7256044Z ok 159 - persisted queue claim recovers after lease expiry without changing the import intent
quality	Run repository quality gate	2026-10-05T13:33:15.7256564Z   ---
quality	Run repository quality gate	2026-10-05T13:33:15.7256874Z   duration_ms: 7.605011
quality	Run repository quality gate	2026-10-05T13:33:15.7257108Z   type: 'test'
quality	Run repository quality gate	2026-10-05T13:33:15.7257306Z   ...
quality	Run repository quality gate	2026-10-05T13:33:15.7334840Z # Subtest: cleanup fails closed if a source audit cannot be saved after physical removal
quality	Run repository quality gate	2026-10-05T13:33:15.7335704Z ok 160 - cleanup fails closed if a source audit cannot be saved after physical removal
quality	Run repository quality gate	2026-10-05T13:33:15.7336283Z   ---
quality	Run repository quality gate	2026-10-05T13:33:15.7336556Z   duration_ms: 8.049669
quality	Run repository quality gate	2026-10-05T13:33:15.7336777Z   type: 'test'
quality	Run repository quality gate	2026-10-05T13:33:15.7336985Z   ...
quality	Run repository quality gate	2026-10-05T13:33:15.8412018Z # Subtest: bounded operator body is preserved as raw JSON text for the tRPC reader
quality	Run repository quality gate	2026-10-05T13:33:15.8413261Z ok 161 - bounded operator body is preserved as raw JSON text for the tRPC reader
quality	Run repository quality gate	2026-10-05T13:33:15.8413781Z   ---
quality	Run repository quality gate	2026-10-05T13:33:15.8414063Z   duration_ms: 4.17407
quality	Run repository quality gate	2026-10-05T13:33:15.8414412Z   type: 'test'
quality	Run repository quality gate	2026-10-05T13:33:15.8414669Z   ...
quality	Run repository quality gate	2026-10-05T13:33:15.8425212Z # Subtest: oversized declared and chunked bodies are rejected before tRPC
quality	Run repository quality gate	2026-10-05T13:33:15.8425932Z ok 162 - oversized declared and chunked bodies are rejected before tRPC
quality	Run repository quality gate	2026-10-05T13:33:15.8426451Z   ---
quality	Run repository quality gate	2026-10-05T13:33:15.8426751Z   duration_ms: 1.213028
quality	Run repository quality gate	2026-10-05T13:33:15.8427355Z   type: 'test'
quality	Run repository quality gate	2026-10-05T13:33:15.8427612Z   ...
quality	Run repository quality gate	2026-10-05T13:33:15.8447449Z # Subtest: compressed bodies, non-JSON CSRF-like posts and invalid UTF-8 are rejected
quality	Run repository quality gate	2026-10-05T13:33:15.8448153Z ok 163 - compressed bodies, non-JSON CSRF-like posts and invalid UTF-8 are rejected
quality	Run repository quality gate	2026-10-05T13:33:15.8448613Z   ---
quality	Run repository quality gate	2026-10-05T13:33:15.8448866Z   duration_ms: 1.29114
quality	Run repository quality gate	2026-10-05T13:33:15.8449196Z   type: 'test'
quality	Run repository quality gate	2026-10-05T13:33:15.8449478Z   ...
quality	Run repository quality gate	2026-10-05T13:33:15.8449906Z # Subtest: unrelated CRM and webhook paths are not parsed or altered
quality	Run repository quality gate	2026-10-05T13:33:15.8450872Z ok 164 - unrelated CRM and webhook paths are not parsed or altered
quality	Run repository quality gate	2026-10-05T13:33:15.8451753Z   ---
quality	Run repository quality gate	2026-10-05T13:33:15.8452017Z   duration_ms: 0.443508
quality	Run repository quality gate	2026-10-05T13:33:15.8452316Z   type: 'test'
quality	Run repository quality gate	2026-10-05T13:33:15.8453033Z   ...
quality	Run repository quality gate	2026-10-05T13:33:15.8461609Z # Subtest: mixed batches and encoded procedure paths receive the same limit
quality	Run repository quality gate	2026-10-05T13:33:15.8465488Z ok 165 - mixed batches and encoded procedure paths receive the same limit
quality	Run repository quality gate	2026-10-05T13:33:15.8466094Z   ---
quality	Run repository quality gate	2026-10-05T13:33:15.8466372Z   duration_ms: 1.852407
quality	Run repository quality gate	2026-10-05T13:33:15.8466677Z   type: 'test'
quality	Run repository quality gate	2026-10-05T13:33:15.8466936Z   ...
quality	Run repository quality gate	2026-10-05T13:33:15.8483251Z # Subtest: inflight cap lasts through response completion, not just upload completion
quality	Run repository quality gate	2026-10-05T13:33:15.8484126Z ok 166 - inflight cap lasts through response completion, not just upload completion
quality	Run repository quality gate	2026-10-05T13:33:15.8484607Z   ---
quality	Run repository quality gate	2026-10-05T13:33:15.8484822Z   duration_ms: 1.917968
quality	Run repository quality gate	2026-10-05T13:33:15.8485207Z   type: 'test'
quality	Run repository quality gate	2026-10-05T13:33:15.8485419Z   ...
quality	Run repository quality gate	2026-10-05T13:33:15.8953687Z # Subtest: timeouts and aborted uploads free the slot
quality	Run repository quality gate	2026-10-05T13:33:15.8960324Z ok 167 - timeouts and aborted uploads free the slot
quality	Run repository quality gate	2026-10-05T13:33:15.8961013Z   ---
quality	Run repository quality gate	2026-10-05T13:33:15.8961458Z   duration_ms: 30.952425
quality	Run repository quality gate	2026-10-05T13:33:15.8961968Z   type: 'test'
quality	Run repository quality gate	2026-10-05T13:33:15.8962370Z   ...
quality	Run repository quality gate	2026-10-05T13:33:15.9157007Z # Subtest: real Node HTTP transport enforces streaming byte bounds on loopback
quality	Run repository quality gate	2026-10-05T13:33:15.9159478Z ok 168 - real Node HTTP transport enforces streaming byte bounds on loopback
quality	Run repository quality gate	2026-10-05T13:33:15.9160365Z   ---
quality	Run repository quality gate	2026-10-05T13:33:15.9160814Z   duration_ms: 36.411873
quality	Run repository quality gate	2026-10-05T13:33:15.9161290Z   type: 'test'
quality	Run repository quality gate	2026-10-05T13:33:15.9161704Z   ...
quality	Run repository quality gate	2026-10-05T13:33:16.0400764Z # Subtest: overview is current-admin only and dedicated-workspace bound
quality	Run repository quality gate	2026-10-05T13:33:16.0402940Z ok 169 - overview is current-admin only and dedicated-workspace bound
quality	Run repository quality gate	2026-10-05T13:33:16.0403667Z   ---
quality	Run repository quality gate	2026-10-05T13:33:16.0407396Z   duration_ms: 3.082008
quality	Run repository quality gate	2026-10-05T13:33:16.0407870Z   type: 'test'
quality	Run repository quality gate	2026-10-05T13:33:16.0408232Z   ...
quality	Run repository quality gate	2026-10-05T13:33:16.0409093Z # Subtest: private drafts and unrelated receipts do not leak into team overview
quality	Run repository quality gate	2026-10-05T13:33:16.0410060Z ok 170 - private drafts and unrelated receipts do not leak into team overview
quality	Run repository quality gate	2026-10-05T13:33:16.0410777Z   ---
quality	Run repository quality gate	2026-10-05T13:33:16.0411120Z   duration_ms: 1.881655
quality	Run repository quality gate	2026-10-05T13:33:16.0411517Z   type: 'test'
quality	Run repository quality gate	2026-10-05T13:33:16.0411874Z   ...
quality	Run repository quality gate	2026-10-05T13:33:16.0412439Z # Subtest: costs use exact micro-USD and report missing records separately
quality	Run repository quality gate	2026-10-05T13:33:16.0413419Z ok 171 - costs use exact micro-USD and report missing records separately
quality	Run repository quality gate	2026-10-05T13:33:16.0414026Z   ---
quality	Run repository quality gate	2026-10-05T13:33:16.0414346Z   duration_ms: 0.246887
quality	Run repository quality gate	2026-10-05T13:33:16.0414720Z   type: 'test'
quality	Run repository quality gate	2026-10-05T13:33:16.0415046Z   ...
quality	Run repository quality gate	2026-10-05T13:33:16.0415610Z # Subtest: missing, negative, invalid costs and zero-completion rates are not invented
quality	Run repository quality gate	2026-10-05T13:33:16.0416561Z ok 172 - missing, negative, invalid costs and zero-completion rates are not invented
quality	Run repository quality gate	2026-10-05T13:33:16.0417216Z   ---
quality	Run repository quality gate	2026-10-05T13:33:16.0417545Z   duration_ms: 0.103479
quality	Run repository quality gate	2026-10-05T13:33:16.0417911Z   type: 'test'
quality	Run repository quality gate	2026-10-05T13:33:16.0418225Z   ...
quality	Run repository quality gate	2026-10-05T13:33:16.0418807Z # Subtest: a truncated window cannot masquerade as a full success rate or cost total
quality	Run repository quality gate	2026-10-05T13:33:16.0419723Z ok 173 - a truncated window cannot masquerade as a full success rate or cost total
quality	Run repository quality gate	2026-10-05T13:33:16.0420363Z   ---
quality	Run repository quality gate	2026-10-05T13:33:16.0421006Z   duration_ms: 0.088486
quality	Run repository quality gate	2026-10-05T13:33:16.0421378Z   type: 'test'
quality	Run repository quality gate	2026-10-05T13:33:16.0421718Z   ...
quality	Run repository quality gate	2026-10-05T13:33:16.0430916Z # Subtest: read period has explicit rolling UTC bounds and rejects arbitrary large windows
quality	Run repository quality gate	2026-10-05T13:33:16.0431998Z ok 174 - read period has explicit rolling UTC bounds and rejects arbitrary large windows
quality	Run repository quality gate	2026-10-05T13:33:16.0432794Z   ---
quality	Run repository quality gate	2026-10-05T13:33:16.0433158Z   duration_ms: 1.432651
quality	Run repository quality gate	2026-10-05T13:33:16.0433535Z   type: 'test'
quality	Run repository quality gate	2026-10-05T13:33:16.0433844Z   ...
quality	Run repository quality gate	2026-10-05T13:33:16.0434471Z # Subtest: operations never turns lack of provider/outcome instrumentation into positive health
quality	Run repository quality gate	2026-10-05T13:33:16.0435497Z ok 175 - operations never turns lack of provider/outcome instrumentation into positive health
quality	Run repository quality gate	2026-10-05T13:33:16.0436193Z   ---
quality	Run repository quality gate	2026-10-05T13:33:16.0436784Z   duration_ms: 0.740766
quality	Run repository quality gate	2026-10-05T13:33:16.0437165Z   type: 'test'
quality	Run repository quality gate	2026-10-05T13:33:16.0437483Z   ...
quality	Run repository quality gate	2026-10-05T13:33:16.0438088Z # Subtest: unsafe database errors and prompt-like error messages are not returned to operators
quality	Run repository quality gate	2026-10-05T13:33:16.0439070Z ok 176 - unsafe database errors and prompt-like error messages are not returned to operators
quality	Run repository quality gate	2026-10-05T13:33:16.0439762Z   ---
quality	Run repository quality gate	2026-10-05T13:33:16.0440078Z   duration_ms: 0.67838
quality	Run repository quality gate	2026-10-05T13:33:16.0440444Z   type: 'test'
quality	Run repository quality gate	2026-10-05T13:33:16.0440761Z   ...
quality	Run repository quality gate	2026-10-05T13:33:16.0441332Z # Subtest: disabled approval lifecycle performs no mutation even for administrators
quality	Run repository quality gate	2026-10-05T13:33:16.0442042Z ok 177 - disabled approval lifecycle performs no mutation even for administrators
quality	Run repository quality gate	2026-10-05T13:33:16.0442736Z   ---
quality	Run repository quality gate	2026-10-05T13:33:16.0443031Z   duration_ms: 0.504911
quality	Run repository quality gate	2026-10-05T13:33:16.0443361Z   type: 'test'
quality	Run repository quality gate	2026-10-05T13:33:16.0443660Z   ...
quality	Run repository quality gate	2026-10-05T13:33:16.0444091Z # Subtest: empty team yields a true empty state, no seeded demo metrics
quality	Run repository quality gate	2026-10-05T13:33:16.0444785Z ok 178 - empty team yields a true empty state, no seeded demo metrics
quality	Run repository quality gate	2026-10-05T13:33:16.0445291Z   ---
quality	Run repository quality gate	2026-10-05T13:33:16.0445572Z   duration_ms: 0.720557
quality	Run repository quality gate	2026-10-05T13:33:16.0445917Z   type: 'test'
quality	Run repository quality gate	2026-10-05T13:33:16.0446206Z   ...
quality	Run repository quality gate	2026-10-05T13:33:16.0455247Z # Subtest: receipt correlation uses governed metadata, never the unrelated CRM requestHash
quality	Run repository quality gate	2026-10-05T13:33:16.0456376Z ok 179 - receipt correlation uses governed metadata, never the unrelated CRM requestHash
quality	Run repository quality gate	2026-10-05T13:33:16.0457100Z   ---
quality	Run repository quality gate	2026-10-05T13:33:16.0457483Z   duration_ms: 1.216401
quality	Run repository quality gate	2026-10-05T13:33:16.0457938Z   type: 'test'
quality	Run repository quality gate	2026-10-05T13:33:16.0458356Z   ...
quality	Run repository quality gate	2026-10-05T13:33:16.0458875Z # Subtest: a different action kind cannot borrow the digest correlation
quality	Run repository quality gate	2026-10-05T13:33:16.0459630Z ok 180 - a different action kind cannot borrow the digest correlation
quality	Run repository quality gate	2026-10-05T13:33:16.0460206Z   ---
quality	Run repository quality gate	2026-10-05T13:33:16.0460570Z   duration_ms: 0.746354
quality	Run repository quality gate	2026-10-05T13:33:16.0460998Z   type: 'test'
quality	Run repository quality gate	2026-10-05T13:33:16.0461395Z   ...
quality	Run repository quality gate	2026-10-05T13:33:16.0461929Z # Subtest: metadata lookup refuses accessors and inherited correlation
quality	Run repository quality gate	2026-10-05T13:33:16.0462959Z ok 181 - metadata lookup refuses accessors and inherited correlation
quality	Run repository quality gate	2026-10-05T13:33:16.0463720Z   ---
quality	Run repository quality gate	2026-10-05T13:33:16.0464023Z   duration_ms: 0.124073
quality	Run repository quality gate	2026-10-05T13:33:16.0464347Z   type: 'test'
quality	Run repository quality gate	2026-10-05T13:33:16.0464633Z   ...
quality	Run repository quality gate	2026-10-05T13:33:16.0465198Z # Subtest: continuation view is current-admin only, opt-in and exposes no lease/JWT/raw payload
quality	Run repository quality gate	2026-10-05T13:33:16.0466067Z ok 182 - continuation view is current-admin only, opt-in and exposes no lease/JWT/raw payload
quality	Run repository quality gate	2026-10-05T13:33:16.0466715Z   ---
quality	Run repository quality gate	2026-10-05T13:33:16.0467037Z   duration_ms: 1.315184
quality	Run repository quality gate	2026-10-05T13:33:16.0467388Z   type: 'test'
quality	Run repository quality gate	2026-10-05T13:33:16.0467695Z   ...
quality	Run repository quality gate	2026-10-05T13:33:16.0468313Z # Subtest: continuation pagination has stable tie-breaks and does not silently drop same-time rows
quality	Run repository quality gate	2026-10-05T13:33:16.0469308Z ok 183 - continuation pagination has stable tie-breaks and does not silently drop same-time rows
quality	Run repository quality gate	2026-10-05T13:33:16.0469979Z   ---
quality	Run repository quality gate	2026-10-05T13:33:16.0470265Z   duration_ms: 3.356652
quality	Run repository quality gate	2026-10-05T13:33:16.0470607Z   type: 'test'
quality	Run repository quality gate	2026-10-05T13:33:16.0470901Z   ...
quality	Run repository quality gate	2026-10-05T13:33:16.1470636Z # Subtest: maps workspace roles to least-privilege pipeline permissions
quality	Run repository quality gate	2026-10-05T13:33:16.1472351Z ok 184 - maps workspace roles to least-privilege pipeline permissions
quality	Run repository quality gate	2026-10-05T13:33:16.1473509Z   ---
quality	Run repository quality gate	2026-10-05T13:33:16.1474050Z   duration_ms: 1.538501
quality	Run repository quality gate	2026-10-05T13:33:16.1474661Z   type: 'test'
quality	Run repository quality gate	2026-10-05T13:33:16.1475174Z   ...
quality	Run repository quality gate	2026-10-05T13:33:16.1475875Z # Subtest: creates deterministic server-owned pipeline and stage identifiers
quality	Run repository quality gate	2026-10-05T13:33:16.1476913Z ok 185 - creates deterministic server-owned pipeline and stage identifiers
quality	Run repository quality gate	2026-10-05T13:33:16.1477647Z   ---
quality	Run repository quality gate	2026-10-05T13:33:16.1478088Z   duration_ms: 2.276868
quality	Run repository quality gate	2026-10-05T13:33:16.1478555Z   type: 'test'
quality	Run repository quality gate	2026-10-05T13:33:16.1478991Z   ...
quality	Run repository quality gate	2026-10-05T13:33:16.1479579Z # Subtest: preserves an explicit default request in the canonical create payload
quality	Run repository quality gate	2026-10-05T13:33:16.1480897Z ok 186 - preserves an explicit default request in the canonical create payload
quality	Run repository quality gate	2026-10-05T13:33:16.1481613Z   ---
quality	Run repository quality gate	2026-10-05T13:33:16.1482037Z   duration_ms: 0.466106
quality	Run repository quality gate	2026-10-05T13:33:16.1482649Z   type: 'test'
quality	Run repository quality gate	2026-10-05T13:33:16.1483105Z   ...
quality	Run repository quality gate	2026-10-05T13:33:16.1483744Z # Subtest: different tenants and command keys produce different server IDs
quality	Run repository quality gate	2026-10-05T13:33:16.1484634Z ok 187 - different tenants and command keys produce different server IDs
quality	Run repository quality gate	2026-10-05T13:33:16.1485330Z   ---
quality	Run repository quality gate	2026-10-05T13:33:16.1485751Z   duration_ms: 0.148214
quality	Run repository quality gate	2026-10-05T13:33:16.1486228Z   type: 'test'
quality	Run repository quality gate	2026-10-05T13:33:16.1486641Z   ...
quality	Run repository quality gate	2026-10-05T13:33:16.1487257Z # Subtest: preserves existing stage identity during update and creates only new IDs
quality	Run repository quality gate	2026-10-05T13:33:16.1488158Z ok 188 - preserves existing stage identity during update and creates only new IDs
quality	Run repository quality gate	2026-10-05T13:33:16.1488871Z   ---
quality	Run repository quality gate	2026-10-05T13:33:16.1489303Z   duration_ms: 0.623763
quality	Run repository quality gate	2026-10-05T13:33:16.1489769Z   type: 'test'
quality	Run repository quality gate	2026-10-05T13:33:16.1490229Z   ...
quality	Run repository quality gate	2026-10-05T13:33:16.1490785Z # Subtest: rejects foreign stage IDs and unknown transition keys
quality	Run repository quality gate	2026-10-05T13:33:16.1491558Z ok 189 - rejects foreign stage IDs and unknown transition keys
quality	Run repository quality gate	2026-10-05T13:33:16.1492224Z   ---
quality	Run repository quality gate	2026-10-05T13:33:16.1492887Z   duration_ms: 0.434456
quality	Run repository quality gate	2026-10-05T13:33:16.1493425Z   type: 'test'
quality	Run repository quality gate	2026-10-05T13:33:16.1493844Z   ...
quality	Run repository quality gate	2026-10-05T13:33:16.1494503Z # Subtest: rejects client-owned IDs on create and mismatched pipeline IDs on update
quality	Run repository quality gate	2026-10-05T13:33:16.1495340Z ok 190 - rejects client-owned IDs on create and mismatched pipeline IDs on update
quality	Run repository quality gate	2026-10-05T13:33:16.1496038Z   ---
quality	Run repository quality gate	2026-10-05T13:33:16.1496459Z   duration_ms: 0.451928
quality	Run repository quality gate	2026-10-05T13:33:16.1496915Z   type: 'test'
quality	Run repository quality gate	2026-10-05T13:33:16.1497335Z   ...
quality	Run repository quality gate	2026-10-05T13:33:16.1497833Z # Subtest: command payload excludes idempotency metadata and is immutable
quality	Run repository quality gate	2026-10-05T13:33:16.1498604Z ok 191 - command payload excludes idempotency metadata and is immutable
quality	Run repository quality gate	2026-10-05T13:33:16.1499251Z   ---
quality	Run repository quality gate	2026-10-05T13:33:16.1499635Z   duration_ms: 0.158287
quality	Run repository quality gate	2026-10-05T13:33:16.1500087Z   type: 'test'
quality	Run repository quality gate	2026-10-05T13:33:16.1500489Z   ...
quality	Run repository quality gate	2026-10-05T13:33:16.1501066Z # Subtest: command payload rejects unknown and accessor-backed input
quality	Run repository quality gate	2026-10-05T13:33:16.1501868Z ok 192 - command payload rejects unknown and accessor-backed input
quality	Run repository quality gate	2026-10-05T13:33:16.1502483Z   ---
quality	Run repository quality gate	2026-10-05T13:33:16.1503165Z   duration_ms: 0.282475
quality	Run repository quality gate	2026-10-05T13:33:16.1503614Z   type: 'test'
quality	Run repository quality gate	2026-10-05T13:33:16.1504020Z   ...
quality	Run repository quality gate	2026-10-05T13:33:16.1504595Z # Subtest: API output hides tenant identity and exposes transition keys
quality	Run repository quality gate	2026-10-05T13:33:16.1505498Z ok 193 - API output hides tenant identity and exposes transition keys
quality	Run repository quality gate	2026-10-05T13:33:16.1506155Z   ---
quality	Run repository quality gate	2026-10-05T13:33:16.1506582Z   duration_ms: 0.649131
quality	Run repository quality gate	2026-10-05T13:33:16.1507053Z   type: 'test'
quality	Run repository quality gate	2026-10-05T13:33:16.1507474Z   ...
quality	Run repository quality gate	2026-10-05T13:33:16.2338405Z # Subtest: unexpected server errors never expose raw diagnostic messages
quality	Run repository quality gate	2026-10-05T13:33:16.2339037Z ok 194 - unexpected server errors never expose raw diagnostic messages
quality	Run repository quality gate	2026-10-05T13:33:16.2339466Z   ---
quality	Run repository quality gate	2026-10-05T13:33:16.2339681Z   duration_ms: 0.675685
quality	Run repository quality gate	2026-10-05T13:33:16.2339924Z   type: 'test'
quality	Run repository quality gate	2026-10-05T13:33:16.2340139Z   ...
quality	Run repository quality gate	2026-10-05T13:33:16.2345540Z # Subtest: expected validation guidance remains useful but bounded and single-line
quality	Run repository quality gate	2026-10-05T13:33:16.2346398Z ok 195 - expected validation guidance remains useful but bounded and single-line
quality	Run repository quality gate	2026-10-05T13:33:16.2346994Z   ---
quality	Run repository quality gate	2026-10-05T13:33:16.2347296Z   duration_ms: 0.737776
quality	Run repository quality gate	2026-10-05T13:33:16.2347666Z   type: 'test'
quality	Run repository quality gate	2026-10-05T13:33:16.2347996Z   ...
quality	Run repository quality gate	2026-10-05T13:33:16.2349094Z # Subtest: misclassified internal or credential diagnostics are masked
quality	Run repository quality gate	2026-10-05T13:33:16.2351416Z ok 196 - misclassified internal or credential diagnostics are masked
quality	Run repository quality gate	2026-10-05T13:33:16.2352351Z   ---
quality	Run repository quality gate	2026-10-05T13:33:16.2353140Z   duration_ms: 0.180311
quality	Run repository quality gate	2026-10-05T13:33:16.2353554Z   type: 'test'
quality	Run repository quality gate	2026-10-05T13:33:16.2353761Z   ...
quality	Run repository quality gate	2026-10-05T13:33:16.3170033Z # Subtest: allows failed/cancelled runs only when no attempted side effects are recorded
quality	Run repository quality gate	2026-10-05T13:33:16.3171592Z ok 197 - allows failed/cancelled runs only when no attempted side effects are recorded
quality	Run repository quality gate	2026-10-05T13:33:16.3172286Z   ---
quality	Run repository quality gate	2026-10-05T13:33:16.3172864Z   duration_ms: 0.789431
quality	Run repository quality gate	2026-10-05T13:33:16.3173329Z   type: 'test'
quality	Run repository quality gate	2026-10-05T13:33:16.3173706Z   ...
quality	Run repository quality gate	2026-10-05T13:33:16.3174277Z # Subtest: blocks a succeeded action even when the run failed afterwards
quality	Run repository quality gate	2026-10-05T13:33:16.3175109Z ok 198 - blocks a succeeded action even when the run failed afterwards
quality	Run repository quality gate	2026-10-05T13:33:16.3175714Z   ---
quality	Run repository quality gate	2026-10-05T13:33:16.3176114Z   duration_ms: 0.119662
quality	Run repository quality gate	2026-10-05T13:33:16.3176530Z   type: 'test'
quality	Run repository quality gate	2026-10-05T13:33:16.3176864Z   ...
quality	Run repository quality gate	2026-10-05T13:33:16.3177373Z # Subtest: blocks uncertain remote outcomes and attempts that are marked failed
quality	Run repository quality gate	2026-10-05T13:33:16.3178221Z ok 199 - blocks uncertain remote outcomes and attempts that are marked failed
quality	Run repository quality gate	2026-10-05T13:33:16.3194362Z   ---
quality	Run repository quality gate	2026-10-05T13:33:16.3194912Z   duration_ms: 0.114922
quality	Run repository quality gate	2026-10-05T13:33:16.3195462Z   type: 'test'
quality	Run repository quality gate	2026-10-05T13:33:16.3195967Z   ...
quality	Run repository quality gate	2026-10-05T13:33:16.3196816Z # Subtest: missing/truncated history never becomes proof of no side effects
quality	Run repository quality gate	2026-10-05T13:33:16.3197688Z ok 200 - missing/truncated history never becomes proof of no side effects
quality	Run repository quality gate	2026-10-05T13:33:16.3198382Z   ---
quality	Run repository quality gate	2026-10-05T13:33:16.3198832Z   duration_ms: 0.095958
quality	Run repository quality gate	2026-10-05T13:33:16.3199302Z   type: 'test'
quality	Run repository quality gate	2026-10-05T13:33:16.3199732Z   ...
quality	Run repository quality gate	2026-10-05T13:33:16.3200348Z # Subtest: ambiguous receipt errors stay blocked even without an action mirror
quality	Run repository quality gate	2026-10-05T13:33:16.3201217Z ok 201 - ambiguous receipt errors stay blocked even without an action mirror
quality	Run repository quality gate	2026-10-05T13:33:16.3201861Z   ---
quality	Run repository quality gate	2026-10-05T13:33:16.3202284Z   duration_ms: 0.188847
quality	Run repository quality gate	2026-10-05T13:33:16.3203052Z   type: 'test'
quality	Run repository quality gate	2026-10-05T13:33:16.3203477Z   ...
quality	Run repository quality gate	2026-10-05T13:33:16.3204202Z # Subtest: successful, active and unknown run states are not retried under a failure label
quality	Run repository quality gate	2026-10-05T13:33:16.3205298Z ok 202 - successful, active and unknown run states are not retried under a failure label
quality	Run repository quality gate	2026-10-05T13:33:16.3206156Z   ---
quality	Run repository quality gate	2026-10-05T13:33:16.3206580Z   duration_ms: 0.166508
quality	Run repository quality gate	2026-10-05T13:33:16.3207062Z   type: 'test'
quality	Run repository quality gate	2026-10-05T13:33:16.3207479Z   ...
quality	Run repository quality gate	2026-10-05T13:33:16.3208036Z # Subtest: unknown attempt counters or action states fail closed
quality	Run repository quality gate	2026-10-05T13:33:16.3208799Z ok 203 - unknown attempt counters or action states fail closed
quality	Run repository quality gate	2026-10-05T13:33:16.3209405Z   ---
quality	Run repository quality gate	2026-10-05T13:33:16.3209828Z   duration_ms: 0.104207
quality	Run repository quality gate	2026-10-05T13:33:16.3210284Z   type: 'test'
quality	Run repository quality gate	2026-10-05T13:33:16.3210723Z   ...
quality	Run repository quality gate	2026-10-05T13:33:16.4060796Z # Subtest: auth revalidates current membership using trusted deployment identity
quality	Run repository quality gate	2026-10-05T13:33:16.4062242Z ok 204 - auth revalidates current membership using trusted deployment identity
quality	Run repository quality gate	2026-10-05T13:33:16.4063349Z   ---
quality	Run repository quality gate	2026-10-05T13:33:16.4064215Z   duration_ms: 1.268826
quality	Run repository quality gate	2026-10-05T13:33:16.4064746Z   type: 'test'
quality	Run repository quality gate	2026-10-05T13:33:16.4065147Z   ...
quality	Run repository quality gate	2026-10-05T13:33:16.4065730Z # Subtest: removed member with otherwise live session is forbidden immediately
quality	Run repository quality gate	2026-10-05T13:33:16.4066616Z ok 205 - removed member with otherwise live session is forbidden immediately
quality	Run repository quality gate	2026-10-05T13:33:16.4067123Z   ---
quality	Run repository quality gate	2026-10-05T13:33:16.4067346Z   duration_ms: 0.484455
quality	Run repository quality gate	2026-10-05T13:33:16.4067886Z   type: 'test'
quality	Run repository quality gate	2026-10-05T13:33:16.4068165Z   ...
quality	Run repository quality gate	2026-10-05T13:33:16.4068521Z # Subtest: foreign workspace session cannot read singleton CRM tables
quality	Run repository quality gate	2026-10-05T13:33:16.4068988Z ok 206 - foreign workspace session cannot read singleton CRM tables
quality	Run repository quality gate	2026-10-05T13:33:16.4069332Z   ---
quality	Run repository quality gate	2026-10-05T13:33:16.4069551Z   duration_ms: 0.192363
quality	Run repository quality gate	2026-10-05T13:33:16.4069776Z   type: 'test'
quality	Run repository quality gate	2026-10-05T13:33:16.4069992Z   ...
quality	Run repository quality gate	2026-10-05T13:33:16.4070339Z # Subtest: API-key synthetic session without active organization still needs membership
quality	Run repository quality gate	2026-10-05T13:33:16.4075623Z ok 207 - API-key synthetic session without active organization still needs membership
quality	Run repository quality gate	2026-10-05T13:33:16.4076170Z   ---
quality	Run repository quality gate	2026-10-05T13:33:16.4076421Z   duration_ms: 0.18231
quality	Run repository quality gate	2026-10-05T13:33:16.4076718Z   type: 'test'
quality	Run repository quality gate	2026-10-05T13:33:16.4077152Z   ...
quality	Run repository quality gate	2026-10-05T13:33:16.4077557Z # Subtest: expired, mismatched, missing or malformed sessions fail closed
quality	Run repository quality gate	2026-10-05T13:33:16.4078138Z ok 208 - expired, mismatched, missing or malformed sessions fail closed
quality	Run repository quality gate	2026-10-05T13:33:16.4078495Z   ---
quality	Run repository quality gate	2026-10-05T13:33:16.4078692Z   duration_ms: 0.432044
quality	Run repository quality gate	2026-10-05T13:33:16.4078911Z   type: 'test'
quality	Run repository quality gate	2026-10-05T13:33:16.4079114Z   ...
quality	Run repository quality gate	2026-10-05T13:33:16.4079430Z # Subtest: unrecognized membership roles are denied rather than promoted to member
quality	Run repository quality gate	2026-10-05T13:33:16.4079929Z ok 209 - unrecognized membership roles are denied rather than promoted to member
quality	Run repository quality gate	2026-10-05T13:33:16.4080292Z   ---
quality	Run repository quality gate	2026-10-05T13:33:16.4080483Z   duration_ms: 0.393959
quality	Run repository quality gate	2026-10-05T13:33:16.4080707Z   type: 'test'
quality	Run repository quality gate	2026-10-05T13:33:16.4080899Z   ...
quality	Run repository quality gate	2026-10-05T13:33:16.4885174Z # Subtest: approval submission carries the exact current immutable snapshot, never tenant or action input
quality	Run repository quality gate	2026-10-05T13:33:16.4886490Z ok 210 - approval submission carries the exact current immutable snapshot, never tenant or action input
quality	Run repository quality gate	2026-10-05T13:33:16.4887294Z   ---
quality	Run repository quality gate	2026-10-05T13:33:16.4887630Z   duration_ms: 1.122942
quality	Run repository quality gate	2026-10-05T13:33:16.4887998Z   type: 'test'
quality	Run repository quality gate	2026-10-05T13:33:16.4888323Z   ...
quality	Run repository quality gate	2026-10-05T13:33:16.4888864Z # Subtest: expired, unbound, redacted or disabled snapshots cannot submit approval
quality	Run repository quality gate	2026-10-05T13:33:16.4889725Z ok 211 - expired, unbound, redacted or disabled snapshots cannot submit approval
quality	Run repository quality gate	2026-10-05T13:33:16.4890314Z   ---
quality	Run repository quality gate	2026-10-05T13:33:16.4890634Z   duration_ms: 0.463199
quality	Run repository quality gate	2026-10-05T13:33:16.4890980Z   type: 'test'
quality	Run repository quality gate	2026-10-05T13:33:16.4891284Z   ...
quality	Run repository quality gate	2026-10-05T13:33:16.4893636Z # Subtest: only unconsumed consent may be revoked; terminal actions cannot be resubmitted
quality	Run repository quality gate	2026-10-05T13:33:16.4905033Z ok 212 - only unconsumed consent may be revoked; terminal actions cannot be resubmitted
quality	Run repository quality gate	2026-10-05T13:33:16.4905853Z   ---
quality	Run repository quality gate	2026-10-05T13:33:16.4906537Z   duration_ms: 0.18448
quality	Run repository quality gate	2026-10-05T13:33:16.4907029Z   type: 'test'
quality	Run repository quality gate	2026-10-05T13:33:16.4907375Z   ...
quality	Run repository quality gate	2026-10-05T13:33:16.4907946Z # Subtest: operator notes are bounded and no arbitrary decision is accepted
quality	Run repository quality gate	2026-10-05T13:33:16.4908751Z ok 213 - operator notes are bounded and no arbitrary decision is accepted
quality	Run repository quality gate	2026-10-05T13:33:16.4909350Z   ---
quality	Run repository quality gate	2026-10-05T13:33:16.4909717Z   duration_ms: 0.126721
quality	Run repository quality gate	2026-10-05T13:33:16.4910121Z   type: 'test'
quality	Run repository quality gate	2026-10-05T13:33:16.4910518Z   ...
quality	Run repository quality gate	2026-10-05T13:33:16.5769348Z # Subtest: operation language catalogs contain the same complete set of nonempty keys
quality	Run repository quality gate	2026-10-05T13:33:16.5770415Z ok 214 - operation language catalogs contain the same complete set of nonempty keys
quality	Run repository quality gate	2026-10-05T13:33:16.5771089Z   ---
quality	Run repository quality gate	2026-10-05T13:33:16.5771424Z   duration_ms: 1.461889
quality	Run repository quality gate	2026-10-05T13:33:16.5771793Z   type: 'test'
quality	Run repository quality gate	2026-10-05T13:33:16.5772123Z   ...
quality	Run repository quality gate	2026-10-05T13:33:16.5773361Z # Subtest: display never treats missing counts as completed work
quality	Run repository quality gate	2026-10-05T13:33:16.5774539Z ok 215 - display never treats missing counts as completed work
quality	Run repository quality gate	2026-10-05T13:33:16.5775218Z   ---
quality	Run repository quality gate	2026-10-05T13:33:16.5775546Z   duration_ms: 0.195697
quality	Run repository quality gate	2026-10-05T13:33:16.5775918Z   type: 'test'
quality	Run repository quality gate	2026-10-05T13:33:16.5776228Z   ...
quality	Run repository quality gate	2026-10-05T13:33:16.5786539Z # Subtest: UI execution respects server capability and terminal state
quality	Run repository quality gate	2026-10-05T13:33:16.5787402Z ok 216 - UI execution respects server capability and terminal state
quality	Run repository quality gate	2026-10-05T13:33:16.5788191Z   ---
quality	Run repository quality gate	2026-10-05T13:33:16.5788488Z   duration_ms: 0.134622
quality	Run repository quality gate	2026-10-05T13:33:16.5788835Z   type: 'test'
quality	Run repository quality gate	2026-10-05T13:33:16.5789130Z   ...
quality	Run repository quality gate	2026-10-05T13:33:16.5789610Z # Subtest: required mapping cannot be omitted and skipped columns are not sent
quality	Run repository quality gate	2026-10-05T13:33:16.5790329Z ok 217 - required mapping cannot be omitted and skipped columns are not sent
quality	Run repository quality gate	2026-10-05T13:33:16.5790850Z   ---
quality	Run repository quality gate	2026-10-05T13:33:16.5791132Z   duration_ms: 0.214057
quality	Run repository quality gate	2026-10-05T13:33:16.5791434Z   type: 'test'
quality	Run repository quality gate	2026-10-05T13:33:16.5791712Z   ...
quality	Run repository quality gate	2026-10-05T13:33:16.6611140Z # Subtest: reuses the same key for a retry of an unchanged command
quality	Run repository quality gate	2026-10-05T13:33:16.6612130Z ok 218 - reuses the same key for a retry of an unchanged command
quality	Run repository quality gate	2026-10-05T13:33:16.6613449Z   ---
quality	Run repository quality gate	2026-10-05T13:33:16.6613827Z   duration_ms: 0.87904
quality	Run repository quality gate	2026-10-05T13:33:16.6614224Z   type: 'test'
quality	Run repository quality gate	2026-10-05T13:33:16.6614545Z   ...
quality	Run repository quality gate	2026-10-05T13:33:16.6614954Z # Subtest: rotates the key when the command payload changes
quality	Run repository quality gate	2026-10-05T13:33:16.6617086Z ok 219 - rotates the key when the command payload changes
quality	Run repository quality gate	2026-10-05T13:33:16.6617521Z   ---
quality	Run repository quality gate	2026-10-05T13:33:16.6617785Z   duration_ms: 0.178216
quality	Run repository quality gate	2026-10-05T13:33:16.6618013Z   type: 'test'
quality	Run repository quality gate	2026-10-05T13:33:16.6618219Z   ...
quality	Run repository quality gate	2026-10-05T13:33:16.6633237Z # Subtest: clears only the key that completed
quality	Run repository quality gate	2026-10-05T13:33:16.6633738Z ok 220 - clears only the key that completed
quality	Run repository quality gate	2026-10-05T13:33:16.6634166Z   ---
quality	Run repository quality gate	2026-10-05T13:33:16.6634471Z   duration_ms: 0.138837
quality	Run repository quality gate	2026-10-05T13:33:16.6634775Z   type: 'test'
quality	Run repository quality gate	2026-10-05T13:33:16.6635033Z   ...
quality	Run repository quality gate	2026-10-05T13:33:16.6635340Z # Subtest: bounds retained failed-command keys
quality	Run repository quality gate	2026-10-05T13:33:16.6635795Z ok 221 - bounds retained failed-command keys
quality	Run repository quality gate	2026-10-05T13:33:16.6636072Z   ---
quality	Run repository quality gate	2026-10-05T13:33:16.6636285Z   duration_ms: 0.198237
quality	Run repository quality gate	2026-10-05T13:33:16.6636501Z   type: 'test'
quality	Run repository quality gate	2026-10-05T13:33:16.6636702Z   ...
quality	Run repository quality gate	2026-10-05T13:33:16.6636984Z # Subtest: rejects malformed scopes, fingerprints and generated keys
quality	Run repository quality gate	2026-10-05T13:33:16.6637428Z ok 222 - rejects malformed scopes, fingerprints and generated keys
quality	Run repository quality gate	2026-10-05T13:33:16.6637749Z   ---
quality	Run repository quality gate	2026-10-05T13:33:16.6637938Z   duration_ms: 0.39287
quality	Run repository quality gate	2026-10-05T13:33:16.6638165Z   type: 'test'
quality	Run repository quality gate	2026-10-05T13:33:16.6638356Z   ...
quality	Run repository quality gate	2026-10-05T13:33:16.7485738Z # Subtest: default draft is complete and valid
quality	Run repository quality gate	2026-10-05T13:33:16.7486366Z ok 223 - default draft is complete and valid
quality	Run repository quality gate	2026-10-05T13:33:16.7486781Z   ---
quality	Run repository quality gate	2026-10-05T13:33:16.7487072Z   duration_ms: 1.703983
quality	Run repository quality gate	2026-10-05T13:33:16.7487415Z   type: 'test'
quality	Run repository quality gate	2026-10-05T13:33:16.7487699Z   ...
quality	Run repository quality gate	2026-10-05T13:33:16.7497214Z # Subtest: renaming a stage key updates transition references
quality	Run repository quality gate	2026-10-05T13:33:16.7498002Z ok 224 - renaming a stage key updates transition references
quality	Run repository quality gate	2026-10-05T13:33:16.7498746Z   ---
quality	Run repository quality gate	2026-10-05T13:33:16.7499218Z   duration_ms: 0.397664
quality	Run repository quality gate	2026-10-05T13:33:16.7499653Z   type: 'test'
quality	Run repository quality gate	2026-10-05T13:33:16.7499953Z   ...
quality	Run repository quality gate	2026-10-05T13:33:16.7500406Z # Subtest: terminal and open stage probabilities remain deterministic
quality	Run repository quality gate	2026-10-05T13:33:16.7501154Z ok 225 - terminal and open stage probabilities remain deterministic
quality	Run repository quality gate	2026-10-05T13:33:16.7501660Z   ---
quality	Run repository quality gate	2026-10-05T13:33:16.7501990Z   duration_ms: 0.136706
quality	Run repository quality gate	2026-10-05T13:33:16.7502400Z   type: 'test'
quality	Run repository quality gate	2026-10-05T13:33:16.7503000Z   ...
quality	Run repository quality gate	2026-10-05T13:33:16.7505236Z # Subtest: reordering and removal keep contiguous positions and remove dangling transitions
quality	Run repository quality gate	2026-10-05T13:33:16.7506407Z ok 226 - reordering and removal keep contiguous positions and remove dangling transitions
quality	Run repository quality gate	2026-10-05T13:33:16.7507158Z   ---
quality	Run repository quality gate	2026-10-05T13:33:16.7507511Z   duration_ms: 0.364841
quality	Run repository quality gate	2026-10-05T13:33:16.7507885Z   type: 'test'
quality	Run repository quality gate	2026-10-05T13:33:16.7508204Z   ...
quality	Run repository quality gate	2026-10-05T13:33:16.7508757Z # Subtest: create mutation excludes server-owned identity and preserves default intent
quality	Run repository quality gate	2026-10-05T13:33:16.7509685Z ok 227 - create mutation excludes server-owned identity and preserves default intent
quality	Run repository quality gate	2026-10-05T13:33:16.7510359Z   ---
quality	Run repository quality gate	2026-10-05T13:33:16.7510664Z   duration_ms: 0.45978
quality	Run repository quality gate	2026-10-05T13:33:16.7511032Z   type: 'test'
quality	Run repository quality gate	2026-10-05T13:33:16.7511671Z   ...
quality	Run repository quality gate	2026-10-05T13:33:16.7526383Z # Subtest: update mutation preserves optimistic version and existing stage identity
quality	Run repository quality gate	2026-10-05T13:33:16.7527714Z ok 228 - update mutation preserves optimistic version and existing stage identity
quality	Run repository quality gate	2026-10-05T13:33:16.7528527Z   ---
quality	Run repository quality gate	2026-10-05T13:33:16.7529272Z   duration_ms: 0.464455
quality	Run repository quality gate	2026-10-05T13:33:16.7529690Z   type: 'test'
quality	Run repository quality gate	2026-10-05T13:33:16.7529986Z   ...
quality	Run repository quality gate	2026-10-05T13:33:16.7530541Z # Subtest: validation rejects malformed probabilities, colors, positions and transitions
quality	Run repository quality gate	2026-10-05T13:33:16.7531422Z ok 229 - validation rejects malformed probabilities, colors, positions and transitions
quality	Run repository quality gate	2026-10-05T13:33:16.7532017Z   ---
quality	Run repository quality gate	2026-10-05T13:33:16.7532313Z   duration_ms: 0.245084
quality	Run repository quality gate	2026-10-05T13:33:16.7532794Z   type: 'test'
quality	Run repository quality gate	2026-10-05T13:33:16.7533344Z   ...
quality	Run repository quality gate	2026-10-05T13:33:16.7533758Z # Subtest: mutation conversion refuses invalid drafts and idempotency keys
quality	Run repository quality gate	2026-10-05T13:33:16.7534371Z ok 230 - mutation conversion refuses invalid drafts and idempotency keys
quality	Run repository quality gate	2026-10-05T13:33:16.7534840Z   ---
quality	Run repository quality gate	2026-10-05T13:33:16.7535107Z   duration_ms: 0.455019
quality	Run repository quality gate	2026-10-05T13:33:16.7535435Z   type: 'test'
quality	Run repository quality gate	2026-10-05T13:33:16.7535711Z   ...
quality	Run repository quality gate	2026-10-05T13:33:16.8475303Z # Subtest: summaries use visible facts, exclude archived review and disclose old-server coverage
quality	Run repository quality gate	2026-10-05T13:33:16.8476633Z ok 231 - summaries use visible facts, exclude archived review and disclose old-server coverage
quality	Run repository quality gate	2026-10-05T13:33:16.8477469Z   ---
quality	Run repository quality gate	2026-10-05T13:33:16.8477929Z   duration_ms: 1.149382
quality	Run repository quality gate	2026-10-05T13:33:16.8478416Z   type: 'test'
quality	Run repository quality gate	2026-10-05T13:33:16.8478923Z   ...
quality	Run repository quality gate	2026-10-05T13:33:16.8479568Z # Subtest: current filter excludes archived without hiding it from the all view
quality	Run repository quality gate	2026-10-05T13:33:16.8480521Z ok 232 - current filter excludes archived without hiding it from the all view
quality	Run repository quality gate	2026-10-05T13:33:16.8481287Z   ---
quality	Run repository quality gate	2026-10-05T13:33:16.8481712Z   duration_ms: 0.201715
quality	Run repository quality gate	2026-10-05T13:33:16.8482161Z   type: 'test'
quality	Run repository quality gate	2026-10-05T13:33:16.8482710Z   ...
quality	Run repository quality gate	2026-10-05T13:33:16.8483299Z # Subtest: review is explicitly the latest run, not a global approval count
quality	Run repository quality gate	2026-10-05T13:33:16.8484157Z ok 233 - review is explicitly the latest run, not a global approval count
quality	Run repository quality gate	2026-10-05T13:33:16.8484821Z   ---
quality	Run repository quality gate	2026-10-05T13:33:16.8485212Z   duration_ms: 0.159627
quality	Run repository quality gate	2026-10-05T13:33:16.8485661Z   type: 'test'
quality	Run repository quality gate	2026-10-05T13:33:16.8486062Z   ...
quality	Run repository quality gate	2026-10-05T13:33:16.8486569Z # Subtest: search is trimmed case insensitive and matches description
quality	Run repository quality gate	2026-10-05T13:33:16.8487210Z ok 234 - search is trimmed case insensitive and matches description
quality	Run repository quality gate	2026-10-05T13:33:16.8487766Z   ---
quality	Run repository quality gate	2026-10-05T13:33:16.8488169Z   duration_ms: 0.144109
quality	Run repository quality gate	2026-10-05T13:33:16.8488567Z   type: 'test'
quality	Run repository quality gate	2026-10-05T13:33:16.8488946Z   ...
quality	Run repository quality gate	2026-10-05T13:33:16.8489404Z # Subtest: zero cost is real recorded cost; unknown does not become zero
quality	Run repository quality gate	2026-10-05T13:33:16.8498499Z ok 235 - zero cost is real recorded cost; unknown does not become zero
quality	Run repository quality gate	2026-10-05T13:33:16.8499452Z   ---
quality	Run repository quality gate	2026-10-05T13:33:16.8499902Z   duration_ms: 12.817409
quality	Run repository quality gate	2026-10-05T13:33:16.8500373Z   type: 'test'
quality	Run repository quality gate	2026-10-05T13:33:16.8500791Z   ...
quality	Run repository quality gate	2026-10-05T13:33:16.8501356Z # Subtest: empty data never produces invented runs, savings or success rates
quality	Run repository quality gate	2026-10-05T13:33:16.8502127Z ok 236 - empty data never produces invented runs, savings or success rates
quality	Run repository quality gate	2026-10-05T13:33:16.8502928Z   ---
quality	Run repository quality gate	2026-10-05T13:33:16.8503323Z   duration_ms: 0.19428
quality	Run repository quality gate	2026-10-05T13:33:16.8503732Z   type: 'test'
quality	Run repository quality gate	2026-10-05T13:33:16.8504126Z   ...
quality	Run repository quality gate	2026-10-05T13:33:16.9494749Z # Subtest: registers immutable typed action entries without exposing a direct execution path
quality	Run repository quality gate	2026-10-05T13:33:16.9496142Z ok 237 - registers immutable typed action entries without exposing a direct execution path
quality	Run repository quality gate	2026-10-05T13:33:16.9496896Z   ---
quality	Run repository quality gate	2026-10-05T13:33:16.9497329Z   duration_ms: 1.588167
quality	Run repository quality gate	2026-10-05T13:33:16.9515233Z   type: 'test'
quality	Run repository quality gate	2026-10-05T13:33:16.9522035Z   ...
quality	Run repository quality gate	2026-10-05T13:33:16.9522925Z # Subtest: normalizes legacy risk and idempotency vocabulary into the governed runtime contract
quality	Run repository quality gate	2026-10-05T13:33:16.9523574Z ok 238 - normalizes legacy risk and idempotency vocabulary into the governed runtime contract
quality	Run repository quality gate	2026-10-05T13:33:16.9524312Z   ---
quality	Run repository quality gate	2026-10-05T13:33:16.9524538Z   duration_ms: 0.409931
quality	Run repository quality gate	2026-10-05T13:33:16.9524778Z   type: 'test'
quality	Run repository quality gate	2026-10-05T13:33:16.9524992Z   ...
quality	Run repository quality gate	2026-10-05T13:33:16.9525244Z # Subtest: converts JSON schemas into runtime validators
quality	Run repository quality gate	2026-10-05T13:33:16.9525600Z ok 239 - converts JSON schemas into runtime validators
quality	Run repository quality gate	2026-10-05T13:33:16.9525894Z   ---
quality	Run repository quality gate	2026-10-05T13:33:16.9526091Z   duration_ms: 1.172067
quality	Run repository quality gate	2026-10-05T13:33:16.9526316Z   type: 'test'
quality	Run repository quality gate	2026-10-05T13:33:16.9526518Z   ...
quality	Run repository quality gate	2026-10-05T13:33:16.9526888Z # Subtest: defensively snapshots schemas, metadata, permissions and retry configuration
quality	Run repository quality gate	2026-10-05T13:33:16.9527662Z ok 240 - defensively snapshots schemas, metadata, permissions and retry configuration
quality	Run repository quality gate	2026-10-05T13:33:16.9528186Z   ---
quality	Run repository quality gate	2026-10-05T13:33:16.9528575Z   duration_ms: 0.328714
quality	Run repository quality gate	2026-10-05T13:33:16.9528838Z   type: 'test'
quality	Run repository quality gate	2026-10-05T13:33:16.9529032Z   ...
quality	Run repository quality gate	2026-10-05T13:33:16.9529262Z # Subtest: rejects duplicate action identifiers
quality	Run repository quality gate	2026-10-05T13:33:16.9529692Z ok 241 - rejects duplicate action identifiers
quality	Run repository quality gate	2026-10-05T13:33:16.9530076Z   ---
quality	Run repository quality gate	2026-10-05T13:33:16.9530338Z   duration_ms: 0.250088
quality	Run repository quality gate	2026-10-05T13:33:16.9530556Z   type: 'test'
quality	Run repository quality gate	2026-10-05T13:33:16.9530755Z   ...
quality	Run repository quality gate	2026-10-05T13:33:16.9531160Z # Subtest: rejects execution-state options because execution belongs to the governed runtime
quality	Run repository quality gate	2026-10-05T13:33:16.9531889Z ok 242 - rejects execution-state options because execution belongs to the governed runtime
quality	Run repository quality gate	2026-10-05T13:33:16.9532277Z   ---
quality	Run repository quality gate	2026-10-05T13:33:16.9532468Z   duration_ms: 0.12053
quality	Run repository quality gate	2026-10-05T13:33:16.9532904Z   type: 'test'
quality	Run repository quality gate	2026-10-05T13:33:16.9533191Z   ...
quality	Run repository quality gate	2026-10-05T13:33:16.9533469Z # Subtest: rejects a mutating manifest without idempotency
quality	Run repository quality gate	2026-10-05T13:33:16.9533838Z ok 243 - rejects a mutating manifest without idempotency
quality	Run repository quality gate	2026-10-05T13:33:16.9534275Z   ---
quality	Run repository quality gate	2026-10-05T13:33:16.9534523Z   duration_ms: 0.211322
quality	Run repository quality gate	2026-10-05T13:33:16.9534778Z   type: 'test'
quality	Run repository quality gate	2026-10-05T13:33:16.9534980Z   ...
quality	Run repository quality gate	2026-10-05T13:33:16.9535226Z # Subtest: rejects manifests without explicit permissions
quality	Run repository quality gate	2026-10-05T13:33:16.9535584Z ok 244 - rejects manifests without explicit permissions
quality	Run repository quality gate	2026-10-05T13:33:16.9535884Z   ---
quality	Run repository quality gate	2026-10-05T13:33:16.9536105Z   duration_ms: 0.126187
quality	Run repository quality gate	2026-10-05T13:33:16.9536413Z   type: 'test'
quality	Run repository quality gate	2026-10-05T13:33:16.9536662Z   ...
quality	Run repository quality gate	2026-10-05T13:33:16.9537038Z # Subtest: rejects unsafe retry policies for mutating actions
quality	Run repository quality gate	2026-10-05T13:33:16.9537413Z ok 245 - rejects unsafe retry policies for mutating actions
quality	Run repository quality gate	2026-10-05T13:33:16.9537711Z   ---
quality	Run repository quality gate	2026-10-05T13:33:16.9537908Z   duration_ms: 0.314099
quality	Run repository quality gate	2026-10-05T13:33:16.9538123Z   type: 'test'
quality	Run repository quality gate	2026-10-05T13:33:16.9538322Z   ...
quality	Run repository quality gate	2026-10-05T13:33:16.9538608Z # Subtest: rejects non-integer and non-finite retry configuration
quality	Run repository quality gate	2026-10-05T13:33:16.9539085Z ok 246 - rejects non-integer and non-finite retry configuration
quality	Run repository quality gate	2026-10-05T13:33:16.9539560Z   ---
quality	Run repository quality gate	2026-10-05T13:33:16.9539752Z   duration_ms: 0.544285
quality	Run repository quality gate	2026-10-05T13:33:16.9539974Z   type: 'test'
quality	Run repository quality gate	2026-10-05T13:33:16.9540167Z   ...
quality	Run repository quality gate	2026-10-05T13:33:16.9540502Z # Subtest: registerMany accepts tuple and entry forms and returns stable sorted manifests
quality	Run repository quality gate	2026-10-05T13:33:16.9541032Z ok 247 - registerMany accepts tuple and entry forms and returns stable sorted manifests
quality	Run repository quality gate	2026-10-05T13:33:16.9541409Z   ---
quality	Run repository quality gate	2026-10-05T13:33:16.9541607Z   duration_ms: 6.961112
quality	Run repository quality gate	2026-10-05T13:33:16.9541822Z   type: 'test'
quality	Run repository quality gate	2026-10-05T13:33:16.9542016Z   ...
quality	Run repository quality gate	2026-10-05T13:33:16.9542323Z # Subtest: requires own properties instead of inherited prototype properties
quality	Run repository quality gate	2026-10-05T13:33:16.9543016Z ok 248 - requires own properties instead of inherited prototype properties
quality	Run repository quality gate	2026-10-05T13:33:16.9543370Z   ---
quality	Run repository quality gate	2026-10-05T13:33:16.9543564Z   duration_ms: 0.270288
quality	Run repository quality gate	2026-10-05T13:33:16.9543794Z   type: 'test'
quality	Run repository quality gate	2026-10-05T13:33:16.9543989Z   ...
quality	Run repository quality gate	2026-10-05T13:33:16.9544250Z # Subtest: rejects unsafe JSON-schema and metadata object keys
quality	Run repository quality gate	2026-10-05T13:33:16.9544644Z ok 249 - rejects unsafe JSON-schema and metadata object keys
quality	Run repository quality gate	2026-10-05T13:33:16.9544941Z   ---
quality	Run repository quality gate	2026-10-05T13:33:16.9545140Z   duration_ms: 0.144621
quality	Run repository quality gate	2026-10-05T13:33:16.9545495Z   type: 'test'
quality	Run repository quality gate	2026-10-05T13:33:16.9545694Z   ...
quality	Run repository quality gate	2026-10-05T13:33:17.0576641Z # Subtest: executes a validated authorized action and records redacted audit events
quality	Run repository quality gate	2026-10-05T13:33:17.0577793Z ok 250 - executes a validated authorized action and records redacted audit events
quality	Run repository quality gate	2026-10-05T13:33:17.0578410Z   ---
quality	Run repository quality gate	2026-10-05T13:33:17.0578741Z   duration_ms: 4.236982
quality	Run repository quality gate	2026-10-05T13:33:17.0579110Z   type: 'test'
quality	Run repository quality gate	2026-10-05T13:33:17.0579452Z   ...
quality	Run repository quality gate	2026-10-05T13:33:17.0579964Z # Subtest: rejects tenant ownership fields at any nesting depth
quality	Run repository quality gate	2026-10-05T13:33:17.0580594Z ok 251 - rejects tenant ownership fields at any nesting depth
quality	Run repository quality gate	2026-10-05T13:33:17.0581152Z   ---
quality	Run repository quality gate	2026-10-05T13:33:17.0581437Z   duration_ms: 0.592207
quality	Run repository quality gate	2026-10-05T13:33:17.0581737Z   type: 'test'
quality	Run repository quality gate	2026-10-05T13:33:17.0582307Z   ...
quality	Run repository quality gate	2026-10-05T13:33:17.0582937Z # Subtest: rejects missing permissions and object-level authorization
quality	Run repository quality gate	2026-10-05T13:33:17.0583382Z ok 252 - rejects missing permissions and object-level authorization
quality	Run repository quality gate	2026-10-05T13:33:17.0583728Z   ---
quality	Run repository quality gate	2026-10-05T13:33:17.0583921Z   duration_ms: 0.429914
quality	Run repository quality gate	2026-10-05T13:33:17.0584168Z   type: 'test'
quality	Run repository quality gate	2026-10-05T13:33:17.0584440Z   ...
quality	Run repository quality gate	2026-10-05T13:33:17.0584846Z # Subtest: replays a completed idempotent result without executing again
quality	Run repository quality gate	2026-10-05T13:33:17.0585460Z ok 253 - replays a completed idempotent result without executing again
quality	Run repository quality gate	2026-10-05T13:33:17.0585981Z   ---
quality	Run repository quality gate	2026-10-05T13:33:17.0586182Z   duration_ms: 1.853897
quality	Run repository quality gate	2026-10-05T13:33:17.0586402Z   type: 'test'
quality	Run repository quality gate	2026-10-05T13:33:17.0586596Z   ...
quality	Run repository quality gate	2026-10-05T13:33:17.0587249Z # Subtest: rejects reuse of an idempotency key for another payload
quality	Run repository quality gate	2026-10-05T13:33:17.0588024Z ok 254 - rejects reuse of an idempotency key for another payload
quality	Run repository quality gate	2026-10-05T13:33:17.0588500Z   ---
quality	Run repository quality gate	2026-10-05T13:33:17.0588746Z   duration_ms: 0.896819
quality	Run repository quality gate	2026-10-05T13:33:17.0589030Z   type: 'test'
quality	Run repository quality gate	2026-10-05T13:33:17.0589229Z   ...
quality	Run repository quality gate	2026-10-05T13:33:17.0590178Z # Subtest: rejects changed payload after an approval failure acquired the same idempotency key
quality	Run repository quality gate	2026-10-05T13:33:17.0591067Z ok 255 - rejects changed payload after an approval failure acquired the same idempotency key
quality	Run repository quality gate	2026-10-05T13:33:17.0591644Z   ---
quality	Run repository quality gate	2026-10-05T13:33:17.0591981Z   duration_ms: 0.679601
quality	Run repository quality gate	2026-10-05T13:33:17.0592201Z   type: 'test'
quality	Run repository quality gate	2026-10-05T13:33:17.0592393Z   ...
quality	Run repository quality gate	2026-10-05T13:33:17.0628031Z # Subtest: allows only one concurrent execution for the same receipt
quality	Run repository quality gate	2026-10-05T13:33:17.0629040Z ok 256 - allows only one concurrent execution for the same receipt
quality	Run repository quality gate	2026-10-05T13:33:17.0629536Z   ---
quality	Run repository quality gate	2026-10-05T13:33:17.0629789Z   duration_ms: 8.149247
quality	Run repository quality gate	2026-10-05T13:33:17.0630088Z   type: 'test'
quality	Run repository quality gate	2026-10-05T13:33:17.0630341Z   ...
quality	Run repository quality gate	2026-10-05T13:33:17.0630750Z # Subtest: requires payload-bound tenant-bound approval for high-risk actions
quality	Run repository quality gate	2026-10-05T13:33:17.0631480Z ok 257 - requires payload-bound tenant-bound approval for high-risk actions
quality	Run repository quality gate	2026-10-05T13:33:17.0631965Z   ---
quality	Run repository quality gate	2026-10-05T13:33:17.0632165Z   duration_ms: 1.228345
quality	Run repository quality gate	2026-10-05T13:33:17.0632410Z   type: 'test'
quality	Run repository quality gate	2026-10-05T13:33:17.0632763Z   ...
quality	Run repository quality gate	2026-10-05T13:33:17.0633202Z # Subtest: rejects approval bound to another tenant or modified payload
quality	Run repository quality gate	2026-10-05T13:33:17.0636489Z ok 258 - rejects approval bound to another tenant or modified payload
quality	Run repository quality gate	2026-10-05T13:33:17.0636970Z   ---
quality	Run repository quality gate	2026-10-05T13:33:17.0637353Z   duration_ms: 0.575898
quality	Run repository quality gate	2026-10-05T13:33:17.0637673Z   type: 'test'
quality	Run repository quality gate	2026-10-05T13:33:17.0637950Z   ...
quality	Run repository quality gate	2026-10-05T13:33:17.0936787Z # Subtest: times out a non-cooperative executor and records failure
quality	Run repository quality gate	2026-10-05T13:33:17.0937782Z ok 259 - times out a non-cooperative executor and records failure
quality	Run repository quality gate	2026-10-05T13:33:17.0938472Z   ---
quality	Run repository quality gate	2026-10-05T13:33:17.0938911Z   duration_ms: 21.720183
quality	Run repository quality gate	2026-10-05T13:33:17.0939399Z   type: 'test'
quality	Run repository quality gate	2026-10-05T13:33:17.0939815Z   ...
quality	Run repository quality gate	2026-10-05T13:33:17.0940369Z # Subtest: propagates cancellation and does not retry it
quality	Run repository quality gate	2026-10-05T13:33:17.0941164Z ok 260 - propagates cancellation and does not retry it
quality	Run repository quality gate	2026-10-05T13:33:17.0941649Z   ---
quality	Run repository quality gate	2026-10-05T13:33:17.0941977Z   duration_ms: 0.37693
quality	Run repository quality gate	2026-10-05T13:33:17.0942210Z   type: 'test'
quality	Run repository quality gate	2026-10-05T13:33:17.0942937Z   ...
quality	Run repository quality gate	2026-10-05T13:33:17.0943236Z # Subtest: keeps the success receipt when the success audit write fails
quality	Run repository quality gate	2026-10-05T13:33:17.0943680Z ok 261 - keeps the success receipt when the success audit write fails
quality	Run repository quality gate	2026-10-05T13:33:17.0944009Z   ---
quality	Run repository quality gate	2026-10-05T13:33:17.0944222Z   duration_ms: 0.521271
quality	Run repository quality gate	2026-10-05T13:33:17.0944445Z   type: 'test'
quality	Run repository quality gate	2026-10-05T13:33:17.0944642Z   ...
quality	Run repository quality gate	2026-10-05T13:33:17.0952148Z # Subtest: propagates the operation digest and idempotency key to the executor
quality	Run repository quality gate	2026-10-05T13:33:17.0953318Z ok 262 - propagates the operation digest and idempotency key to the executor
quality	Run repository quality gate	2026-10-05T13:33:17.0953872Z   ---
quality	Run repository quality gate	2026-10-05T13:33:17.0954139Z   duration_ms: 0.314449
quality	Run repository quality gate	2026-10-05T13:33:17.0954497Z   type: 'test'
quality	Run repository quality gate	2026-10-05T13:33:17.0954765Z   ...
quality	Run repository quality gate	2026-10-05T13:33:17.0955375Z # Subtest: validates untrusted model input and executor output
quality	Run repository quality gate	2026-10-05T13:33:17.0955987Z ok 263 - validates untrusted model input and executor output
quality	Run repository quality gate	2026-10-05T13:33:17.0956346Z   ---
quality	Run repository quality gate	2026-10-05T13:33:17.0956633Z   duration_ms: 0.554341
quality	Run repository quality gate	2026-10-05T13:33:17.0956979Z   type: 'test'
quality	Run repository quality gate	2026-10-05T13:33:17.0957281Z   ...
quality	Run repository quality gate	2026-10-05T13:33:17.0957691Z # Subtest: rejects mutating manifests without idempotency
quality	Run repository quality gate	2026-10-05T13:33:17.0958277Z ok 264 - rejects mutating manifests without idempotency
quality	Run repository quality gate	2026-10-05T13:33:17.0958757Z   ---
quality	Run repository quality gate	2026-10-05T13:33:17.0959091Z   duration_ms: 0.146505
quality	Run repository quality gate	2026-10-05T13:33:17.0959429Z   type: 'test'
quality	Run repository quality gate	2026-10-05T13:33:17.0959734Z   ...
quality	Run repository quality gate	2026-10-05T13:33:17.0983467Z # Subtest: rejects manifests without explicit permissions
quality	Run repository quality gate	2026-10-05T13:33:17.1013387Z ok 265 - rejects manifests without explicit permissions
quality	Run repository quality gate	2026-10-05T13:33:17.1014163Z   ---
quality	Run repository quality gate	2026-10-05T13:33:17.1014628Z   duration_ms: 0.111214
quality	Run repository quality gate	2026-10-05T13:33:17.1019537Z   type: 'test'
quality	Run repository quality gate	2026-10-05T13:33:17.1019971Z   ...
quality	Run repository quality gate	2026-10-05T13:33:17.1020470Z # Subtest: rejects non-integer, non-finite and unsafe retry policies
quality	Run repository quality gate	2026-10-05T13:33:17.1021109Z ok 266 - rejects non-integer, non-finite and unsafe retry policies
quality	Run repository quality gate	2026-10-05T13:33:17.1021576Z   ---
quality	Run repository quality gate	2026-10-05T13:33:17.1021861Z   duration_ms: 0.436878
quality	Run repository quality gate	2026-10-05T13:33:17.1022183Z   type: 'test'
quality	Run repository quality gate	2026-10-05T13:33:17.1022456Z   ...
quality	Run repository quality gate	2026-10-05T13:33:17.1023146Z # Subtest: passes an immutable permission snapshot to validators, policy and executor
quality	Run repository quality gate	2026-10-05T13:33:17.1024016Z ok 267 - passes an immutable permission snapshot to validators, policy and executor
quality	Run repository quality gate	2026-10-05T13:33:17.1024623Z   ---
quality	Run repository quality gate	2026-10-05T13:33:17.1024940Z   duration_ms: 0.455777
quality	Run repository quality gate	2026-10-05T13:33:17.1025288Z   type: 'test'
quality	Run repository quality gate	2026-10-05T13:33:17.1025615Z   ...
quality	Run repository quality gate	2026-10-05T13:33:17.1026142Z # Subtest: passes immutable validated input to business validation and authorization
quality	Run repository quality gate	2026-10-05T13:33:17.1026996Z ok 268 - passes immutable validated input to business validation and authorization
quality	Run repository quality gate	2026-10-05T13:33:17.1027624Z   ---
quality	Run repository quality gate	2026-10-05T13:33:17.1027939Z   duration_ms: 0.412316
quality	Run repository quality gate	2026-10-05T13:33:17.1028291Z   type: 'test'
quality	Run repository quality gate	2026-10-05T13:33:17.1028594Z   ...
quality	Run repository quality gate	2026-10-05T13:33:17.1029042Z # Subtest: rejects invalid clock values before durable state mutation
quality	Run repository quality gate	2026-10-05T13:33:17.1029769Z ok 269 - rejects invalid clock values before durable state mutation
quality	Run repository quality gate	2026-10-05T13:33:17.1030345Z   ---
quality	Run repository quality gate	2026-10-05T13:33:17.1030642Z   duration_ms: 0.347401
quality	Run repository quality gate	2026-10-05T13:33:17.1030990Z   type: 'test'
quality	Run repository quality gate	2026-10-05T13:33:17.1031295Z   ...
quality	Run repository quality gate	2026-10-05T13:33:17.1031820Z # Subtest: rejects plain object registries that could expose prototype-backed actions
quality	Run repository quality gate	2026-10-05T13:33:17.1032510Z ok 270 - rejects plain object registries that could expose prototype-backed actions
quality	Run repository quality gate	2026-10-05T13:33:17.1033183Z   ---
quality	Run repository quality gate	2026-10-05T13:33:17.1033431Z   duration_ms: 0.128343
quality	Run repository quality gate	2026-10-05T13:33:17.1033750Z   type: 'test'
quality	Run repository quality gate	2026-10-05T13:33:17.1034049Z   ...
quality	Run repository quality gate	2026-10-05T13:33:17.1034607Z # Subtest: invalid approval expiry is rejected instead of being treated as non-expiring
quality	Run repository quality gate	2026-10-05T13:33:17.1035545Z ok 271 - invalid approval expiry is rejected instead of being treated as non-expiring
quality	Run repository quality gate	2026-10-05T13:33:17.1036227Z   ---
quality	Run repository quality gate	2026-10-05T13:33:17.1036566Z   duration_ms: 0.282058
quality	Run repository quality gate	2026-10-05T13:33:17.1036867Z   type: 'test'
quality	Run repository quality gate	2026-10-05T13:33:17.1037439Z   ...
quality	Run repository quality gate	2026-10-05T13:33:17.1037911Z # Subtest: rejects unknown request and execution-option control fields
quality	Run repository quality gate	2026-10-05T13:33:17.1038567Z ok 272 - rejects unknown request and execution-option control fields
quality	Run repository quality gate	2026-10-05T13:33:17.1039090Z   ---
quality	Run repository quality gate	2026-10-05T13:33:17.1039376Z   duration_ms: 0.342849
quality	Run repository quality gate	2026-10-05T13:33:17.1039682Z   type: 'test'
quality	Run repository quality gate	2026-10-05T13:33:17.1039934Z   ...
quality	Run repository quality gate	2026-10-05T13:33:17.1040394Z # Subtest: requires both input and output validators even for a custom registry implementation
quality	Run repository quality gate	2026-10-05T13:33:17.1040947Z ok 273 - requires both input and output validators even for a custom registry implementation
quality	Run repository quality gate	2026-10-05T13:33:17.1041332Z   ---
quality	Run repository quality gate	2026-10-05T13:33:17.1041534Z   duration_ms: 0.301025
quality	Run repository quality gate	2026-10-05T13:33:17.1041757Z   type: 'test'
quality	Run repository quality gate	2026-10-05T13:33:17.1042015Z   ...
quality	Run repository quality gate	2026-10-05T13:33:17.1042922Z # Subtest: normalizes failures from business validation, authorization and policy evaluation
quality	Run repository quality gate	2026-10-05T13:33:17.1043567Z ok 274 - normalizes failures from business validation, authorization and policy evaluation
quality	Run repository quality gate	2026-10-05T13:33:17.1044189Z   ---
quality	Run repository quality gate	2026-10-05T13:33:17.1044469Z   duration_ms: 0.473615
quality	Run repository quality gate	2026-10-05T13:33:17.1044809Z   type: 'test'
quality	Run repository quality gate	2026-10-05T13:33:17.1045124Z   ...
quality	Run repository quality gate	2026-10-05T13:33:17.1045561Z # Subtest: redacts common secret values even when the property name is generic
quality	Run repository quality gate	2026-10-05T13:33:17.1046239Z ok 275 - redacts common secret values even when the property name is generic
quality	Run repository quality gate	2026-10-05T13:33:17.1046748Z   ---
quality	Run repository quality gate	2026-10-05T13:33:17.1047024Z   duration_ms: 0.424115
quality	Run repository quality gate	2026-10-05T13:33:17.1047329Z   type: 'test'
quality	Run repository quality gate	2026-10-05T13:33:17.1047606Z   ...
quality	Run repository quality gate	2026-10-05T13:33:17.1048132Z # Subtest: memory receipt store validates its lease configuration and fails closed on lost leases
quality	Run repository quality gate	2026-10-05T13:33:17.1049028Z ok 276 - memory receipt store validates its lease configuration and fails closed on lost leases
quality	Run repository quality gate	2026-10-05T13:33:17.1049670Z   ---
quality	Run repository quality gate	2026-10-05T13:33:17.1049947Z   duration_ms: 0.170533
quality	Run repository quality gate	2026-10-05T13:33:17.1050270Z   type: 'test'
quality	Run repository quality gate	2026-10-05T13:33:17.1050560Z   ...
quality	Run repository quality gate	2026-10-05T13:33:17.1051099Z # Subtest: a pre-aborted request does not acquire a receipt, consume approval or call an executor
quality	Run repository quality gate	2026-10-05T13:33:17.1052007Z ok 277 - a pre-aborted request does not acquire a receipt, consume approval or call an executor
quality	Run repository quality gate	2026-10-05T13:33:17.1052844Z   ---
quality	Run repository quality gate	2026-10-05T13:33:17.1053153Z   duration_ms: 0.170577
quality	Run repository quality gate	2026-10-05T13:33:17.1053475Z   type: 'test'
quality	Run repository quality gate	2026-10-05T13:33:17.1053732Z   ...
quality	Run repository quality gate	2026-10-05T13:33:17.1054157Z # Subtest: canonical JSON rejects cyclic arrays and unsafe object keys
quality	Run repository quality gate	2026-10-05T13:33:17.1054755Z ok 278 - canonical JSON rejects cyclic arrays and unsafe object keys
quality	Run repository quality gate	2026-10-05T13:33:17.1055211Z   ---
quality	Run repository quality gate	2026-10-05T13:33:17.1055456Z   duration_ms: 0.255891
quality	Run repository quality gate	2026-10-05T13:33:17.1055745Z   type: 'test'
quality	Run repository quality gate	2026-10-05T13:33:17.1056020Z   ...
quality	Run repository quality gate	2026-10-05T13:33:17.1056506Z # Subtest: audit redaction stores unsafe property names without invoking prototype setters
quality	Run repository quality gate	2026-10-05T13:33:17.1057345Z ok 279 - audit redaction stores unsafe property names without invoking prototype setters
quality	Run repository quality gate	2026-10-05T13:33:17.1057957Z   ---
quality	Run repository quality gate	2026-10-05T13:33:17.1058248Z   duration_ms: 0.155334
quality	Run repository quality gate	2026-10-05T13:33:17.1058588Z   type: 'test'
quality	Run repository quality gate	2026-10-05T13:33:17.1058907Z   ...
quality	Run repository quality gate	2026-10-05T13:33:17.1059282Z # Subtest: rejects malformed trusted correlation identifiers
quality	Run repository quality gate	2026-10-05T13:33:17.1059863Z ok 280 - rejects malformed trusted correlation identifiers
quality	Run repository quality gate	2026-10-05T13:33:17.1060296Z   ---
quality	Run repository quality gate	2026-10-05T13:33:17.1060553Z   duration_ms: 0.303958
quality	Run repository quality gate	2026-10-05T13:33:17.1060898Z   type: 'test'
quality	Run repository quality gate	2026-10-05T13:33:17.1061184Z   ...
quality	Run repository quality gate	2026-10-05T13:33:17.1061600Z # Subtest: fails closed when policy approval metadata is malformed
quality	Run repository quality gate	2026-10-05T13:33:17.1062267Z ok 281 - fails closed when policy approval metadata is malformed
quality	Run repository quality gate	2026-10-05T13:33:17.1063047Z   ---
quality	Run repository quality gate	2026-10-05T13:33:17.1063370Z   duration_ms: 0.288696
quality	Run repository quality gate	2026-10-05T13:33:17.1063727Z   type: 'test'
quality	Run repository quality gate	2026-10-05T13:33:17.1064043Z   ...
quality	Run repository quality gate	2026-10-05T13:33:17.1064632Z # Subtest: rejects non-plain request objects without invoking custom serialization hooks
quality	Run repository quality gate	2026-10-05T13:33:17.1065470Z ok 282 - rejects non-plain request objects without invoking custom serialization hooks
quality	Run repository quality gate	2026-10-05T13:33:17.1066315Z   ---
quality	Run repository quality gate	2026-10-05T13:33:17.1066610Z   duration_ms: 0.266877
quality	Run repository quality gate	2026-10-05T13:33:17.1066929Z   type: 'test'
quality	Run repository quality gate	2026-10-05T13:33:17.1067225Z   ...
quality	Run repository quality gate	2026-10-05T13:33:17.1067687Z # Subtest: revalidates validator-transformed input for tenant ownership fields
quality	Run repository quality gate	2026-10-05T13:33:17.1068480Z ok 283 - revalidates validator-transformed input for tenant ownership fields
quality	Run repository quality gate	2026-10-05T13:33:17.1069057Z   ---
quality	Run repository quality gate	2026-10-05T13:33:17.1069350Z   duration_ms: 0.277119
quality	Run repository quality gate	2026-10-05T13:33:17.1069686Z   type: 'test'
quality	Run repository quality gate	2026-10-05T13:33:17.1069972Z   ...
quality	Run repository quality gate	2026-10-05T13:33:17.1070602Z # Subtest: preflight shares authorization but only requests consent: no receipt, consumption or side effects
quality	Run repository quality gate	2026-10-05T13:33:17.1071678Z ok 284 - preflight shares authorization but only requests consent: no receipt, consumption or side effects
quality	Run repository quality gate	2026-10-05T13:33:17.1072716Z   ---
quality	Run repository quality gate	2026-10-05T13:33:17.1073038Z   duration_ms: 0.704548
quality	Run repository quality gate	2026-10-05T13:33:17.1073377Z   type: 'test'
quality	Run repository quality gate	2026-10-05T13:33:17.1073653Z   ...
quality	Run repository quality gate	2026-10-05T13:33:17.1074246Z # Subtest: preflight cannot grant authority, skip policy or silently use missing approval persistence
quality	Run repository quality gate	2026-10-05T13:33:17.1075151Z ok 285 - preflight cannot grant authority, skip policy or silently use missing approval persistence
quality	Run repository quality gate	2026-10-05T13:33:17.1075824Z   ---
quality	Run repository quality gate	2026-10-05T13:33:17.1076121Z   duration_ms: 0.675166
quality	Run repository quality gate	2026-10-05T13:33:17.1076470Z   type: 'test'
quality	Run repository quality gate	2026-10-05T13:33:17.1076765Z   ...
quality	Run repository quality gate	2026-10-05T13:33:17.2065374Z # Subtest: canonical hashing rejects accessor properties without invoking them
quality	Run repository quality gate	2026-10-05T13:33:17.2066418Z ok 286 - canonical hashing rejects accessor properties without invoking them
quality	Run repository quality gate	2026-10-05T13:33:17.2067008Z   ---
quality	Run repository quality gate	2026-10-05T13:33:17.2067347Z   duration_ms: 1.082373
quality	Run repository quality gate	2026-10-05T13:33:17.2067755Z   type: 'test'
quality	Run repository quality gate	2026-10-05T13:33:17.2068102Z   ...
quality	Run repository quality gate	2026-10-05T13:33:17.2070312Z # Subtest: rejects sparse arrays so absent elements cannot alias explicit null
quality	Run repository quality gate	2026-10-05T13:33:17.2071194Z ok 287 - rejects sparse arrays so absent elements cannot alias explicit null
quality	Run repository quality gate	2026-10-05T13:33:17.2071733Z   ---
quality	Run repository quality gate	2026-10-05T13:33:17.2072019Z   duration_ms: 0.127644
quality	Run repository quality gate	2026-10-05T13:33:17.2072337Z   type: 'test'
quality	Run repository quality gate	2026-10-05T13:33:17.2072738Z   ...
quality	Run repository quality gate	2026-10-05T13:33:17.2079464Z # Subtest: rejects over-depth inputs with a bounded domain error rather than stack overflow
quality	Run repository quality gate	2026-10-05T13:33:17.2080316Z ok 288 - rejects over-depth inputs with a bounded domain error rather than stack overflow
quality	Run repository quality gate	2026-10-05T13:33:17.2080875Z   ---
quality	Run repository quality gate	2026-10-05T13:33:17.2081087Z   duration_ms: 0.352731
quality	Run repository quality gate	2026-10-05T13:33:17.2081315Z   type: 'test'
quality	Run repository quality gate	2026-10-05T13:33:17.2081520Z   ...
quality	Run repository quality gate	2026-10-05T13:33:17.2081889Z # Subtest: rejects oversized strings and excessive node counts
quality	Run repository quality gate	2026-10-05T13:33:17.2083320Z ok 289 - rejects oversized strings and excessive node counts
quality	Run repository quality gate	2026-10-05T13:33:17.2083764Z   ---
quality	Run repository quality gate	2026-10-05T13:33:17.2083996Z   duration_ms: 7.174096
quality	Run repository quality gate	2026-10-05T13:33:17.2084314Z   type: 'test'
quality	Run repository quality gate	2026-10-05T13:33:17.2084574Z   ...
quality	Run repository quality gate	2026-10-05T13:33:17.2084909Z # Subtest: input snapshot rejects a getter before execution
quality	Run repository quality gate	2026-10-05T13:33:17.2087941Z ok 290 - input snapshot rejects a getter before execution
quality	Run repository quality gate	2026-10-05T13:33:17.2088353Z   ---
quality	Run repository quality gate	2026-10-05T13:33:17.2088611Z   duration_ms: 1.1411
quality	Run repository quality gate	2026-10-05T13:33:17.2088896Z   type: 'test'
quality	Run repository quality gate	2026-10-05T13:33:17.2089158Z   ...
quality	Run repository quality gate	2026-10-05T13:33:17.2089599Z # Subtest: normal JSON digests remain stable and object undefined fields stay omitted
quality	Run repository quality gate	2026-10-05T13:33:17.2090099Z ok 291 - normal JSON digests remain stable and object undefined fields stay omitted
quality	Run repository quality gate	2026-10-05T13:33:17.2090461Z   ---
quality	Run repository quality gate	2026-10-05T13:33:17.2090655Z   duration_ms: 0.213517
quality	Run repository quality gate	2026-10-05T13:33:17.2090877Z   type: 'test'
quality	Run repository quality gate	2026-10-05T13:33:17.2091072Z   ...
quality	Run repository quality gate	2026-10-05T13:33:17.3001370Z # Subtest: unknown actions default to denial
quality	Run repository quality gate	2026-10-05T13:33:17.3002108Z ok 292 - unknown actions default to denial
quality	Run repository quality gate	2026-10-05T13:33:17.3002850Z   ---
quality	Run repository quality gate	2026-10-05T13:33:17.3003237Z   duration_ms: 0.835505
quality	Run repository quality gate	2026-10-05T13:33:17.3003666Z   type: 'test'
quality	Run repository quality gate	2026-10-05T13:33:17.3004033Z   ...
quality	Run repository quality gate	2026-10-05T13:33:17.3004643Z # Subtest: exact ALLOW rule permits only already-authorized low-risk action
quality	Run repository quality gate	2026-10-05T13:33:17.3005934Z ok 293 - exact ALLOW rule permits only already-authorized low-risk action
quality	Run repository quality gate	2026-10-05T13:33:17.3006606Z   ---
quality	Run repository quality gate	2026-10-05T13:33:17.3006983Z   duration_ms: 0.358742
quality	Run repository quality gate	2026-10-05T13:33:17.3007409Z   type: 'test'
quality	Run repository quality gate	2026-10-05T13:33:17.3007769Z   ...
quality	Run repository quality gate	2026-10-05T13:33:17.3008295Z # Subtest: high and critical risks cannot be downgraded by an ALLOW rule
quality	Run repository quality gate	2026-10-05T13:33:17.3009105Z ok 294 - high and critical risks cannot be downgraded by an ALLOW rule
quality	Run repository quality gate	2026-10-05T13:33:17.3009672Z   ---
quality	Run repository quality gate	2026-10-05T13:33:17.3009979Z   duration_ms: 0.170524
quality	Run repository quality gate	2026-10-05T13:33:17.3010354Z   type: 'test'
quality	Run repository quality gate	2026-10-05T13:33:17.3010665Z   ...
quality	Run repository quality gate	2026-10-05T13:33:17.3011153Z # Subtest: read-only overrides allow and approval for mutating actions
quality	Run repository quality gate	2026-10-05T13:33:17.3011893Z ok 295 - read-only overrides allow and approval for mutating actions
quality	Run repository quality gate	2026-10-05T13:33:17.3012744Z   ---
quality	Run repository quality gate	2026-10-05T13:33:17.3013098Z   duration_ms: 0.094605
quality	Run repository quality gate	2026-10-05T13:33:17.3013455Z   type: 'test'
quality	Run repository quality gate	2026-10-05T13:33:17.3013766Z   ...
quality	Run repository quality gate	2026-10-05T13:33:17.3014185Z # Subtest: explicit REQUIRE_APPROVAL is honored for low-risk actions
quality	Run repository quality gate	2026-10-05T13:33:17.3014840Z ok 296 - explicit REQUIRE_APPROVAL is honored for low-risk actions
quality	Run repository quality gate	2026-10-05T13:33:17.3015378Z   ---
quality	Run repository quality gate	2026-10-05T13:33:17.3015647Z   duration_ms: 0.145387
quality	Run repository quality gate	2026-10-05T13:33:17.3015986Z   type: 'test'
quality	Run repository quality gate	2026-10-05T13:33:17.3016350Z   ...
quality	Run repository quality gate	2026-10-05T13:33:17.3023751Z # Subtest: malformed rules, wildcards and getters are rejected without execution
quality	Run repository quality gate	2026-10-05T13:33:17.3024670Z ok 297 - malformed rules, wildcards and getters are rejected without execution
quality	Run repository quality gate	2026-10-05T13:33:17.3025275Z   ---
quality	Run repository quality gate	2026-10-05T13:33:17.3025596Z   duration_ms: 0.276702
quality	Run repository quality gate	2026-10-05T13:33:17.3025954Z   type: 'test'
quality	Run repository quality gate	2026-10-05T13:33:17.3026277Z   ...
quality	Run repository quality gate	2026-10-05T13:33:17.3026779Z # Subtest: malformed risk never becomes an implicitly allowed action
quality	Run repository quality gate	2026-10-05T13:33:17.3027581Z ok 298 - malformed risk never becomes an implicitly allowed action
quality	Run repository quality gate	2026-10-05T13:33:17.3028170Z   ---
quality	Run repository quality gate	2026-10-05T13:33:17.3028561Z   duration_ms: 0.171758
quality	Run repository quality gate	2026-10-05T13:33:17.3029012Z   type: 'test'
quality	Run repository quality gate	2026-10-05T13:33:17.3029717Z   ...
quality	Run repository quality gate	2026-10-05T13:33:17.3030320Z # Subtest: model-supplied policy fields have no authority
quality	Run repository quality gate	2026-10-05T13:33:17.3030898Z ok 299 - model-supplied policy fields have no authority
quality	Run repository quality gate	2026-10-05T13:33:17.3031338Z   ---
quality	Run repository quality gate	2026-10-05T13:33:17.3031616Z   duration_ms: 0.093522
quality	Run repository quality gate	2026-10-05T13:33:17.3031937Z   type: 'test'
quality	Run repository quality gate	2026-10-05T13:33:17.3032225Z   ...
quality	Run repository quality gate	2026-10-05T13:33:17.4010194Z # Subtest: receipt store atomically acquires, completes and replays
quality	Run repository quality gate	2026-10-05T13:33:17.4011029Z ok 300 - receipt store atomically acquires, completes and replays
quality	Run repository quality gate	2026-10-05T13:33:17.4011457Z   ---
quality	Run repository quality gate	2026-10-05T13:33:17.4011762Z   duration_ms: 2.707918
quality	Run repository quality gate	2026-10-05T13:33:17.4012114Z   type: 'test'
quality	Run repository quality gate	2026-10-05T13:33:17.4012446Z   ...
quality	Run repository quality gate	2026-10-05T13:33:17.4020500Z # Subtest: receipt rejects same key with another digest
quality	Run repository quality gate	2026-10-05T13:33:17.4021102Z ok 301 - receipt rejects same key with another digest
quality	Run repository quality gate	2026-10-05T13:33:17.4021548Z   ---
quality	Run repository quality gate	2026-10-05T13:33:17.4021818Z   duration_ms: 0.651092
quality	Run repository quality gate	2026-10-05T13:33:17.4022068Z   type: 'test'
quality	Run repository quality gate	2026-10-05T13:33:17.4022268Z   ...
quality	Run repository quality gate	2026-10-05T13:33:17.4025293Z # Subtest: receipt completion requires the acquired lease token
quality	Run repository quality gate	2026-10-05T13:33:17.4025818Z ok 302 - receipt completion requires the acquired lease token
quality	Run repository quality gate	2026-10-05T13:33:17.4026369Z   ---
quality	Run repository quality gate	2026-10-05T13:33:17.4026709Z   duration_ms: 0.293594
quality	Run repository quality gate	2026-10-05T13:33:17.4027089Z   type: 'test'
quality	Run repository quality gate	2026-10-05T13:33:17.4027366Z   ...
quality	Run repository quality gate	2026-10-05T13:33:17.4027778Z # Subtest: approval consumption is tenant, action, digest and expiry bound
quality	Run repository quality gate	2026-10-05T13:33:17.4028435Z ok 303 - approval consumption is tenant, action, digest and expiry bound
quality	Run repository quality gate	2026-10-05T13:33:17.4028909Z   ---
quality	Run repository quality gate	2026-10-05T13:33:17.4029120Z   duration_ms: 0.409236
quality	Run repository quality gate	2026-10-05T13:33:17.4029346Z   type: 'test'
quality	Run repository quality gate	2026-10-05T13:33:17.4029566Z   ...
quality	Run repository quality gate	2026-10-05T13:33:17.4029947Z # Subtest: audit sink redacts secret-bearing properties
quality	Run repository quality gate	2026-10-05T13:33:17.4032423Z ok 304 - audit sink redacts secret-bearing properties
quality	Run repository quality gate	2026-10-05T13:33:17.4033037Z   ---
quality	Run repository quality gate	2026-10-05T13:33:17.4033628Z   duration_ms: 0.859012
quality	Run repository quality gate	2026-10-05T13:33:17.4033972Z   type: 'test'
quality	Run repository quality gate	2026-10-05T13:33:17.4034259Z   ...
quality	Run repository quality gate	2026-10-05T13:33:17.4034809Z # Subtest: expired unsafe receipt is quarantined instead of repeating an unknown external side effect
quality	Run repository quality gate	2026-10-05T13:33:17.4035723Z ok 305 - expired unsafe receipt is quarantined instead of repeating an unknown external side effect
quality	Run repository quality gate	2026-10-05T13:33:17.4036339Z   ---
quality	Run repository quality gate	2026-10-05T13:33:17.4036640Z   duration_ms: 0.53612
quality	Run repository quality gate	2026-10-05T13:33:17.4036971Z   type: 'test'
quality	Run repository quality gate	2026-10-05T13:33:17.4037247Z   ...
quality	Run repository quality gate	2026-10-05T13:33:17.4037718Z # Subtest: expired receipt may replay only with an explicit safe adapter capability
quality	Run repository quality gate	2026-10-05T13:33:17.4038414Z ok 306 - expired receipt may replay only with an explicit safe adapter capability
quality	Run repository quality gate	2026-10-05T13:33:17.4039317Z   ---
quality	Run repository quality gate	2026-10-05T13:33:17.4039611Z   duration_ms: 0.601196
quality	Run repository quality gate	2026-10-05T13:33:17.4039934Z   type: 'test'
quality	Run repository quality gate	2026-10-05T13:33:17.4040202Z   ...
quality	Run repository quality gate	2026-10-05T13:33:17.4040615Z # Subtest: receipt lease covers the complete declared execution/retry budget
quality	Run repository quality gate	2026-10-05T13:33:17.4041301Z ok 307 - receipt lease covers the complete declared execution/retry budget
quality	Run repository quality gate	2026-10-05T13:33:17.4041645Z   ---
quality	Run repository quality gate	2026-10-05T13:33:17.4041839Z   duration_ms: 0.257388
quality	Run repository quality gate	2026-10-05T13:33:17.4042059Z   type: 'test'
quality	Run repository quality gate	2026-10-05T13:33:17.4042261Z   ...
quality	Run repository quality gate	2026-10-05T13:33:17.4959394Z # Subtest: memory reference adapter quarantines expired unsafe execution too
quality	Run repository quality gate	2026-10-05T13:33:17.4965319Z ok 308 - memory reference adapter quarantines expired unsafe execution too
quality	Run repository quality gate	2026-10-05T13:33:17.4965894Z   ---
quality	Run repository quality gate	2026-10-05T13:33:17.4966221Z   duration_ms: 1.363808
quality	Run repository quality gate	2026-10-05T13:33:17.4966481Z   type: 'test'
quality	Run repository quality gate	2026-10-05T13:33:17.4966715Z   ...
quality	Run repository quality gate	2026-10-05T13:33:17.5992069Z # Subtest: canonical JSON is stable across object key order
quality	Run repository quality gate	2026-10-05T13:33:17.5993241Z ok 309 - canonical JSON is stable across object key order
quality	Run repository quality gate	2026-10-05T13:33:17.5993954Z   ---
quality	Run repository quality gate	2026-10-05T13:33:17.5994434Z   duration_ms: 1.190713
quality	Run repository quality gate	2026-10-05T13:33:17.5994857Z   type: 'test'
quality	Run repository quality gate	2026-10-05T13:33:17.5995198Z   ...
quality	Run repository quality gate	2026-10-05T13:33:17.5995592Z # Subtest: idempotency key is deterministic and tenant scoped
quality	Run repository quality gate	2026-10-05T13:33:17.5996154Z ok 310 - idempotency key is deterministic and tenant scoped
quality	Run repository quality gate	2026-10-05T13:33:17.5996497Z   ---
quality	Run repository quality gate	2026-10-05T13:33:17.5996698Z   duration_ms: 0.627341
quality	Run repository quality gate	2026-10-05T13:33:17.5996944Z   type: 'test'
quality	Run repository quality gate	2026-10-05T13:33:17.5997166Z   ...
quality	Run repository quality gate	2026-10-05T13:33:17.5997678Z # Subtest: money avoids floating point and uses explicit rounding
quality	Run repository quality gate	2026-10-05T13:33:17.5999848Z ok 311 - money avoids floating point and uses explicit rounding
quality	Run repository quality gate	2026-10-05T13:33:17.6000406Z   ---
quality	Run repository quality gate	2026-10-05T13:33:17.6000719Z   duration_ms: 0.485529
quality	Run repository quality gate	2026-10-05T13:33:17.6001051Z   type: 'test'
quality	Run repository quality gate	2026-10-05T13:33:17.6001432Z   ...
quality	Run repository quality gate	2026-10-05T13:33:17.6002118Z # Subtest: agent policy is deny by default and approval is payload-bound
quality	Run repository quality gate	2026-10-05T13:33:17.6003159Z ok 312 - agent policy is deny by default and approval is payload-bound
quality	Run repository quality gate	2026-10-05T13:33:17.6003775Z   ---
quality	Run repository quality gate	2026-10-05T13:33:17.6004047Z   duration_ms: 0.500437
quality	Run repository quality gate	2026-10-05T13:33:17.6004337Z   type: 'test'
quality	Run repository quality gate	2026-10-05T13:33:17.6004583Z   ...
quality	Run repository quality gate	2026-10-05T13:33:17.6005040Z # Subtest: retry is bounded and uses injected deterministic sleep
quality	Run repository quality gate	2026-10-05T13:33:17.6005895Z ok 313 - retry is bounded and uses injected deterministic sleep
quality	Run repository quality gate	2026-10-05T13:33:17.6006408Z   ---
quality	Run repository quality gate	2026-10-05T13:33:17.6006721Z   duration_ms: 0.842148
quality	Run repository quality gate	2026-10-05T13:33:17.6007029Z   type: 'test'
quality	Run repository quality gate	2026-10-05T13:33:17.6007287Z   ...
quality	Run repository quality gate	2026-10-05T13:33:17.6007738Z # Subtest: integration URL policy blocks local, credential and rebinding targets
quality	Run repository quality gate	2026-10-05T13:33:17.6008418Z ok 314 - integration URL policy blocks local, credential and rebinding targets
quality	Run repository quality gate	2026-10-05T13:33:17.6009066Z   ---
quality	Run repository quality gate	2026-10-05T13:33:17.6009368Z   duration_ms: 5.149485
quality	Run repository quality gate	2026-10-05T13:33:17.6009739Z   type: 'test'
quality	Run repository quality gate	2026-10-05T13:33:17.6010054Z   ...
quality	Run repository quality gate	2026-10-05T13:33:17.6010576Z # Subtest: pipeline validates terminal semantics and transition policy
quality	Run repository quality gate	2026-10-05T13:33:17.6012756Z ok 315 - pipeline validates terminal semantics and transition policy
quality	Run repository quality gate	2026-10-05T13:33:17.6013587Z   ---
quality	Run repository quality gate	2026-10-05T13:33:17.6014403Z   duration_ms: 0.444549
quality	Run repository quality gate	2026-10-05T13:33:17.6014901Z   type: 'test'
quality	Run repository quality gate	2026-10-05T13:33:17.6015334Z   ...
quality	Run repository quality gate	2026-10-05T13:33:17.6016065Z # Subtest: deal health returns deterministic evidence factors
quality	Run repository quality gate	2026-10-05T13:33:17.6016838Z ok 316 - deal health returns deterministic evidence factors
quality	Run repository quality gate	2026-10-05T13:33:17.6017489Z   ---
quality	Run repository quality gate	2026-10-05T13:33:17.6018074Z   duration_ms: 0.35633
quality	Run repository quality gate	2026-10-05T13:33:17.6018572Z   type: 'test'
quality	Run repository quality gate	2026-10-05T13:33:17.6019018Z   ...
quality	Run repository quality gate	2026-10-05T13:33:17.6019706Z # Subtest: contact normalization supports Uzbekistan and safe mapping errors
quality	Run repository quality gate	2026-10-05T13:33:17.6020584Z ok 317 - contact normalization supports Uzbekistan and safe mapping errors
quality	Run repository quality gate	2026-10-05T13:33:17.6021020Z   ---
quality	Run repository quality gate	2026-10-05T13:33:17.6021289Z   duration_ms: 0.44575
quality	Run repository quality gate	2026-10-05T13:33:17.6021589Z   type: 'test'
quality	Run repository quality gate	2026-10-05T13:33:17.6022008Z   ...
quality	Run repository quality gate	2026-10-05T13:33:17.6022314Z # Subtest: ROI calculation uses integer arithmetic
quality	Run repository quality gate	2026-10-05T13:33:17.6022966Z ok 318 - ROI calculation uses integer arithmetic
quality	Run repository quality gate	2026-10-05T13:33:17.6023472Z   ---
quality	Run repository quality gate	2026-10-05T13:33:17.6023860Z   duration_ms: 0.443501
quality	Run repository quality gate	2026-10-05T13:33:17.6024184Z   type: 'test'
quality	Run repository quality gate	2026-10-05T13:33:17.6024445Z   ...
quality	Run repository quality gate	2026-10-05T13:33:17.6024795Z # Subtest: approval payload hash changes when action data changes
quality	Run repository quality gate	2026-10-05T13:33:17.6025386Z ok 319 - approval payload hash changes when action data changes
quality	Run repository quality gate	2026-10-05T13:33:17.6025840Z   ---
quality	Run repository quality gate	2026-10-05T13:33:17.6026086Z   duration_ms: 0.146647
quality	Run repository quality gate	2026-10-05T13:33:17.6026402Z   type: 'test'
quality	Run repository quality gate	2026-10-05T13:33:17.6026688Z   ...
quality	Run repository quality gate	2026-10-05T13:33:17.6858043Z # Subtest: decimal money input converts exactly without binary floating-point rounding
quality	Run repository quality gate	2026-10-05T13:33:17.6859632Z ok 320 - decimal money input converts exactly without binary floating-point rounding
quality	Run repository quality gate	2026-10-05T13:33:17.6860237Z   ---
quality	Run repository quality gate	2026-10-05T13:33:17.6860617Z   duration_ms: 0.875386
quality	Run repository quality gate	2026-10-05T13:33:17.6861036Z   type: 'test'
quality	Run repository quality gate	2026-10-05T13:33:17.6861371Z   ...
quality	Run repository quality gate	2026-10-05T13:33:17.6879607Z # Subtest: rejects parseFloat-style trailing junk, grouping, exponent, negative and overprecision
quality	Run repository quality gate	2026-10-05T13:33:17.6880694Z ok 321 - rejects parseFloat-style trailing junk, grouping, exponent, negative and overprecision
quality	Run repository quality gate	2026-10-05T13:33:17.6881351Z   ---
quality	Run repository quality gate	2026-10-05T13:33:17.6881626Z   duration_ms: 0.486842
quality	Run repository quality gate	2026-10-05T13:33:17.6881968Z   type: 'test'
quality	Run repository quality gate	2026-10-05T13:33:17.6882249Z   ...
quality	Run repository quality gate	2026-10-05T13:33:17.6882944Z # Subtest: maximum supported amount round trips exactly and overflow is rejected
quality	Run repository quality gate	2026-10-05T13:33:17.6883799Z ok 322 - maximum supported amount round trips exactly and overflow is rejected
quality	Run repository quality gate	2026-10-05T13:33:17.6884359Z   ---
quality	Run repository quality gate	2026-10-05T13:33:17.6884707Z   duration_ms: 0.270681
quality	Run repository quality gate	2026-10-05T13:33:17.6885034Z   type: 'test'
quality	Run repository quality gate	2026-10-05T13:33:17.6885306Z   ...
quality	Run repository quality gate	2026-10-05T13:33:17.6885798Z # Subtest: input formatter does not turn absent data into zero or accept corrupt stored cents
quality	Run repository quality gate	2026-10-05T13:33:17.6886656Z ok 323 - input formatter does not turn absent data into zero or accept corrupt stored cents
quality	Run repository quality gate	2026-10-05T13:33:17.6887269Z   ---
quality	Run repository quality gate	2026-10-05T13:33:17.6887556Z   duration_ms: 0.141917
quality	Run repository quality gate	2026-10-05T13:33:17.6887910Z   type: 'test'
quality	Run repository quality gate	2026-10-05T13:33:17.6888219Z   ...
quality	Run repository quality gate	2026-10-05T13:33:17.7725797Z # Subtest: test DB never derives a target from DATABASE_URL
quality	Run repository quality gate	2026-10-05T13:33:17.7726623Z ok 324 - test DB never derives a target from DATABASE_URL
quality	Run repository quality gate	2026-10-05T13:33:17.7727104Z   ---
quality	Run repository quality gate	2026-10-05T13:33:17.7727429Z   duration_ms: 1.074794
quality	Run repository quality gate	2026-10-05T13:33:17.7727845Z   type: 'test'
quality	Run repository quality gate	2026-10-05T13:33:17.7728187Z   ...
quality	Run repository quality gate	2026-10-05T13:33:17.7728782Z # Subtest: explicit disposable loopback target is accepted without leaking configuration
quality	Run repository quality gate	2026-10-05T13:33:17.7729774Z ok 325 - explicit disposable loopback target is accepted without leaking configuration
quality	Run repository quality gate	2026-10-05T13:33:17.7730434Z   ---
quality	Run repository quality gate	2026-10-05T13:33:17.7730721Z   duration_ms: 0.401727
quality	Run repository quality gate	2026-10-05T13:33:17.7731039Z   type: 'test'
quality	Run repository quality gate	2026-10-05T13:33:17.7731375Z   ...
quality	Run repository quality gate	2026-10-05T13:33:17.7731908Z # Subtest: same DB is rejected despite changed credentials, scheme, port default and query
quality	Run repository quality gate	2026-10-05T13:33:17.7732864Z ok 326 - same DB is rejected despite changed credentials, scheme, port default and query
quality	Run repository quality gate	2026-10-05T13:33:17.7733806Z   ---
quality	Run repository quality gate	2026-10-05T13:33:17.7734035Z   duration_ms: 0.24161
quality	Run repository quality gate	2026-10-05T13:33:17.7734405Z   type: 'test'
quality	Run repository quality gate	2026-10-05T13:33:17.7734693Z   ...
quality	Run repository quality gate	2026-10-05T13:33:17.7735206Z # Subtest: remote targets require opt-in and still reject normalized live identity
quality	Run repository quality gate	2026-10-05T13:33:17.7735986Z ok 327 - remote targets require opt-in and still reject normalized live identity
quality	Run repository quality gate	2026-10-05T13:33:17.7736507Z   ---
quality	Run repository quality gate	2026-10-05T13:33:17.7736785Z   duration_ms: 0.245851
quality	Run repository quality gate	2026-10-05T13:33:17.7737084Z   type: 'test'
quality	Run repository quality gate	2026-10-05T13:33:17.7737367Z   ...
quality	Run repository quality gate	2026-10-05T13:33:17.7737795Z # Subtest: unsafe database identifiers and ambiguous paths fail closed
quality	Run repository quality gate	2026-10-05T13:33:17.7738467Z ok 328 - unsafe database identifiers and ambiguous paths fail closed
quality	Run repository quality gate	2026-10-05T13:33:17.7741142Z   ---
quality	Run repository quality gate	2026-10-05T13:33:17.7741470Z   duration_ms: 0.359453
quality	Run repository quality gate	2026-10-05T13:33:17.7741923Z   type: 'test'
quality	Run repository quality gate	2026-10-05T13:33:17.7742191Z   ...
quality	Run repository quality gate	2026-10-05T13:33:17.7742839Z # Subtest: connection redirection, schema changes and repeated params are rejected
quality	Run repository quality gate	2026-10-05T13:33:17.7743812Z ok 329 - connection redirection, schema changes and repeated params are rejected
quality	Run repository quality gate	2026-10-05T13:33:17.7744451Z   ---
quality	Run repository quality gate	2026-10-05T13:33:17.7744845Z   duration_ms: 0.450072
quality	Run repository quality gate	2026-10-05T13:33:17.7745171Z   type: 'test'
quality	Run repository quality gate	2026-10-05T13:33:17.7745446Z   ...
quality	Run repository quality gate	2026-10-05T13:33:17.7745704Z # Subtest: invalid URLs do not echo credentials in errors
quality	Run repository quality gate	2026-10-05T13:33:17.7746174Z ok 330 - invalid URLs do not echo credentials in errors
quality	Run repository quality gate	2026-10-05T13:33:17.7746593Z   ---
quality	Run repository quality gate	2026-10-05T13:33:17.7746865Z   duration_ms: 0.242934
quality	Run repository quality gate	2026-10-05T13:33:17.7747153Z   type: 'test'
quality	Run repository quality gate	2026-10-05T13:33:17.7747420Z   ...
quality	Run repository quality gate	2026-10-05T13:33:17.7747771Z # Subtest: reset needs separate explicit consent
quality	Run repository quality gate	2026-10-05T13:33:17.7748270Z ok 331 - reset needs separate explicit consent
quality	Run repository quality gate	2026-10-05T13:33:17.7748720Z   ---
quality	Run repository quality gate	2026-10-05T13:33:17.7749021Z   duration_ms: 0.235773
quality	Run repository quality gate	2026-10-05T13:33:17.7749310Z   type: 'test'
quality	Run repository quality gate	2026-10-05T13:33:17.7749566Z   ...
quality	Run repository quality gate	2026-10-05T13:33:17.7750107Z # Subtest: test DB implementation has no implicit live fallback, auto-reset or credential printing
quality	Run repository quality gate	2026-10-05T13:33:17.7751120Z ok 332 - test DB implementation has no implicit live fallback, auto-reset or credential printing
quality	Run repository quality gate	2026-10-05T13:33:17.7751830Z   ---
quality	Run repository quality gate	2026-10-05T13:33:17.7752145Z   duration_ms: 0.462315
quality	Run repository quality gate	2026-10-05T13:33:17.7752466Z   type: 'test'
quality	Run repository quality gate	2026-10-05T13:33:17.7752898Z   ...
quality	Run repository quality gate	2026-10-05T13:33:17.8993440Z # Subtest: blocks private, loopback, link-local, metadata, documentation and multicast IP ranges
quality	Run repository quality gate	2026-10-05T13:33:17.8994805Z ok 333 - blocks private, loopback, link-local, metadata, documentation and multicast IP ranges
quality	Run repository quality gate	2026-10-05T13:33:17.8995697Z   ---
quality	Run repository quality gate	2026-10-05T13:33:17.8996126Z   duration_ms: 6.028552
quality	Run repository quality gate	2026-10-05T13:33:17.8996644Z   type: 'test'
quality	Run repository quality gate	2026-10-05T13:33:17.8997100Z   ...
quality	Run repository quality gate	2026-10-05T13:33:17.8997769Z # Subtest: rejects URL credentials and DNS rebinding to a private address
quality	Run repository quality gate	2026-10-05T13:33:17.8998665Z ok 334 - rejects URL credentials and DNS rebinding to a private address
quality	Run repository quality gate	2026-10-05T13:33:17.8999351Z   ---
quality	Run repository quality gate	2026-10-05T13:33:17.8999798Z   duration_ms: 0.896075
quality	Run repository quality gate	2026-10-05T13:33:17.9000242Z   type: 'test'
quality	Run repository quality gate	2026-10-05T13:33:17.9000639Z   ...
quality	Run repository quality gate	2026-10-05T13:33:17.9001077Z # Subtest: enforces connector host allowlists
quality	Run repository quality gate	2026-10-05T13:33:17.9001653Z ok 335 - enforces connector host allowlists
quality	Run repository quality gate	2026-10-05T13:33:17.9002207Z   ---
quality	Run repository quality gate	2026-10-05T13:33:17.9002750Z   duration_ms: 0.233815
quality	Run repository quality gate	2026-10-05T13:33:17.9003254Z   type: 'test'
quality	Run repository quality gate	2026-10-05T13:33:17.9003688Z   ...
quality	Run repository quality gate	2026-10-05T13:33:17.9085475Z # Subtest: executes a pinned bounded request and parses JSON
quality	Run repository quality gate	2026-10-05T13:33:17.9086458Z ok 336 - executes a pinned bounded request and parses JSON
quality	Run repository quality gate	2026-10-05T13:33:17.9087122Z   ---
quality	Run repository quality gate	2026-10-05T13:33:17.9087571Z   duration_ms: 16.53216
quality	Run repository quality gate	2026-10-05T13:33:17.9088110Z   type: 'test'
quality	Run repository quality gate	2026-10-05T13:33:17.9088553Z   ...
quality	Run repository quality gate	2026-10-05T13:33:17.9089076Z # Subtest: rejects mutation retry without idempotency
quality	Run repository quality gate	2026-10-05T13:33:17.9089807Z ok 337 - rejects mutation retry without idempotency
quality	Run repository quality gate	2026-10-05T13:33:17.9090407Z   ---
quality	Run repository quality gate	2026-10-05T13:33:17.9090894Z   duration_ms: 0.342247
quality	Run repository quality gate	2026-10-05T13:33:17.9091663Z   type: 'test'
quality	Run repository quality gate	2026-10-05T13:33:17.9092074Z   ...
quality	Run repository quality gate	2026-10-05T13:33:17.9173682Z # Subtest: rejects redirect to a private destination
quality	Run repository quality gate	2026-10-05T13:33:17.9174780Z ok 338 - rejects redirect to a private destination
quality	Run repository quality gate	2026-10-05T13:33:17.9175602Z   ---
quality	Run repository quality gate	2026-10-05T13:33:17.9176184Z   duration_ms: 3.494621
quality	Run repository quality gate	2026-10-05T13:33:17.9176859Z   type: 'test'
quality	Run repository quality gate	2026-10-05T13:33:17.9177309Z   ...
quality	Run repository quality gate	2026-10-05T13:33:17.9178420Z # Subtest: verifies HMAC webhooks and rejects replay
quality	Run repository quality gate	2026-10-05T13:33:17.9179097Z ok 339 - verifies HMAC webhooks and rejects replay
quality	Run repository quality gate	2026-10-05T13:33:17.9179595Z   ---
quality	Run repository quality gate	2026-10-05T13:33:17.9179939Z   duration_ms: 1.149012
quality	Run repository quality gate	2026-10-05T13:33:17.9180370Z   type: 'test'
quality	Run repository quality gate	2026-10-05T13:33:17.9180740Z   ...
quality	Run repository quality gate	2026-10-05T13:33:17.9181148Z # Subtest: rejects tampered webhook body
quality	Run repository quality gate	2026-10-05T13:33:17.9182053Z ok 340 - rejects tampered webhook body
quality	Run repository quality gate	2026-10-05T13:33:17.9182710Z   ---
quality	Run repository quality gate	2026-10-05T13:33:17.9183105Z   duration_ms: 0.407877
quality	Run repository quality gate	2026-10-05T13:33:17.9183520Z   type: 'test'
quality	Run repository quality gate	2026-10-05T13:33:17.9183888Z   ...
quality	Run repository quality gate	2026-10-05T13:33:17.9184402Z # Subtest: compiles bounded OpenAPI operations and classifies risk
quality	Run repository quality gate	2026-10-05T13:33:17.9185158Z ok 341 - compiles bounded OpenAPI operations and classifies risk
quality	Run repository quality gate	2026-10-05T13:33:17.9185702Z   ---
quality	Run repository quality gate	2026-10-05T13:33:17.9186032Z   duration_ms: 1.084785
quality	Run repository quality gate	2026-10-05T13:33:17.9186398Z   type: 'test'
quality	Run repository quality gate	2026-10-05T13:33:17.9186721Z   ...
quality	Run repository quality gate	2026-10-05T13:33:17.9213419Z # Subtest: rejects external OpenAPI references
quality	Run repository quality gate	2026-10-05T13:33:17.9214529Z ok 342 - rejects external OpenAPI references
quality	Run repository quality gate	2026-10-05T13:33:17.9215197Z   ---
quality	Run repository quality gate	2026-10-05T13:33:17.9215693Z   duration_ms: 0.543741
quality	Run repository quality gate	2026-10-05T13:33:17.9216252Z   type: 'test'
quality	Run repository quality gate	2026-10-05T13:33:17.9216744Z   ...
quality	Run repository quality gate	2026-10-05T13:33:17.9217425Z # Subtest: rejects malformed resolver results before opening a socket
quality	Run repository quality gate	2026-10-05T13:33:17.9218395Z ok 343 - rejects malformed resolver results before opening a socket
quality	Run repository quality gate	2026-10-05T13:33:17.9219119Z   ---
quality	Run repository quality gate	2026-10-05T13:33:17.9219702Z   duration_ms: 0.475627
quality	Run repository quality gate	2026-10-05T13:33:17.9220248Z   type: 'test'
quality	Run repository quality gate	2026-10-05T13:33:17.9220741Z   ...
quality	Run repository quality gate	2026-10-05T13:33:17.9221239Z # Subtest: validates the retry-delay boundary
quality	Run repository quality gate	2026-10-05T13:33:17.9221874Z ok 344 - validates the retry-delay boundary
quality	Run repository quality gate	2026-10-05T13:33:17.9222425Z   ---
quality	Run repository quality gate	2026-10-05T13:33:17.9222992Z   duration_ms: 0.240852
quality	Run repository quality gate	2026-10-05T13:33:17.9223463Z   type: 'test'
quality	Run repository quality gate	2026-10-05T13:33:17.9223902Z   ...
quality	Run repository quality gate	2026-10-05T13:33:18.0178627Z # Subtest: enforces a total request deadline even while response bytes keep arriving
quality	Run repository quality gate	2026-10-05T13:33:18.0179725Z ok 345 - enforces a total request deadline even while response bytes keep arriving
quality	Run repository quality gate	2026-10-05T13:33:18.0180143Z   ---
quality	Run repository quality gate	2026-10-05T13:33:18.0180393Z   duration_ms: 102.328796
quality	Run repository quality gate	2026-10-05T13:33:18.0180680Z   type: 'test'
quality	Run repository quality gate	2026-10-05T13:33:18.0180904Z   ...
quality	Run repository quality gate	2026-10-05T13:33:18.1417620Z # Subtest: SSRF: all mapped, expanded, reserved and transition representations are blocked
quality	Run repository quality gate	2026-10-05T13:33:18.1419005Z ok 346 - SSRF: all mapped, expanded, reserved and transition representations are blocked
quality	Run repository quality gate	2026-10-05T13:33:18.1419980Z   ---
quality	Run repository quality gate	2026-10-05T13:33:18.1420462Z   duration_ms: 6.142067
quality	Run repository quality gate	2026-10-05T13:33:18.1420998Z   type: 'test'
quality	Run repository quality gate	2026-10-05T13:33:18.1421485Z   ...
quality	Run repository quality gate	2026-10-05T13:33:18.1494300Z # Subtest: HTTP: cross-origin redirect cannot forward secrets or reach its destination
quality	Run repository quality gate	2026-10-05T13:33:18.1495589Z ok 347 - HTTP: cross-origin redirect cannot forward secrets or reach its destination
quality	Run repository quality gate	2026-10-05T13:33:18.1496440Z   ---
quality	Run repository quality gate	2026-10-05T13:33:18.1496925Z   duration_ms: 16.729297
quality	Run repository quality gate	2026-10-05T13:33:18.1497432Z   type: 'test'
quality	Run repository quality gate	2026-10-05T13:33:18.1497899Z   ...
quality	Run repository quality gate	2026-10-05T13:33:18.1549217Z # Subtest: HTTP: safe same-origin GET redirect still works
quality	Run repository quality gate	2026-10-05T13:33:18.1550014Z ok 348 - HTTP: safe same-origin GET redirect still works
quality	Run repository quality gate	2026-10-05T13:33:18.1550576Z   ---
quality	Run repository quality gate	2026-10-05T13:33:18.1550921Z   duration_ms: 4.281165
quality	Run repository quality gate	2026-10-05T13:33:18.1551381Z   type: 'test'
quality	Run repository quality gate	2026-10-05T13:33:18.1551717Z   ...
quality	Run repository quality gate	2026-10-05T13:33:18.1552257Z # Subtest: HTTP: an idempotency header alone does not prove the provider can safely retry
quality	Run repository quality gate	2026-10-05T13:33:18.1553763Z ok 349 - HTTP: an idempotency header alone does not prove the provider can safely retry
quality	Run repository quality gate	2026-10-05T13:33:18.1554430Z   ---
quality	Run repository quality gate	2026-10-05T13:33:18.1554845Z   duration_ms: 0.395969
quality	Run repository quality gate	2026-10-05T13:33:18.1555176Z   type: 'test'
quality	Run repository quality gate	2026-10-05T13:33:18.1555584Z   ...
quality	Run repository quality gate	2026-10-05T13:33:18.1556017Z # Subtest: HTTP: abort before dispatch performs no DNS lookup
quality	Run repository quality gate	2026-10-05T13:33:18.1556643Z ok 350 - HTTP: abort before dispatch performs no DNS lookup
quality	Run repository quality gate	2026-10-05T13:33:18.1557126Z   ---
quality	Run repository quality gate	2026-10-05T13:33:18.1557416Z   duration_ms: 0.277546
quality	Run repository quality gate	2026-10-05T13:33:18.1557754Z   type: 'test'
quality	Run repository quality gate	2026-10-05T13:33:18.1558050Z   ...
quality	Run repository quality gate	2026-10-05T13:33:18.2577168Z # Subtest: HTTP: deadline includes stalled DNS resolution
quality	Run repository quality gate	2026-10-05T13:33:18.2577898Z ok 351 - HTTP: deadline includes stalled DNS resolution
quality	Run repository quality gate	2026-10-05T13:33:18.2578989Z   ---
quality	Run repository quality gate	2026-10-05T13:33:18.2579261Z   duration_ms: 100.103501
quality	Run repository quality gate	2026-10-05T13:33:18.2580110Z   type: 'test'
quality	Run repository quality gate	2026-10-05T13:33:18.2580512Z   ...
quality	Run repository quality gate	2026-10-05T13:33:18.2580959Z # Subtest: Webhook: replay protection must not silently disappear
quality	Run repository quality gate	2026-10-05T13:33:18.2583824Z ok 352 - Webhook: replay protection must not silently disappear
quality	Run repository quality gate	2026-10-05T13:33:18.2584368Z   ---
quality	Run repository quality gate	2026-10-05T13:33:18.2584692Z   duration_ms: 1.255107
quality	Run repository quality gate	2026-10-05T13:33:18.2584947Z   type: 'test'
quality	Run repository quality gate	2026-10-05T13:33:18.2585167Z   ...
quality	Run repository quality gate	2026-10-05T13:33:18.2585505Z # Subtest: Webhook: ambiguous duplicate signature fields are rejected
quality	Run repository quality gate	2026-10-05T13:33:18.2586162Z ok 353 - Webhook: ambiguous duplicate signature fields are rejected
quality	Run repository quality gate	2026-10-05T13:33:18.2586766Z   ---
quality	Run repository quality gate	2026-10-05T13:33:18.2587056Z   duration_ms: 0.413816
quality	Run repository quality gate	2026-10-05T13:33:18.2587394Z   type: 'test'
quality	Run repository quality gate	2026-10-05T13:33:18.2587643Z   ...
quality	Run repository quality gate	2026-10-05T13:33:18.2588006Z # Subtest: OpenAPI: server base path is retained and schema is an immutable snapshot
quality	Run repository quality gate	2026-10-05T13:33:18.2588534Z ok 354 - OpenAPI: server base path is retained and schema is an immutable snapshot
quality	Run repository quality gate	2026-10-05T13:33:18.2589009Z   ---
quality	Run repository quality gate	2026-10-05T13:33:18.2589281Z   duration_ms: 0.853349
quality	Run repository quality gate	2026-10-05T13:33:18.2589607Z   type: 'test'
quality	Run repository quality gate	2026-10-05T13:33:18.2589973Z   ...
quality	Run repository quality gate	2026-10-05T13:33:18.2590355Z # Subtest: OpenAPI: reject host-changing and traversal paths
quality	Run repository quality gate	2026-10-05T13:33:18.2590920Z ok 355 - OpenAPI: reject host-changing and traversal paths
quality	Run repository quality gate	2026-10-05T13:33:18.2623394Z   ---
quality	Run repository quality gate	2026-10-05T13:33:18.2624248Z   duration_ms: 0.707951
quality	Run repository quality gate	2026-10-05T13:33:18.2624708Z   type: 'test'
quality	Run repository quality gate	2026-10-05T13:33:18.2625069Z   ...
quality	Run repository quality gate	2026-10-05T13:33:18.2625593Z # Subtest: OpenAPI: cyclic objects are bounded failures, not stack overflows
quality	Run repository quality gate	2026-10-05T13:33:18.2626402Z ok 356 - OpenAPI: cyclic objects are bounded failures, not stack overflows
quality	Run repository quality gate	2026-10-05T13:33:18.2627048Z   ---
quality	Run repository quality gate	2026-10-05T13:33:18.2627414Z   duration_ms: 0.167975
quality	Run repository quality gate	2026-10-05T13:33:18.2627856Z   type: 'test'
quality	Run repository quality gate	2026-10-05T13:33:18.2628246Z   ...
quality	Run repository quality gate	2026-10-05T13:33:18.3642009Z # Subtest: CSV: auto-detection works beyond the 30-row sampling boundary
quality	Run repository quality gate	2026-10-05T13:33:18.3643379Z ok 357 - CSV: auto-detection works beyond the 30-row sampling boundary
quality	Run repository quality gate	2026-10-05T13:33:18.3644169Z   ---
quality	Run repository quality gate	2026-10-05T13:33:18.3644628Z   duration_ms: 3.938624
quality	Run repository quality gate	2026-10-05T13:33:18.3645191Z   type: 'test'
quality	Run repository quality gate	2026-10-05T13:33:18.3645671Z   ...
quality	Run repository quality gate	2026-10-05T13:33:18.3646379Z # Subtest: CSV: rejects text or a second quoted string after a closing quote
quality	Run repository quality gate	2026-10-05T13:33:18.3647377Z ok 358 - CSV: rejects text or a second quoted string after a closing quote
quality	Run repository quality gate	2026-10-05T13:33:18.3648128Z   ---
quality	Run repository quality gate	2026-10-05T13:33:18.3648627Z   duration_ms: 0.567488
quality	Run repository quality gate	2026-10-05T13:33:18.3649169Z   type: 'test'
quality	Run repository quality gate	2026-10-05T13:33:18.3649610Z   ...
quality	Run repository quality gate	2026-10-05T13:33:18.3650268Z # Subtest: CSV: single-column imports are valid without explicit delimiter selection
quality	Run repository quality gate	2026-10-05T13:33:18.3651281Z ok 359 - CSV: single-column imports are valid without explicit delimiter selection
quality	Run repository quality gate	2026-10-05T13:33:18.3652048Z   ---
quality	Run repository quality gate	2026-10-05T13:33:18.3652477Z   duration_ms: 0.63854
quality	Run repository quality gate	2026-10-05T13:33:18.3653206Z   type: 'test'
quality	Run repository quality gate	2026-10-05T13:33:18.3653674Z   ...
quality	Run repository quality gate	2026-10-05T13:33:18.3654292Z # Subtest: CSV: formula escaping includes line breaks and Unicode whitespace
quality	Run repository quality gate	2026-10-05T13:33:18.3655179Z ok 360 - CSV: formula escaping includes line breaks and Unicode whitespace
quality	Run repository quality gate	2026-10-05T13:33:18.3656202Z   ---
quality	Run repository quality gate	2026-10-05T13:33:18.3656628Z   duration_ms: 0.281971
quality	Run repository quality gate	2026-10-05T13:33:18.3657109Z   type: 'test'
quality	Run repository quality gate	2026-10-05T13:33:18.3657517Z   ...
quality	Run repository quality gate	2026-10-05T13:33:18.3658055Z # Subtest: CSV: limits cannot be disabled by NaN or Infinity
quality	Run repository quality gate	2026-10-05T13:33:18.3658791Z ok 361 - CSV: limits cannot be disabled by NaN or Infinity
quality	Run repository quality gate	2026-10-05T13:33:18.3659298Z   ---
quality	Run repository quality gate	2026-10-05T13:33:18.3659671Z   duration_ms: 0.184344
quality	Run repository quality gate	2026-10-05T13:33:18.3660114Z   type: 'test'
quality	Run repository quality gate	2026-10-05T13:33:18.3660514Z   ...
quality	Run repository quality gate	2026-10-05T13:33:18.3660989Z # Subtest: CSV: source row numbers survive blank and multiline records
quality	Run repository quality gate	2026-10-05T13:33:18.3661503Z ok 362 - CSV: source row numbers survive blank and multiline records
quality	Run repository quality gate	2026-10-05T13:33:18.3661902Z   ---
quality	Run repository quality gate	2026-10-05T13:33:18.3662337Z   duration_ms: 1.466027
quality	Run repository quality gate	2026-10-05T13:33:18.3662890Z   type: 'test'
quality	Run repository quality gate	2026-10-05T13:33:18.3663309Z   ...
quality	Run repository quality gate	2026-10-05T13:33:18.3663838Z # Subtest: CSV: format detection rejects backslash paths and control characters on every OS
quality	Run repository quality gate	2026-10-05T13:33:18.3664424Z ok 363 - CSV: format detection rejects backslash paths and control characters on every OS
quality	Run repository quality gate	2026-10-05T13:33:18.3664811Z   ---
quality	Run repository quality gate	2026-10-05T13:33:18.3665016Z   duration_ms: 0.585734
quality	Run repository quality gate	2026-10-05T13:33:18.3665240Z   type: 'test'
quality	Run repository quality gate	2026-10-05T13:33:18.3665447Z   ...
quality	Run repository quality gate	2026-10-05T13:33:18.4607756Z # Subtest: rejects inherited targets instead of resolving Object.prototype
quality	Run repository quality gate	2026-10-05T13:33:18.4608615Z ok 364 - rejects inherited targets instead of resolving Object.prototype
quality	Run repository quality gate	2026-10-05T13:33:18.4609144Z   ---
quality	Run repository quality gate	2026-10-05T13:33:18.4609437Z   duration_ms: 1.245186
quality	Run repository quality gate	2026-10-05T13:33:18.4609764Z   type: 'test'
quality	Run repository quality gate	2026-10-05T13:33:18.4610036Z   ...
quality	Run repository quality gate	2026-10-05T13:33:18.4615342Z # Subtest: rejects prototype transformer names
quality	Run repository quality gate	2026-10-05T13:33:18.4615853Z ok 365 - rejects prototype transformer names
quality	Run repository quality gate	2026-10-05T13:33:18.4616295Z   ---
quality	Run repository quality gate	2026-10-05T13:33:18.4616565Z   duration_ms: 0.147963
quality	Run repository quality gate	2026-10-05T13:33:18.4616970Z   type: 'test'
quality	Run repository quality gate	2026-10-05T13:33:18.4617235Z   ...
quality	Run repository quality gate	2026-10-05T13:33:18.4617697Z # Subtest: rejects duplicate and blank headers without choosing an arbitrary column
quality	Run repository quality gate	2026-10-05T13:33:18.4618473Z ok 366 - rejects duplicate and blank headers without choosing an arbitrary column
quality	Run repository quality gate	2026-10-05T13:33:18.4619010Z   ---
quality	Run repository quality gate	2026-10-05T13:33:18.4619275Z   duration_ms: 0.117309
quality	Run repository quality gate	2026-10-05T13:33:18.4619584Z   type: 'test'
quality	Run repository quality gate	2026-10-05T13:33:18.4619845Z   ...
quality	Run repository quality gate	2026-10-05T13:33:18.4620303Z # Subtest: compiled defaults are immutable snapshots, not caller-owned objects
quality	Run repository quality gate	2026-10-05T13:33:18.4621019Z ok 367 - compiled defaults are immutable snapshots, not caller-owned objects
quality	Run repository quality gate	2026-10-05T13:33:18.4621535Z   ---
quality	Run repository quality gate	2026-10-05T13:33:18.4621797Z   duration_ms: 0.434705
quality	Run repository quality gate	2026-10-05T13:33:18.4622104Z   type: 'test'
quality	Run repository quality gate	2026-10-05T13:33:18.4622357Z   ...
quality	Run repository quality gate	2026-10-05T13:33:18.4622913Z # Subtest: accessor field definitions are rejected without invoking them
quality	Run repository quality gate	2026-10-05T13:33:18.4623613Z ok 368 - accessor field definitions are rejected without invoking them
quality	Run repository quality gate	2026-10-05T13:33:18.4624108Z   ---
quality	Run repository quality gate	2026-10-05T13:33:18.4624378Z   duration_ms: 0.148669
quality	Run repository quality gate	2026-10-05T13:33:18.4624684Z   type: 'test'
quality	Run repository quality gate	2026-10-05T13:33:18.4624948Z   ...
quality	Run repository quality gate	2026-10-05T13:33:18.4625379Z # Subtest: rejects object defaults and unsafe reserved destination fields
quality	Run repository quality gate	2026-10-05T13:33:18.4626051Z ok 369 - rejects object defaults and unsafe reserved destination fields
quality	Run repository quality gate	2026-10-05T13:33:18.4626544Z   ---
quality	Run repository quality gate	2026-10-05T13:33:18.4626806Z   duration_ms: 0.138523
quality	Run repository quality gate	2026-10-05T13:33:18.4627117Z   type: 'test'
quality	Run repository quality gate	2026-10-05T13:33:18.4627376Z   ...
quality	Run repository quality gate	2026-10-05T13:33:18.4627780Z # Subtest: rejects non-cell values rather than executing coercion hooks
quality	Run repository quality gate	2026-10-05T13:33:18.4628418Z ok 370 - rejects non-cell values rather than executing coercion hooks
quality	Run repository quality gate	2026-10-05T13:33:18.4628899Z   ---
quality	Run repository quality gate	2026-10-05T13:33:18.4629170Z   duration_ms: 0.185797
quality	Run repository quality gate	2026-10-05T13:33:18.4629471Z   type: 'test'
quality	Run repository quality gate	2026-10-05T13:33:18.4629747Z   ...
quality	Run repository quality gate	2026-10-05T13:33:18.4630244Z # Subtest: rejects unsupported entity types before creating an executable migration plan
quality	Run repository quality gate	2026-10-05T13:33:18.4639099Z ok 371 - rejects unsupported entity types before creating an executable migration plan
quality	Run repository quality gate	2026-10-05T13:33:18.4639974Z   ---
quality	Run repository quality gate	2026-10-05T13:33:18.4640254Z   duration_ms: 0.395776
quality	Run repository quality gate	2026-10-05T13:33:18.4640568Z   type: 'test'
quality	Run repository quality gate	2026-10-05T13:33:18.4640841Z   ...
quality	Run repository quality gate	2026-10-05T13:33:18.5623721Z # Subtest: parses RFC4180 quoted commas, newlines, and escaped quotes
quality	Run repository quality gate	2026-10-05T13:33:18.5624558Z ok 372 - parses RFC4180 quoted commas, newlines, and escaped quotes
quality	Run repository quality gate	2026-10-05T13:33:18.5625399Z   ---
quality	Run repository quality gate	2026-10-05T13:33:18.5625753Z   duration_ms: 1.618608
quality	Run repository quality gate	2026-10-05T13:33:18.5626152Z   type: 'test'
quality	Run repository quality gate	2026-10-05T13:33:18.5626492Z   ...
quality	Run repository quality gate	2026-10-05T13:33:18.5634027Z # Subtest: detects a semicolon delimiter
quality	Run repository quality gate	2026-10-05T13:33:18.5634515Z ok 373 - detects a semicolon delimiter
quality	Run repository quality gate	2026-10-05T13:33:18.5634932Z   ---
quality	Run repository quality gate	2026-10-05T13:33:18.5635280Z   duration_ms: 0.396842
quality	Run repository quality gate	2026-10-05T13:33:18.5635917Z   type: 'test'
quality	Run repository quality gate	2026-10-05T13:33:18.5636338Z   ...
quality	Run repository quality gate	2026-10-05T13:33:18.5636744Z # Subtest: removes UTF-8 BOM from the first header
quality	Run repository quality gate	2026-10-05T13:33:18.5637315Z ok 374 - removes UTF-8 BOM from the first header
quality	Run repository quality gate	2026-10-05T13:33:18.5637823Z   ---
quality	Run repository quality gate	2026-10-05T13:33:18.5638261Z   duration_ms: 0.112162
quality	Run repository quality gate	2026-10-05T13:33:18.5638666Z   type: 'test'
quality	Run repository quality gate	2026-10-05T13:33:18.5639041Z   ...
quality	Run repository quality gate	2026-10-05T13:33:18.5639461Z # Subtest: rejects an unclosed quote
quality	Run repository quality gate	2026-10-05T13:33:18.5639838Z ok 375 - rejects an unclosed quote
quality	Run repository quality gate	2026-10-05T13:33:18.5640248Z   ---
quality	Run repository quality gate	2026-10-05T13:33:18.5640446Z   duration_ms: 0.366883
quality	Run repository quality gate	2026-10-05T13:33:18.5640676Z   type: 'test'
quality	Run repository quality gate	2026-10-05T13:33:18.5640869Z   ...
quality	Run repository quality gate	2026-10-05T13:33:18.5645134Z # Subtest: rejects duplicate normalized headers
quality	Run repository quality gate	2026-10-05T13:33:18.5645888Z ok 376 - rejects duplicate normalized headers
quality	Run repository quality gate	2026-10-05T13:33:18.5646380Z   ---
quality	Run repository quality gate	2026-10-05T13:33:18.5646771Z   duration_ms: 0.165685
quality	Run repository quality gate	2026-10-05T13:33:18.5647191Z   type: 'test'
quality	Run repository quality gate	2026-10-05T13:33:18.5647521Z   ...
quality	Run repository quality gate	2026-10-05T13:33:18.5647928Z # Subtest: enforces row limits
quality	Run repository quality gate	2026-10-05T13:33:18.5648436Z ok 377 - enforces row limits
quality	Run repository quality gate	2026-10-05T13:33:18.5648874Z   ---
quality	Run repository quality gate	2026-10-05T13:33:18.5649240Z   duration_ms: 0.099046
quality	Run repository quality gate	2026-10-05T13:33:18.5649663Z   type: 'test'
quality	Run repository quality gate	2026-10-05T13:33:18.5650053Z   ...
quality	Run repository quality gate	2026-10-05T13:33:18.5651678Z # Subtest: neutralizes spreadsheet formulas in exported reports
quality	Run repository quality gate	2026-10-05T13:33:18.5653300Z ok 378 - neutralizes spreadsheet formulas in exported reports
quality	Run repository quality gate	2026-10-05T13:33:18.5653876Z   ---
quality	Run repository quality gate	2026-10-05T13:33:18.5654201Z   duration_ms: 0.197133
quality	Run repository quality gate	2026-10-05T13:33:18.5654565Z   type: 'test'
quality	Run repository quality gate	2026-10-05T13:33:18.5654886Z   ...
quality	Run repository quality gate	2026-10-05T13:33:18.5655330Z # Subtest: serializes error reports with formula protection
quality	Run repository quality gate	2026-10-05T13:33:18.5655976Z ok 379 - serializes error reports with formula protection
quality	Run repository quality gate	2026-10-05T13:33:18.5656493Z   ---
quality	Run repository quality gate	2026-10-05T13:33:18.5656794Z   duration_ms: 0.265667
quality	Run repository quality gate	2026-10-05T13:33:18.5657154Z   type: 'test'
quality	Run repository quality gate	2026-10-05T13:33:18.5657473Z   ...
quality	Run repository quality gate	2026-10-05T13:33:18.5657898Z # Subtest: parses money deterministically in minor units
quality	Run repository quality gate	2026-10-05T13:33:18.5658533Z ok 380 - parses money deterministically in minor units
quality	Run repository quality gate	2026-10-05T13:33:18.5659021Z   ---
quality	Run repository quality gate	2026-10-05T13:33:18.5659328Z   duration_ms: 0.456346
quality	Run repository quality gate	2026-10-05T13:33:18.5659689Z   type: 'test'
quality	Run repository quality gate	2026-10-05T13:33:18.5660009Z   ...
quality	Run repository quality gate	2026-10-05T13:33:18.5660376Z # Subtest: normalizes Uzbekistan phone numbers
quality	Run repository quality gate	2026-10-05T13:33:18.5660910Z ok 381 - normalizes Uzbekistan phone numbers
quality	Run repository quality gate	2026-10-05T13:33:18.5661357Z   ---
quality	Run repository quality gate	2026-10-05T13:33:18.5661666Z   duration_ms: 0.404077
quality	Run repository quality gate	2026-10-05T13:33:18.5662014Z   type: 'test'
quality	Run repository quality gate	2026-10-05T13:33:18.5662326Z   ...
quality	Run repository quality gate	2026-10-05T13:33:18.5662907Z # Subtest: validates extension, MIME, and XLSX ZIP signature
quality	Run repository quality gate	2026-10-05T13:33:18.5663601Z ok 382 - validates extension, MIME, and XLSX ZIP signature
quality	Run repository quality gate	2026-10-05T13:33:18.5664122Z   ---
quality	Run repository quality gate	2026-10-05T13:33:18.5664435Z   duration_ms: 0.354743
quality	Run repository quality gate	2026-10-05T13:33:18.5664811Z   type: 'test'
quality	Run repository quality gate	2026-10-05T13:33:18.5665120Z   ...
quality	Run repository quality gate	2026-10-05T13:33:18.5665626Z # Subtest: compiles deterministic mappings and validates required fields
quality	Run repository quality gate	2026-10-05T13:33:18.5666438Z ok 383 - compiles deterministic mappings and validates required fields
quality	Run repository quality gate	2026-10-05T13:33:18.5666993Z   ---
quality	Run repository quality gate	2026-10-05T13:33:18.5667272Z   duration_ms: 0.539516
quality	Run repository quality gate	2026-10-05T13:33:18.5667938Z   type: 'test'
quality	Run repository quality gate	2026-10-05T13:33:18.5668262Z   ...
quality	Run repository quality gate	2026-10-05T13:33:18.5668656Z # Subtest: creates deterministic dry-run batches and duplicate issues
quality	Run repository quality gate	2026-10-05T13:33:18.5669353Z ok 384 - creates deterministic dry-run batches and duplicate issues
quality	Run repository quality gate	2026-10-05T13:33:18.5669836Z   ---
quality	Run repository quality gate	2026-10-05T13:33:18.5670117Z   duration_ms: 1.547173
quality	Run repository quality gate	2026-10-05T13:33:18.5670542Z   type: 'test'
quality	Run repository quality gate	2026-10-05T13:33:18.5670832Z   ...
quality	Run repository quality gate	2026-10-05T13:33:18.5675030Z # Subtest: marks existing-record matches as warnings without silently dropping the row
quality	Run repository quality gate	2026-10-05T13:33:18.5675906Z ok 385 - marks existing-record matches as warnings without silently dropping the row
quality	Run repository quality gate	2026-10-05T13:33:18.5676473Z   ---
quality	Run repository quality gate	2026-10-05T13:33:18.5676748Z   duration_ms: 0.311206
quality	Run repository quality gate	2026-10-05T13:33:18.5677064Z   type: 'test'
quality	Run repository quality gate	2026-10-05T13:33:18.5677597Z   ...
quality	Run repository quality gate	2026-10-05T13:33:18.6641296Z # Subtest: migration: a stale claim cannot settle a newer lease even with the same workerId
quality	Run repository quality gate	2026-10-05T13:33:18.6643176Z ok 386 - migration: a stale claim cannot settle a newer lease even with the same workerId
quality	Run repository quality gate	2026-10-05T13:33:18.6643877Z   ---
quality	Run repository quality gate	2026-10-05T13:33:18.6644444Z   duration_ms: 6.545825
quality	Run repository quality gate	2026-10-05T13:33:18.6644901Z   type: 'test'
quality	Run repository quality gate	2026-10-05T13:33:18.6645377Z   ...
quality	Run repository quality gate	2026-10-05T13:33:18.6659864Z # Subtest: migration: process crashes consume attempts and eventually quarantine the batch
quality	Run repository quality gate	2026-10-05T13:33:18.6660797Z ok 387 - migration: process crashes consume attempts and eventually quarantine the batch
quality	Run repository quality gate	2026-10-05T13:33:18.6661396Z   ---
quality	Run repository quality gate	2026-10-05T13:33:18.6661767Z   duration_ms: 2.097093
quality	Run repository quality gate	2026-10-05T13:33:18.6662263Z   type: 'test'
quality	Run repository quality gate	2026-10-05T13:33:18.6662696Z   ...
quality	Run repository quality gate	2026-10-05T13:33:18.6680042Z # Subtest: migration: failure after cancellation cannot overwrite CANCELLED with FAILED
quality	Run repository quality gate	2026-10-05T13:33:18.6680889Z ok 388 - migration: failure after cancellation cannot overwrite CANCELLED with FAILED
quality	Run repository quality gate	2026-10-05T13:33:18.6681376Z   ---
quality	Run repository quality gate	2026-10-05T13:33:18.6681853Z   duration_ms: 1.40577
quality	Run repository quality gate	2026-10-05T13:33:18.6682227Z   type: 'test'
quality	Run repository quality gate	2026-10-05T13:33:18.6682782Z   ...
quality	Run repository quality gate	2026-10-05T13:33:18.6683290Z # Subtest: migration: invalid importer result is a terminal contract error
quality	Run repository quality gate	2026-10-05T13:33:18.6683969Z ok 389 - migration: invalid importer result is a terminal contract error
quality	Run repository quality gate	2026-10-05T13:33:18.6684474Z   ---
quality	Run repository quality gate	2026-10-05T13:33:18.6684917Z   duration_ms: 0.626154
quality	Run repository quality gate	2026-10-05T13:33:18.6685383Z   type: 'test'
quality	Run repository quality gate	2026-10-05T13:33:18.6685772Z   ...
quality	Run repository quality gate	2026-10-05T13:33:18.6686696Z # Subtest: migration: tenant/job delimiter ambiguity cannot alias storage keys
quality	Run repository quality gate	2026-10-05T13:33:18.6687748Z ok 390 - migration: tenant/job delimiter ambiguity cannot alias storage keys
quality	Run repository quality gate	2026-10-05T13:33:18.6688218Z   ---
quality	Run repository quality gate	2026-10-05T13:33:18.6688472Z   duration_ms: 0.200924
quality	Run repository quality gate	2026-10-05T13:33:18.6688704Z   type: 'test'
quality	Run repository quality gate	2026-10-05T13:33:18.6688921Z   ...
quality	Run repository quality gate	2026-10-05T13:33:18.7736611Z # Subtest: borrowed transaction hands serialization failure to its outer retry owner without querying an aborted transaction
quality	Run repository quality gate	2026-10-05T13:33:18.7738571Z ok 391 - borrowed transaction hands serialization failure to its outer retry owner without querying an aborted transaction
quality	Run repository quality gate	2026-10-05T13:33:18.7739722Z   ---
quality	Run repository quality gate	2026-10-05T13:33:18.7740286Z   duration_ms: 1.457756
quality	Run repository quality gate	2026-10-05T13:33:18.7741159Z   type: 'test'
quality	Run repository quality gate	2026-10-05T13:33:18.7741855Z   ...
quality	Run repository quality gate	2026-10-05T13:33:18.7743014Z # Subtest: owned serialization retries use fresh transaction callbacks and do not retry unknown database failures
quality	Run repository quality gate	2026-10-05T13:33:18.7744411Z ok 392 - owned serialization retries use fresh transaction callbacks and do not retry unknown database failures
quality	Run repository quality gate	2026-10-05T13:33:18.7745294Z   ---
quality	Run repository quality gate	2026-10-05T13:33:18.7745630Z   duration_ms: 0.51673
quality	Run repository quality gate	2026-10-05T13:33:18.7746022Z   type: 'test'
quality	Run repository quality gate	2026-10-05T13:33:18.7746357Z   ...
quality	Run repository quality gate	2026-10-05T13:33:18.7746937Z # Subtest: uses serializable transactions and scopes durable job reads by tenant
quality	Run repository quality gate	2026-10-05T13:33:18.7747885Z ok 393 - uses serializable transactions and scopes durable job reads by tenant
quality	Run repository quality gate	2026-10-05T13:33:18.7748335Z   ---
quality	Run repository quality gate	2026-10-05T13:33:18.7748537Z   duration_ms: 1.24391
quality	Run repository quality gate	2026-10-05T13:33:18.7748798Z   type: 'test'
quality	Run repository quality gate	2026-10-05T13:33:18.7749066Z   ...
quality	Run repository quality gate	2026-10-05T13:33:18.7749792Z # Subtest: persists batch leases, counters and optimistic versions
quality	Run repository quality gate	2026-10-05T13:33:18.7750428Z ok 394 - persists batch leases, counters and optimistic versions
quality	Run repository quality gate	2026-10-05T13:33:18.7750901Z   ---
quality	Run repository quality gate	2026-10-05T13:33:18.7751177Z   duration_ms: 0.987509
quality	Run repository quality gate	2026-10-05T13:33:18.7751483Z   type: 'test'
quality	Run repository quality gate	2026-10-05T13:33:18.7751744Z   ...
quality	Run repository quality gate	2026-10-05T13:33:18.7752182Z # Subtest: fails closed on a stale batch instead of silently losing a worker update
quality	Run repository quality gate	2026-10-05T13:33:18.7753094Z ok 395 - fails closed on a stale batch instead of silently losing a worker update
quality	Run repository quality gate	2026-10-05T13:33:18.7753599Z   ---
quality	Run repository quality gate	2026-10-05T13:33:18.7753875Z   duration_ms: 1.152205
quality	Run repository quality gate	2026-10-05T13:33:18.7754209Z   type: 'test'
quality	Run repository quality gate	2026-10-05T13:33:18.7754493Z   ...
quality	Run repository quality gate	2026-10-05T13:33:18.7754921Z # Subtest: persists an append-only runtime event with operational details
quality	Run repository quality gate	2026-10-05T13:33:18.7766187Z ok 396 - persists an append-only runtime event with operational details
quality	Run repository quality gate	2026-10-05T13:33:18.7766669Z   ---
quality	Run repository quality gate	2026-10-05T13:33:18.7767075Z   duration_ms: 0.455606
quality	Run repository quality gate	2026-10-05T13:33:18.7767477Z   type: 'test'
quality	Run repository quality gate	2026-10-05T13:33:18.7767883Z   ...
quality	Run repository quality gate	2026-10-05T13:33:18.7768659Z # Subtest: sanitizes event details to durable JSON and rejects non-serializable values
quality	Run repository quality gate	2026-10-05T13:33:18.7769433Z ok 397 - sanitizes event details to durable JSON and rejects non-serializable values
quality	Run repository quality gate	2026-10-05T13:33:18.7769955Z   ---
quality	Run repository quality gate	2026-10-05T13:33:18.7770158Z   duration_ms: 0.44338
quality	Run repository quality gate	2026-10-05T13:33:18.7770375Z   type: 'test'
quality	Run repository quality gate	2026-10-05T13:33:18.7770579Z   ...
quality	Run repository quality gate	2026-10-05T13:33:18.7770920Z # Subtest: coordinator can restart on the Prisma repository without losing durable batch state
quality	Run repository quality gate	2026-10-05T13:33:18.7771462Z ok 398 - coordinator can restart on the Prisma repository without losing durable batch state
quality	Run repository quality gate	2026-10-05T13:33:18.7771844Z   ---
quality	Run repository quality gate	2026-10-05T13:33:18.7772035Z   duration_ms: 2.780792
quality	Run repository quality gate	2026-10-05T13:33:18.7772272Z   type: 'test'
quality	Run repository quality gate	2026-10-05T13:33:18.7772466Z   ...
quality	Run repository quality gate	2026-10-05T13:33:18.8754045Z # Subtest: rejects invalid state transitions
quality	Run repository quality gate	2026-10-05T13:33:18.8754939Z ok 399 - rejects invalid state transitions
quality	Run repository quality gate	2026-10-05T13:33:18.8755569Z   ---
quality	Run repository quality gate	2026-10-05T13:33:18.8756065Z   duration_ms: 1.087197
quality	Run repository quality gate	2026-10-05T13:33:18.8756634Z   type: 'test'
quality	Run repository quality gate	2026-10-05T13:33:18.8757053Z   ...
quality	Run repository quality gate	2026-10-05T13:33:18.8757610Z # Subtest: rejects a dry-run from another tenant
quality	Run repository quality gate	2026-10-05T13:33:18.8758427Z ok 400 - rejects a dry-run from another tenant
quality	Run repository quality gate	2026-10-05T13:33:18.8758787Z   ---
quality	Run repository quality gate	2026-10-05T13:33:18.8759030Z   duration_ms: 1.088229
quality	Run repository quality gate	2026-10-05T13:33:18.8759266Z   type: 'test'
quality	Run repository quality gate	2026-10-05T13:33:18.8759474Z   ...
quality	Run repository quality gate	2026-10-05T13:33:18.8759787Z # Subtest: processes bounded batches and completes after the last checkpoint
quality	Run repository quality gate	2026-10-05T13:33:18.8760338Z ok 401 - processes bounded batches and completes after the last checkpoint
quality	Run repository quality gate	2026-10-05T13:33:18.8760760Z   ---
quality	Run repository quality gate	2026-10-05T13:33:18.8760995Z   duration_ms: 2.913226
quality	Run repository quality gate	2026-10-05T13:33:18.8761309Z   type: 'test'
quality	Run repository quality gate	2026-10-05T13:33:18.8761535Z   ...
quality	Run repository quality gate	2026-10-05T13:33:18.8781347Z # Subtest: concurrent workers claim distinct batches and never duplicate the same lease
quality	Run repository quality gate	2026-10-05T13:33:18.8782166Z ok 402 - concurrent workers claim distinct batches and never duplicate the same lease
quality	Run repository quality gate	2026-10-05T13:33:18.8782902Z   ---
quality	Run repository quality gate	2026-10-05T13:33:18.8784447Z   duration_ms: 5.077193
quality	Run repository quality gate	2026-10-05T13:33:18.8784776Z   type: 'test'
quality	Run repository quality gate	2026-10-05T13:33:18.8785158Z   ...
quality	Run repository quality gate	2026-10-05T13:33:18.8849289Z # Subtest: an expired RUNNING lease is reclaimed with the same operation identity
quality	Run repository quality gate	2026-10-05T13:33:18.8850054Z ok 403 - an expired RUNNING lease is reclaimed with the same operation identity
quality	Run repository quality gate	2026-10-05T13:33:18.8851001Z   ---
quality	Run repository quality gate	2026-10-05T13:33:18.8851296Z   duration_ms: 1.836709
quality	Run repository quality gate	2026-10-05T13:33:18.8851597Z   type: 'test'
quality	Run repository quality gate	2026-10-05T13:33:18.8851871Z   ...
quality	Run repository quality gate	2026-10-05T13:33:18.8859311Z # Subtest: retries a transient failure with the same idempotency key
quality	Run repository quality gate	2026-10-05T13:33:18.8860210Z ok 404 - retries a transient failure with the same idempotency key
quality	Run repository quality gate	2026-10-05T13:33:18.8860799Z   ---
quality	Run repository quality gate	2026-10-05T13:33:18.8861135Z   duration_ms: 1.110335
quality	Run repository quality gate	2026-10-05T13:33:18.8861538Z   type: 'test'
quality	Run repository quality gate	2026-10-05T13:33:18.8861898Z   ...
quality	Run repository quality gate	2026-10-05T13:33:18.8862845Z # Subtest: moves a poison batch and job to FAILED after bounded attempts
quality	Run repository quality gate	2026-10-05T13:33:18.8863520Z ok 405 - moves a poison batch and job to FAILED after bounded attempts
quality	Run repository quality gate	2026-10-05T13:33:18.8864099Z   ---
quality	Run repository quality gate	2026-10-05T13:33:18.8864358Z   duration_ms: 1.050588
quality	Run repository quality gate	2026-10-05T13:33:18.8865085Z   type: 'test'
quality	Run repository quality gate	2026-10-05T13:33:18.8865400Z   ...
quality	Run repository quality gate	2026-10-05T13:33:18.8873665Z # Subtest: cancellation is terminal and prevents execution
quality	Run repository quality gate	2026-10-05T13:33:18.8874446Z ok 406 - cancellation is terminal and prevents execution
quality	Run repository quality gate	2026-10-05T13:33:18.8875029Z   ---
quality	Run repository quality gate	2026-10-05T13:33:18.8875382Z   duration_ms: 0.430974
quality	Run repository quality gate	2026-10-05T13:33:18.8875740Z   type: 'test'
quality	Run repository quality gate	2026-10-05T13:33:18.8876143Z   ...
quality	Run repository quality gate	2026-10-05T13:33:18.8876556Z # Subtest: rejects a dry-run for a different entity type
quality	Run repository quality gate	2026-10-05T13:33:18.8877219Z ok 407 - rejects a dry-run for a different entity type
quality	Run repository quality gate	2026-10-05T13:33:18.8878039Z   ---
quality	Run repository quality gate	2026-10-05T13:33:18.8878375Z   duration_ms: 0.405525
quality	Run repository quality gate	2026-10-05T13:33:18.8878798Z   type: 'test'
quality	Run repository quality gate	2026-10-05T13:33:18.8879179Z   ...
quality	Run repository quality gate	2026-10-05T13:33:18.8879768Z # Subtest: rejects non-contiguous batch indexes and count drift
quality	Run repository quality gate	2026-10-05T13:33:18.8880520Z ok 408 - rejects non-contiguous batch indexes and count drift
quality	Run repository quality gate	2026-10-05T13:33:18.8881116Z   ---
quality	Run repository quality gate	2026-10-05T13:33:18.8881488Z   duration_ms: 0.826221
quality	Run repository quality gate	2026-10-05T13:33:18.8881911Z   type: 'test'
quality	Run repository quality gate	2026-10-05T13:33:18.8882210Z   ...
quality	Run repository quality gate	2026-10-05T13:33:18.8882862Z # Subtest: rejects unsafe source filenames before persistence
quality	Run repository quality gate	2026-10-05T13:33:18.8883554Z ok 409 - rejects unsafe source filenames before persistence
quality	Run repository quality gate	2026-10-05T13:33:18.8884122Z   ---
quality	Run repository quality gate	2026-10-05T13:33:18.8884516Z   duration_ms: 0.386219
quality	Run repository quality gate	2026-10-05T13:33:18.8884956Z   type: 'test'
quality	Run repository quality gate	2026-10-05T13:33:18.8885324Z   ...
quality	Run repository quality gate	2026-10-05T13:33:18.8885932Z # Subtest: fails immediately when importer counters do not reconcile to the claimed batch
quality	Run repository quality gate	2026-10-05T13:33:18.8886913Z ok 410 - fails immediately when importer counters do not reconcile to the claimed batch
quality	Run repository quality gate	2026-10-05T13:33:18.8887582Z   ---
quality	Run repository quality gate	2026-10-05T13:33:18.8887908Z   duration_ms: 0.76793
quality	Run repository quality gate	2026-10-05T13:33:18.8888335Z   type: 'test'
quality	Run repository quality gate	2026-10-05T13:33:18.8888752Z   ...
quality	Run repository quality gate	2026-10-05T13:33:18.9776132Z # Subtest: source storage refuses unsupported filesystem capabilities before publishing directories
quality	Run repository quality gate	2026-10-05T13:33:18.9777564Z ok 411 - source storage refuses unsupported filesystem capabilities before publishing directories
quality	Run repository quality gate	2026-10-05T13:33:18.9778382Z   ---
quality	Run repository quality gate	2026-10-05T13:33:18.9778869Z   duration_ms: 5.13881
quality	Run repository quality gate	2026-10-05T13:33:18.9779397Z   type: 'test'
quality	Run repository quality gate	2026-10-05T13:33:18.9779780Z   ...
quality	Run repository quality gate	2026-10-05T13:33:19.1215762Z # Subtest: real filesystem encrypted source survives a fresh process and contains no plaintext customer data
quality	Run repository quality gate	2026-10-05T13:33:19.1217034Z ok 412 - real filesystem encrypted source survives a fresh process and contains no plaintext customer data
quality	Run repository quality gate	2026-10-05T13:33:19.1217674Z   ---
quality	Run repository quality gate	2026-10-05T13:33:19.1219427Z   duration_ms: 56.051312
quality	Run repository quality gate	2026-10-05T13:33:19.1219677Z   type: 'test'
quality	Run repository quality gate	2026-10-05T13:33:19.1219882Z   ...
quality	Run repository quality gate	2026-10-05T13:33:19.1314423Z # Subtest: same source bytes can be uploaded as distinct import intents
quality	Run repository quality gate	2026-10-05T13:33:19.1315594Z ok 413 - same source bytes can be uploaded as distinct import intents
quality	Run repository quality gate	2026-10-05T13:33:19.1316332Z   ---
quality	Run repository quality gate	2026-10-05T13:33:19.1316806Z   duration_ms: 9.825822
quality	Run repository quality gate	2026-10-05T13:33:19.1317306Z   type: 'test'
quality	Run repository quality gate	2026-10-05T13:33:19.1317809Z   ...
quality	Run repository quality gate	2026-10-05T13:33:19.1423494Z # Subtest: tenant, hash and ciphertext tampering fail closed
quality	Run repository quality gate	2026-10-05T13:33:19.1424689Z ok 414 - tenant, hash and ciphertext tampering fail closed
quality	Run repository quality gate	2026-10-05T13:33:19.1425044Z   ---
quality	Run repository quality gate	2026-10-05T13:33:19.1425270Z   duration_ms: 10.768001
quality	Run repository quality gate	2026-10-05T13:33:19.1425522Z   type: 'test'
quality	Run repository quality gate	2026-10-05T13:33:19.1425836Z   ...
quality	Run repository quality gate	2026-10-05T13:33:19.1521904Z # Subtest: old source keys remain readable across active-key rotation
quality	Run repository quality gate	2026-10-05T13:33:19.1522899Z ok 415 - old source keys remain readable across active-key rotation
quality	Run repository quality gate	2026-10-05T13:33:19.1523517Z   ---
quality	Run repository quality gate	2026-10-05T13:33:19.1523885Z   duration_ms: 9.818067
quality	Run repository quality gate	2026-10-05T13:33:19.1524270Z   type: 'test'
quality	Run repository quality gate	2026-10-05T13:33:19.1524605Z   ...
quality	Run repository quality gate	2026-10-05T13:33:19.1576142Z # Subtest: opaque identifiers, file limits and symlinks cannot access arbitrary paths
quality	Run repository quality gate	2026-10-05T13:33:19.1577606Z ok 416 - opaque identifiers, file limits and symlinks cannot access arbitrary paths
quality	Run repository quality gate	2026-10-05T13:33:19.1578267Z   ---
quality	Run repository quality gate	2026-10-05T13:33:19.1578726Z   duration_ms: 5.43052
quality	Run repository quality gate	2026-10-05T13:33:19.1579200Z   type: 'test'
quality	Run repository quality gate	2026-10-05T13:33:19.1579632Z   ...
quality	Run repository quality gate	2026-10-05T13:33:19.1668152Z # Subtest: concurrent ID collision publishes exactly one source without overwriting
quality	Run repository quality gate	2026-10-05T13:33:19.1669231Z ok 417 - concurrent ID collision publishes exactly one source without overwriting
quality	Run repository quality gate	2026-10-05T13:33:19.1670084Z   ---
quality	Run repository quality gate	2026-10-05T13:33:19.1670587Z   duration_ms: 9.133407
quality	Run repository quality gate	2026-10-05T13:33:19.1670900Z   type: 'test'
quality	Run repository quality gate	2026-10-05T13:33:19.1671250Z   ...
quality	Run repository quality gate	2026-10-05T13:33:19.1755433Z # Subtest: preparation plans from reloaded persisted bytes, preserving physical source rows
quality	Run repository quality gate	2026-10-05T13:33:19.1756800Z ok 418 - preparation plans from reloaded persisted bytes, preserving physical source rows
quality	Run repository quality gate	2026-10-05T13:33:19.1757420Z   ---
quality	Run repository quality gate	2026-10-05T13:33:19.1757735Z   duration_ms: 8.749038
quality	Run repository quality gate	2026-10-05T13:33:19.1758065Z   type: 'test'
quality	Run repository quality gate	2026-10-05T13:33:19.1758367Z   ...
quality	Run repository quality gate	2026-10-05T13:33:19.1785284Z # Subtest: unsupported XLSX and invalid UTF-8 are rejected before storage side effects
quality	Run repository quality gate	2026-10-05T13:33:19.1786121Z ok 419 - unsupported XLSX and invalid UTF-8 are rejected before storage side effects
quality	Run repository quality gate	2026-10-05T13:33:19.1786680Z   ---
quality	Run repository quality gate	2026-10-05T13:33:19.1786964Z   duration_ms: 2.877643
quality	Run repository quality gate	2026-10-05T13:33:19.1787283Z   type: 'test'
quality	Run repository quality gate	2026-10-05T13:33:19.1787564Z   ...
quality	Run repository quality gate	2026-10-05T13:33:19.1803288Z # Subtest: a private root inside an attacker-writable ancestor is rejected
quality	Run repository quality gate	2026-10-05T13:33:19.1804011Z ok 420 - a private root inside an attacker-writable ancestor is rejected
quality	Run repository quality gate	2026-10-05T13:33:19.1804632Z   ---
quality	Run repository quality gate	2026-10-05T13:33:19.1804915Z   duration_ms: 1.688333
quality	Run repository quality gate	2026-10-05T13:33:19.1805251Z   type: 'test'
quality	Run repository quality gate	2026-10-05T13:33:19.1805579Z   ...
quality	Run repository quality gate	2026-10-05T13:33:19.1846667Z # Subtest: directory permissions are rechecked when an existing store is used
quality	Run repository quality gate	2026-10-05T13:33:19.1847654Z ok 421 - directory permissions are rechecked when an existing store is used
quality	Run repository quality gate	2026-10-05T13:33:19.1848169Z   ---
quality	Run repository quality gate	2026-10-05T13:33:19.1848580Z   duration_ms: 4.304763
quality	Run repository quality gate	2026-10-05T13:33:19.1849062Z   type: 'test'
quality	Run repository quality gate	2026-10-05T13:33:19.1849429Z   ...
quality	Run repository quality gate	2026-10-05T13:33:19.1922832Z # Subtest: inventory is tenant-local, bounded and ignores symlinks and unfinished uploads
quality	Run repository quality gate	2026-10-05T13:33:19.1923846Z ok 422 - inventory is tenant-local, bounded and ignores symlinks and unfinished uploads
quality	Run repository quality gate	2026-10-05T13:33:19.1924458Z   ---
quality	Run repository quality gate	2026-10-05T13:33:19.1925298Z   duration_ms: 7.591048
quality	Run repository quality gate	2026-10-05T13:33:19.1925624Z   type: 'test'
quality	Run repository quality gate	2026-10-05T13:33:19.1925864Z   ...
quality	Run repository quality gate	2026-10-05T13:33:19.2039663Z # Subtest: simultaneous physical purges are idempotent and always require an exact digest
quality	Run repository quality gate	2026-10-05T13:33:19.2040715Z ok 423 - simultaneous physical purges are idempotent and always require an exact digest
quality	Run repository quality gate	2026-10-05T13:33:19.2041427Z   ---
quality	Run repository quality gate	2026-10-05T13:33:19.2041757Z   duration_ms: 11.501931
quality	Run repository quality gate	2026-10-05T13:33:19.2042140Z   type: 'test'
quality	Run repository quality gate	2026-10-05T13:33:19.2042482Z   ...
quality	Run repository quality gate	2026-10-05T13:33:19.2115380Z # Subtest: inventory never enters a symlinked tenant directory
quality	Run repository quality gate	2026-10-05T13:33:19.2116169Z ok 424 - inventory never enters a symlinked tenant directory
quality	Run repository quality gate	2026-10-05T13:33:19.2116649Z   ---
quality	Run repository quality gate	2026-10-05T13:33:19.2116998Z   duration_ms: 7.415758
quality	Run repository quality gate	2026-10-05T13:33:19.2117413Z   type: 'test'
quality	Run repository quality gate	2026-10-05T13:33:19.2117725Z   ...
quality	Run repository quality gate	2026-10-05T13:33:19.2197876Z # Subtest: a FIFO substituted for source ciphertext is rejected instead of blocking the file reader
quality	Run repository quality gate	2026-10-05T13:33:19.2198643Z ok 425 - a FIFO substituted for source ciphertext is rejected instead of blocking the file reader
quality	Run repository quality gate	2026-10-05T13:33:19.2199118Z   ---
quality	Run repository quality gate	2026-10-05T13:33:19.2199365Z   duration_ms: 8.552279
quality	Run repository quality gate	2026-10-05T13:33:19.2199643Z   type: 'test'
quality	Run repository quality gate	2026-10-05T13:33:19.2199913Z   ...
quality	Run repository quality gate	2026-10-05T13:33:19.3149630Z # Subtest: compiles a complete deterministic legacy stage map
quality	Run repository quality gate	2026-10-05T13:33:19.3150879Z ok 426 - compiles a complete deterministic legacy stage map
quality	Run repository quality gate	2026-10-05T13:33:19.3152054Z   ---
quality	Run repository quality gate	2026-10-05T13:33:19.3152948Z   duration_ms: 3.178614
quality	Run repository quality gate	2026-10-05T13:33:19.3153428Z   type: 'test'
quality	Run repository quality gate	2026-10-05T13:33:19.3153787Z   ...
quality	Run repository quality gate	2026-10-05T13:33:19.3154224Z # Subtest: requires every legacy stage to be mapped
quality	Run repository quality gate	2026-10-05T13:33:19.3154948Z ok 427 - requires every legacy stage to be mapped
quality	Run repository quality gate	2026-10-05T13:33:19.3155398Z   ---
quality	Run repository quality gate	2026-10-05T13:33:19.3155767Z   duration_ms: 0.53386
quality	Run repository quality gate	2026-10-05T13:33:19.3156130Z   type: 'test'
quality	Run repository quality gate	2026-10-05T13:33:19.3156372Z   ...
quality	Run repository quality gate	2026-10-05T13:33:19.3158170Z # Subtest: rejects semantic mismatch between legacy outcome and pipeline stage type
quality	Run repository quality gate	2026-10-05T13:33:19.3159078Z ok 428 - rejects semantic mismatch between legacy outcome and pipeline stage type
quality	Run repository quality gate	2026-10-05T13:33:19.3159767Z   ---
quality	Run repository quality gate	2026-10-05T13:33:19.3160021Z   duration_ms: 0.189243
quality	Run repository quality gate	2026-10-05T13:33:19.3160531Z   type: 'test'
quality	Run repository quality gate	2026-10-05T13:33:19.3160741Z   ...
quality	Run repository quality gate	2026-10-05T13:33:19.3161396Z # Subtest: reconciliation reports missing, wrong and orphan assignments deterministically
quality	Run repository quality gate	2026-10-05T13:33:19.3163773Z ok 429 - reconciliation reports missing, wrong and orphan assignments deterministically
quality	Run repository quality gate	2026-10-05T13:33:19.3164288Z   ---
quality	Run repository quality gate	2026-10-05T13:33:19.3164494Z   duration_ms: 1.046212
quality	Run repository quality gate	2026-10-05T13:33:19.3164716Z   type: 'test'
quality	Run repository quality gate	2026-10-05T13:33:19.3164912Z   ...
quality	Run repository quality gate	2026-10-05T13:33:19.4138611Z # Subtest: normalizes a safe pipeline slug
quality	Run repository quality gate	2026-10-05T13:33:19.4139465Z ok 430 - normalizes a safe pipeline slug
quality	Run repository quality gate	2026-10-05T13:33:19.4140066Z   ---
quality	Run repository quality gate	2026-10-05T13:33:19.4140561Z   duration_ms: 1.042051
quality	Run repository quality gate	2026-10-05T13:33:19.4141012Z   type: 'test'
quality	Run repository quality gate	2026-10-05T13:33:19.4141483Z   ...
quality	Run repository quality gate	2026-10-05T13:33:19.4142003Z # Subtest: accepts a complete pipeline definition
quality	Run repository quality gate	2026-10-05T13:33:19.4142822Z ok 431 - accepts a complete pipeline definition
quality	Run repository quality gate	2026-10-05T13:33:19.4148361Z   ---
quality	Run repository quality gate	2026-10-05T13:33:19.4149085Z   duration_ms: 0.746882
quality	Run repository quality gate	2026-10-05T13:33:19.4149844Z   type: 'test'
quality	Run repository quality gate	2026-10-05T13:33:19.4150412Z   ...
quality	Run repository quality gate	2026-10-05T13:33:19.4150985Z # Subtest: rejects duplicate stage IDs
quality	Run repository quality gate	2026-10-05T13:33:19.4151687Z ok 432 - rejects duplicate stage IDs
quality	Run repository quality gate	2026-10-05T13:33:19.4152291Z   ---
quality	Run repository quality gate	2026-10-05T13:33:19.4152978Z   duration_ms: 0.456121
quality	Run repository quality gate	2026-10-05T13:33:19.4153534Z   type: 'test'
quality	Run repository quality gate	2026-10-05T13:33:19.4154037Z   ...
quality	Run repository quality gate	2026-10-05T13:33:19.4154552Z # Subtest: rejects non-contiguous positions
quality	Run repository quality gate	2026-10-05T13:33:19.4155259Z ok 433 - rejects non-contiguous positions
quality	Run repository quality gate	2026-10-05T13:33:19.4155839Z   ---
quality	Run repository quality gate	2026-10-05T13:33:19.4156284Z   duration_ms: 0.271237
quality	Run repository quality gate	2026-10-05T13:33:19.4156776Z   type: 'test'
quality	Run repository quality gate	2026-10-05T13:33:19.4157218Z   ...
quality	Run repository quality gate	2026-10-05T13:33:19.4157735Z # Subtest: rejects invalid terminal probability
quality	Run repository quality gate	2026-10-05T13:33:19.4158408Z ok 434 - rejects invalid terminal probability
quality	Run repository quality gate	2026-10-05T13:33:19.4159001Z   ---
quality	Run repository quality gate	2026-10-05T13:33:19.4159439Z   duration_ms: 0.200362
quality	Run repository quality gate	2026-10-05T13:33:19.4159907Z   type: 'test'
quality	Run repository quality gate	2026-10-05T13:33:19.4160354Z   ...
quality	Run repository quality gate	2026-10-05T13:33:19.4160876Z # Subtest: rejects an archived default pipeline
quality	Run repository quality gate	2026-10-05T13:33:19.4161560Z ok 435 - rejects an archived default pipeline
quality	Run repository quality gate	2026-10-05T13:33:19.4162128Z   ---
quality	Run repository quality gate	2026-10-05T13:33:19.4162732Z   duration_ms: 0.182387
quality	Run repository quality gate	2026-10-05T13:33:19.4163264Z   type: 'test'
quality	Run repository quality gate	2026-10-05T13:33:19.4163711Z   ...
quality	Run repository quality gate	2026-10-05T13:33:19.4164338Z # Subtest: plans an allowed transition with optimistic version increment
quality	Run repository quality gate	2026-10-05T13:33:19.4165241Z ok 436 - plans an allowed transition with optimistic version increment
quality	Run repository quality gate	2026-10-05T13:33:19.4165928Z   ---
quality	Run repository quality gate	2026-10-05T13:33:19.4166358Z   duration_ms: 0.347155
quality	Run repository quality gate	2026-10-05T13:33:19.4166845Z   type: 'test'
quality	Run repository quality gate	2026-10-05T13:33:19.4167295Z   ...
quality	Run repository quality gate	2026-10-05T13:33:19.4167811Z # Subtest: treats same-stage movement as idempotent
quality	Run repository quality gate	2026-10-05T13:33:19.4168519Z ok 437 - treats same-stage movement as idempotent
quality	Run repository quality gate	2026-10-05T13:33:19.4169116Z   ---
quality	Run repository quality gate	2026-10-05T13:33:19.4169555Z   duration_ms: 0.134499
quality	Run repository quality gate	2026-10-05T13:33:19.4170042Z   type: 'test'
quality	Run repository quality gate	2026-10-05T13:33:19.4170493Z   ...
quality	Run repository quality gate	2026-10-05T13:33:19.4171034Z # Subtest: rejects a transition that violates stage rules
quality	Run repository quality gate	2026-10-05T13:33:19.4171749Z ok 438 - rejects a transition that violates stage rules
quality	Run repository quality gate	2026-10-05T13:33:19.4172387Z   ---
quality	Run repository quality gate	2026-10-05T13:33:19.4172974Z   duration_ms: 0.351023
quality	Run repository quality gate	2026-10-05T13:33:19.4173850Z   type: 'test'
quality	Run repository quality gate	2026-10-05T13:33:19.4174297Z   ...
quality	Run repository quality gate	2026-10-05T13:33:19.4174792Z # Subtest: rejects stale optimistic version
quality	Run repository quality gate	2026-10-05T13:33:19.4175448Z ok 439 - rejects stale optimistic version
quality	Run repository quality gate	2026-10-05T13:33:19.4176024Z   ---
quality	Run repository quality gate	2026-10-05T13:33:19.4176467Z   duration_ms: 0.339918
quality	Run repository quality gate	2026-10-05T13:33:19.4176956Z   type: 'test'
quality	Run repository quality gate	2026-10-05T13:33:19.4177392Z   ...
quality	Run repository quality gate	2026-10-05T13:33:19.4177874Z # Subtest: rejects cross-tenant assignment
quality	Run repository quality gate	2026-10-05T13:33:19.4178398Z ok 440 - rejects cross-tenant assignment
quality	Run repository quality gate	2026-10-05T13:33:19.4178893Z   ---
quality	Run repository quality gate	2026-10-05T13:33:19.4179305Z   duration_ms: 0.138243
quality	Run repository quality gate	2026-10-05T13:33:19.4179754Z   type: 'test'
quality	Run repository quality gate	2026-10-05T13:33:19.4180170Z   ...
quality	Run repository quality gate	2026-10-05T13:33:19.4180709Z # Subtest: requires explicit permission to reopen a terminal deal
quality	Run repository quality gate	2026-10-05T13:33:19.4181682Z ok 441 - requires explicit permission to reopen a terminal deal
quality	Run repository quality gate	2026-10-05T13:33:19.4182321Z   ---
quality	Run repository quality gate	2026-10-05T13:33:19.4182922Z   duration_ms: 0.143344
quality	Run repository quality gate	2026-10-05T13:33:19.4183341Z   type: 'test'
quality	Run repository quality gate	2026-10-05T13:33:19.4183730Z   ...
quality	Run repository quality gate	2026-10-05T13:33:19.4184252Z # Subtest: allows an explicitly authorized terminal reopen
quality	Run repository quality gate	2026-10-05T13:33:19.4185132Z ok 442 - allows an explicitly authorized terminal reopen
quality	Run repository quality gate	2026-10-05T13:33:19.4185748Z   ---
quality	Run repository quality gate	2026-10-05T13:33:19.4186233Z   duration_ms: 0.108044
quality	Run repository quality gate	2026-10-05T13:33:19.4186680Z   type: 'test'
quality	Run repository quality gate	2026-10-05T13:33:19.4187135Z   ...
quality	Run repository quality gate	2026-10-05T13:33:19.4187955Z # Subtest: builds deterministic legacy assignments
quality	Run repository quality gate	2026-10-05T13:33:19.4188464Z ok 443 - builds deterministic legacy assignments
quality	Run repository quality gate	2026-10-05T13:33:19.4188791Z   ---
quality	Run repository quality gate	2026-10-05T13:33:19.4189042Z   duration_ms: 0.68327
quality	Run repository quality gate	2026-10-05T13:33:19.4189325Z   type: 'test'
quality	Run repository quality gate	2026-10-05T13:33:19.4189555Z   ...
quality	Run repository quality gate	2026-10-05T13:33:19.4189864Z # Subtest: fails closed when a legacy stage has no mapping
quality	Run repository quality gate	2026-10-05T13:33:19.4190304Z ok 444 - fails closed when a legacy stage has no mapping
quality	Run repository quality gate	2026-10-05T13:33:19.4190623Z   ---
quality	Run repository quality gate	2026-10-05T13:33:19.4190881Z   duration_ms: 0.249573
quality	Run repository quality gate	2026-10-05T13:33:19.4191150Z   type: 'test'
quality	Run repository quality gate	2026-10-05T13:33:19.4191393Z   ...
quality	Run repository quality gate	2026-10-05T13:33:19.4191724Z # Subtest: calculates exact minor-unit analytics without floating point
quality	Run repository quality gate	2026-10-05T13:33:19.4192237Z ok 445 - calculates exact minor-unit analytics without floating point
quality	Run repository quality gate	2026-10-05T13:33:19.4192691Z   ---
quality	Run repository quality gate	2026-10-05T13:33:19.4192897Z   duration_ms: 0.559744
quality	Run repository quality gate	2026-10-05T13:33:19.4193119Z   type: 'test'
quality	Run repository quality gate	2026-10-05T13:33:19.4193327Z   ...
quality	Run repository quality gate	2026-10-05T13:33:19.5250658Z # Subtest: maps Prisma pipeline rows into the domain shape
quality	Run repository quality gate	2026-10-05T13:33:19.5251443Z ok 446 - maps Prisma pipeline rows into the domain shape
quality	Run repository quality gate	2026-10-05T13:33:19.5252007Z   ---
quality	Run repository quality gate	2026-10-05T13:33:19.5252366Z   duration_ms: 2.012014
quality	Run repository quality gate	2026-10-05T13:33:19.5252885Z   type: 'test'
quality	Run repository quality gate	2026-10-05T13:33:19.5253203Z   ...
quality	Run repository quality gate	2026-10-05T13:33:19.5253641Z # Subtest: scopes every pipeline read by workspace and bounds the list
quality	Run repository quality gate	2026-10-05T13:33:19.5254420Z ok 447 - scopes every pipeline read by workspace and bounds the list
quality	Run repository quality gate	2026-10-05T13:33:19.5254931Z   ---
quality	Run repository quality gate	2026-10-05T13:33:19.5255215Z   duration_ms: 0.878389
quality	Run repository quality gate	2026-10-05T13:33:19.5255543Z   type: 'test'
quality	Run repository quality gate	2026-10-05T13:33:19.5255813Z   ...
quality	Run repository quality gate	2026-10-05T13:33:19.5266647Z # Subtest: uses serializable interactive transactions
quality	Run repository quality gate	2026-10-05T13:33:19.5267216Z ok 448 - uses serializable interactive transactions
quality	Run repository quality gate	2026-10-05T13:33:19.5267743Z   ---
quality	Run repository quality gate	2026-10-05T13:33:19.5277406Z   duration_ms: 0.301537
quality	Run repository quality gate	2026-10-05T13:33:19.5278108Z   type: 'test'
quality	Run repository quality gate	2026-10-05T13:33:19.5278579Z   ...
quality	Run repository quality gate	2026-10-05T13:33:19.5279459Z # Subtest: retries only bounded Prisma serialization conflicts
quality	Run repository quality gate	2026-10-05T13:33:19.5280332Z ok 449 - retries only bounded Prisma serialization conflicts
quality	Run repository quality gate	2026-10-05T13:33:19.5281076Z   ---
quality	Run repository quality gate	2026-10-05T13:33:19.5281735Z   duration_ms: 0.360975
quality	Run repository quality gate	2026-10-05T13:33:19.5282266Z   type: 'test'
quality	Run repository quality gate	2026-10-05T13:33:19.5283019Z   ...
quality	Run repository quality gate	2026-10-05T13:33:19.5283572Z # Subtest: does not retry permanent Prisma errors
quality	Run repository quality gate	2026-10-05T13:33:19.5284354Z ok 450 - does not retry permanent Prisma errors
quality	Run repository quality gate	2026-10-05T13:33:19.5284920Z   ---
quality	Run repository quality gate	2026-10-05T13:33:19.5285348Z   duration_ms: 0.306229
quality	Run repository quality gate	2026-10-05T13:33:19.5285835Z   type: 'test'
quality	Run repository quality gate	2026-10-05T13:33:19.5286567Z   ...
quality	Run repository quality gate	2026-10-05T13:33:19.5287190Z # Subtest: maps exhausted serialization retries to a stable runtime error
quality	Run repository quality gate	2026-10-05T13:33:19.5288099Z ok 451 - maps exhausted serialization retries to a stable runtime error
quality	Run repository quality gate	2026-10-05T13:33:19.5288799Z   ---
quality	Run repository quality gate	2026-10-05T13:33:19.5289225Z   duration_ms: 0.449859
quality	Run repository quality gate	2026-10-05T13:33:19.5289703Z   type: 'test'
quality	Run repository quality gate	2026-10-05T13:33:19.5290127Z   ...
quality	Run repository quality gate	2026-10-05T13:33:19.5290684Z # Subtest: rejects an invalid retry jitter source before sleeping
quality	Run repository quality gate	2026-10-05T13:33:19.5291490Z ok 452 - rejects an invalid retry jitter source before sleeping
quality	Run repository quality gate	2026-10-05T13:33:19.5292126Z   ---
quality	Run repository quality gate	2026-10-05T13:33:19.5292493Z   duration_ms: 0.249635
quality	Run repository quality gate	2026-10-05T13:33:19.5293106Z   type: 'test'
quality	Run repository quality gate	2026-10-05T13:33:19.5293480Z   ...
quality	Run repository quality gate	2026-10-05T13:33:19.5294022Z # Subtest: persists command receipts and audit events using workspace-owned fields
quality	Run repository quality gate	2026-10-05T13:33:19.5295167Z ok 453 - persists command receipts and audit events using workspace-owned fields
quality	Run repository quality gate	2026-10-05T13:33:19.5295816Z   ---
quality	Run repository quality gate	2026-10-05T13:33:19.5296231Z   duration_ms: 0.279719
quality	Run repository quality gate	2026-10-05T13:33:19.5296687Z   type: 'test'
quality	Run repository quality gate	2026-10-05T13:33:19.5297102Z   ...
quality	Run repository quality gate	2026-10-05T13:33:19.5297690Z # Subtest: enforces the maximum number of pipelines inside the transaction
quality	Run repository quality gate	2026-10-05T13:33:19.5298517Z ok 454 - enforces the maximum number of pipelines inside the transaction
quality	Run repository quality gate	2026-10-05T13:33:19.5299106Z   ---
quality	Run repository quality gate	2026-10-05T13:33:19.5299499Z   duration_ms: 1.38095
quality	Run repository quality gate	2026-10-05T13:33:19.5299931Z   type: 'test'
quality	Run repository quality gate	2026-10-05T13:33:19.5300341Z   ...
quality	Run repository quality gate	2026-10-05T13:33:19.5300877Z # Subtest: atomically hands off the default during pipeline creation
quality	Run repository quality gate	2026-10-05T13:33:19.5301666Z ok 455 - atomically hands off the default during pipeline creation
quality	Run repository quality gate	2026-10-05T13:33:19.5302275Z   ---
quality	Run repository quality gate	2026-10-05T13:33:19.5302847Z   duration_ms: 0.664058
quality	Run repository quality gate	2026-10-05T13:33:19.5303355Z   type: 'test'
quality	Run repository quality gate	2026-10-05T13:33:19.5303771Z   ...
quality	Run repository quality gate	2026-10-05T13:33:19.5304279Z # Subtest: maps a duplicate slug to a stable domain error
quality	Run repository quality gate	2026-10-05T13:33:19.5304945Z ok 456 - maps a duplicate slug to a stable domain error
quality	Run repository quality gate	2026-10-05T13:33:19.5305518Z   ---
quality	Run repository quality gate	2026-10-05T13:33:19.5305933Z   duration_ms: 0.356345
quality	Run repository quality gate	2026-10-05T13:33:19.5306393Z   type: 'test'
quality	Run repository quality gate	2026-10-05T13:33:19.5306802Z   ...
quality	Run repository quality gate	2026-10-05T13:33:19.5307461Z # Subtest: neutralizes stage keys and positions before an ordered replacement
quality	Run repository quality gate	2026-10-05T13:33:19.5308318Z ok 457 - neutralizes stage keys and positions before an ordered replacement
quality	Run repository quality gate	2026-10-05T13:33:19.5308984Z   ---
quality	Run repository quality gate	2026-10-05T13:33:19.5309385Z   duration_ms: 1.275262
quality	Run repository quality gate	2026-10-05T13:33:19.5309807Z   type: 'test'
quality	Run repository quality gate	2026-10-05T13:33:19.5310230Z   ...
quality	Run repository quality gate	2026-10-05T13:33:19.5310786Z # Subtest: blocks removal of a stage that already owns assignments
quality	Run repository quality gate	2026-10-05T13:33:19.5311576Z ok 458 - blocks removal of a stage that already owns assignments
quality	Run repository quality gate	2026-10-05T13:33:19.5312214Z   ---
quality	Run repository quality gate	2026-10-05T13:33:19.5312850Z   duration_ms: 0.323113
quality	Run repository quality gate	2026-10-05T13:33:19.5313357Z   type: 'test'
quality	Run repository quality gate	2026-10-05T13:33:19.5313757Z   ...
quality	Run repository quality gate	2026-10-05T13:33:19.5314318Z # Subtest: maps a foreign-key race during stage deletion to STAGE_IN_USE
quality	Run repository quality gate	2026-10-05T13:33:19.5315113Z ok 459 - maps a foreign-key race during stage deletion to STAGE_IN_USE
quality	Run repository quality gate	2026-10-05T13:33:19.5315750Z   ---
quality	Run repository quality gate	2026-10-05T13:33:19.5316148Z   duration_ms: 0.384573
quality	Run repository quality gate	2026-10-05T13:33:19.5316613Z   type: 'test'
quality	Run repository quality gate	2026-10-05T13:33:19.5317048Z   ...
quality	Run repository quality gate	2026-10-05T13:33:19.5317626Z # Subtest: sets the default pipeline with an optimistic version predicate
quality	Run repository quality gate	2026-10-05T13:33:19.5318464Z ok 460 - sets the default pipeline with an optimistic version predicate
quality	Run repository quality gate	2026-10-05T13:33:19.5319339Z   ---
quality	Run repository quality gate	2026-10-05T13:33:19.5319978Z   duration_ms: 0.28431
quality	Run repository quality gate	2026-10-05T13:33:19.5320323Z   type: 'test'
quality	Run repository quality gate	2026-10-05T13:33:19.5320552Z   ...
quality	Run repository quality gate	2026-10-05T13:33:19.5320963Z # Subtest: rejects a stale default-pipeline request before changing any defaults
quality	Run repository quality gate	2026-10-05T13:33:19.5321468Z ok 461 - rejects a stale default-pipeline request before changing any defaults
quality	Run repository quality gate	2026-10-05T13:33:19.5321840Z   ---
quality	Run repository quality gate	2026-10-05T13:33:19.5322048Z   duration_ms: 0.149459
quality	Run repository quality gate	2026-10-05T13:33:19.5322274Z   type: 'test'
quality	Run repository quality gate	2026-10-05T13:33:19.5322470Z   ...
quality	Run repository quality gate	2026-10-05T13:33:19.6681891Z # Subtest: creates an idempotent pipeline and writes one audit event
quality	Run repository quality gate	2026-10-05T13:33:19.6685122Z ok 462 - creates an idempotent pipeline and writes one audit event
quality	Run repository quality gate	2026-10-05T13:33:19.6686158Z   ---
quality	Run repository quality gate	2026-10-05T13:33:19.6686665Z   duration_ms: 5.233913
quality	Run repository quality gate	2026-10-05T13:33:19.6687245Z   type: 'test'
quality	Run repository quality gate	2026-10-05T13:33:19.6687711Z   ...
quality	Run repository quality gate	2026-10-05T13:33:19.6688427Z # Subtest: forces the first pipeline to default even when the caller does not request it
quality	Run repository quality gate	2026-10-05T13:33:19.6689429Z ok 463 - forces the first pipeline to default even when the caller does not request it
quality	Run repository quality gate	2026-10-05T13:33:19.6690191Z   ---
quality	Run repository quality gate	2026-10-05T13:33:19.6690634Z   duration_ms: 0.577176
quality	Run repository quality gate	2026-10-05T13:33:19.6691121Z   type: 'test'
quality	Run repository quality gate	2026-10-05T13:33:19.6691536Z   ...
quality	Run repository quality gate	2026-10-05T13:33:19.6692165Z # Subtest: atomically promotes an explicitly default second pipeline during creation
quality	Run repository quality gate	2026-10-05T13:33:19.6693678Z ok 464 - atomically promotes an explicitly default second pipeline during creation
quality	Run repository quality gate	2026-10-05T13:33:19.6694373Z   ---
quality	Run repository quality gate	2026-10-05T13:33:19.6694831Z   duration_ms: 7.563889
quality	Run repository quality gate	2026-10-05T13:33:19.6695288Z   type: 'test'
quality	Run repository quality gate	2026-10-05T13:33:19.6695716Z   ...
quality	Run repository quality gate	2026-10-05T13:33:19.6696275Z # Subtest: keeps an explicitly non-default later pipeline non-default
quality	Run repository quality gate	2026-10-05T13:33:19.6697102Z ok 465 - keeps an explicitly non-default later pipeline non-default
quality	Run repository quality gate	2026-10-05T13:33:19.6697741Z   ---
quality	Run repository quality gate	2026-10-05T13:33:19.6698153Z   duration_ms: 0.957818
quality	Run repository quality gate	2026-10-05T13:33:19.6698622Z   type: 'test'
quality	Run repository quality gate	2026-10-05T13:33:19.6699018Z   ...
quality	Run repository quality gate	2026-10-05T13:33:19.6699654Z # Subtest: replays a concurrently committed command after a deterministic mutation race
quality	Run repository quality gate	2026-10-05T13:33:19.6700467Z ok 466 - replays a concurrently committed command after a deterministic mutation race
quality	Run repository quality gate	2026-10-05T13:33:19.6701050Z   ---
quality	Run repository quality gate	2026-10-05T13:33:19.6701350Z   duration_ms: 0.801708
quality	Run repository quality gate	2026-10-05T13:33:19.6701688Z   type: 'test'
quality	Run repository quality gate	2026-10-05T13:33:19.6701977Z   ...
quality	Run repository quality gate	2026-10-05T13:33:19.6702369Z # Subtest: canonical payload hashing never invokes object or array accessors
quality	Run repository quality gate	2026-10-05T13:33:19.6703248Z ok 467 - canonical payload hashing never invokes object or array accessors
quality	Run repository quality gate	2026-10-05T13:33:19.6706979Z   ---
quality	Run repository quality gate	2026-10-05T13:33:19.6707465Z   duration_ms: 0.500734
quality	Run repository quality gate	2026-10-05T13:33:19.6708012Z   type: 'test'
quality	Run repository quality gate	2026-10-05T13:33:19.6708649Z   ...
quality	Run repository quality gate	2026-10-05T13:33:19.6709387Z # Subtest: canonical payload hashing rejects cycles, sparse arrays and custom serialization
quality	Run repository quality gate	2026-10-05T13:33:19.6710521Z ok 468 - canonical payload hashing rejects cycles, sparse arrays and custom serialization
quality	Run repository quality gate	2026-10-05T13:33:19.6711253Z   ---
quality	Run repository quality gate	2026-10-05T13:33:19.6711558Z   duration_ms: 0.219277
quality	Run repository quality gate	2026-10-05T13:33:19.6711919Z   type: 'test'
quality	Run repository quality gate	2026-10-05T13:33:19.6712194Z   ...
quality	Run repository quality gate	2026-10-05T13:33:19.6712693Z # Subtest: replays a command by its stable API payload before service-side reads
quality	Run repository quality gate	2026-10-05T13:33:19.6713377Z ok 469 - replays a command by its stable API payload before service-side reads
quality	Run repository quality gate	2026-10-05T13:33:19.6713931Z   ---
quality	Run repository quality gate	2026-10-05T13:33:19.6714205Z   duration_ms: 0.926386
quality	Run repository quality gate	2026-10-05T13:33:19.6714528Z   type: 'test'
quality	Run repository quality gate	2026-10-05T13:33:19.6714816Z   ...
quality	Run repository quality gate	2026-10-05T13:33:19.6715210Z # Subtest: rejects an idempotency key reused with another payload
quality	Run repository quality gate	2026-10-05T13:33:19.6715817Z ok 470 - rejects an idempotency key reused with another payload
quality	Run repository quality gate	2026-10-05T13:33:19.6716288Z   ---
quality	Run repository quality gate	2026-10-05T13:33:19.6716492Z   duration_ms: 1.002088
quality	Run repository quality gate	2026-10-05T13:33:19.6716848Z   type: 'test'
quality	Run repository quality gate	2026-10-05T13:33:19.6717058Z   ...
quality	Run repository quality gate	2026-10-05T13:33:19.6717806Z # Subtest: rejects tenant ownership supplied for another tenant
quality	Run repository quality gate	2026-10-05T13:33:19.6718393Z ok 471 - rejects tenant ownership supplied for another tenant
quality	Run repository quality gate	2026-10-05T13:33:19.6718853Z   ---
quality	Run repository quality gate	2026-10-05T13:33:19.6719134Z   duration_ms: 0.419635
quality	Run repository quality gate	2026-10-05T13:33:19.6719454Z   type: 'test'
quality	Run repository quality gate	2026-10-05T13:33:19.6719752Z   ...
quality	Run repository quality gate	2026-10-05T13:33:19.6720246Z # Subtest: normalizes pipeline-domain validation failures at the runtime boundary
quality	Run repository quality gate	2026-10-05T13:33:19.6721067Z ok 472 - normalizes pipeline-domain validation failures at the runtime boundary
quality	Run repository quality gate	2026-10-05T13:33:19.6721651Z   ---
quality	Run repository quality gate	2026-10-05T13:33:19.6721946Z   duration_ms: 0.337485
quality	Run repository quality gate	2026-10-05T13:33:19.6722723Z   type: 'test'
quality	Run repository quality gate	2026-10-05T13:33:19.6723027Z   ...
quality	Run repository quality gate	2026-10-05T13:33:19.6723458Z # Subtest: enforces action permission at the operation boundary
quality	Run repository quality gate	2026-10-05T13:33:19.6724106Z ok 473 - enforces action permission at the operation boundary
quality	Run repository quality gate	2026-10-05T13:33:19.6724600Z   ---
quality	Run repository quality gate	2026-10-05T13:33:19.6724898Z   duration_ms: 0.198914
quality	Run repository quality gate	2026-10-05T13:33:19.6725230Z   type: 'test'
quality	Run repository quality gate	2026-10-05T13:33:19.6725540Z   ...
quality	Run repository quality gate	2026-10-05T13:33:19.6725957Z # Subtest: transitions a seeded deal with optimistic concurrency
quality	Run repository quality gate	2026-10-05T13:33:19.6726602Z ok 474 - transitions a seeded deal with optimistic concurrency
quality	Run repository quality gate	2026-10-05T13:33:19.6727093Z   ---
quality	Run repository quality gate	2026-10-05T13:33:19.6727388Z   duration_ms: 2.114131
quality	Run repository quality gate	2026-10-05T13:33:19.6727714Z   type: 'test'
quality	Run repository quality gate	2026-10-05T13:33:19.6728006Z   ...
quality	Run repository quality gate	2026-10-05T13:33:19.6728706Z # Subtest: serializes two concurrent transitions so only one stale version wins
quality	Run repository quality gate	2026-10-05T13:33:19.6729477Z ok 475 - serializes two concurrent transitions so only one stale version wins
quality	Run repository quality gate	2026-10-05T13:33:19.6730061Z   ---
quality	Run repository quality gate	2026-10-05T13:33:19.6730353Z   duration_ms: 0.938437
quality	Run repository quality gate	2026-10-05T13:33:19.6730686Z   type: 'test'
quality	Run repository quality gate	2026-10-05T13:33:19.6730987Z   ...
quality	Run repository quality gate	2026-10-05T13:33:19.6731424Z # Subtest: prevents deleting a stage that still owns a deal assignment
quality	Run repository quality gate	2026-10-05T13:33:19.6732130Z ok 476 - prevents deleting a stage that still owns a deal assignment
quality	Run repository quality gate	2026-10-05T13:33:19.6732808Z   ---
quality	Run repository quality gate	2026-10-05T13:33:19.6733111Z   duration_ms: 1.015054
quality	Run repository quality gate	2026-10-05T13:33:19.6733450Z   type: 'test'
quality	Run repository quality gate	2026-10-05T13:33:19.6733744Z   ...
quality	Run repository quality gate	2026-10-05T13:33:19.6734246Z # Subtest: atomically switches the default pipeline with optimistic concurrency
quality	Run repository quality gate	2026-10-05T13:33:19.6735050Z ok 477 - atomically switches the default pipeline with optimistic concurrency
quality	Run repository quality gate	2026-10-05T13:33:19.6735617Z   ---
quality	Run repository quality gate	2026-10-05T13:33:19.6735918Z   duration_ms: 1.28141
quality	Run repository quality gate	2026-10-05T13:33:19.6736265Z   type: 'test'
quality	Run repository quality gate	2026-10-05T13:33:19.6736561Z   ...
quality	Run repository quality gate	2026-10-05T13:33:19.6737005Z # Subtest: restore requires its own permission rather than archive permission
quality	Run repository quality gate	2026-10-05T13:33:19.6737701Z ok 478 - restore requires its own permission rather than archive permission
quality	Run repository quality gate	2026-10-05T13:33:19.6738245Z   ---
quality	Run repository quality gate	2026-10-05T13:33:19.6738513Z   duration_ms: 1.403771
quality	Run repository quality gate	2026-10-05T13:33:19.6738842Z   type: 'test'
quality	Run repository quality gate	2026-10-05T13:33:19.6739132Z   ...
quality	Run repository quality gate	2026-10-05T13:33:19.6739606Z # Subtest: in-memory keys do not collide when tenant and entity IDs contain colons
quality	Run repository quality gate	2026-10-05T13:33:19.6740373Z ok 479 - in-memory keys do not collide when tenant and entity IDs contain colons
quality	Run repository quality gate	2026-10-05T13:33:19.6740925Z   ---
quality	Run repository quality gate	2026-10-05T13:33:19.6741212Z   duration_ms: 0.259381
quality	Run repository quality gate	2026-10-05T13:33:19.6741531Z   type: 'test'
quality	Run repository quality gate	2026-10-05T13:33:19.6741824Z   ...
quality	Run repository quality gate	2026-10-05T13:33:19.6742178Z # Subtest: enforces the bounded pipeline count
quality	Run repository quality gate	2026-10-05T13:33:19.6742860Z ok 480 - enforces the bounded pipeline count
quality	Run repository quality gate	2026-10-05T13:33:19.6743268Z   ---
quality	Run repository quality gate	2026-10-05T13:33:19.6743533Z   duration_ms: 9.267686
quality	Run repository quality gate	2026-10-05T13:33:19.6743858Z   type: 'test'
quality	Run repository quality gate	2026-10-05T13:33:19.6744211Z   ...
quality	Run repository quality gate	2026-10-05T13:33:19.7684996Z # Subtest: givenPlainCredential_whenSealingAndOpening_thenReturnsValidatedPlaintext
quality	Run repository quality gate	2026-10-05T13:33:19.7686410Z ok 481 - givenPlainCredential_whenSealingAndOpening_thenReturnsValidatedPlaintext
quality	Run repository quality gate	2026-10-05T13:33:19.7687268Z   ---
quality	Run repository quality gate	2026-10-05T13:33:19.7687787Z   duration_ms: 3.335237
quality	Run repository quality gate	2026-10-05T13:33:19.7688318Z   type: 'test'
quality	Run repository quality gate	2026-10-05T13:33:19.7688806Z   ...
quality	Run repository quality gate	2026-10-05T13:33:19.7689449Z # Subtest: givenLegacyPlaintextAndStrictMode_whenOpening_thenRejects
quality	Run repository quality gate	2026-10-05T13:33:19.7698415Z ok 482 - givenLegacyPlaintextAndStrictMode_whenOpening_thenRejects
quality	Run repository quality gate	2026-10-05T13:33:19.7699052Z   ---
quality	Run repository quality gate	2026-10-05T13:33:19.7699349Z   duration_ms: 0.668101
quality	Run repository quality gate	2026-10-05T13:33:19.7699596Z   type: 'test'
quality	Run repository quality gate	2026-10-05T13:33:19.7699838Z   ...
quality	Run repository quality gate	2026-10-05T13:33:19.7703567Z # Subtest: givenLegacyPlaintextAndMigrationMode_whenOpening_thenMarksMigrationRequired
quality	Run repository quality gate	2026-10-05T13:33:19.7704943Z ok 483 - givenLegacyPlaintextAndMigrationMode_whenOpening_thenMarksMigrationRequired
quality	Run repository quality gate	2026-10-05T13:33:19.7705883Z   ---
quality	Run repository quality gate	2026-10-05T13:33:19.7706313Z   duration_ms: 0.43452
quality	Run repository quality gate	2026-10-05T13:33:19.7706781Z   type: 'test'
quality	Run repository quality gate	2026-10-05T13:33:19.7707651Z   ...
quality	Run repository quality gate	2026-10-05T13:33:19.7708053Z # Subtest: givenEncryptedValue_whenSealingAgain_thenPreventsDoubleEncryption
quality	Run repository quality gate	2026-10-05T13:33:19.7708574Z ok 484 - givenEncryptedValue_whenSealingAgain_thenPreventsDoubleEncryption
quality	Run repository quality gate	2026-10-05T13:33:19.7708940Z   ---
quality	Run repository quality gate	2026-10-05T13:33:19.7709147Z   duration_ms: 0.379384
quality	Run repository quality gate	2026-10-05T13:33:19.7709376Z   type: 'test'
quality	Run repository quality gate	2026-10-05T13:33:19.7709586Z   ...
quality	Run repository quality gate	2026-10-05T13:33:19.8710635Z # Subtest: givenValidContext_whenEncryptingAndDecrypting_thenRoundTripsWithoutPlaintextLeakage
quality	Run repository quality gate	2026-10-05T13:33:19.8712178Z ok 485 - givenValidContext_whenEncryptingAndDecrypting_thenRoundTripsWithoutPlaintextLeakage
quality	Run repository quality gate	2026-10-05T13:33:19.8713219Z   ---
quality	Run repository quality gate	2026-10-05T13:33:19.8713698Z   duration_ms: 3.799889
quality	Run repository quality gate	2026-10-05T13:33:19.8714216Z   type: 'test'
quality	Run repository quality gate	2026-10-05T13:33:19.8715028Z   ...
quality	Run repository quality gate	2026-10-05T13:33:19.8720914Z # Subtest: givenSamePlaintext_whenEncryptedTwice_thenRandomIvProducesDifferentEnvelopes
quality	Run repository quality gate	2026-10-05T13:33:19.8725638Z ok 486 - givenSamePlaintext_whenEncryptedTwice_thenRandomIvProducesDifferentEnvelopes
quality	Run repository quality gate	2026-10-05T13:33:19.8726463Z   ---
quality	Run repository quality gate	2026-10-05T13:33:19.8726781Z   duration_ms: 0.67434
quality	Run repository quality gate	2026-10-05T13:33:19.8727146Z   type: 'test'
quality	Run repository quality gate	2026-10-05T13:33:19.8727466Z   ...
quality	Run repository quality gate	2026-10-05T13:33:19.8727977Z # Subtest: givenWrongTenantContext_whenDecrypting_thenAuthenticationFails
quality	Run repository quality gate	2026-10-05T13:33:19.8728971Z ok 487 - givenWrongTenantContext_whenDecrypting_thenAuthenticationFails
quality	Run repository quality gate	2026-10-05T13:33:19.8729675Z   ---
quality	Run repository quality gate	2026-10-05T13:33:19.8730047Z   duration_ms: 0.75754
quality	Run repository quality gate	2026-10-05T13:33:19.8730511Z   type: 'test'
quality	Run repository quality gate	2026-10-05T13:33:19.8730963Z   ...
quality	Run repository quality gate	2026-10-05T13:33:19.8731607Z # Subtest: givenTamperedCiphertext_whenDecrypting_thenAuthenticationFails
quality	Run repository quality gate	2026-10-05T13:33:19.8732684Z ok 488 - givenTamperedCiphertext_whenDecrypting_thenAuthenticationFails
quality	Run repository quality gate	2026-10-05T13:33:19.8733306Z   ---
quality	Run repository quality gate	2026-10-05T13:33:19.8733716Z   duration_ms: 0.504399
quality	Run repository quality gate	2026-10-05T13:33:19.8734150Z   type: 'test'
quality	Run repository quality gate	2026-10-05T13:33:19.8734466Z   ...
quality	Run repository quality gate	2026-10-05T13:33:19.8735099Z # Subtest: givenMissingHistoricalKey_whenDecrypting_thenFailsWithoutLeakingSecret
quality	Run repository quality gate	2026-10-05T13:33:19.8736037Z ok 489 - givenMissingHistoricalKey_whenDecrypting_thenFailsWithoutLeakingSecret
quality	Run repository quality gate	2026-10-05T13:33:19.8736756Z   ---
quality	Run repository quality gate	2026-10-05T13:33:19.8737150Z   duration_ms: 0.535951
quality	Run repository quality gate	2026-10-05T13:33:19.8737572Z   type: 'test'
quality	Run repository quality gate	2026-10-05T13:33:19.8737885Z   ...
quality	Run repository quality gate	2026-10-05T13:33:19.8738437Z # Subtest: givenHistoricalKeyAndNewActiveKey_whenRotating_thenReencryptsWithNewKey
quality	Run repository quality gate	2026-10-05T13:33:19.8743956Z ok 490 - givenHistoricalKeyAndNewActiveKey_whenRotating_thenReencryptsWithNewKey
quality	Run repository quality gate	2026-10-05T13:33:19.8744783Z   ---
quality	Run repository quality gate	2026-10-05T13:33:19.8745223Z   duration_ms: 0.727661
quality	Run repository quality gate	2026-10-05T13:33:19.8745698Z   type: 'test'
quality	Run repository quality gate	2026-10-05T13:33:19.8746122Z   ...
quality	Run repository quality gate	2026-10-05T13:33:19.8747231Z # Subtest: givenPlaintext_whenDecrypting_thenRejectsImplicitLegacyFallback
quality	Run repository quality gate	2026-10-05T13:33:19.8748083Z ok 491 - givenPlaintext_whenDecrypting_thenRejectsImplicitLegacyFallback
quality	Run repository quality gate	2026-10-05T13:33:19.8748616Z   ---
quality	Run repository quality gate	2026-10-05T13:33:19.8748900Z   duration_ms: 0.28951
quality	Run repository quality gate	2026-10-05T13:33:19.8749198Z   type: 'test'
quality	Run repository quality gate	2026-10-05T13:33:19.8749453Z   ...
quality	Run repository quality gate	2026-10-05T13:33:19.8779546Z # Subtest: givenInvalidKeyLength_whenCreatingProvider_thenFailsFast
quality	Run repository quality gate	2026-10-05T13:33:19.8780564Z ok 492 - givenInvalidKeyLength_whenCreatingProvider_thenFailsFast
quality	Run repository quality gate	2026-10-05T13:33:19.8781273Z   ---
quality	Run repository quality gate	2026-10-05T13:33:19.8781611Z   duration_ms: 0.178178
quality	Run repository quality gate	2026-10-05T13:33:19.8781969Z   type: 'test'
quality	Run repository quality gate	2026-10-05T13:33:19.8782331Z   ...
quality	Run repository quality gate	2026-10-05T13:33:19.8783082Z # Subtest: givenEnvironmentKeyring_whenCreatingProvider_thenValidatesAndDecrypts
quality	Run repository quality gate	2026-10-05T13:33:19.8783843Z ok 493 - givenEnvironmentKeyring_whenCreatingProvider_thenValidatesAndDecrypts
quality	Run repository quality gate	2026-10-05T13:33:19.8784356Z   ---
quality	Run repository quality gate	2026-10-05T13:33:19.8784724Z   duration_ms: 0.660258
quality	Run repository quality gate	2026-10-05T13:33:19.8785086Z   type: 'test'
quality	Run repository quality gate	2026-10-05T13:33:19.8785442Z   ...
quality	Run repository quality gate	2026-10-05T13:33:19.8785937Z # Subtest: givenEnvelope_whenRedactingAndFingerprinting_thenNeverReturnsPlaintext
quality	Run repository quality gate	2026-10-05T13:33:19.8786649Z ok 494 - givenEnvelope_whenRedactingAndFingerprinting_thenNeverReturnsPlaintext
quality	Run repository quality gate	2026-10-05T13:33:19.8787568Z   ---
quality	Run repository quality gate	2026-10-05T13:33:19.8787829Z   duration_ms: 1.013096
quality	Run repository quality gate	2026-10-05T13:33:19.8788220Z   type: 'test'
quality	Run repository quality gate	2026-10-05T13:33:19.8788501Z   ...
quality	Run repository quality gate	2026-10-05T13:33:19.8788960Z # Subtest: givenOversizedPlaintext_whenEncrypting_thenRejectsBeforeEncryption
quality	Run repository quality gate	2026-10-05T13:33:19.8789659Z ok 495 - givenOversizedPlaintext_whenEncrypting_thenRejectsBeforeEncryption
quality	Run repository quality gate	2026-10-05T13:33:19.8790156Z   ---
quality	Run repository quality gate	2026-10-05T13:33:19.8790415Z   duration_ms: 0.262763
quality	Run repository quality gate	2026-10-05T13:33:19.8790747Z   type: 'test'
quality	Run repository quality gate	2026-10-05T13:33:19.8791041Z   ...
quality	Run repository quality gate	2026-10-05T13:33:19.9684065Z # Subtest: givenUnscopedWhere_whenScoping_thenInjectsActiveTenant
quality	Run repository quality gate	2026-10-05T13:33:19.9685834Z ok 496 - givenUnscopedWhere_whenScoping_thenInjectsActiveTenant
quality	Run repository quality gate	2026-10-05T13:33:19.9686463Z   ---
quality	Run repository quality gate	2026-10-05T13:33:19.9686948Z   duration_ms: 2.264957
quality	Run repository quality gate	2026-10-05T13:33:19.9687703Z   type: 'test'
quality	Run repository quality gate	2026-10-05T13:33:19.9688128Z   ...
quality	Run repository quality gate	2026-10-05T13:33:19.9688666Z # Subtest: givenCrossTenantSelector_whenScoping_thenRejects
quality	Run repository quality gate	2026-10-05T13:33:19.9689268Z ok 497 - givenCrossTenantSelector_whenScoping_thenRejects
quality	Run repository quality gate	2026-10-05T13:33:19.9689738Z   ---
quality	Run repository quality gate	2026-10-05T13:33:19.9690084Z   duration_ms: 0.438969
quality	Run repository quality gate	2026-10-05T13:33:19.9690469Z   type: 'test'
quality	Run repository quality gate	2026-10-05T13:33:19.9690816Z   ...
quality	Run repository quality gate	2026-10-05T13:33:19.9691332Z # Subtest: givenCreatePayloadForAnotherTenant_whenScoping_thenRejects
quality	Run repository quality gate	2026-10-05T13:33:19.9691970Z ok 498 - givenCreatePayloadForAnotherTenant_whenScoping_thenRejects
quality	Run repository quality gate	2026-10-05T13:33:19.9692418Z   ---
quality	Run repository quality gate	2026-10-05T13:33:19.9692979Z   duration_ms: 0.159592
quality	Run repository quality gate	2026-10-05T13:33:19.9693492Z   type: 'test'
quality	Run repository quality gate	2026-10-05T13:33:19.9693781Z   ...
quality	Run repository quality gate	2026-10-05T13:33:19.9694295Z # Subtest: givenAttemptedTenantReassignment_whenUpdating_thenRejects
quality	Run repository quality gate	2026-10-05T13:33:19.9694956Z ok 499 - givenAttemptedTenantReassignment_whenUpdating_thenRejects
quality	Run repository quality gate	2026-10-05T13:33:19.9695435Z   ---
quality	Run repository quality gate	2026-10-05T13:33:19.9695815Z   duration_ms: 0.194991
quality	Run repository quality gate	2026-10-05T13:33:19.9696128Z   type: 'test'
quality	Run repository quality gate	2026-10-05T13:33:19.9696398Z   ...
quality	Run repository quality gate	2026-10-05T13:33:19.9696875Z # Subtest: givenUniqueSelector_whenScoping_thenKeepsUniqueFieldAndAddsTenant
quality	Run repository quality gate	2026-10-05T13:33:19.9697389Z ok 500 - givenUniqueSelector_whenScoping_thenKeepsUniqueFieldAndAddsTenant
quality	Run repository quality gate	2026-10-05T13:33:19.9697756Z   ---
quality	Run repository quality gate	2026-10-05T13:33:19.9698032Z   duration_ms: 0.194928
quality	Run repository quality gate	2026-10-05T13:33:19.9698317Z   type: 'test'
quality	Run repository quality gate	2026-10-05T13:33:19.9698513Z   ...
quality	Run repository quality gate	2026-10-05T13:33:19.9699023Z # Subtest: givenSameOperationInDifferentTenants_whenBuildingIdempotencyKey_thenKeysDiffer
quality	Run repository quality gate	2026-10-05T13:33:19.9707737Z ok 501 - givenSameOperationInDifferentTenants_whenBuildingIdempotencyKey_thenKeysDiffer
quality	Run repository quality gate	2026-10-05T13:33:19.9708167Z   ---
quality	Run repository quality gate	2026-10-05T13:33:19.9708374Z   duration_ms: 0.595091
quality	Run repository quality gate	2026-10-05T13:33:19.9711114Z   type: 'test'
quality	Run repository quality gate	2026-10-05T13:33:19.9711450Z   ...
quality	Run repository quality gate	2026-10-05T13:33:19.9712079Z # Subtest: givenTenantScopedDelegate_whenReading_thenAlwaysInjectsTenantAndValidatesResults
quality	Run repository quality gate	2026-10-05T13:33:19.9713529Z ok 502 - givenTenantScopedDelegate_whenReading_thenAlwaysInjectsTenantAndValidatesResults
quality	Run repository quality gate	2026-10-05T13:33:19.9714596Z   ---
quality	Run repository quality gate	2026-10-05T13:33:19.9715065Z   duration_ms: 0.439635
quality	Run repository quality gate	2026-10-05T13:33:19.9715543Z   type: 'test'
quality	Run repository quality gate	2026-10-05T13:33:19.9715927Z   ...
quality	Run repository quality gate	2026-10-05T13:33:19.9716503Z # Subtest: givenCompromisedDelegateReturningAnotherTenant_whenReading_thenFailsClosed
quality	Run repository quality gate	2026-10-05T13:33:19.9717412Z ok 503 - givenCompromisedDelegateReturningAnotherTenant_whenReading_thenFailsClosed
quality	Run repository quality gate	2026-10-05T13:33:19.9718006Z   ---
quality	Run repository quality gate	2026-10-05T13:33:19.9718270Z   duration_ms: 0.301026
quality	Run repository quality gate	2026-10-05T13:33:19.9718578Z   type: 'test'
quality	Run repository quality gate	2026-10-05T13:33:19.9718851Z   ...
quality	Run repository quality gate	2026-10-05T13:33:19.9719348Z # Subtest: givenScopedMutation_whenUpdating_thenScopesWhereAndForbidsOwnershipChange
quality	Run repository quality gate	2026-10-05T13:33:19.9720207Z ok 504 - givenScopedMutation_whenUpdating_thenScopesWhereAndForbidsOwnershipChange
quality	Run repository quality gate	2026-10-05T13:33:19.9720781Z   ---
quality	Run repository quality gate	2026-10-05T13:33:19.9721086Z   duration_ms: 0.413866
quality	Run repository quality gate	2026-10-05T13:33:19.9721398Z   type: 'test'
quality	Run repository quality gate	2026-10-05T13:33:19.9721672Z   ...
quality	Run repository quality gate	2026-10-05T13:33:19.9722084Z # Subtest: givenPrototypePollutionKey_whenScoping_thenRejectsInput
quality	Run repository quality gate	2026-10-05T13:33:19.9722909Z ok 505 - givenPrototypePollutionKey_whenScoping_thenRejectsInput
quality	Run repository quality gate	2026-10-05T13:33:19.9723672Z   ---
quality	Run repository quality gate	2026-10-05T13:33:19.9723908Z   duration_ms: 0.363159
quality	Run repository quality gate	2026-10-05T13:33:19.9724140Z   type: 'test'
quality	Run repository quality gate	2026-10-05T13:33:19.9724335Z   ...
quality	Run repository quality gate	2026-10-05T13:33:19.9724836Z # Subtest: givenCallerSelectExcludesTenantField_whenReading_thenVerifiesInternallyAndRestoresRequestedShape
quality	Run repository quality gate	2026-10-05T13:33:19.9725675Z ok 506 - givenCallerSelectExcludesTenantField_whenReading_thenVerifiesInternallyAndRestoresRequestedShape
quality	Run repository quality gate	2026-10-05T13:33:19.9726151Z   ---
quality	Run repository quality gate	2026-10-05T13:33:19.9726345Z   duration_ms: 0.276202
quality	Run repository quality gate	2026-10-05T13:33:19.9726564Z   type: 'test'
quality	Run repository quality gate	2026-10-05T13:33:19.9726766Z   ...
quality	Run repository quality gate	2026-10-05T13:33:20.0609749Z # Subtest: graphite/light: semantic text and controls meet contrast thresholds
quality	Run repository quality gate	2026-10-05T13:33:20.0610943Z ok 507 - graphite/light: semantic text and controls meet contrast thresholds
quality	Run repository quality gate	2026-10-05T13:33:20.0612035Z   ---
quality	Run repository quality gate	2026-10-05T13:33:20.0612467Z   duration_ms: 1.293768
quality	Run repository quality gate	2026-10-05T13:33:20.0613108Z   type: 'test'
quality	Run repository quality gate	2026-10-05T13:33:20.0613650Z   ...
quality	Run repository quality gate	2026-10-05T13:33:20.0614186Z # Subtest: graphite/dark: semantic text and controls meet contrast thresholds
quality	Run repository quality gate	2026-10-05T13:33:20.0615073Z ok 508 - graphite/dark: semantic text and controls meet contrast thresholds
quality	Run repository quality gate	2026-10-05T13:33:20.0615756Z   ---
quality	Run repository quality gate	2026-10-05T13:33:20.0616167Z   duration_ms: 0.307523
quality	Run repository quality gate	2026-10-05T13:33:20.0616757Z   type: 'test'
quality	Run repository quality gate	2026-10-05T13:33:20.0617125Z   ...
quality	Run repository quality gate	2026-10-05T13:33:20.0617712Z # Subtest: grove/light: semantic text and controls meet contrast thresholds
quality	Run repository quality gate	2026-10-05T13:33:20.0618588Z ok 509 - grove/light: semantic text and controls meet contrast thresholds
quality	Run repository quality gate	2026-10-05T13:33:20.0619355Z   ---
quality	Run repository quality gate	2026-10-05T13:33:20.0619737Z   duration_ms: 0.951991
quality	Run repository quality gate	2026-10-05T13:33:20.0620052Z   type: 'test'
quality	Run repository quality gate	2026-10-05T13:33:20.0620327Z   ...
quality	Run repository quality gate	2026-10-05T13:33:20.0620709Z # Subtest: grove/dark: semantic text and controls meet contrast thresholds
quality	Run repository quality gate	2026-10-05T13:33:20.0621352Z ok 510 - grove/dark: semantic text and controls meet contrast thresholds
quality	Run repository quality gate	2026-10-05T13:33:20.0621698Z   ---
quality	Run repository quality gate	2026-10-05T13:33:20.0621895Z   duration_ms: 0.151982
quality	Run repository quality gate	2026-10-05T13:33:20.0622132Z   type: 'test'
quality	Run repository quality gate	2026-10-05T13:33:20.0622409Z   ...
quality	Run repository quality gate	2026-10-05T13:33:20.0622955Z # Subtest: sand/light: semantic text and controls meet contrast thresholds
quality	Run repository quality gate	2026-10-05T13:33:20.0623579Z ok 511 - sand/light: semantic text and controls meet contrast thresholds
quality	Run repository quality gate	2026-10-05T13:33:20.0624091Z   ---
quality	Run repository quality gate	2026-10-05T13:33:20.0624367Z   duration_ms: 0.222726
quality	Run repository quality gate	2026-10-05T13:33:20.0624667Z   type: 'test'
quality	Run repository quality gate	2026-10-05T13:33:20.0624952Z   ...
quality	Run repository quality gate	2026-10-05T13:33:20.0625353Z # Subtest: sand/dark: semantic text and controls meet contrast thresholds
quality	Run repository quality gate	2026-10-05T13:33:20.0636359Z ok 512 - sand/dark: semantic text and controls meet contrast thresholds
quality	Run repository quality gate	2026-10-05T13:33:20.0637047Z   ---
quality	Run repository quality gate	2026-10-05T13:33:20.0637451Z   duration_ms: 0.13072
quality	Run repository quality gate	2026-10-05T13:33:20.0637897Z   type: 'test'
quality	Run repository quality gate	2026-10-05T13:33:20.0638213Z   ...
quality	Run repository quality gate	2026-10-05T13:33:20.0638763Z # Subtest: indigo/light: semantic text and controls meet contrast thresholds
quality	Run repository quality gate	2026-10-05T13:33:20.0639231Z ok 513 - indigo/light: semantic text and controls meet contrast thresholds
quality	Run repository quality gate	2026-10-05T13:33:20.0639841Z   ---
quality	Run repository quality gate	2026-10-05T13:33:20.0640180Z   duration_ms: 0.114064
quality	Run repository quality gate	2026-10-05T13:33:20.0640404Z   type: 'test'
quality	Run repository quality gate	2026-10-05T13:33:20.0640608Z   ...
quality	Run repository quality gate	2026-10-05T13:33:20.0640895Z # Subtest: indigo/dark: semantic text and controls meet contrast thresholds
quality	Run repository quality gate	2026-10-05T13:33:20.0641349Z ok 514 - indigo/dark: semantic text and controls meet contrast thresholds
quality	Run repository quality gate	2026-10-05T13:33:20.0641680Z   ---
quality	Run repository quality gate	2026-10-05T13:33:20.0641876Z   duration_ms: 0.124366
quality	Run repository quality gate	2026-10-05T13:33:20.0642103Z   type: 'test'
quality	Run repository quality gate	2026-10-05T13:33:20.0642297Z   ...
quality	Run repository quality gate	2026-10-05T13:33:20.0642890Z # Subtest: invalid, oversized or future-version stored preferences fall back safely
quality	Run repository quality gate	2026-10-05T13:33:20.0643404Z ok 515 - invalid, oversized or future-version stored preferences fall back safely
quality	Run repository quality gate	2026-10-05T13:33:20.0643772Z   ---
quality	Run repository quality gate	2026-10-05T13:33:20.0643978Z   duration_ms: 0.930789
quality	Run repository quality gate	2026-10-05T13:33:20.0644200Z   type: 'test'
quality	Run repository quality gate	2026-10-05T13:33:20.0644501Z   ...
quality	Run repository quality gate	2026-10-05T13:33:20.0644992Z # Subtest: whitelisted preferences survive parsing and DOM application; unrelated attributes remain
quality	Run repository quality gate	2026-10-05T13:33:20.0646103Z ok 516 - whitelisted preferences survive parsing and DOM application; unrelated attributes remain
quality	Run repository quality gate	2026-10-05T13:33:20.0646514Z   ---
quality	Run repository quality gate	2026-10-05T13:33:20.0646715Z   duration_ms: 0.424344
quality	Run repository quality gate	2026-10-05T13:33:20.0646944Z   type: 'test'
quality	Run repository quality gate	2026-10-05T13:33:20.0647171Z   ...
quality	Run repository quality gate	2026-10-05T13:33:20.0647667Z # Subtest: pre-paint bootstrap and parser agree, including unavailable storage
quality	Run repository quality gate	2026-10-05T13:33:20.0648132Z ok 517 - pre-paint bootstrap and parser agree, including unavailable storage
quality	Run repository quality gate	2026-10-05T13:33:20.0648473Z   ---
quality	Run repository quality gate	2026-10-05T13:33:20.0648673Z   duration_ms: 3.002457
quality	Run repository quality gate	2026-10-05T13:33:20.0648889Z   type: 'test'
quality	Run repository quality gate	2026-10-05T13:33:20.0649094Z   ...
quality	Run repository quality gate	2026-10-05T13:33:20.0670501Z # Subtest: generated CSS is exactly derived from the tested token registry
quality	Run repository quality gate	2026-10-05T13:33:20.0671552Z ok 518 - generated CSS is exactly derived from the tested token registry
quality	Run repository quality gate	2026-10-05T13:33:20.0672130Z   ---
quality	Run repository quality gate	2026-10-05T13:33:20.0672344Z   duration_ms: 8.337587
quality	Run repository quality gate	2026-10-05T13:33:20.0672785Z   type: 'test'
quality	Run repository quality gate	2026-10-05T13:33:20.0673006Z   ...
quality	Run repository quality gate	2026-10-05T13:33:20.0673282Z # Subtest: palette contracts are immutable and equally capable
quality	Run repository quality gate	2026-10-05T13:33:20.0673695Z ok 519 - palette contracts are immutable and equally capable
quality	Run repository quality gate	2026-10-05T13:33:20.0674006Z   ---
quality	Run repository quality gate	2026-10-05T13:33:20.0674221Z   duration_ms: 0.602947
quality	Run repository quality gate	2026-10-05T13:33:20.0674450Z   type: 'test'
quality	Run repository quality gate	2026-10-05T13:33:20.0674657Z   ...
quality	Run repository quality gate	2026-10-05T13:33:20.1531481Z # Subtest: semantic check-types is mandatory, not an absent typecheck alias
quality	Run repository quality gate	2026-10-05T13:33:20.1532651Z ok 520 - semantic check-types is mandatory, not an absent typecheck alias
quality	Run repository quality gate	2026-10-05T13:33:20.1533757Z   ---
quality	Run repository quality gate	2026-10-05T13:33:20.1534214Z   duration_ms: 1.397262
quality	Run repository quality gate	2026-10-05T13:33:20.1534640Z   type: 'test'
quality	Run repository quality gate	2026-10-05T13:33:20.1534964Z   ...
quality	Run repository quality gate	2026-10-05T13:33:20.1535861Z # Subtest: a full quality gate cannot silently skip build
quality	Run repository quality gate	2026-10-05T13:33:20.1537937Z ok 521 - a full quality gate cannot silently skip build
quality	Run repository quality gate	2026-10-05T13:33:20.1538365Z   ---
quality	Run repository quality gate	2026-10-05T13:33:20.1538653Z   duration_ms: 0.136256
quality	Run repository quality gate	2026-10-05T13:33:20.1538980Z   type: 'test'
quality	Run repository quality gate	2026-10-05T13:33:20.1539251Z   ...
quality	Run repository quality gate	2026-10-05T13:33:20.2406872Z # Subtest: given clean repository when audited then returns no findings
quality	Run repository quality gate	2026-10-05T13:33:20.2411529Z ok 522 - given clean repository when audited then returns no findings
quality	Run repository quality gate	2026-10-05T13:33:20.2412056Z   ---
quality	Run repository quality gate	2026-10-05T13:33:20.2412339Z   duration_ms: 7.078701
quality	Run repository quality gate	2026-10-05T13:33:20.2412749Z   type: 'test'
quality	Run repository quality gate	2026-10-05T13:33:20.2412981Z   ...
quality	Run repository quality gate	2026-10-05T13:33:20.2432299Z # Subtest: given UTF-8 BOM package manifest when audited then reports JSON_BOM
quality	Run repository quality gate	2026-10-05T13:33:20.2437394Z ok 523 - given UTF-8 BOM package manifest when audited then reports JSON_BOM
quality	Run repository quality gate	2026-10-05T13:33:20.2437961Z   ---
quality	Run repository quality gate	2026-10-05T13:33:20.2438246Z   duration_ms: 2.607737
quality	Run repository quality gate	2026-10-05T13:33:20.2438611Z   type: 'test'
quality	Run repository quality gate	2026-10-05T13:33:20.2438881Z   ...
quality	Run repository quality gate	2026-10-05T13:33:20.2459159Z # Subtest: given legacy identity in source when audited then reports it
quality	Run repository quality gate	2026-10-05T13:33:20.2459758Z ok 524 - given legacy identity in source when audited then reports it
quality	Run repository quality gate	2026-10-05T13:33:20.2460287Z   ---
quality	Run repository quality gate	2026-10-05T13:33:20.2460649Z   duration_ms: 2.406341
quality	Run repository quality gate	2026-10-05T13:33:20.2461141Z   type: 'test'
quality	Run repository quality gate	2026-10-05T13:33:20.2461507Z   ...
quality	Run repository quality gate	2026-10-05T13:33:20.2478886Z # Subtest: given secret-like token in source when audited then reports without exposing token
quality	Run repository quality gate	2026-10-05T13:33:20.2479925Z ok 525 - given secret-like token in source when audited then reports without exposing token
quality	Run repository quality gate	2026-10-05T13:33:20.2480415Z   ---
quality	Run repository quality gate	2026-10-05T13:33:20.2480791Z   duration_ms: 1.963791
quality	Run repository quality gate	2026-10-05T13:33:20.2481273Z   type: 'test'
quality	Run repository quality gate	2026-10-05T13:33:20.2481587Z   ...
quality	Run repository quality gate	2026-10-05T13:33:20.2501806Z # Subtest: given secret placeholder in .env.example when audited then does not treat it as committed secret
quality	Run repository quality gate	2026-10-05T13:33:20.2503341Z ok 526 - given secret placeholder in .env.example when audited then does not treat it as committed secret
quality	Run repository quality gate	2026-10-05T13:33:20.2504233Z   ---
quality	Run repository quality gate	2026-10-05T13:33:20.2505027Z   duration_ms: 1.840648
quality	Run repository quality gate	2026-10-05T13:33:20.2505480Z   type: 'test'
quality	Run repository quality gate	2026-10-05T13:33:20.2506092Z   ...
quality	Run repository quality gate	2026-10-05T13:33:20.3331437Z # Subtest: worker once processes one tick and returns without claiming an asynchronous promise
quality	Run repository quality gate	2026-10-05T13:33:20.3333262Z ok 527 - worker once processes one tick and returns without claiming an asynchronous promise
quality	Run repository quality gate	2026-10-05T13:33:20.3334314Z   ---
quality	Run repository quality gate	2026-10-05T13:33:20.3334879Z   duration_ms: 0.732602
quality	Run repository quality gate	2026-10-05T13:33:20.3335462Z   type: 'test'
quality	Run repository quality gate	2026-10-05T13:33:20.3335973Z   ...
quality	Run repository quality gate	2026-10-05T13:33:20.3336795Z # Subtest: worker shutdown drains the current tick and does not start a replacement tick
quality	Run repository quality gate	2026-10-05T13:33:20.3337924Z ok 528 - worker shutdown drains the current tick and does not start a replacement tick
quality	Run repository quality gate	2026-10-05T13:33:20.3338767Z   ---
quality	Run repository quality gate	2026-10-05T13:33:20.3339291Z   duration_ms: 0.678521
quality	Run repository quality gate	2026-10-05T13:33:20.3339865Z   type: 'test'
quality	Run repository quality gate	2026-10-05T13:33:20.3340690Z   ...
quality	Run repository quality gate	2026-10-05T13:33:20.3341367Z # Subtest: worker exits for review on once failure and emits no raw credentials
quality	Run repository quality gate	2026-10-05T13:33:20.3342360Z ok 529 - worker exits for review on once failure and emits no raw credentials
quality	Run repository quality gate	2026-10-05T13:33:20.3343272Z   ---
quality	Run repository quality gate	2026-10-05T13:33:20.3343733Z   duration_ms: 0.499014
quality	Run repository quality gate	2026-10-05T13:33:20.3344213Z   type: 'test'
quality	Run repository quality gate	2026-10-05T13:33:20.3344601Z   ...
quality	Run repository quality gate	2026-10-05T13:33:20.3345299Z # Subtest: worker validates poll bounds and honors already-aborted signal
quality	Run repository quality gate	2026-10-05T13:33:20.3346105Z ok 530 - worker validates poll bounds and honors already-aborted signal
quality	Run repository quality gate	2026-10-05T13:33:20.3346739Z   ---
quality	Run repository quality gate	2026-10-05T13:33:20.3347173Z   duration_ms: 0.190396
quality	Run repository quality gate	2026-10-05T13:33:20.3347635Z   type: 'test'
quality	Run repository quality gate	2026-10-05T13:33:20.3348057Z   ...
quality	Run repository quality gate	2026-10-05T13:33:20.6055111Z # Subtest: operator upload and a new-process plan recover the same encrypted source
quality	Run repository quality gate	2026-10-05T13:33:20.6056336Z ok 531 - operator upload and a new-process plan recover the same encrypted source
quality	Run repository quality gate	2026-10-05T13:33:20.6056885Z   ---
quality	Run repository quality gate	2026-10-05T13:33:20.6057255Z   duration_ms: 188.190018
quality	Run repository quality gate	2026-10-05T13:33:20.6057657Z   type: 'test'
quality	Run repository quality gate	2026-10-05T13:33:20.6058092Z   ...
quality	Run repository quality gate	2026-10-05T13:33:20.7668903Z # Subtest: operator preparation fails without keys and never overwrites a report
quality	Run repository quality gate	2026-10-05T13:33:20.7669898Z ok 532 - operator preparation fails without keys and never overwrites a report
quality	Run repository quality gate	2026-10-05T13:33:20.7670459Z   ---
quality	Run repository quality gate	2026-10-05T13:33:20.7670713Z   duration_ms: 161.285211
quality	Run repository quality gate	2026-10-05T13:33:20.7670959Z   type: 'test'
quality	Run repository quality gate	2026-10-05T13:33:20.7671177Z   ...
quality	Run repository quality gate	2026-10-05T13:33:20.8522350Z # Subtest: unsupported files fail before any CRM write or success report
quality	Run repository quality gate	2026-10-05T13:33:20.8523523Z ok 533 - unsupported files fail before any CRM write or success report
quality	Run repository quality gate	2026-10-05T13:33:20.8524129Z   ---
quality	Run repository quality gate	2026-10-05T13:33:20.8524467Z   duration_ms: 85.447462
quality	Run repository quality gate	2026-10-05T13:33:20.8524820Z   type: 'test'
quality	Run repository quality gate	2026-10-05T13:33:20.8525155Z   ...
quality	Run repository quality gate	2026-10-05T13:33:20.9457239Z # Subtest: accepts the single governed executor boundary
quality	Run repository quality gate	2026-10-05T13:33:20.9458087Z ok 534 - accepts the single governed executor boundary
quality	Run repository quality gate	2026-10-05T13:33:20.9458626Z   ---
quality	Run repository quality gate	2026-10-05T13:33:20.9459013Z   duration_ms: 10.284278
quality	Run repository quality gate	2026-10-05T13:33:20.9459827Z   type: 'test'
quality	Run repository quality gate	2026-10-05T13:33:20.9460240Z   ...
quality	Run repository quality gate	2026-10-05T13:33:20.9493521Z # Subtest: reports direct catalog execution in production source
quality	Run repository quality gate	2026-10-05T13:33:20.9494421Z ok 535 - reports direct catalog execution in production source
quality	Run repository quality gate	2026-10-05T13:33:20.9495001Z   ---
quality	Run repository quality gate	2026-10-05T13:33:20.9495315Z   duration_ms: 3.715665
quality	Run repository quality gate	2026-10-05T13:33:20.9495582Z   type: 'test'
quality	Run repository quality gate	2026-10-05T13:33:20.9495820Z   ...
quality	Run repository quality gate	2026-10-05T13:33:20.9521729Z # Subtest: reports the removed parallel execution API
quality	Run repository quality gate	2026-10-05T13:33:20.9522436Z ok 536 - reports the removed parallel execution API
quality	Run repository quality gate	2026-10-05T13:33:20.9523099Z   ---
quality	Run repository quality gate	2026-10-05T13:33:20.9523443Z   duration_ms: 2.861475
quality	Run repository quality gate	2026-10-05T13:33:20.9523852Z   type: 'test'
quality	Run repository quality gate	2026-10-05T13:33:20.9524201Z   ...
quality	Run repository quality gate	2026-10-05T13:33:20.9560987Z # Subtest: reports direct executor calls outside the governed runtime
quality	Run repository quality gate	2026-10-05T13:33:20.9561556Z ok 537 - reports direct executor calls outside the governed runtime
quality	Run repository quality gate	2026-10-05T13:33:20.9562088Z   ---
quality	Run repository quality gate	2026-10-05T13:33:20.9562361Z   duration_ms: 3.789998
quality	Run repository quality gate	2026-10-05T13:33:20.9562871Z   type: 'test'
quality	Run repository quality gate	2026-10-05T13:33:20.9563513Z   ...
quality	Run repository quality gate	2026-10-05T13:33:20.9590158Z # Subtest: reports direct executor calls reached through a catalog lookup
quality	Run repository quality gate	2026-10-05T13:33:20.9590861Z ok 538 - reports direct executor calls reached through a catalog lookup
quality	Run repository quality gate	2026-10-05T13:33:20.9591397Z   ---
quality	Run repository quality gate	2026-10-05T13:33:20.9591681Z   duration_ms: 2.842744
quality	Run repository quality gate	2026-10-05T13:33:20.9592001Z   type: 'test'
quality	Run repository quality gate	2026-10-05T13:33:20.9592327Z   ...
quality	Run repository quality gate	2026-10-05T13:33:20.9619809Z # Subtest: excludes test and fixture paths from production findings
quality	Run repository quality gate	2026-10-05T13:33:20.9620531Z ok 539 - excludes test and fixture paths from production findings
quality	Run repository quality gate	2026-10-05T13:33:20.9621030Z   ---
quality	Run repository quality gate	2026-10-05T13:33:20.9621309Z   duration_ms: 2.909213
quality	Run repository quality gate	2026-10-05T13:33:20.9621630Z   type: 'test'
quality	Run repository quality gate	2026-10-05T13:33:20.9621886Z   ...
quality	Run repository quality gate	2026-10-05T13:33:20.9653101Z # Subtest: classifies the existing legacy dispatch as migration work instead of a hidden success
quality	Run repository quality gate	2026-10-05T13:33:20.9654131Z ok 540 - classifies the existing legacy dispatch as migration work instead of a hidden success
quality	Run repository quality gate	2026-10-05T13:33:20.9654727Z   ---
quality	Run repository quality gate	2026-10-05T13:33:20.9655082Z   duration_ms: 3.305637
quality	Run repository quality gate	2026-10-05T13:33:20.9655441Z   type: 'test'
quality	Run repository quality gate	2026-10-05T13:33:20.9655758Z   ...
quality	Run repository quality gate	2026-10-05T13:33:20.9703911Z # Subtest: accepts low-level run side effects only inside the governed bridge
quality	Run repository quality gate	2026-10-05T13:33:20.9704654Z ok 541 - accepts low-level run side effects only inside the governed bridge
quality	Run repository quality gate	2026-10-05T13:33:20.9705074Z   ---
quality	Run repository quality gate	2026-10-05T13:33:20.9705310Z   duration_ms: 4.897464
quality	Run repository quality gate	2026-10-05T13:33:20.9705588Z   type: 'test'
quality	Run repository quality gate	2026-10-05T13:33:20.9705807Z   ...
quality	Run repository quality gate	2026-10-05T13:33:20.9735687Z # Subtest: reports direct run side-effect calls outside the governed bridge
quality	Run repository quality gate	2026-10-05T13:33:20.9736621Z ok 542 - reports direct run side-effect calls outside the governed bridge
quality	Run repository quality gate	2026-10-05T13:33:20.9737565Z   ---
quality	Run repository quality gate	2026-10-05T13:33:20.9738172Z   duration_ms: 2.967917
quality	Run repository quality gate	2026-10-05T13:33:20.9738573Z   type: 'test'
quality	Run repository quality gate	2026-10-05T13:33:20.9738861Z   ...
quality	Run repository quality gate	2026-10-05T13:33:20.9767606Z # Subtest: reports removed direct run-action entrypoints as migration work
quality	Run repository quality gate	2026-10-05T13:33:20.9768708Z ok 543 - reports removed direct run-action entrypoints as migration work
quality	Run repository quality gate	2026-10-05T13:33:20.9769414Z   ---
quality	Run repository quality gate	2026-10-05T13:33:20.9769842Z   duration_ms: 3.257533
quality	Run repository quality gate	2026-10-05T13:33:20.9770307Z   type: 'test'
quality	Run repository quality gate	2026-10-05T13:33:20.9770738Z   ...
quality	Run repository quality gate	2026-10-05T13:33:21.0707641Z # Subtest: deal create and stage changes invoke strict sidecar synchronization inside the CRM transaction
quality	Run repository quality gate	2026-10-05T13:33:21.0708891Z ok 544 - deal create and stage changes invoke strict sidecar synchronization inside the CRM transaction
quality	Run repository quality gate	2026-10-05T13:33:21.0709543Z   ---
quality	Run repository quality gate	2026-10-05T13:33:21.0709871Z   duration_ms: 4.248289
quality	Run repository quality gate	2026-10-05T13:33:21.0710205Z   type: 'test'
quality	Run repository quality gate	2026-10-05T13:33:21.0710538Z   ...
quality	Run repository quality gate	2026-10-05T13:33:21.0721633Z # Subtest: legacy reads remain authoritative in this checkpoint
quality	Run repository quality gate	2026-10-05T13:33:21.0724125Z ok 545 - legacy reads remain authoritative in this checkpoint
quality	Run repository quality gate	2026-10-05T13:33:21.0724683Z   ---
quality	Run repository quality gate	2026-10-05T13:33:21.0724969Z   duration_ms: 2.941092
quality	Run repository quality gate	2026-10-05T13:33:21.0725333Z   type: 'test'
quality	Run repository quality gate	2026-10-05T13:33:21.0725578Z   ...
quality	Run repository quality gate	2026-10-05T13:33:21.0734783Z # Subtest: strict dual-write is opt-in and the example environment leaves it off
quality	Run repository quality gate	2026-10-05T13:33:21.0735538Z ok 546 - strict dual-write is opt-in and the example environment leaves it off
quality	Run repository quality gate	2026-10-05T13:33:21.0735925Z   ---
quality	Run repository quality gate	2026-10-05T13:33:21.0736161Z   duration_ms: 1.23147
quality	Run repository quality gate	2026-10-05T13:33:21.0736393Z   type: 'test'
quality	Run repository quality gate	2026-10-05T13:33:21.0736618Z   ...
quality	Run repository quality gate	2026-10-05T13:33:21.0741842Z # Subtest: the additive migration never removes or rewrites legacy deal.stage
quality	Run repository quality gate	2026-10-05T13:33:21.0742922Z ok 547 - the additive migration never removes or rewrites legacy deal.stage
quality	Run repository quality gate	2026-10-05T13:33:21.0743686Z   ---
quality	Run repository quality gate	2026-10-05T13:33:21.0743967Z   duration_ms: 0.893799
quality	Run repository quality gate	2026-10-05T13:33:21.0744277Z   type: 'test'
quality	Run repository quality gate	2026-10-05T13:33:21.0744557Z   ...
quality	Run repository quality gate	2026-10-05T13:33:21.0751587Z # Subtest: strict mode guards default-pipeline handoff until every mapping is migrated
quality	Run repository quality gate	2026-10-05T13:33:21.0752771Z ok 548 - strict mode guards default-pipeline handoff until every mapping is migrated
quality	Run repository quality gate	2026-10-05T13:33:21.0753616Z   ---
quality	Run repository quality gate	2026-10-05T13:33:21.0753817Z   duration_ms: 0.850184
quality	Run repository quality gate	2026-10-05T13:33:21.0754042Z   type: 'test'
quality	Run repository quality gate	2026-10-05T13:33:21.0754250Z   ...
quality	Run repository quality gate	2026-10-05T13:33:21.0761119Z # Subtest: mapped stage removal or outcome-type mutation is blocked before runtime update
quality	Run repository quality gate	2026-10-05T13:33:21.0761840Z ok 549 - mapped stage removal or outcome-type mutation is blocked before runtime update
quality	Run repository quality gate	2026-10-05T13:33:21.0762229Z   ---
quality	Run repository quality gate	2026-10-05T13:33:21.0762466Z   duration_ms: 0.829176
quality	Run repository quality gate	2026-10-05T13:33:21.0763068Z   type: 'test'
quality	Run repository quality gate	2026-10-05T13:33:21.0763275Z   ...
quality	Run repository quality gate	2026-10-05T13:33:21.0779088Z # Subtest: same-stage repair preserves the legacy stageChangedAt timestamp
quality	Run repository quality gate	2026-10-05T13:33:21.0779806Z ok 550 - same-stage repair preserves the legacy stageChangedAt timestamp
quality	Run repository quality gate	2026-10-05T13:33:21.0780545Z   ---
quality	Run repository quality gate	2026-10-05T13:33:21.0780755Z   duration_ms: 1.807599
quality	Run repository quality gate	2026-10-05T13:33:21.0780998Z   type: 'test'
quality	Run repository quality gate	2026-10-05T13:33:21.0781201Z   ...
quality	Run repository quality gate	2026-10-05T13:33:21.1593954Z # Subtest: migration persistence is tenant scoped and transactionally durable
quality	Run repository quality gate	2026-10-05T13:33:21.1594778Z ok 551 - migration persistence is tenant scoped and transactionally durable
quality	Run repository quality gate	2026-10-05T13:33:21.1595271Z   ---
quality	Run repository quality gate	2026-10-05T13:33:21.1595553Z   duration_ms: 3.330791
quality	Run repository quality gate	2026-10-05T13:33:21.1595899Z   type: 'test'
quality	Run repository quality gate	2026-10-05T13:33:21.1596173Z   ...
quality	Run repository quality gate	2026-10-05T13:33:21.1601148Z # Subtest: migration schema permits intentional reuse of the same source file
quality	Run repository quality gate	2026-10-05T13:33:21.1601717Z ok 552 - migration schema permits intentional reuse of the same source file
quality	Run repository quality gate	2026-10-05T13:33:21.1602125Z   ---
quality	Run repository quality gate	2026-10-05T13:33:21.1602346Z   duration_ms: 1.223966
quality	Run repository quality gate	2026-10-05T13:33:21.1602796Z   type: 'test'
quality	Run repository quality gate	2026-10-05T13:33:21.1603155Z   ...
quality	Run repository quality gate	2026-10-05T13:33:21.1617124Z # Subtest: migration coordinator validates source identity and final accounting
quality	Run repository quality gate	2026-10-05T13:33:21.1618921Z ok 553 - migration coordinator validates source identity and final accounting
quality	Run repository quality gate	2026-10-05T13:33:21.1619450Z   ---
quality	Run repository quality gate	2026-10-05T13:33:21.1619670Z   duration_ms: 1.805792
quality	Run repository quality gate	2026-10-05T13:33:21.1619900Z   type: 'test'
quality	Run repository quality gate	2026-10-05T13:33:21.1620114Z   ...
quality	Run repository quality gate	2026-10-05T13:33:21.2425695Z # Subtest: both new routers enforce authenticated interactive sessions
quality	Run repository quality gate	2026-10-05T13:33:21.2426313Z ok 554 - both new routers enforce authenticated interactive sessions
quality	Run repository quality gate	2026-10-05T13:33:21.2426718Z   ---
quality	Run repository quality gate	2026-10-05T13:33:21.2426966Z   duration_ms: 5.087862
quality	Run repository quality gate	2026-10-05T13:33:21.2427251Z   type: 'test'
quality	Run repository quality gate	2026-10-05T13:33:21.2427476Z   ...
quality	Run repository quality gate	2026-10-05T13:33:21.2447488Z # Subtest: mutation input contracts cannot select tenant, actor, raw CRM rows or role
quality	Run repository quality gate	2026-10-05T13:33:21.2451181Z ok 555 - mutation input contracts cannot select tenant, actor, raw CRM rows or role
quality	Run repository quality gate	2026-10-05T13:33:21.2451732Z   ---
quality	Run repository quality gate	2026-10-05T13:33:21.2451975Z   duration_ms: 2.308496
quality	Run repository quality gate	2026-10-05T13:33:21.2452210Z   type: 'test'
quality	Run repository quality gate	2026-10-05T13:33:21.2452407Z   ...
quality	Run repository quality gate	2026-10-05T13:33:21.2461223Z # Subtest: operator API contains no public approval request or direct provider execute endpoint
quality	Run repository quality gate	2026-10-05T13:33:21.2462289Z ok 556 - operator API contains no public approval request or direct provider execute endpoint
quality	Run repository quality gate	2026-10-05T13:33:21.2462847Z   ---
quality	Run repository quality gate	2026-10-05T13:33:21.2463061Z   duration_ms: 1.374722
quality	Run repository quality gate	2026-10-05T13:33:21.2463288Z   type: 'test'
quality	Run repository quality gate	2026-10-05T13:33:21.2463497Z   ...
quality	Run repository quality gate	2026-10-05T13:33:21.2470549Z # Subtest: new writes and approval storage are opt-in in the example environment
quality	Run repository quality gate	2026-10-05T13:33:21.2471257Z ok 557 - new writes and approval storage are opt-in in the example environment
quality	Run repository quality gate	2026-10-05T13:33:21.2471757Z   ---
quality	Run repository quality gate	2026-10-05T13:33:21.2472013Z   duration_ms: 0.8756
quality	Run repository quality gate	2026-10-05T13:33:21.2472363Z   type: 'test'
quality	Run repository quality gate	2026-10-05T13:33:21.2472816Z   ...
quality	Run repository quality gate	2026-10-05T13:33:21.2479381Z # Subtest: operator body bounds run before Nest initialization without globally consuming webhook bodies
quality	Run repository quality gate	2026-10-05T13:33:21.2480348Z ok 558 - operator body bounds run before Nest initialization without globally consuming webhook bodies
quality	Run repository quality gate	2026-10-05T13:33:21.2480797Z   ---
quality	Run repository quality gate	2026-10-05T13:33:21.2480998Z   duration_ms: 0.847584
quality	Run repository quality gate	2026-10-05T13:33:21.2481278Z   type: 'test'
quality	Run repository quality gate	2026-10-05T13:33:21.2481560Z   ...
quality	Run repository quality gate	2026-10-05T13:33:21.2495531Z # Subtest: additive operations schema preserves legacy data and composite source isolation
quality	Run repository quality gate	2026-10-05T13:33:21.2496614Z ok 559 - additive operations schema preserves legacy data and composite source isolation
quality	Run repository quality gate	2026-10-05T13:33:21.2497186Z   ---
quality	Run repository quality gate	2026-10-05T13:33:21.2497452Z   duration_ms: 1.456595
quality	Run repository quality gate	2026-10-05T13:33:21.2497868Z   type: 'test'
quality	Run repository quality gate	2026-10-05T13:33:21.2498180Z   ...
quality	Run repository quality gate	2026-10-05T13:33:21.2516484Z # Subtest: real operations DB acceptance is explicit and never replaced by local doubles
quality	Run repository quality gate	2026-10-05T13:33:21.2517356Z ok 560 - real operations DB acceptance is explicit and never replaced by local doubles
quality	Run repository quality gate	2026-10-05T13:33:21.2517952Z   ---
quality	Run repository quality gate	2026-10-05T13:33:21.2518297Z   duration_ms: 2.082027
quality	Run repository quality gate	2026-10-05T13:33:21.2518650Z   type: 'test'
quality	Run repository quality gate	2026-10-05T13:33:21.2518958Z   ...
quality	Run repository quality gate	2026-10-05T13:33:21.3352175Z # Subtest: pipeline router is registered and requires authenticated interactive sessions
quality	Run repository quality gate	2026-10-05T13:33:21.3353749Z ok 561 - pipeline router is registered and requires authenticated interactive sessions
quality	Run repository quality gate	2026-10-05T13:33:21.3354707Z   ---
quality	Run repository quality gate	2026-10-05T13:33:21.3355496Z   duration_ms: 4.069975
quality	Run repository quality gate	2026-10-05T13:33:21.3355995Z   type: 'test'
quality	Run repository quality gate	2026-10-05T13:33:21.3356347Z   ...
quality	Run repository quality gate	2026-10-05T13:33:21.3372008Z # Subtest: pipeline mutations replay stable commands before reading mutable state
quality	Run repository quality gate	2026-10-05T13:33:21.3373034Z ok 562 - pipeline mutations replay stable commands before reading mutable state
quality	Run repository quality gate	2026-10-05T13:33:21.3373455Z   ---
quality	Run repository quality gate	2026-10-05T13:33:21.3373702Z   duration_ms: 2.140282
quality	Run repository quality gate	2026-10-05T13:33:21.3373979Z   type: 'test'
quality	Run repository quality gate	2026-10-05T13:33:21.3374240Z   ...
quality	Run repository quality gate	2026-10-05T13:33:21.3382788Z # Subtest: public pipeline contracts are strict and expose no tenant selector
quality	Run repository quality gate	2026-10-05T13:33:21.3383489Z ok 563 - public pipeline contracts are strict and expose no tenant selector
quality	Run repository quality gate	2026-10-05T13:33:21.3384017Z   ---
quality	Run repository quality gate	2026-10-05T13:33:21.3384250Z   duration_ms: 1.118671
quality	Run repository quality gate	2026-10-05T13:33:21.3384490Z   type: 'test'
quality	Run repository quality gate	2026-10-05T13:33:21.3384694Z   ...
quality	Run repository quality gate	2026-10-05T13:33:21.3396441Z # Subtest: pipeline persistence uses bounded reads and serializable optimistic mutations
quality	Run repository quality gate	2026-10-05T13:33:21.3397384Z ok 564 - pipeline persistence uses bounded reads and serializable optimistic mutations
quality	Run repository quality gate	2026-10-05T13:33:21.3397836Z   ---
quality	Run repository quality gate	2026-10-05T13:33:21.3398041Z   duration_ms: 1.226915
quality	Run repository quality gate	2026-10-05T13:33:21.3398296Z   type: 'test'
quality	Run repository quality gate	2026-10-05T13:33:21.3398618Z   ...
quality	Run repository quality gate	2026-10-05T13:33:21.3404860Z # Subtest: HTTP 412 remains a precondition failure at the tRPC error boundary
quality	Run repository quality gate	2026-10-05T13:33:21.3405481Z ok 565 - HTTP 412 remains a precondition failure at the tRPC error boundary
quality	Run repository quality gate	2026-10-05T13:33:21.3405905Z   ---
quality	Run repository quality gate	2026-10-05T13:33:21.3406352Z   duration_ms: 0.794297
quality	Run repository quality gate	2026-10-05T13:33:21.3406658Z   type: 'test'
quality	Run repository quality gate	2026-10-05T13:33:21.3407130Z   ...
quality	Run repository quality gate	2026-10-05T13:33:21.3424428Z # Subtest: generated client and accessible settings UI are connected without unsafe casts
quality	Run repository quality gate	2026-10-05T13:33:21.3425499Z ok 566 - generated client and accessible settings UI are connected without unsafe casts
quality	Run repository quality gate	2026-10-05T13:33:21.3426022Z   ---
quality	Run repository quality gate	2026-10-05T13:33:21.3426231Z   duration_ms: 1.786907
quality	Run repository quality gate	2026-10-05T13:33:21.3426475Z   type: 'test'
quality	Run repository quality gate	2026-10-05T13:33:21.3426685Z   ...
quality	Run repository quality gate	2026-10-05T13:33:21.4221536Z # Subtest: PostgreSQL gate refuses implicit or production database targets
quality	Run repository quality gate	2026-10-05T13:33:21.4223232Z ok 567 - PostgreSQL gate refuses implicit or production database targets
quality	Run repository quality gate	2026-10-05T13:33:21.4224111Z   ---
quality	Run repository quality gate	2026-10-05T13:33:21.4224664Z   duration_ms: 3.158892
quality	Run repository quality gate	2026-10-05T13:33:21.4225246Z   type: 'test'
quality	Run repository quality gate	2026-10-05T13:33:21.4225761Z   ...
quality	Run repository quality gate	2026-10-05T13:33:21.4231512Z # Subtest: PostgreSQL integration spec exercises row locking, rollback and simultaneous writers
quality	Run repository quality gate	2026-10-05T13:33:21.4234582Z ok 568 - PostgreSQL integration spec exercises row locking, rollback and simultaneous writers
quality	Run repository quality gate	2026-10-05T13:33:21.4235235Z   ---
quality	Run repository quality gate	2026-10-05T13:33:21.4235591Z   duration_ms: 1.089914
quality	Run repository quality gate	2026-10-05T13:33:21.4235961Z   type: 'test'
quality	Run repository quality gate	2026-10-05T13:33:21.4236248Z   ...
quality	Run repository quality gate	2026-10-05T13:33:21.5050063Z # Subtest: acceptance evidence removes configured keys, key ring and database credentials
quality	Run repository quality gate	2026-10-05T13:33:21.5051671Z ok 569 - acceptance evidence removes configured keys, key ring and database credentials
quality	Run repository quality gate	2026-10-05T13:33:21.5053161Z   ---
quality	Run repository quality gate	2026-10-05T13:33:21.5053749Z   duration_ms: 0.956362
quality	Run repository quality gate	2026-10-05T13:33:21.5054355Z   type: 'test'
quality	Run repository quality gate	2026-10-05T13:33:21.5055117Z   ...
quality	Run repository quality gate	2026-10-05T13:33:21.5055821Z # Subtest: evidence redaction handles absent or invalid key-ring configuration without losing diagnostics
quality	Run repository quality gate	2026-10-05T13:33:21.5056753Z ok 570 - evidence redaction handles absent or invalid key-ring configuration without losing diagnostics
quality	Run repository quality gate	2026-10-05T13:33:21.5057226Z   ---
quality	Run repository quality gate	2026-10-05T13:33:21.5057462Z   duration_ms: 0.17183
quality	Run repository quality gate	2026-10-05T13:33:21.5057736Z   type: 'test'
quality	Run repository quality gate	2026-10-05T13:33:21.5057969Z   ...
quality	Run repository quality gate	2026-10-05T13:33:21.5881235Z # Subtest: public migration routes expose consent, not unrestricted worker execution
quality	Run repository quality gate	2026-10-05T13:33:21.5882336Z ok 571 - public migration routes expose consent, not unrestricted worker execution
quality	Run repository quality gate	2026-10-05T13:33:21.5882839Z   ---
quality	Run repository quality gate	2026-10-05T13:33:21.5883104Z   duration_ms: 3.813172
quality	Run repository quality gate	2026-10-05T13:33:21.5883386Z   type: 'test'
quality	Run repository quality gate	2026-10-05T13:33:21.5883693Z   ...
quality	Run repository quality gate	2026-10-05T13:33:21.5896158Z # Subtest: source lifecycle schema expands data and preserves receipt/source foreign keys
quality	Run repository quality gate	2026-10-05T13:33:21.5897047Z ok 572 - source lifecycle schema expands data and preserves receipt/source foreign keys
quality	Run repository quality gate	2026-10-05T13:33:21.5897510Z   ---
quality	Run repository quality gate	2026-10-05T13:33:21.5903554Z   duration_ms: 1.44205
quality	Run repository quality gate	2026-10-05T13:33:21.5903930Z   type: 'test'
quality	Run repository quality gate	2026-10-05T13:33:21.5904142Z   ...
quality	Run repository quality gate	2026-10-05T13:33:21.5917672Z # Subtest: source cleanup and worker CLIs use deployment workspace and never embed a credential
quality	Run repository quality gate	2026-10-05T13:33:21.5920738Z ok 573 - source cleanup and worker CLIs use deployment workspace and never embed a credential
quality	Run repository quality gate	2026-10-05T13:33:21.5921474Z   ---
quality	Run repository quality gate	2026-10-05T13:33:21.5921780Z   duration_ms: 2.307337
quality	Run repository quality gate	2026-10-05T13:33:21.5922123Z   type: 'test'
quality	Run repository quality gate	2026-10-05T13:33:21.5922445Z   ...
quality	Run repository quality gate	2026-10-05T13:33:21.6737645Z # Subtest: Bun acceptance requires positive totals, all passing and no skipped or todo cases
quality	Run repository quality gate	2026-10-05T13:33:21.6738774Z ok 574 - Bun acceptance requires positive totals, all passing and no skipped or todo cases
quality	Run repository quality gate	2026-10-05T13:33:21.6739381Z   ---
quality	Run repository quality gate	2026-10-05T13:33:21.6739837Z   duration_ms: 1.195073
quality	Run repository quality gate	2026-10-05T13:33:21.6740277Z   type: 'test'
quality	Run repository quality gate	2026-10-05T13:33:21.6740660Z   ...
quality	Run repository quality gate	2026-10-05T13:33:21.6741490Z # Subtest: release test evidence accepts a complete TAP summary on LF and Windows CRLF
quality	Run repository quality gate	2026-10-05T13:33:21.6742383Z ok 575 - release test evidence accepts a complete TAP summary on LF and Windows CRLF
quality	Run repository quality gate	2026-10-05T13:33:21.6743165Z   ---
quality	Run repository quality gate	2026-10-05T13:33:21.6743384Z   duration_ms: 1.145041
quality	Run repository quality gate	2026-10-05T13:33:21.6743614Z   type: 'test'
quality	Run repository quality gate	2026-10-05T13:33:21.6743815Z   ...
quality	Run repository quality gate	2026-10-05T13:33:21.6747818Z # Subtest: release test evidence cannot turn missing, skipped, cancelled or failed coverage green
quality	Run repository quality gate	2026-10-05T13:33:21.6748909Z ok 576 - release test evidence cannot turn missing, skipped, cancelled or failed coverage green
quality	Run repository quality gate	2026-10-05T13:33:21.6749610Z   ---
quality	Run repository quality gate	2026-10-05T13:33:21.6749935Z   duration_ms: 0.208947
quality	Run repository quality gate	2026-10-05T13:33:21.6750363Z   type: 'test'
quality	Run repository quality gate	2026-10-05T13:33:21.6750696Z   ...
quality	Run repository quality gate	2026-10-05T13:33:21.6751265Z # Subtest: release test evidence uses the final TAP summary rather than an earlier passing run
quality	Run repository quality gate	2026-10-05T13:33:21.6752157Z ok 577 - release test evidence uses the final TAP summary rather than an earlier passing run
quality	Run repository quality gate	2026-10-05T13:33:21.6752746Z   ---
quality	Run repository quality gate	2026-10-05T13:33:21.6753074Z   duration_ms: 0.192649
quality	Run repository quality gate	2026-10-05T13:33:21.6753391Z   type: 'test'
quality	Run repository quality gate	2026-10-05T13:33:21.6753682Z   ...
quality	Run repository quality gate	2026-10-05T13:33:21.8609010Z # Subtest: JSONC parser preserves quoted URLs and comment-like strings
quality	Run repository quality gate	2026-10-05T13:33:21.8610415Z ok 578 - JSONC parser preserves quoted URLs and comment-like strings
quality	Run repository quality gate	2026-10-05T13:33:21.8611234Z   ---
quality	Run repository quality gate	2026-10-05T13:33:21.8612096Z   duration_ms: 1.496349
quality	Run repository quality gate	2026-10-05T13:33:21.8612724Z   type: 'test'
quality	Run repository quality gate	2026-10-05T13:33:21.8613086Z   ...
quality	Run repository quality gate	2026-10-05T13:33:21.8613749Z # Subtest: every declared workspace and local dependency is represented in lock metadata
quality	Run repository quality gate	2026-10-05T13:33:21.8614481Z ok 579 - every declared workspace and local dependency is represented in lock metadata
quality	Run repository quality gate	2026-10-05T13:33:21.8615567Z   ---
quality	Run repository quality gate	2026-10-05T13:33:21.8615930Z   duration_ms: 66.711503
quality	Run repository quality gate	2026-10-05T13:33:21.8616271Z   type: 'test'
quality	Run repository quality gate	2026-10-05T13:33:21.8616551Z   ...
quality	Run repository quality gate	2026-10-05T13:33:21.8617174Z # Subtest: missing or stale workspace metadata is a failing finding, not a baseline exemption
quality	Run repository quality gate	2026-10-05T13:33:21.8618014Z ok 580 - missing or stale workspace metadata is a failing finding, not a baseline exemption
quality	Run repository quality gate	2026-10-05T13:33:21.8618535Z   ---
quality	Run repository quality gate	2026-10-05T13:33:21.8618776Z   duration_ms: 35.908612
quality	Run repository quality gate	2026-10-05T13:33:21.8619007Z   type: 'test'
quality	Run repository quality gate	2026-10-05T13:33:21.8619217Z   ...
quality	Run repository quality gate	2026-10-05T13:33:21.8766528Z 1..580
quality	Run repository quality gate	2026-10-05T13:33:21.8766959Z # tests 580
quality	Run repository quality gate	2026-10-05T13:33:21.8767285Z # suites 0
quality	Run repository quality gate	2026-10-05T13:33:21.8767591Z # pass 580
quality	Run repository quality gate	2026-10-05T13:33:21.8767918Z # fail 0
quality	Run repository quality gate	2026-10-05T13:33:21.8768561Z # cancelled 0
quality	Run repository quality gate	2026-10-05T13:33:21.8768920Z # skipped 0
quality	Run repository quality gate	2026-10-05T13:33:21.8769240Z # todo 0
quality	Run repository quality gate	2026-10-05T13:33:21.8769572Z # duration_ms 8583.848677
quality	Run repository quality gate	2026-10-05T13:33:21.8853316Z
quality	Run repository quality gate	2026-10-05T13:33:21.8853901Z > /usr/local/bin/node scripts/verify-manifests.mjs
quality	Run repository quality gate	2026-10-05T13:33:21.9359794Z Verified 20 package.json manifest(s).
quality	Run repository quality gate	2026-10-05T13:33:21.9389282Z
quality	Run repository quality gate	2026-10-05T13:33:21.9389994Z > /usr/local/bin/node tools/quality/verify-workspace-lock.mjs
quality	Run repository quality gate	2026-10-05T13:33:22.0333146Z {
quality	Run repository quality gate	2026-10-05T13:33:22.0333892Z   "scope": "Workspace metadata only; not a Bun frozen install or registry integrity check",
quality	Run repository quality gate	2026-10-05T13:33:22.0334352Z   "findings": []
quality	Run repository quality gate	2026-10-05T13:33:22.0334619Z }
quality	Run repository quality gate	2026-10-05T13:33:22.0386188Z
quality	Run repository quality gate	2026-10-05T13:33:22.0386763Z > /usr/local/bin/node tools/quality/generate-appearance.mjs --check
quality	Run repository quality gate	2026-10-05T13:33:22.0668208Z
quality	Run repository quality gate	2026-10-05T13:33:22.0668798Z > /usr/local/bin/node scripts/repository-audit.mjs
quality	Run repository quality gate	2026-10-05T13:33:22.7084853Z Repository audit passed: no critical identity, secret, BOM, or manifest findings.
quality	Run repository quality gate	2026-10-05T13:33:22.7119881Z
quality	Run repository quality gate	2026-10-05T13:33:22.7120521Z > bun run format:check
quality	Run repository quality gate	2026-10-05T13:33:22.7146246Z $ biome format .
quality	Run repository quality gate	2026-10-05T13:33:23.2324855Z Checked 1108 files in 480ms. No fixes applied.
quality	Run repository quality gate	2026-10-05T13:33:23.2759287Z
quality	Run repository quality gate	2026-10-05T13:33:23.2759947Z > bun run lint
quality	Run repository quality gate	2026-10-05T13:33:23.2785315Z $ turbo run lint
quality	Run repository quality gate	2026-10-05T13:33:23.3128554Z
quality	Run repository quality gate	2026-10-05T13:33:23.3129265Z Attention:
quality	Run repository quality gate	2026-10-05T13:33:23.3130105Z Turborepo now collects completely anonymous telemetry regarding usage.
quality	Run repository quality gate	2026-10-05T13:33:23.3131534Z This information is used to shape the Turborepo roadmap and prioritize features.
quality	Run repository quality gate	2026-10-05T13:33:23.3132949Z You can learn more, including how to opt-out if you'd not like to participate in this anonymous program, by visiting the following URL:
quality	Run repository quality gate	2026-10-05T13:33:23.3134238Z https://turborepo.dev/docs/telemetry
quality	Run repository quality gate	2026-10-05T13:33:23.3134700Z
quality	Run repository quality gate	2026-10-05T13:33:23.3624390Z
quality	Run repository quality gate	2026-10-05T13:33:23.3627794Z    • Packages in scope: @crm/action-registry, @crm/agent-action-runtime, @crm/auth, @crm/db, @crm/env, @crm/integration-runtime, @crm/migration-core, @crm/migration-runtime, @crm/pipeline-core, @crm/pipeline-runtime, @crm/security-core, @crm/telemetry, @crm/typescript-config, @crm/ui, @crm/validation, agent, api, app
quality	Run repository quality gate	2026-10-05T13:33:23.3629984Z    • Running lint in 18 packages
quality	Run repository quality gate	2026-10-05T13:33:23.3630469Z    • Remote caching disabled
quality	Run repository quality gate	2026-10-05T13:33:23.3630733Z
quality	Run repository quality gate	2026-10-05T13:33:23.6184637Z ##[group]@crm/validation:lint
quality	Run repository quality gate	2026-10-05T13:33:23.6295385Z cache miss, executing f24c56c1374508b6
quality	Run repository quality gate	2026-10-05T13:33:23.6383818Z $ biome check .
quality	Run repository quality gate	2026-10-05T13:33:23.6493447Z Checked 16 files in 75ms. No fixes applied.
quality	Run repository quality gate	2026-10-05T13:33:23.6597977Z ##[endgroup]
quality	Run repository quality gate	2026-10-05T13:33:23.6643675Z ##[group]@crm/env:lint
quality	Run repository quality gate	2026-10-05T13:33:23.6683729Z cache miss, executing 3e708beaa7ca6d0e
quality	Run repository quality gate	2026-10-05T13:33:23.6783273Z $ biome check .
quality	Run repository quality gate	2026-10-05T13:33:23.6803357Z Checked 6 files in 68ms. No fixes applied.
quality	Run repository quality gate	2026-10-05T13:33:23.6953852Z ##[endgroup]
quality	Run repository quality gate	2026-10-05T13:33:23.7063789Z ##[group]@crm/telemetry:lint
quality	Run repository quality gate	2026-10-05T13:33:23.7083704Z cache miss, executing 75fe4abcab6e9406
quality	Run repository quality gate	2026-10-05T13:33:23.7173251Z $ biome check .
quality	Run repository quality gate	2026-10-05T13:33:23.7203291Z Checked 15 files in 130ms. No fixes applied.
quality	Run repository quality gate	2026-10-05T13:33:23.7233143Z Found 1 warning.
quality	Run repository quality gate	2026-10-05T13:33:23.7263853Z src/index.ts:1:1 lint/performance/noBarrelFile ━━━━━━━━━━━━━━━━━━━━━━━━━━━━━━━━━━━━━━━━━━━━━━━━━━━━━
quality	Run repository quality gate	2026-10-05T13:33:23.7380893Z
quality	Run repository quality gate	2026-10-05T13:33:23.7443666Z   ! Avoid barrel files, they slow down performance, and cause large module graphs with modules that go unused.
quality	Run repository quality gate	2026-10-05T13:33:23.7533151Z
quality	Run repository quality gate	2026-10-05T13:33:23.7573282Z    > 1 │ export {
quality	Run repository quality gate	2026-10-05T13:33:23.7653466Z        │ ^^^^^^^^
quality	Run repository quality gate	2026-10-05T13:33:23.7673224Z    > 2 │ 	AGENT_TOOLS,
quality	Run repository quality gate	2026-10-05T13:33:23.7733309Z    > 3 │ 	ALLOWED_PROPERTIES,
quality	Run repository quality gate	2026-10-05T13:33:23.7763279Z    > 4 │ 	type AllowedProperty,
quality	Run repository quality gate	2026-10-05T13:33:23.7823068Z         ...
quality	Run repository quality gate	2026-10-05T13:33:23.7853289Z   > 21 │ 	SYNC_SOURCES,
quality	Run repository quality gate	2026-10-05T13:33:23.7913872Z   > 22 │ } from "./allowlist";
quality	Run repository quality gate	2026-10-05T13:33:23.7943304Z        │ ^^^^^^^^^^^^^^^^^^^^^
quality	Run repository quality gate	2026-10-05T13:33:23.7996428Z     23 │ export {
quality	Run repository quality gate	2026-10-05T13:33:23.8069947Z     24 │ 	capture,
quality	Run repository quality gate	2026-10-05T13:33:23.8083043Z
quality	Run repository quality gate	2026-10-05T13:33:23.8143377Z   i Check this thorough explanation to better understand the context.
quality	Run repository quality gate	2026-10-05T13:33:23.8203314Z
quality	Run repository quality gate	2026-10-05T13:33:23.8293939Z
quality	Run repository quality gate	2026-10-05T13:33:23.8323718Z ##[endgroup]
quality	Run repository quality gate	2026-10-05T13:33:23.8384006Z ##[group]@crm/auth:lint
quality	Run repository quality gate	2026-10-05T13:33:23.8473228Z cache miss, executing ecc16bf8a180a5ec
quality	Run repository quality gate	2026-10-05T13:33:23.8493263Z $ biome check .
quality	Run repository quality gate	2026-10-05T13:33:23.8593903Z src/index.ts:1:1 lint/performance/noBarrelFile ━━━━━━━━━━━━━━━━━━━━━━━━━━━━━━━━━━━━━━━━━━━━━━━━━━━━━
quality	Run repository quality gate	2026-10-05T13:33:23.8653186Z Checked 24 files in 202ms. No fixes applied.
quality	Run repository quality gate	2026-10-05T13:33:23.8708474Z Found 1 warning.
quality	Run repository quality gate	2026-10-05T13:33:23.8792947Z
quality	Run repository quality gate	2026-10-05T13:33:23.8843683Z   ! Avoid barrel files, they slow down performance, and cause large module graphs with modules that go unused.
quality	Run repository quality gate	2026-10-05T13:33:23.8916978Z
quality	Run repository quality gate	2026-10-05T13:33:23.9053316Z   > 1 │ export {
quality	Run repository quality gate	2026-10-05T13:33:23.9063558Z       │ ^^^^^^^^
quality	Run repository quality gate	2026-10-05T13:33:23.9113299Z   > 2 │ 	API_KEY_EXPIRATION,
quality	Run repository quality gate	2026-10-05T13:33:23.9143297Z   > 3 │ 	API_KEY_HEADER,
quality	Run repository quality gate	2026-10-05T13:33:23.9173209Z   > 4 │ 	API_KEY_PREFIX,
quality	Run repository quality gate	2026-10-05T13:33:23.9203238Z   > 5 │ 	DAY_SECONDS,
quality	Run repository quality gate	2026-10-05T13:33:23.9293246Z   > 6 │ } from "./api-keys";
quality	Run repository quality gate	2026-10-05T13:33:23.9356495Z       │ ^^^^^^^^^^^^^^^^^^^^
quality	Run repository quality gate	2026-10-05T13:33:23.9383506Z     7 │ export { type Auth, auth, type Session, type SessionUser } from "./auth";
quality	Run repository quality gate	2026-10-05T13:33:23.9453588Z     8 │ export { AUTH_COOKIE_PREFIX, SESSION_COOKIE_NAME } from "./cookies";
quality	Run repository quality gate	2026-10-05T13:33:23.9454273Z
quality	Run repository quality gate	2026-10-05T13:33:23.9454812Z   i Check this thorough explanation to better understand the context.
quality	Run repository quality gate	2026-10-05T13:33:23.9455446Z
quality	Run repository quality gate	2026-10-05T13:33:23.9502838Z
quality	Run repository quality gate	2026-10-05T13:33:23.9563645Z ##[endgroup]
quality	Run repository quality gate	2026-10-05T13:33:23.9653797Z ##[group]@crm/ui:lint
quality	Run repository quality gate	2026-10-05T13:33:23.9683108Z cache miss, executing e9a3c22eb35e77d5
quality	Run repository quality gate	2026-10-05T13:33:23.9743044Z $ biome check .
quality	Run repository quality gate	2026-10-05T13:33:23.9833798Z src/theme/appearance.mjs:260:3 lint/style/useTemplate  FIXABLE  ━━━━━━━━━━━━━━━━━━━━━━━━━━━━━━━━━━━━
quality	Run repository quality gate	2026-10-05T13:33:23.9862809Z
quality	Run repository quality gate	2026-10-05T13:33:23.9953283Z   i Template literals are preferred over string concatenation.
quality	Run repository quality gate	2026-10-05T13:33:23.9993648Z
quality	Run repository quality gate	2026-10-05T13:33:24.0093445Z     258 │ export function generateAppearanceCss() {
quality	Run repository quality gate	2026-10-05T13:33:24.0094113Z     259 │ 	return (
quality	Run repository quality gate	2026-10-05T13:33:24.0123366Z   > 260 │ 		Object.entries(THEME_TOKENS)
quality	Run repository quality gate	2026-10-05T13:33:24.0123971Z         │ 		^^^^^^^^^^^^^^^^^^^^^^^^^^^^
quality	Run repository quality gate	2026-10-05T13:33:24.0124539Z   > 261 │ 			.flatMap(([palette, modes]) =>
quality	Run repository quality gate	2026-10-05T13:33:24.0124994Z          ...
quality	Run repository quality gate	2026-10-05T13:33:24.0125357Z   > 274 │ 			)
quality	Run repository quality gate	2026-10-05T13:33:24.0125783Z   > 275 │ 			.join("\n\n") + "\n"
quality	Run repository quality gate	2026-10-05T13:33:24.0126271Z         │ 			^^^^^^^^^^^^^^^^^^^^
quality	Run repository quality gate	2026-10-05T13:33:24.0126699Z     276 │ 	);
quality	Run repository quality gate	2026-10-05T13:33:24.0127059Z     277 │ }
quality	Run repository quality gate	2026-10-05T13:33:24.0127374Z
quality	Run repository quality gate	2026-10-05T13:33:24.0127728Z   i Unsafe fix: Use a template literal.
quality	Run repository quality gate	2026-10-05T13:33:24.0128165Z
quality	Run repository quality gate	2026-10-05T13:33:24.0128706Z     258 258 │   export function generateAppearanceCss() {
quality	Run repository quality gate	2026-10-05T13:33:24.0129230Z     259 259 │     return (
quality	Run repository quality gate	2026-10-05T13:33:24.0130266Z     260     │ - → → Object.entries(THEME_TOKENS)
quality	Run repository quality gate	2026-10-05T13:33:24.0131112Z         260 │ + → → `${Object.entries(THEME_TOKENS)
quality	Run repository quality gate	2026-10-05T13:33:24.0131696Z     261 261 │         .flatMap(([palette, modes]) =>
quality	Run repository quality gate	2026-10-05T13:33:24.0593785Z     262 262 │           Object.entries(modes).map(([mode, vars]) => {
quality	Run repository quality gate	2026-10-05T13:33:24.0594546Z     ······· │
quality	Run repository quality gate	2026-10-05T13:33:24.0595016Z     273 273 │           }),
quality	Run repository quality gate	2026-10-05T13:33:24.0595503Z     274 274 │         )
quality	Run repository quality gate	2026-10-05T13:33:24.0596061Z     275     │ - → → → .join("\n\n")·+·"\n"
quality	Run repository quality gate	2026-10-05T13:33:24.0596627Z         275 │ + → → → .join("\n\n")}\n`
quality	Run repository quality gate	2026-10-05T13:33:24.0597123Z     276 276 │     );
quality	Run repository quality gate	2026-10-05T13:33:24.0597500Z     277 277 │   }
quality	Run repository quality gate	2026-10-05T13:33:24.0597856Z
quality	Run repository quality gate	2026-10-05T13:33:24.0598045Z
quality	Run repository quality gate	2026-10-05T13:33:24.0598670Z src/styles/globals.css:881:19 lint/complexity/noImportantStyles  FIXABLE  ━━━━━━━━━━━━━━━━━━━━━━━━━━
quality	Run repository quality gate	2026-10-05T13:33:24.0599700Z
quality	Run repository quality gate	2026-10-05T13:33:24.0599899Z   ! Avoid the use of the !important style.
quality	Run repository quality gate	2026-10-05T13:33:24.0600357Z
quality	Run repository quality gate	2026-10-05T13:33:24.0607572Z     879 │ 	.link-hover::before,
quality	Run repository quality gate	2026-10-05T13:33:24.0608200Z     880 │ 	.link-hover::after {
quality	Run repository quality gate	2026-10-05T13:33:24.0608644Z   > 881 │ 		animation: none !important;
quality	Run repository quality gate	2026-10-05T13:33:24.0609107Z         │ 		                ^^^^^^^^^^
quality	Run repository quality gate	2026-10-05T13:33:24.0609615Z     882 │ 		transition-duration: 0.01ms !important;
quality	Run repository quality gate	2026-10-05T13:33:24.0610098Z     883 │ 	}
quality	Run repository quality gate	2026-10-05T13:33:24.0610385Z
quality	Run repository quality gate	2026-10-05T13:33:24.0611378Z   i This style reverses the cascade logic, and precedence is reversed. This could lead to having styles with higher specificity being overridden by styles with lower specificity.
quality	Run repository quality gate	2026-10-05T13:33:24.0643143Z
quality	Run repository quality gate	2026-10-05T13:33:24.0703209Z   i Unsafe fix: Remove the style.
quality	Run repository quality gate	2026-10-05T13:33:24.0733223Z
quality	Run repository quality gate	2026-10-05T13:33:24.0793386Z     881 │ → → animation:·none·!important;
quality	Run repository quality gate	2026-10-05T13:33:24.0794110Z         │                    -----------
quality	Run repository quality gate	2026-10-05T13:33:24.0852967Z
quality	Run repository quality gate	2026-10-05T13:33:24.0903351Z src/styles/globals.css:882:31 lint/complexity/noImportantStyles  FIXABLE  ━━━━━━━━━━━━━━━━━━━━━━━━━━
quality	Run repository quality gate	2026-10-05T13:33:24.0942938Z
quality	Run repository quality gate	2026-10-05T13:33:24.1003145Z   ! Avoid the use of the !important style.
quality	Run repository quality gate	2026-10-05T13:33:24.1033196Z
quality	Run repository quality gate	2026-10-05T13:33:24.1093420Z     880 │ 	.link-hover::after {
quality	Run repository quality gate	2026-10-05T13:33:24.1123292Z     881 │ 		animation: none !important;
quality	Run repository quality gate	2026-10-05T13:33:24.1152463Z   > 882 │ 		transition-duration: 0.01ms !important;
quality	Run repository quality gate	2026-10-05T13:33:24.1213322Z         │ 		                            ^^^^^^^^^^
quality	Run repository quality gate	2026-10-05T13:33:24.1243339Z     883 │ 	}
quality	Run repository quality gate	2026-10-05T13:33:24.1303218Z     884 │ }
quality	Run repository quality gate	2026-10-05T13:33:24.1333167Z
quality	Run repository quality gate	2026-10-05T13:33:24.1393856Z   i This style reverses the cascade logic, and precedence is reversed. This could lead to having styles with higher specificity being overridden by styles with lower specificity.
quality	Run repository quality gate	2026-10-05T13:33:24.1395063Z
quality	Run repository quality gate	2026-10-05T13:33:24.1453273Z   i Unsafe fix: Remove the style.
quality	Run repository quality gate	2026-10-05T13:33:24.1503237Z
quality	Run repository quality gate	2026-10-05T13:33:24.1543576Z     882 │ → → transition-duration:·0.01ms·!important;
quality	Run repository quality gate	2026-10-05T13:33:24.1603363Z         │                                -----------
quality	Run repository quality gate	2026-10-05T13:33:24.1632892Z
quality	Run repository quality gate	2026-10-05T13:33:24.1633773Z src/styles/globals.css:1510:25 lint/complexity/noImportantStyles  FIXABLE  ━━━━━━━━━━━━━━━━━━━━━━━━━
quality	Run repository quality gate	2026-10-05T13:33:24.1634406Z
quality	Run repository quality gate	2026-10-05T13:33:24.1634605Z   ! Avoid the use of the !important style.
quality	Run repository quality gate	2026-10-05T13:33:24.1635065Z
quality	Run repository quality gate	2026-10-05T13:33:24.1635562Z     1508 │ 	*::before,
quality	Run repository quality gate	2026-10-05T13:33:24.1636040Z     1509 │ 	*::after {
quality	Run repository quality gate	2026-10-05T13:33:24.1636583Z   > 1510 │ 		scroll-behavior: auto !important;
quality	Run repository quality gate	2026-10-05T13:33:24.1637201Z          │ 		                      ^^^^^^^^^^
quality	Run repository quality gate	2026-10-05T13:33:24.1637832Z     1511 │ 		animation-duration: 0.01ms !important;
quality	Run repository quality gate	2026-10-05T13:33:24.1638533Z     1512 │ 		animation-iteration-count: 1 !important;
quality	Run repository quality gate	2026-10-05T13:33:24.1693070Z
quality	Run repository quality gate	2026-10-05T13:33:24.1694198Z   i This style reverses the cascade logic, and precedence is reversed. This could lead to having styles with higher specificity being overridden by styles with lower specificity.
quality	Run repository quality gate	2026-10-05T13:33:24.1753189Z
quality	Run repository quality gate	2026-10-05T13:33:24.1813083Z   i Unsafe fix: Remove the style.
quality	Run repository quality gate	2026-10-05T13:33:24.1814320Z
quality	Run repository quality gate	2026-10-05T13:33:24.1843498Z     1510 │ → → scroll-behavior:·auto·!important;
quality	Run repository quality gate	2026-10-05T13:33:24.1873421Z          │                          -----------
quality	Run repository quality gate	2026-10-05T13:33:24.1902870Z
quality	Run repository quality gate	2026-10-05T13:33:24.1904047Z src/styles/globals.css:1511:30 lint/complexity/noImportantStyles  FIXABLE  ━━━━━━━━━━━━━━━━━━━━━━━━━
quality	Run repository quality gate	2026-10-05T13:33:24.1932981Z
quality	Run repository quality gate	2026-10-05T13:33:24.1963307Z   ! Avoid the use of the !important style.
quality	Run repository quality gate	2026-10-05T13:33:24.1983083Z
quality	Run repository quality gate	2026-10-05T13:33:24.2023725Z     1509 │ 	*::after {
quality	Run repository quality gate	2026-10-05T13:33:24.2083531Z     1510 │ 		scroll-behavior: auto !important;
quality	Run repository quality gate	2026-10-05T13:33:24.2133419Z   > 1511 │ 		animation-duration: 0.01ms !important;
quality	Run repository quality gate	2026-10-05T13:33:24.2143418Z          │ 		                           ^^^^^^^^^^
quality	Run repository quality gate	2026-10-05T13:33:24.2203687Z     1512 │ 		animation-iteration-count: 1 !important;
quality	Run repository quality gate	2026-10-05T13:33:24.2233401Z     1513 │ 		transition-duration: 0.01ms !important;
quality	Run repository quality gate	2026-10-05T13:33:24.2253060Z
quality	Run repository quality gate	2026-10-05T13:33:24.2264133Z   i This style reverses the cascade logic, and precedence is reversed. This could lead to having styles with higher specificity being overridden by styles with lower specificity.
quality	Run repository quality gate	2026-10-05T13:33:24.2323253Z
quality	Run repository quality gate	2026-10-05T13:33:24.2373129Z   i Unsafe fix: Remove the style.
quality	Run repository quality gate	2026-10-05T13:33:24.2403025Z
quality	Run repository quality gate	2026-10-05T13:33:24.2443568Z     1511 │ → → animation-duration:·0.01ms·!important;
quality	Run repository quality gate	2026-10-05T13:33:24.2503444Z          │                               -----------
quality	Run repository quality gate	2026-10-05T13:33:24.2532828Z
quality	Run repository quality gate	2026-10-05T13:33:24.2593682Z src/styles/globals.css:1512:32 lint/complexity/noImportantStyles  FIXABLE  ━━━━━━━━━━━━━━━━━━━━━━━━━
quality	Run repository quality gate	2026-10-05T13:33:24.2616617Z
quality	Run repository quality gate	2026-10-05T13:33:24.2673277Z   ! Avoid the use of the !important style.
quality	Run repository quality gate	2026-10-05T13:33:24.2693052Z
quality	Run repository quality gate	2026-10-05T13:33:24.2745128Z     1510 │ 		scroll-behavior: auto !important;
quality	Run repository quality gate	2026-10-05T13:33:24.2793633Z     1511 │ 		animation-duration: 0.01ms !important;
quality	Run repository quality gate	2026-10-05T13:33:24.2853767Z   > 1512 │ 		animation-iteration-count: 1 !important;
quality	Run repository quality gate	2026-10-05T13:33:24.2873338Z          │ 		                             ^^^^^^^^^^
quality	Run repository quality gate	2026-10-05T13:33:24.2913629Z     1513 │ 		transition-duration: 0.01ms !important;
quality	Run repository quality gate	2026-10-05T13:33:24.2973286Z     1514 │ 	}
quality	Run repository quality gate	2026-10-05T13:33:24.3033203Z
quality	Run repository quality gate	2026-10-05T13:33:24.3063935Z   i This style reverses the cascade logic, and precedence is reversed. This could lead to having styles with higher specificity being overridden by styles with lower specificity.
quality	Run repository quality gate	2026-10-05T13:33:24.3065415Z
quality	Run repository quality gate	2026-10-05T13:33:24.3093274Z   i Unsafe fix: Remove the style.
quality	Run repository quality gate	2026-10-05T13:33:24.3123222Z
quality	Run repository quality gate	2026-10-05T13:33:24.3143197Z Checked 16 files in 234ms. No fixes applied.
quality	Run repository quality gate	2026-10-05T13:33:24.3153394Z Found 6 warnings.
quality	Run repository quality gate	2026-10-05T13:33:24.3175827Z Found 1 info.
quality	Run repository quality gate	2026-10-05T13:33:24.3203636Z     1512 │ → → animation-iteration-count:·1·!important;
quality	Run repository quality gate	2026-10-05T13:33:24.3233417Z          │                                 -----------
quality	Run repository quality gate	2026-10-05T13:33:24.3233815Z
quality	Run repository quality gate	2026-10-05T13:33:24.3234499Z src/styles/globals.css:1513:31 lint/complexity/noImportantStyles  FIXABLE  ━━━━━━━━━━━━━━━━━━━━━━━━━
quality	Run repository quality gate	2026-10-05T13:33:24.3235182Z
quality	Run repository quality gate	2026-10-05T13:33:24.3235383Z   ! Avoid the use of the !important style.
quality	Run repository quality gate	2026-10-05T13:33:24.3235843Z
quality	Run repository quality gate	2026-10-05T13:33:24.3236354Z     1511 │ 		animation-duration: 0.01ms !important;
quality	Run repository quality gate	2026-10-05T13:33:24.3237044Z     1512 │ 		animation-iteration-count: 1 !important;
quality	Run repository quality gate	2026-10-05T13:33:24.3237765Z   > 1513 │ 		transition-duration: 0.01ms !important;
quality	Run repository quality gate	2026-10-05T13:33:24.3238383Z          │ 		                            ^^^^^^^^^^
quality	Run repository quality gate	2026-10-05T13:33:24.3238878Z     1514 │ 	}
quality	Run repository quality gate	2026-10-05T13:33:24.3239244Z     1515 │ }
quality	Run repository quality gate	2026-10-05T13:33:24.3239533Z
quality	Run repository quality gate	2026-10-05T13:33:24.3240495Z   i This style reverses the cascade logic, and precedence is reversed. This could lead to having styles with higher specificity being overridden by styles with lower specificity.
quality	Run repository quality gate	2026-10-05T13:33:24.3241551Z
quality	Run repository quality gate	2026-10-05T13:33:24.3241846Z   i Unsafe fix: Remove the style.
quality	Run repository quality gate	2026-10-05T13:33:24.3242225Z
quality	Run repository quality gate	2026-10-05T13:33:24.3242910Z     1513 │ → → transition-duration:·0.01ms·!important;
quality	Run repository quality gate	2026-10-05T13:33:24.3243855Z          │                                -----------
quality	Run repository quality gate	2026-10-05T13:33:24.3244141Z
quality	Run repository quality gate	2026-10-05T13:33:24.3244716Z ##[endgroup]
quality	Run repository quality gate	2026-10-05T13:33:24.3245287Z ##[group]@crm/db:lint
quality	Run repository quality gate	2026-10-05T13:33:24.3245670Z cache miss, executing d86fdc41a59791c8
quality	Run repository quality gate	2026-10-05T13:33:24.3246053Z $ biome check .
quality	Run repository quality gate	2026-10-05T13:33:24.3246810Z test/test-database.test.mjs:73:3 lint/style/useTemplate  FIXABLE  ━━━━━━━━━━━━━━━━━━━━━━━━━━━━━━━━━━
quality	Run repository quality gate	2026-10-05T13:33:24.3247356Z
quality	Run repository quality gate	2026-10-05T13:33:24.3247623Z   i Template literals are preferred over string concatenation.
quality	Run repository quality gate	2026-10-05T13:33:24.3248127Z
quality	Run repository quality gate	2026-10-05T13:33:24.3248464Z     71 │ 		"a%00_test",
quality	Run repository quality gate	2026-10-05T13:33:24.3248840Z     72 │ 		"_test",
quality	Run repository quality gate	2026-10-05T13:33:24.3249247Z   > 73 │ 		"a".repeat(59) + "_test",
quality	Run repository quality gate	2026-10-05T13:33:24.3249701Z        │ 		^^^^^^^^^^^^^^^^^^^^^^^^
quality	Run repository quality gate	2026-10-05T13:33:24.3250299Z     74 │ 		"app-test",
quality	Run repository quality gate	2026-10-05T13:33:24.3250681Z     75 │ 		"app_test/",
quality	Run repository quality gate	2026-10-05T13:33:24.3251002Z
quality	Run repository quality gate	2026-10-05T13:33:24.3251319Z   i Unsafe fix: Use a template literal.
quality	Run repository quality gate	2026-10-05T13:33:24.3251736Z
quality	Run repository quality gate	2026-10-05T13:33:24.3252067Z      71  71 │       "a%00_test",
quality	Run repository quality gate	2026-10-05T13:33:24.3252504Z      72  72 │       "_test",
quality	Run repository quality gate	2026-10-05T13:33:24.3253126Z      73     │ - → → "a".repeat(59)·+·"_test",
quality	Run repository quality gate	2026-10-05T13:33:24.3253669Z          73 │ + → → `${"a".repeat(59)}_test`,
quality	Run repository quality gate	2026-10-05T13:33:24.3254139Z      74  74 │       "app-test",
quality	Run repository quality gate	2026-10-05T13:33:24.3254568Z      75  75 │       "app_test/",
quality	Run repository quality gate	2026-10-05T13:33:24.3254925Z
quality	Run repository quality gate	2026-10-05T13:33:24.3255082Z
quality	Run repository quality gate	2026-10-05T13:33:24.3255667Z scripts/test-db.ts:35:11 lint/correctness/noUnusedVariables  FIXABLE  ━━━━━━━━━━━━━━━━━━━━━━━━━━━━━━
quality	Run repository quality gate	2026-10-05T13:33:24.3256244Z
quality	Run repository quality gate	2026-10-05T13:33:24.3256404Z   ! This variable error is unused.
quality	Run repository quality gate	2026-10-05T13:33:24.3256779Z
quality	Run repository quality gate	2026-10-05T13:33:24.3257094Z     33 │ 	try {
quality	Run repository quality gate	2026-10-05T13:33:24.3257498Z     34 │ 		await client.connect();
quality	Run repository quality gate	2026-10-05T13:33:24.3257940Z   > 35 │ 	} catch (error) {
quality	Run repository quality gate	2026-10-05T13:33:24.3258350Z        │ 	         ^^^^^
quality	Run repository quality gate	2026-10-05T13:33:24.3258714Z     36 │ 		fail([
quality	Run repository quality gate	2026-10-05T13:33:24.3259282Z     37 │ 			`Could not reach the server at ${new URL(target).host}.`,
quality	Run repository quality gate	2026-10-05T13:33:24.3259776Z
quality	Run repository quality gate	2026-10-05T13:33:24.3260282Z   i Unused variables are often the result of typos, incomplete refactors, or other sources of bugs.
quality	Run repository quality gate	2026-10-05T13:33:24.3260932Z
quality	Run repository quality gate	2026-10-05T13:33:24.3261352Z   i Unsafe fix: If this is intentional, prepend error with an underscore.
quality	Run repository quality gate	2026-10-05T13:33:24.3261884Z
quality	Run repository quality gate	2026-10-05T13:33:24.3262197Z      33  33 │     try {
quality	Run repository quality gate	2026-10-05T13:33:24.3382927Z      34  34 │       await client.connect();
quality	Run repository quality gate	2026-10-05T13:33:24.3383802Z      35     │ - → }·catch·(error)·{
quality	Run repository quality gate	2026-10-05T13:33:24.3384365Z          35 │ + → }·catch·(_error)·{
quality	Run repository quality gate	2026-10-05T13:33:24.3384869Z      36  36 │       fail([
quality	Run repository quality gate	2026-10-05T13:33:24.3385571Z      37  37 │         `Could not reach the server at ${new URL(target).host}.`,
quality	Run repository quality gate	2026-10-05T13:33:24.3386190Z
quality	Run repository quality gate	2026-10-05T13:33:24.3386362Z
quality	Run repository quality gate	2026-10-05T13:33:24.3387046Z src/blob.ts:5:1 lint/performance/noBarrelFile ━━━━━━━━━━━━━━━━━━━━━━━━━━━━━━━━━━━━━━━━━━━━━━━━━━━━━━
quality	Run repository quality gate	2026-10-05T13:33:24.3387984Z
quality	Run repository quality gate	2026-10-05T13:33:24.3388552Z   ! Avoid barrel files, they slow down performance, and cause large module graphs with modules that go unused.
quality	Run repository quality gate	2026-10-05T13:33:24.3389304Z
quality	Run repository quality gate	2026-10-05T13:33:24.3389788Z     3 │ import { safeFetch } from "./safe-fetch";
quality	Run repository quality gate	2026-10-05T13:33:24.3390328Z     4 │
quality	Run repository quality gate	2026-10-05T13:33:24.3390891Z   > 5 │ export { isMirrored, isOptimizable } from "./images";
quality	Run repository quality gate	2026-10-05T13:33:24.3391525Z       │ ^^^^^^^^^^^^^^^^^^^^^^^^^^^^^^^^^^^^^^^^^^^^^^^^^^^^^
quality	Run repository quality gate	2026-10-05T13:33:24.3391986Z     6 │
quality	Run repository quality gate	2026-10-05T13:33:24.3392358Z     7 │ const MAX_BYTES = 3 * 1024 * 1024;
quality	Run repository quality gate	2026-10-05T13:33:24.3392902Z
quality	Run repository quality gate	2026-10-05T13:33:24.3393333Z   i Check this thorough explanation to better understand the context.
quality	Run repository quality gate	2026-10-05T13:33:24.3393859Z
quality	Run repository quality gate	2026-10-05T13:33:24.3394010Z
quality	Run repository quality gate	2026-10-05T13:33:24.3394706Z src/fields.ts:18:1 lint/performance/noBarrelFile ━━━━━━━━━━━━━━━━━━━━━━━━━━━━━━━━━━━━━━━━━━━━━━━━━━━
quality	Run repository quality gate	2026-10-05T13:33:24.3395237Z
quality	Run repository quality gate	2026-10-05T13:33:24.3395689Z   ! Avoid barrel files, they slow down performance, and cause large module graphs with modules that go unused.
quality	Run repository quality gate	2026-10-05T13:33:24.3396402Z
quality	Run repository quality gate	2026-10-05T13:33:24.3396783Z     16 │ } from "./generated/prisma/models";
quality	Run repository quality gate	2026-10-05T13:33:24.3397250Z     17 │
quality	Run repository quality gate	2026-10-05T13:33:24.3397636Z   > 18 │ export * from "./fields-shape";
quality	Run repository quality gate	2026-10-05T13:33:24.3398114Z        │ ^^^^^^^^^^^^^^^^^^^^^^^^^^^^^^^
quality	Run repository quality gate	2026-10-05T13:33:24.3398528Z     19 │
quality	Run repository quality gate	2026-10-05T13:33:24.3399097Z     20 │ export type FieldDefinitionWithOptions = FieldDefinitionModel & {
quality	Run repository quality gate	2026-10-05T13:33:24.3399679Z
quality	Run repository quality gate	2026-10-05T13:33:24.3400119Z   i Check this thorough explanation to better understand the context.
quality	Run repository quality gate	2026-10-05T13:33:24.3400670Z
quality	Run repository quality gate	2026-10-05T13:33:24.3400819Z
quality	Run repository quality gate	2026-10-05T13:33:24.3401409Z src/fields.ts:18:8 lint/performance/noReExportAll ━━━━━━━━━━━━━━━━━━━━━━━━━━━━━━━━━━━━━━━━━━━━━━━━━━
quality	Run repository quality gate	2026-10-05T13:33:24.3402006Z
quality	Run repository quality gate	2026-10-05T13:33:24.3402206Z   ! Do not use export all ( export * from ... ).
quality	Run repository quality gate	2026-10-05T13:33:24.3402794Z
quality	Run repository quality gate	2026-10-05T13:33:24.3403201Z     16 │ } from "./generated/prisma/models";
quality	Run repository quality gate	2026-10-05T13:33:24.3403675Z     17 │
quality	Run repository quality gate	2026-10-05T13:33:24.3404058Z   > 18 │ export * from "./fields-shape";
quality	Run repository quality gate	2026-10-05T13:33:24.3404542Z        │        ^^^^^^^^^^^^^^^^^^^^^^^^
quality	Run repository quality gate	2026-10-05T13:33:24.3404950Z     19 │
quality	Run repository quality gate	2026-10-05T13:33:24.3405515Z     20 │ export type FieldDefinitionWithOptions = FieldDefinitionModel & {
quality	Run repository quality gate	2026-10-05T13:33:24.3406115Z
quality	Run repository quality gate	2026-10-05T13:33:24.3406422Z   i Use named export instead.
quality	Run repository quality gate	2026-10-05T13:33:24.3406800Z
quality	Run repository quality gate	2026-10-05T13:33:24.3406952Z
quality	Run repository quality gate	2026-10-05T13:33:24.3407549Z src/fields.ts:3:2 lint/correctness/noUnusedImports  FIXABLE  ━━━━━━━━━━━━━━━━━━━━━━━━━━━━━━━━━━━━━━━
quality	Run repository quality gate	2026-10-05T13:33:24.3408150Z
quality	Run repository quality gate	2026-10-05T13:33:24.3408320Z   ! Several of these imports are unused.
quality	Run repository quality gate	2026-10-05T13:33:24.3408727Z
quality	Run repository quality gate	2026-10-05T13:33:24.3409024Z     1 │ import {
quality	Run repository quality gate	2026-10-05T13:33:24.3409398Z     2 │ 	columnFor,
quality	Run repository quality gate	2026-10-05T13:33:24.3409784Z   > 3 │ 	type FieldValueColumn,
quality	Run repository quality gate	2026-10-05T13:33:24.3410204Z       │ 	^^^^^^^^^^^^^^^^^^^^^
quality	Run repository quality gate	2026-10-05T13:33:24.3410616Z     4 │ 	FieldValueError,
quality	Run repository quality gate	2026-10-05T13:33:24.3411041Z     5 │ 	type FieldValueJson,
quality	Run repository quality gate	2026-10-05T13:33:24.3411374Z
quality	Run repository quality gate	2026-10-05T13:33:24.3411792Z   i Unused imports might be the result of an incomplete refactoring.
quality	Run repository quality gate	2026-10-05T13:33:24.3412336Z
quality	Run repository quality gate	2026-10-05T13:33:24.3532997Z   i Unsafe fix: Remove the unused imports.
quality	Run repository quality gate	2026-10-05T13:33:24.3533562Z
quality	Run repository quality gate	2026-10-05T13:33:24.3533967Z Checked 43 files in 350ms. No fixes applied.
quality	Run repository quality gate	2026-10-05T13:33:24.3534625Z       1   1 │   import {
quality	Run repository quality gate	2026-10-05T13:33:24.3535079Z Found 7 warnings.
quality	Run repository quality gate	2026-10-05T13:33:24.3535454Z Found 1 info.
quality	Run repository quality gate	2026-10-05T13:33:24.3535874Z       2   2 │     columnFor,
quality	Run repository quality gate	2026-10-05T13:33:24.3536455Z       3     │ - → type·FieldValueColumn,
quality	Run repository quality gate	2026-10-05T13:33:24.3537034Z       4   3 │     FieldValueError,
quality	Run repository quality gate	2026-10-05T13:33:24.3537614Z       5   4 │     type FieldValueJson,
quality	Run repository quality gate	2026-10-05T13:33:24.3538072Z
quality	Run repository quality gate	2026-10-05T13:33:24.3538250Z
quality	Run repository quality gate	2026-10-05T13:33:24.3538870Z src/index.ts:1:1 lint/performance/noBarrelFile ━━━━━━━━━━━━━━━━━━━━━━━━━━━━━━━━━━━━━━━━━━━━━━━━━━━━━
quality	Run repository quality gate	2026-10-05T13:33:24.3539805Z
quality	Run repository quality gate	2026-10-05T13:33:24.3540318Z   ! Avoid barrel files, they slow down performance, and cause large module graphs with modules that go unused.
quality	Run repository quality gate	2026-10-05T13:33:24.3541065Z
quality	Run repository quality gate	2026-10-05T13:33:24.3541405Z   > 1 │ export {
quality	Run repository quality gate	2026-10-05T13:33:24.3541750Z       │ ^^^^^^^^
quality	Run repository quality gate	2026-10-05T13:33:24.3542076Z   > 2 │ 	type Db,
quality	Run repository quality gate	2026-10-05T13:33:24.3542419Z   > 3 │ 	db,
quality	Run repository quality gate	2026-10-05T13:33:24.3542944Z   > 4 │ 	type PrismaLogRecord,
quality	Run repository quality gate	2026-10-05T13:33:24.3543399Z   > 5 │ 	type PrismaLogSink,
quality	Run repository quality gate	2026-10-05T13:33:24.3543820Z   > 6 │ 	setPrismaLogSink,
quality	Run repository quality gate	2026-10-05T13:33:24.3544227Z   > 7 │ } from "./client";
quality	Run repository quality gate	2026-10-05T13:33:24.3544595Z       │ ^^^^^^^^^^^^^^^^^^
quality	Run repository quality gate	2026-10-05T13:33:24.3545169Z     8 │ export { Prisma, PrismaClient } from "./generated/prisma/client";
quality	Run repository quality gate	2026-10-05T13:33:24.3545868Z     9 │ export * from "./generated/prisma/enums";
quality	Run repository quality gate	2026-10-05T13:33:24.3546498Z
quality	Run repository quality gate	2026-10-05T13:33:24.3546933Z   i Check this thorough explanation to better understand the context.
quality	Run repository quality gate	2026-10-05T13:33:24.3547445Z
quality	Run repository quality gate	2026-10-05T13:33:24.3547592Z
quality	Run repository quality gate	2026-10-05T13:33:24.3548184Z src/index.ts:9:8 lint/performance/noReExportAll ━━━━━━━━━━━━━━━━━━━━━━━━━━━━━━━━━━━━━━━━━━━━━━━━━━━━
quality	Run repository quality gate	2026-10-05T13:33:24.3548750Z
quality	Run repository quality gate	2026-10-05T13:33:24.3548940Z   ! Do not use export all ( export * from ... ).
quality	Run repository quality gate	2026-10-05T13:33:24.3549374Z
quality	Run repository quality gate	2026-10-05T13:33:24.3549722Z      7 │ } from "./client";
quality	Run repository quality gate	2026-10-05T13:33:24.3550325Z      8 │ export { Prisma, PrismaClient } from "./generated/prisma/client";
quality	Run repository quality gate	2026-10-05T13:33:24.3551003Z    > 9 │ export * from "./generated/prisma/enums";
quality	Run repository quality gate	2026-10-05T13:33:24.3551546Z        │        ^^^^^^^^^^^^^^^^^^^^^^^^^^^^^^^^^^
quality	Run repository quality gate	2026-10-05T13:33:24.3552116Z     10 │ export type * from "./generated/prisma/models";
quality	Run repository quality gate	2026-10-05T13:33:24.3552802Z     11 │ export type {
quality	Run repository quality gate	2026-10-05T13:33:24.3553137Z
quality	Run repository quality gate	2026-10-05T13:33:24.3553453Z   i Use named export instead.
quality	Run repository quality gate	2026-10-05T13:33:24.3553839Z
quality	Run repository quality gate	2026-10-05T13:33:24.3553996Z
quality	Run repository quality gate	2026-10-05T13:33:24.3554540Z ##[endgroup]
quality	Run repository quality gate	2026-10-05T13:33:24.5253968Z ##[group]agent:lint
quality	Run repository quality gate	2026-10-05T13:33:24.5373339Z cache miss, executing dbd3ed446d9d3a3e
quality	Run repository quality gate	2026-10-05T13:33:24.5463430Z $ biome check .
quality	Run repository quality gate	2026-10-05T13:33:24.5553961Z agent/lib/run-runtime.ts:262:6 lint/complexity/useOptionalChain  FIXABLE  ━━━━━━━━━━━━━━━━━━━━━━━━━━
quality	Run repository quality gate	2026-10-05T13:33:24.5582895Z
quality	Run repository quality gate	2026-10-05T13:33:24.5643202Z   ! Change to an optional chain.
quality	Run repository quality gate	2026-10-05T13:33:24.5733131Z
quality	Run repository quality gate	2026-10-05T13:33:24.5793349Z     260 │ 		},
quality	Run repository quality gate	2026-10-05T13:33:24.5833413Z     261 │ 	});
quality	Run repository quality gate	2026-10-05T13:33:24.5913528Z   > 262 │ 	if (!run || run.status !== "RUNNING") return false;
quality	Run repository quality gate	2026-10-05T13:33:24.5943457Z         │ 	    ^^^^^^^^^^^^^^^^^^^^^^^^^^^^^^^^
quality	Run repository quality gate	2026-10-05T13:33:24.6043240Z     263 │
quality	Run repository quality gate	2026-10-05T13:33:24.6123181Z     264 │ 	try {
quality	Run repository quality gate	2026-10-05T13:33:24.6123635Z
quality	Run repository quality gate	2026-10-05T13:33:24.6213136Z   i Unsafe fix: Change to an optional chain.
quality	Run repository quality gate	2026-10-05T13:33:24.6333022Z
quality	Run repository quality gate	2026-10-05T13:33:24.6363757Z      260  260 │       },
quality	Run repository quality gate	2026-10-05T13:33:24.6443364Z      261  261 │     });
quality	Run repository quality gate	2026-10-05T13:33:24.6473713Z      262      │ - → if·(!run·||·run.status·!==·"RUNNING")·return·false;
quality	Run repository quality gate	2026-10-05T13:33:24.6503471Z           262 │ + → if·(run?.status·!==·"RUNNING")·return·false;
quality	Run repository quality gate	2026-10-05T13:33:24.6504242Z      263  263 │
quality	Run repository quality gate	2026-10-05T13:33:24.6533300Z      264  264 │     try {
quality	Run repository quality gate	2026-10-05T13:33:24.6533785Z
quality	Run repository quality gate	2026-10-05T13:33:24.6533968Z
quality	Run repository quality gate	2026-10-05T13:33:24.6534605Z agent/lib/run-runtime.ts:286:6 lint/complexity/useOptionalChain  FIXABLE  ━━━━━━━━━━━━━━━━━━━━━━━━━━
quality	Run repository quality gate	2026-10-05T13:33:24.6535219Z
quality	Run repository quality gate	2026-10-05T13:33:24.6535421Z   ! Change to an optional chain.
quality	Run repository quality gate	2026-10-05T13:33:24.6535844Z
quality	Run repository quality gate	2026-10-05T13:33:24.6536233Z     284 │ 		},
quality	Run repository quality gate	2026-10-05T13:33:24.6536612Z     285 │ 	});
quality	Run repository quality gate	2026-10-05T13:33:24.6537146Z   > 286 │ 	if (!run || run.status !== "RUNNING") return false;
quality	Run repository quality gate	2026-10-05T13:33:24.6537809Z         │ 	    ^^^^^^^^^^^^^^^^^^^^^^^^^^^^^^^^
quality	Run repository quality gate	2026-10-05T13:33:24.6538322Z     287 │
quality	Run repository quality gate	2026-10-05T13:33:24.6538755Z     288 │ 	try {
quality	Run repository quality gate	2026-10-05T13:33:24.6539070Z
quality	Run repository quality gate	2026-10-05T13:33:24.6539402Z   i Unsafe fix: Change to an optional chain.
quality	Run repository quality gate	2026-10-05T13:33:24.6539836Z
quality	Run repository quality gate	2026-10-05T13:33:24.6540171Z      284  284 │       },
quality	Run repository quality gate	2026-10-05T13:33:24.6540978Z      285  285 │     });
quality	Run repository quality gate	2026-10-05T13:33:24.6541615Z      286      │ - → if·(!run·||·run.status·!==·"RUNNING")·return·false;
quality	Run repository quality gate	2026-10-05T13:33:24.6542337Z           286 │ + → if·(run?.status·!==·"RUNNING")·return·false;
quality	Run repository quality gate	2026-10-05T13:33:24.6543037Z      287  287 │
quality	Run repository quality gate	2026-10-05T13:33:24.6543423Z      288  288 │     try {
quality	Run repository quality gate	2026-10-05T13:33:24.6543760Z
quality	Run repository quality gate	2026-10-05T13:33:24.6543910Z
quality	Run repository quality gate	2026-10-05T13:33:24.6544529Z agent/lib/tasks.ts:29:1 lint/performance/noBarrelFile ━━━━━━━━━━━━━━━━━━━━━━━━━━━━━━━━━━━━━━━━━━━━━━
quality	Run repository quality gate	2026-10-05T13:33:24.6545127Z
quality	Run repository quality gate	2026-10-05T13:33:24.6545628Z   ! Avoid barrel files, they slow down performance, and cause large module graphs with modules that go unused.
quality	Run repository quality gate	2026-10-05T13:33:24.6546370Z
quality	Run repository quality gate	2026-10-05T13:33:24.6547452Z     27 │ const LEASE_MS = DISPATCH.task.leaseMs;
quality	Run repository quality gate	2026-10-05T13:33:24.6548158Z     28 │
quality	Run repository quality gate	2026-10-05T13:33:24.6548757Z   > 29 │ export { DIRECT_KINDS, MAX_ATTEMPTS } from "@crm/db/agent-tasks";
quality	Run repository quality gate	2026-10-05T13:33:24.6549479Z        │ ^^^^^^^^^^^^^^^^^^^^^^^^^^^^^^^^^^^^^^^^^^^^^^^^^^^^^^^^^^^^^^^^^
quality	Run repository quality gate	2026-10-05T13:33:24.6550023Z     30 │
quality	Run repository quality gate	2026-10-05T13:33:24.6563361Z     31 │ export async function claimDue(
quality	Run repository quality gate	2026-10-05T13:33:24.6593197Z
quality	Run repository quality gate	2026-10-05T13:33:24.6593921Z   i Check this thorough explanation to better understand the context.
quality	Run repository quality gate	2026-10-05T13:33:24.6623175Z
quality	Run repository quality gate	2026-10-05T13:33:24.6652950Z
quality	Run repository quality gate	2026-10-05T13:33:24.6683831Z src/governed-run-action-runtime.mjs:156:7 lint/complexity/useOptionalChain  FIXABLE  ━━━━━━━━━━━━━━━
quality	Run repository quality gate	2026-10-05T13:33:24.6684684Z
quality	Run repository quality gate	2026-10-05T13:33:24.6713233Z   ! Change to an optional chain.
quality	Run repository quality gate	2026-10-05T13:33:24.6743161Z
quality	Run repository quality gate	2026-10-05T13:33:24.6743768Z     154 │ 		}
quality	Run repository quality gate	2026-10-05T13:33:24.6773587Z     155 │ 		const descriptor = Object.getOwnPropertyDescriptor(source, key);
quality	Run repository quality gate	2026-10-05T13:33:24.6803607Z   > 156 │ 		if (!descriptor || !descriptor.enumerable || !("value" in descriptor)) {
quality	Run repository quality gate	2026-10-05T13:33:24.6833457Z         │ 		    ^^^^^^^^^^^^^^^^^^^^^^^^^^^^^^^^^^^^^
quality	Run repository quality gate	2026-10-05T13:33:24.6834261Z     157 │ 			throw new TypeError(
quality	Run repository quality gate	2026-10-05T13:33:24.6863502Z     158 │ 				`${field}.${key} must be an enumerable data property`,
quality	Run repository quality gate	2026-10-05T13:33:24.6893109Z
quality	Run repository quality gate	2026-10-05T13:33:24.6923515Z   i Unsafe fix: Change to an optional chain.
quality	Run repository quality gate	2026-10-05T13:33:24.6924195Z
quality	Run repository quality gate	2026-10-05T13:33:24.6953325Z     154 154 │       }
quality	Run repository quality gate	2026-10-05T13:33:24.6983633Z     155 155 │       const descriptor = Object.getOwnPropertyDescriptor(source, key);
quality	Run repository quality gate	2026-10-05T13:33:24.6993682Z     156     │ - → → if·(!descriptor·||·!descriptor.enumerable·||·!("value"·in·descriptor))·{
quality	Run repository quality gate	2026-10-05T13:33:24.7013686Z         156 │ + → → if·(!descriptor?.enumerable·||·!("value"·in·descriptor))·{
quality	Run repository quality gate	2026-10-05T13:33:24.7016953Z     157 157 │         throw new TypeError(
quality	Run repository quality gate	2026-10-05T13:33:24.7017806Z     158 158 │           `${field}.${key} must be an enumerable data property`,
quality	Run repository quality gate	2026-10-05T13:33:24.7018514Z
quality	Run repository quality gate	2026-10-05T13:33:24.7043015Z
quality	Run repository quality gate	2026-10-05T13:33:24.7073814Z src/run-execution-budget.mjs:15:3 lint/complexity/useOptionalChain  FIXABLE  ━━━━━━━━━━━━━━━━━━━━━━━
quality	Run repository quality gate	2026-10-05T13:33:24.7102961Z
quality	Run repository quality gate	2026-10-05T13:33:24.7103773Z   ! Change to an optional chain.
quality	Run repository quality gate	2026-10-05T13:33:24.7133086Z
quality	Run repository quality gate	2026-10-05T13:33:24.7163578Z     13 │ 		throw new TypeError("Invalid execution timeout configuration");
quality	Run repository quality gate	2026-10-05T13:33:24.7179183Z     14 │ 	if (
quality	Run repository quality gate	2026-10-05T13:33:24.7193342Z   > 15 │ 		!run ||
quality	Run repository quality gate	2026-10-05T13:33:24.7223213Z        │ 		^^^^^^^
quality	Run repository quality gate	2026-10-05T13:33:24.7253395Z   > 16 │ 		run.status !== "RUNNING" ||
quality	Run repository quality gate	2026-10-05T13:33:24.7283418Z        │ 		^^^^^^^^^^^^^^^^^^^^^^^^
quality	Run repository quality gate	2026-10-05T13:33:24.7284123Z     17 │ 		!run.sessionId ||
quality	Run repository quality gate	2026-10-05T13:33:24.7313399Z     18 │ 		run.cancelRequestedAt
quality	Run repository quality gate	2026-10-05T13:33:24.7343158Z
quality	Run repository quality gate	2026-10-05T13:33:24.7360918Z   i Unsafe fix: Change to an optional chain.
quality	Run repository quality gate	2026-10-05T13:33:24.7393347Z
quality	Run repository quality gate	2026-10-05T13:33:24.7394672Z     13 13 │       throw new TypeError("Invalid execution timeout configuration");
quality	Run repository quality gate	2026-10-05T13:33:24.7395968Z     14 14 │     if (
quality	Run repository quality gate	2026-10-05T13:33:24.7396621Z Checked 192 files in 926ms. No fixes applied.
quality	Run repository quality gate	2026-10-05T13:33:24.7397423Z     15    │ - → → !run·||
quality	Run repository quality gate	2026-10-05T13:33:24.7398063Z Found 5 warnings.
quality	Run repository quality gate	2026-10-05T13:33:24.7398755Z     16    │ - → → run.status·!==·"RUNNING"·||
quality	Run repository quality gate	2026-10-05T13:33:24.7404831Z        15 │ + → → run?.status·!==·"RUNNING"·||
quality	Run repository quality gate	2026-10-05T13:33:24.7405384Z     17 16 │       !run.sessionId ||
quality	Run repository quality gate	2026-10-05T13:33:24.7405851Z     18 17 │       run.cancelRequestedAt
quality	Run repository quality gate	2026-10-05T13:33:24.7406263Z
quality	Run repository quality gate	2026-10-05T13:33:24.7406459Z
quality	Run repository quality gate	2026-10-05T13:33:24.7407158Z ##[endgroup]
quality	Run repository quality gate	2026-10-05T13:33:24.7409688Z ##[group]api:lint
quality	Run repository quality gate	2026-10-05T13:33:24.7410059Z cache miss, executing a8320e226a619f70
quality	Run repository quality gate	2026-10-05T13:33:24.7410426Z $ biome check .
quality	Run repository quality gate	2026-10-05T13:33:24.7411035Z src/operations/operations-core.mjs:274:13 lint/complexity/noExtraBooleanCast  FIXABLE  ━━━━━━━━━━━━━
quality	Run repository quality gate	2026-10-05T13:33:24.7411494Z
quality	Run repository quality gate	2026-10-05T13:33:24.7411671Z   i Avoid redundant `Boolean` call
quality	Run repository quality gate	2026-10-05T13:33:24.7412065Z
quality	Run repository quality gate	2026-10-05T13:33:24.7412379Z     272 │ 						agentId: row.agentId,
quality	Run repository quality gate	2026-10-05T13:33:24.7413242Z     273 │ 						agentName: names.get(row.agentId) ?? row.agentId,
quality	Run repository quality gate	2026-10-05T13:33:24.7413925Z   > 274 │ 						type: Boolean(receiptFor(row))
quality	Run repository quality gate	2026-10-05T13:33:24.7414376Z         │ 						      ^^^^^^^^^^^^^^^^^^^^^^^^
quality	Run repository quality gate	2026-10-05T13:33:24.7414712Z     275 │ 							? "AMBIGUOUS_OUTCOME"
quality	Run repository quality gate	2026-10-05T13:33:24.7415019Z     276 │ 							: "ACTION_FAILED",
quality	Run repository quality gate	2026-10-05T13:33:24.7415263Z
quality	Run repository quality gate	2026-10-05T13:33:24.7415619Z   i It is not necessary to use `Boolean` call when a value will already be coerced to a boolean.
quality	Run repository quality gate	2026-10-05T13:33:24.7416006Z
quality	Run repository quality gate	2026-10-05T13:33:24.7416222Z   i Safe fix: Remove redundant `Boolean` call
quality	Run repository quality gate	2026-10-05T13:33:24.7416492Z
quality	Run repository quality gate	2026-10-05T13:33:24.7416766Z     274 │ → → → → → → type:·Boolean(receiptFor(row))
quality	Run repository quality gate	2026-10-05T13:33:24.7417146Z         │                   --------              -
quality	Run repository quality gate	2026-10-05T13:33:24.7417332Z
quality	Run repository quality gate	2026-10-05T13:33:24.7417705Z src/deals/deals.contracts.ts:10:1 lint/performance/noBarrelFile ━━━━━━━━━━━━━━━━━━━━━━━━━━━━━━━━━━━━
quality	Run repository quality gate	2026-10-05T13:33:24.7418069Z
quality	Run repository quality gate	2026-10-05T13:33:24.7418357Z   ! Avoid barrel files, they slow down performance, and cause large module graphs with modules that go unused.
quality	Run repository quality gate	2026-10-05T13:33:24.7418799Z
quality	Run repository quality gate	2026-10-05T13:33:24.7419097Z      8 │ import { listInput } from "../trpc/list-input";
quality	Run repository quality gate	2026-10-05T13:33:24.7419417Z      9 │
quality	Run repository quality gate	2026-10-05T13:33:24.7419729Z   > 10 │ export { MAX_AMOUNT_CENTS } from "@crm/db/money-input";
quality	Run repository quality gate	2026-10-05T13:33:24.7420126Z        │ ^^^^^^^^^^^^^^^^^^^^^^^^^^^^^^^^^^^^^^^^^^^^^^^^^^^^^^^
quality	Run repository quality gate	2026-10-05T13:33:24.7420418Z     11 │
quality	Run repository quality gate	2026-10-05T13:33:24.7420663Z     12 │ const amountCents = z
quality	Run repository quality gate	2026-10-05T13:33:24.7420895Z
quality	Run repository quality gate	2026-10-05T13:33:24.7421171Z   i Check this thorough explanation to better understand the context.
quality	Run repository quality gate	2026-10-05T13:33:24.7421508Z
quality	Run repository quality gate	2026-10-05T13:33:24.7421612Z
quality	Run repository quality gate	2026-10-05T13:33:24.7421957Z src/google/google.constants.ts:1:1 lint/performance/noBarrelFile ━━━━━━━━━━━━━━━━━━━━━━━━━━━━━━━━━━━
quality	Run repository quality gate	2026-10-05T13:33:24.7422310Z
quality	Run repository quality gate	2026-10-05T13:33:24.7422751Z   ! Avoid barrel files, they slow down performance, and cause large module graphs with modules that go unused.
quality	Run repository quality gate	2026-10-05T13:33:24.7423242Z
quality	Run repository quality gate	2026-10-05T13:33:24.7423692Z    > 1 │ export {
quality	Run repository quality gate	2026-10-05T13:33:24.7423925Z        │ ^^^^^^^^
quality	Run repository quality gate	2026-10-05T13:33:24.7424167Z    > 2 │ 	CALENDAR_SCOPE,
quality	Run repository quality gate	2026-10-05T13:33:24.7424434Z    > 3 │ 	GMAIL_SCOPE,
quality	Run repository quality gate	2026-10-05T13:33:24.7424696Z    > 4 │ 	GOOGLE_PROVIDER_ID,
quality	Run repository quality gate	2026-10-05T13:33:24.7424986Z    > 5 │ 	GOOGLE_SYNC_SOURCES,
quality	Run repository quality gate	2026-10-05T13:33:24.7425269Z    > 6 │ 	type GoogleSyncSource,
quality	Run repository quality gate	2026-10-05T13:33:24.7425545Z    > 7 │ 	SCOPE_FOR_SOURCE,
quality	Run repository quality gate	2026-10-05T13:33:24.7425808Z    > 8 │ 	SYNC_SCOPES,
quality	Run repository quality gate	2026-10-05T13:33:24.7426101Z    > 9 │ } from "../mailbox/mailbox.constants";
quality	Run repository quality gate	2026-10-05T13:33:24.7426442Z        │ ^^^^^^^^^^^^^^^^^^^^^^^^^^^^^^^^^^^^^^
quality	Run repository quality gate	2026-10-05T13:33:24.7426713Z     10 │
quality	Run repository quality gate	2026-10-05T13:33:24.7426897Z
quality	Run repository quality gate	2026-10-05T13:33:24.7427179Z   i Check this thorough explanation to better understand the context.
quality	Run repository quality gate	2026-10-05T13:33:24.7427608Z
quality	Run repository quality gate	2026-10-05T13:33:24.7427716Z
quality	Run repository quality gate	2026-10-05T13:33:24.7428073Z src/mailbox/mailbox.constants.ts:10:1 lint/performance/noBarrelFile ━━━━━━━━━━━━━━━━━━━━━━━━━━━━━━━━
quality	Run repository quality gate	2026-10-05T13:33:24.7428457Z
quality	Run repository quality gate	2026-10-05T13:33:24.7428762Z   ! Avoid barrel files, they slow down performance, and cause large module graphs with modules that go unused.
quality	Run repository quality gate	2026-10-05T13:33:24.7429196Z
quality	Run repository quality gate	2026-10-05T13:33:24.7429437Z      8 │ } from "@crm/auth";
quality	Run repository quality gate	2026-10-05T13:33:24.7429683Z      9 │
quality	Run repository quality gate	2026-10-05T13:33:24.7429908Z   > 10 │ export {
quality	Run repository quality gate	2026-10-05T13:33:24.7430134Z        │ ^^^^^^^^
quality	Run repository quality gate	2026-10-05T13:33:24.7430376Z   > 11 │ 	CALENDAR_SCOPE,
quality	Run repository quality gate	2026-10-05T13:33:24.7430597Z         ...
quality	Run repository quality gate	2026-10-05T13:33:24.7430819Z   > 18 │ 	SYNC_SCOPES,
quality	Run repository quality gate	2026-10-05T13:33:24.7431078Z   > 19 │ } from "@crm/auth";
quality	Run repository quality gate	2026-10-05T13:33:24.7431336Z        │ ^^^^^^^^^^^^^^^^^^^
quality	Run repository quality gate	2026-10-05T13:33:24.7431579Z     20 │
quality	Run repository quality gate	2026-10-05T13:33:24.7431929Z     21 │ export const SYNC_SOURCES = ["calendar", "gmail", "outlook"] as const;
quality	Run repository quality gate	2026-10-05T13:33:24.7432273Z
quality	Run repository quality gate	2026-10-05T13:33:24.7432713Z   i Check this thorough explanation to better understand the context.
quality	Run repository quality gate	2026-10-05T13:33:24.7433055Z
quality	Run repository quality gate	2026-10-05T13:33:24.7433162Z
quality	Run repository quality gate	2026-10-05T13:33:24.7433520Z src/microsoft/microsoft.constants.ts:1:1 lint/performance/noBarrelFile ━━━━━━━━━━━━━━━━━━━━━━━━━━━━━
quality	Run repository quality gate	2026-10-05T13:33:24.7433870Z
quality	Run repository quality gate	2026-10-05T13:33:24.7434145Z   ! Avoid barrel files, they slow down performance, and cause large module graphs with modules that go unused.
quality	Run repository quality gate	2026-10-05T13:33:24.7434704Z
quality	Run repository quality gate	2026-10-05T13:33:24.7434981Z   > 1 │ export {
quality	Run repository quality gate	2026-10-05T13:33:24.7435294Z       │ ^^^^^^^^
quality	Run repository quality gate	2026-10-05T13:33:24.7435672Z   > 2 │ 	MICROSOFT_PROVIDER_ID,
quality	Run repository quality gate	2026-10-05T13:33:24.7436101Z   > 3 │ 	MICROSOFT_SYNC_SCOPES,
quality	Run repository quality gate	2026-10-05T13:33:24.7436536Z   > 4 │ 	MICROSOFT_SYNC_SOURCES,
quality	Run repository quality gate	2026-10-05T13:33:24.7436973Z   > 5 │ 	type MicrosoftSyncSource,
quality	Run repository quality gate	2026-10-05T13:33:24.7437422Z   > 6 │ 	OUTLOOK_MAIL_SCOPE,
quality	Run repository quality gate	2026-10-05T13:33:24.7437837Z   > 7 │ 	SCOPE_FOR_SOURCE,
quality	Run repository quality gate	2026-10-05T13:33:24.7438287Z   > 8 │ } from "../mailbox/mailbox.constants";
quality	Run repository quality gate	2026-10-05T13:33:24.7438817Z       │ ^^^^^^^^^^^^^^^^^^^^^^^^^^^^^^^^^^^^^^
quality	Run repository quality gate	2026-10-05T13:33:24.7439238Z     9 │
quality	Run repository quality gate	2026-10-05T13:33:24.7439517Z
quality	Run repository quality gate	2026-10-05T13:33:24.7439945Z   i Check this thorough explanation to better understand the context.
quality	Run repository quality gate	2026-10-05T13:33:24.7440490Z
quality	Run repository quality gate	2026-10-05T13:33:24.7440644Z
quality	Run repository quality gate	2026-10-05T13:33:24.7441217Z src/migrations/background-import.mjs:75:6 lint/complexity/useOptionalChain  FIXABLE  ━━━━━━━━━━━━━━━
quality	Run repository quality gate	2026-10-05T13:33:24.7441807Z
quality	Run repository quality gate	2026-10-05T13:33:24.7441966Z   ! Change to an optional chain.
quality	Run repository quality gate	2026-10-05T13:33:24.7442329Z
quality	Run repository quality gate	2026-10-05T13:33:24.7442743Z     73 │ 				});
quality	Run repository quality gate	2026-10-05T13:33:24.7443098Z     74 │ 				if (
quality	Run repository quality gate	2026-10-05T13:33:24.7443458Z   > 75 │ 					!row ||
quality	Run repository quality gate	2026-10-05T13:33:24.7443812Z        │ 					^^^^^^^
quality	Run repository quality gate	2026-10-05T13:33:24.7444183Z   > 76 │ 					!row.backgroundEnabled ||
quality	Run repository quality gate	2026-10-05T13:33:24.7444636Z        │ 					^^^^^^^^^^^^^^^^^^^^^^
quality	Run repository quality gate	2026-10-05T13:33:24.7445180Z     77 │ 					row.backgroundVersion !== claim.version
quality	Run repository quality gate	2026-10-05T13:33:24.7445571Z     78 │ 				)
quality	Run repository quality gate	2026-10-05T13:33:24.7445871Z
quality	Run repository quality gate	2026-10-05T13:33:24.7446213Z   i Unsafe fix: Change to an optional chain.
quality	Run repository quality gate	2026-10-05T13:33:24.7446606Z
quality	Run repository quality gate	2026-10-05T13:33:24.7446895Z      73  73 │           });
quality	Run repository quality gate	2026-10-05T13:33:24.7447262Z      74  74 │           if (
quality	Run repository quality gate	2026-10-05T13:33:24.7447896Z      75     │ - → → → → → !row·||
quality	Run repository quality gate	2026-10-05T13:33:24.7448406Z      76     │ - → → → → → !row.backgroundEnabled·||
quality	Run repository quality gate	2026-10-05T13:33:24.7448939Z          75 │ + → → → → → !row?.backgroundEnabled·||
quality	Run repository quality gate	2026-10-05T13:33:24.7449492Z      77  76 │             row.backgroundVersion !== claim.version
quality	Run repository quality gate	2026-10-05T13:33:24.7449972Z      78  77 │           )
quality	Run repository quality gate	2026-10-05T13:33:24.7450264Z
quality	Run repository quality gate	2026-10-05T13:33:24.7450402Z
quality	Run repository quality gate	2026-10-05T13:33:24.7450928Z src/tracking/tracking.service.ts:40:2 lint/correctness/noUnusedImports  FIXABLE  ━━━━━━━━━━━━━━━━━━━
quality	Run repository quality gate	2026-10-05T13:33:24.7451434Z
quality	Run repository quality gate	2026-10-05T13:33:24.7451596Z   ! Several of these imports are unused.
quality	Run repository quality gate	2026-10-05T13:33:24.7451971Z
quality	Run repository quality gate	2026-10-05T13:33:24.7452310Z     38 │ 	TrackingSettings,
quality	Run repository quality gate	2026-10-05T13:33:24.7453016Z     39 │ 	VerifyResult,
quality	Run repository quality gate	2026-10-05T13:33:24.7453415Z   > 40 │ 	VisitedPage,
quality	Run repository quality gate	2026-10-05T13:33:24.7453775Z        │ 	^^^^^^^^^^^
quality	Run repository quality gate	2026-10-05T13:33:24.7454143Z     41 │ 	WebsiteActivity,
quality	Run repository quality gate	2026-10-05T13:33:24.7454594Z     42 │ } from "./tracking.contracts";
quality	Run repository quality gate	2026-10-05T13:33:24.7455017Z
quality	Run repository quality gate	2026-10-05T13:33:24.7455461Z   i Unused imports might be the result of an incomplete refactoring.
quality	Run repository quality gate	2026-10-05T13:33:24.7456004Z
quality	Run repository quality gate	2026-10-05T13:33:24.7456320Z   i Unsafe fix: Remove the unused imports.
quality	Run repository quality gate	2026-10-05T13:33:24.7456737Z
quality	Run repository quality gate	2026-10-05T13:33:24.7457086Z      38  38 │     TrackingSettings,
quality	Run repository quality gate	2026-10-05T13:33:24.7457546Z      39  39 │     VerifyResult,
quality	Run repository quality gate	2026-10-05T13:33:24.7457989Z      40     │ - → VisitedPage,
quality	Run repository quality gate	2026-10-05T13:33:24.7458441Z      41  40 │     WebsiteActivity,
quality	Run repository quality gate	2026-10-05T13:33:24.7458908Z      42  41 │   } from "./tracking.contracts";
quality	Run repository quality gate	2026-10-05T13:33:24.7459285Z
quality	Run repository quality gate	2026-10-05T13:33:24.7459430Z
quality	Run repository quality gate	2026-10-05T13:33:24.7459985Z test/operations-postgres.integration.spec.ts:320:17 lint/style/noNonNullAssertion ━━━━━━━━━━━━━━━━━━
quality	Run repository quality gate	2026-10-05T13:33:24.7460571Z
quality	Run repository quality gate	2026-10-05T13:33:24.7460711Z   ! Forbidden non-null assertion.
quality	Run repository quality gate	2026-10-05T13:33:24.7461058Z
quality	Run repository quality gate	2026-10-05T13:33:24.7461334Z     318 │ 		});
quality	Run repository quality gate	2026-10-05T13:33:24.7461701Z     319 │ 		await db.contact.update({
quality	Run repository quality gate	2026-10-05T13:33:24.7462206Z   > 320 │ 			where: { id: receipts[0]!.entityId! },
quality	Run repository quality gate	2026-10-05T13:33:24.7462835Z         │ 			             ^^^^^^^^^^^^^^^^^^^^^^
quality	Run repository quality gate	2026-10-05T13:33:24.7463262Z     321 │ 			data: {
quality	Run repository quality gate	2026-10-05T13:33:24.7463649Z     322 │ 				title: "Edited after import",
quality	Run repository quality gate	2026-10-05T13:33:24.7464016Z
quality	Run repository quality gate	2026-10-05T13:33:24.7464161Z
quality	Run repository quality gate	2026-10-05T13:33:24.7464727Z test/operations-postgres.integration.spec.ts:320:17 lint/style/noNonNullAssertion  FIXABLE  ━━━━━━━━━━
quality	Run repository quality gate	2026-10-05T13:33:24.7465278Z
quality	Run repository quality gate	2026-10-05T13:33:24.7465416Z   ! Forbidden non-null assertion.
quality	Run repository quality gate	2026-10-05T13:33:24.7465765Z
quality	Run repository quality gate	2026-10-05T13:33:24.7466035Z     318 │ 		});
quality	Run repository quality gate	2026-10-05T13:33:24.7466389Z     319 │ 		await db.contact.update({
quality	Run repository quality gate	2026-10-05T13:33:24.7466846Z   > 320 │ 			where: { id: receipts[0]!.entityId! },
quality	Run repository quality gate	2026-10-05T13:33:24.7467336Z         │ 			             ^^^^^^^^^^^^
quality	Run repository quality gate	2026-10-05T13:33:24.7467740Z     321 │ 			data: {
quality	Run repository quality gate	2026-10-05T13:33:24.7468130Z     322 │ 				title: "Edited after import",
quality	Run repository quality gate	2026-10-05T13:33:24.7468530Z
quality	Run repository quality gate	2026-10-05T13:33:24.7469387Z   i Unsafe fix: Replace with optional chain operator ?. This operator includes runtime checks, so it is safer than the compile-only non-null assertion operator
quality	Run repository quality gate	2026-10-05T13:33:24.7470260Z
quality	Run repository quality gate	2026-10-05T13:33:24.7470577Z     318 318 │       });
quality	Run repository quality gate	2026-10-05T13:33:24.7470995Z     319 319 │       await db.contact.update({
quality	Run repository quality gate	2026-10-05T13:33:24.7471670Z     320     │ - → → → where:·{·id:·receipts[0]!.entityId!·},
quality	Run repository quality gate	2026-10-05T13:33:24.7472291Z         320 │ + → → → where:·{·id:·receipts[0]?.entityId!·},
quality	Run repository quality gate	2026-10-05T13:33:24.7472974Z     321 321 │         data: {
quality	Run repository quality gate	2026-10-05T13:33:24.7473437Z     322 322 │           title: "Edited after import",
quality	Run repository quality gate	2026-10-05T13:33:24.7473862Z
quality	Run repository quality gate	2026-10-05T13:33:24.7474009Z
quality	Run repository quality gate	2026-10-05T13:33:24.7474595Z test/operations-postgres.integration.spec.ts:340:19 lint/style/noNonNullAssertion ━━━━━━━━━━━━━━━━━━
quality	Run repository quality gate	2026-10-05T13:33:24.7475218Z
quality	Run repository quality gate	2026-10-05T13:33:24.7475361Z   ! Forbidden non-null assertion.
quality	Run repository quality gate	2026-10-05T13:33:24.7475719Z
quality	Run repository quality gate	2026-10-05T13:33:24.7476220Z     338 │ 			(
quality	Run repository quality gate	2026-10-05T13:33:24.7476615Z     339 │ 				await db.contact.findUniqueOrThrow({
quality	Run repository quality gate	2026-10-05T13:33:24.7477166Z   > 340 │ 					where: { id: receipts[0]!.entityId! },
quality	Run repository quality gate	2026-10-05T13:33:24.7477653Z         │ 					             ^^^^^^^^^^^^^^^^^^^^^^
quality	Run repository quality gate	2026-10-05T13:33:24.7478077Z     341 │ 				})
quality	Run repository quality gate	2026-10-05T13:33:24.7478413Z     342 │ 			).archivedAt,
quality	Run repository quality gate	2026-10-05T13:33:24.7478732Z
quality	Run repository quality gate	2026-10-05T13:33:24.7478870Z
quality	Run repository quality gate	2026-10-05T13:33:24.7479442Z test/operations-postgres.integration.spec.ts:340:19 lint/style/noNonNullAssertion  FIXABLE  ━━━━━━━━━━
quality	Run repository quality gate	2026-10-05T13:33:24.7480032Z
quality	Run repository quality gate	2026-10-05T13:33:24.7480169Z   ! Forbidden non-null assertion.
quality	Run repository quality gate	2026-10-05T13:33:24.7480535Z
quality	Run repository quality gate	2026-10-05T13:33:24.7480809Z     338 │ 			(
quality	Run repository quality gate	2026-10-05T13:33:24.7481212Z     339 │ 				await db.contact.findUniqueOrThrow({
quality	Run repository quality gate	2026-10-05T13:33:24.7481913Z   > 340 │ 					where: { id: receipts[0]!.entityId! },
quality	Run repository quality gate	2026-10-05T13:33:24.7482394Z         │ 					             ^^^^^^^^^^^^
quality	Run repository quality gate	2026-10-05T13:33:24.7482976Z     341 │ 				})
quality	Run repository quality gate	2026-10-05T13:33:24.7483343Z     342 │ 			).archivedAt,
quality	Run repository quality gate	2026-10-05T13:33:24.7483660Z
quality	Run repository quality gate	2026-10-05T13:33:24.7484487Z   i Unsafe fix: Replace with optional chain operator ?. This operator includes runtime checks, so it is safer than the compile-only non-null assertion operator
quality	Run repository quality gate	2026-10-05T13:33:24.7485426Z
quality	Run repository quality gate	2026-10-05T13:33:24.7485723Z     338 338 │         (
quality	Run repository quality gate	2026-10-05T13:33:24.7486189Z     339 339 │           await db.contact.findUniqueOrThrow({
quality	Run repository quality gate	2026-10-05T13:33:24.7486848Z     340     │ - → → → → → where:·{·id:·receipts[0]!.entityId!·},
quality	Run repository quality gate	2026-10-05T13:33:24.7487456Z         340 │ + → → → → → where:·{·id:·receipts[0]?.entityId!·},
quality	Run repository quality gate	2026-10-05T13:33:24.7487962Z     341 341 │           })
quality	Run repository quality gate	2026-10-05T13:33:24.7488343Z     342 342 │         ).archivedAt,
quality	Run repository quality gate	2026-10-05T13:33:24.7488692Z
quality	Run repository quality gate	2026-10-05T13:33:24.7488857Z
quality	Run repository quality gate	2026-10-05T13:33:24.7489441Z test/operations-postgres.integration.spec.ts:564:17 lint/style/noNonNullAssertion ━━━━━━━━━━━━━━━━━━
quality	Run repository quality gate	2026-10-05T13:33:24.7490044Z
quality	Run repository quality gate	2026-10-05T13:33:24.7490174Z   ! Forbidden non-null assertion.
quality	Run repository quality gate	2026-10-05T13:33:24.7490560Z
quality	Run repository quality gate	2026-10-05T13:33:24.7490843Z     562 │ 		]);
quality	Run repository quality gate	2026-10-05T13:33:24.7491274Z     563 │ 		expect(claims.filter(Boolean).length).toBe(1);
quality	Run repository quality gate	2026-10-05T13:33:24.7491841Z   > 564 │ 		const claim = claims.find(Boolean)!;
quality	Run repository quality gate	2026-10-05T13:33:24.7492338Z         │ 		              ^^^^^^^^^^^^^^^^^^^^^
quality	Run repository quality gate	2026-10-05T13:33:24.7493069Z     565 │ 		expect(claim.sessionId).toBe(f.identity.sessionId);
quality	Run repository quality gate	2026-10-05T13:33:24.7493727Z     566 │ 		expect(claim.rootSessionId).not.toBe(claim.sessionId);
quality	Run repository quality gate	2026-10-05T13:33:24.7494201Z
quality	Run repository quality gate	2026-10-05T13:33:24.7494339Z
quality	Run repository quality gate	2026-10-05T13:33:24.7494897Z test/operations-postgres.integration.spec.ts:575:17 lint/style/noNonNullAssertion ━━━━━━━━━━━━━━━━━━
quality	Run repository quality gate	2026-10-05T13:33:24.7495477Z
quality	Run repository quality gate	2026-10-05T13:33:24.7495630Z   ! Forbidden non-null assertion.
quality	Run repository quality gate	2026-10-05T13:33:24.7495997Z
quality	Run repository quality gate	2026-10-05T13:33:24.7496696Z     573 │ 	it("one-time transport admission and exact request binding survive new store instances", async () => {
quality	Run repository quality gate	2026-10-05T13:33:24.7497487Z     574 │ 		const f = await fixture("admit");
quality	Run repository quality gate	2026-10-05T13:33:24.7498056Z   > 575 │ 		const claim = (await f.store.claim(f.ticket.id))!;
quality	Run repository quality gate	2026-10-05T13:33:24.7498629Z         │ 		              ^^^^^^^^^^^^^^^^^^^^^^^^^^^^^^^^^^^
quality	Run repository quality gate	2026-10-05T13:33:24.7499067Z     576 │ 		expect(
quality	Run repository quality gate	2026-10-05T13:33:24.7499651Z     577 │ 			await f.store.admitDelivery({ ...claim, sessionId: "different-child" }),
quality	Run repository quality gate	2026-10-05T13:33:24.7500215Z
quality	Run repository quality gate	2026-10-05T13:33:24.7500365Z
quality	Run repository quality gate	2026-10-05T13:33:24.7500540Z Checked 277 files in 1103ms. No fixes applied.
quality	Run repository quality gate	2026-10-05T13:33:24.7500958Z Found 12 warnings.
quality	Run repository quality gate	2026-10-05T13:33:24.7501248Z Found 1 info.
quality	Run repository quality gate	2026-10-05T13:33:24.7501891Z ##[endgroup]
quality	Run repository quality gate	2026-10-05T13:33:24.7666121Z ##[group]app:lint
quality	Run repository quality gate	2026-10-05T13:33:24.7666627Z cache miss, executing cda8945130ff5362
quality	Run repository quality gate	2026-10-05T13:33:24.7667016Z $ biome check .
quality	Run repository quality gate	2026-10-05T13:33:24.7667747Z app/(app)/[slug]/settings/pipelines/pipeline-settings.tsx:418:11 lint/style/useTemplate  FIXABLE  ━━━━━━━━━━
quality	Run repository quality gate	2026-10-05T13:33:24.7668206Z
quality	Run repository quality gate	2026-10-05T13:33:24.7668399Z   i Template literals are preferred over string concatenation.
quality	Run repository quality gate	2026-10-05T13:33:24.7668978Z
quality	Run repository quality gate	2026-10-05T13:33:24.7669349Z     416 │ 									expectedVersion: archiveCandidate.version,
quality	Run repository quality gate	2026-10-05T13:33:24.7669753Z     417 │ 									idempotencyKey: commandKey(
quality	Run repository quality gate	2026-10-05T13:33:24.7670164Z   > 418 │ 										"pipeline-archive:" + archiveCandidate.id,
quality	Run repository quality gate	2026-10-05T13:33:24.7670575Z         │ 										^^^^^^^^^^^^^^^^^^^^^^^^^^^^^^^^^^^^^^^^^
quality	Run repository quality gate	2026-10-05T13:33:24.7670901Z     419 │ 										{
quality	Run repository quality gate	2026-10-05T13:33:24.7671208Z     420 │ 											id: archiveCandidate.id,
quality	Run repository quality gate	2026-10-05T13:33:24.7671540Z
quality	Run repository quality gate	2026-10-05T13:33:24.7671802Z   i Unsafe fix: Use a template literal.
quality	Run repository quality gate	2026-10-05T13:33:24.7672065Z
quality	Run repository quality gate	2026-10-05T13:33:24.7672404Z     416 416 │                     expectedVersion: archiveCandidate.version,
quality	Run repository quality gate	2026-10-05T13:33:24.7674189Z     417 417 │                     idempotencyKey: commandKey(
quality	Run repository quality gate	2026-10-05T13:33:24.7674841Z     418     │ - → → → → → → → → → → "pipeline-archive:"·+·archiveCandidate.id,
quality	Run repository quality gate	2026-10-05T13:33:24.7675478Z         418 │ + → → → → → → → → → → `pipeline-archive:${archiveCandidate.id}`,
quality	Run repository quality gate	2026-10-05T13:33:24.7675990Z     419 419 │                       {
quality	Run repository quality gate	2026-10-05T13:33:24.7676487Z     420 420 │                         id: archiveCandidate.id,
quality	Run repository quality gate	2026-10-05T13:33:24.7676943Z
quality	Run repository quality gate	2026-10-05T13:33:24.7677094Z
quality	Run repository quality gate	2026-10-05T13:33:24.7677652Z postcss.config.mjs:1:1 lint/performance/noBarrelFile ━━━━━━━━━━━━━━━━━━━━━━━━━━━━━━━━━━━━━━━━━━━━━━━
quality	Run repository quality gate	2026-10-05T13:33:24.7678149Z
quality	Run repository quality gate	2026-10-05T13:33:24.7678541Z   ! Avoid barrel files, they slow down performance, and cause large module graphs with modules that go unused.
quality	Run repository quality gate	2026-10-05T13:33:24.7679203Z
quality	Run repository quality gate	2026-10-05T13:33:24.7679578Z   > 1 │ export { default } from "@crm/ui/postcss.config";
quality	Run repository quality gate	2026-10-05T13:33:24.7680060Z       │ ^^^^^^^^^^^^^^^^^^^^^^^^^^^^^^^^^^^^^^^^^^^^^^^^^
quality	Run repository quality gate	2026-10-05T13:33:24.7680467Z     2 │
quality	Run repository quality gate	2026-10-05T13:33:24.7680705Z
quality	Run repository quality gate	2026-10-05T13:33:24.7681059Z   i Check this thorough explanation to better understand the context.
quality	Run repository quality gate	2026-10-05T13:33:24.7681512Z
quality	Run repository quality gate	2026-10-05T13:33:24.7681669Z
quality	Run repository quality gate	2026-10-05T13:33:24.7681841Z Checked 299 files in 1249ms. No fixes applied.
quality	Run repository quality gate	2026-10-05T13:33:24.7682221Z Found 1 warning.
quality	Run repository quality gate	2026-10-05T13:33:24.7682497Z Found 1 info.
quality	Run repository quality gate	2026-10-05T13:33:24.7683283Z ##[endgroup]
quality	Run repository quality gate	2026-10-05T13:33:24.7683484Z
quality	Run repository quality gate	2026-10-05T13:33:24.7683637Z  Tasks:    9 successful, 9 total
quality	Run repository quality gate	2026-10-05T13:33:24.7684085Z Cached:    0 cached, 9 total
quality	Run repository quality gate	2026-10-05T13:33:24.7684452Z   Time:    1.454s
quality	Run repository quality gate	2026-10-05T13:33:24.7684620Z
quality	Run repository quality gate	2026-10-05T13:33:24.7769553Z
quality	Run repository quality gate	2026-10-05T13:33:24.7769974Z > bun run check-types
quality	Run repository quality gate	2026-10-05T13:33:24.7795907Z $ turbo run check-types
quality	Run repository quality gate	2026-10-05T13:33:24.8626654Z
quality	Run repository quality gate	2026-10-05T13:33:24.8663347Z    • Packages in scope: @crm/action-registry, @crm/agent-action-runtime, @crm/auth, @crm/db, @crm/env, @crm/integration-runtime, @crm/migration-core, @crm/migration-runtime, @crm/pipeline-core, @crm/pipeline-runtime, @crm/security-core, @crm/telemetry, @crm/typescript-config, @crm/ui, @crm/validation, agent, api, app
quality	Run repository quality gate	2026-10-05T13:33:24.8696877Z    • Running check-types in 18 packages
quality	Run repository quality gate	2026-10-05T13:33:24.8703462Z    • Remote caching disabled
quality	Run repository quality gate	2026-10-05T13:33:24.8703991Z
quality	Run repository quality gate	2026-10-05T13:33:25.3116457Z ##[group]app:typegen
quality	Run repository quality gate	2026-10-05T13:33:25.3173713Z cache miss, executing 170ade75f117e6ab
quality	Run repository quality gate	2026-10-05T13:33:25.3203472Z $ next typegen
quality	Run repository quality gate	2026-10-05T13:33:25.3276163Z Generating route types...
quality	Run repository quality gate	2026-10-05T13:33:25.3323581Z ✓ Types generated successfully
quality	Run repository quality gate	2026-10-05T13:33:25.3337213Z ##[endgroup]
quality	Run repository quality gate	2026-10-05T13:33:26.2251316Z ##[group]@crm/env:check-types
quality	Run repository quality gate	2026-10-05T13:33:26.2267041Z cache miss, executing fb1dc4bf623bb611
quality	Run repository quality gate	2026-10-05T13:33:26.2267948Z $ tsc --noEmit
quality	Run repository quality gate	2026-10-05T13:33:26.2268961Z ##[endgroup]
quality	Run repository quality gate	2026-10-05T13:33:27.0282999Z ##[group]@crm/db:build
quality	Run repository quality gate	2026-10-05T13:33:27.0283539Z cache miss, executing 44598decfbcad5cc
quality	Run repository quality gate	2026-10-05T13:33:27.0283873Z $ prisma generate
quality	Run repository quality gate	2026-10-05T13:33:27.0284445Z Loaded Prisma config from prisma.config.ts.
quality	Run repository quality gate	2026-10-05T13:33:27.0284673Z
quality	Run repository quality gate	2026-10-05T13:33:27.0284812Z Prisma schema loaded from prisma/schema.prisma.
quality	Run repository quality gate	2026-10-05T13:33:27.0285034Z
quality	Run repository quality gate	2026-10-05T13:33:27.0285541Z ✔ Generated Prisma Client (7.9.1) to ./src/generated/prisma in 540ms
quality	Run repository quality gate	2026-10-05T13:33:27.0285830Z
quality	Run repository quality gate	2026-10-05T13:33:27.0286145Z ##[endgroup]
quality	Run repository quality gate	2026-10-05T13:33:27.1985234Z ##[group]api:build
quality	Run repository quality gate	2026-10-05T13:33:27.2051081Z cache miss, executing 472c29ebd79dba95
quality	Run repository quality gate	2026-10-05T13:33:27.2052317Z $ bun build src/main.ts --target=bun --outdir dist --packages=external --sourcemap
quality	Run repository quality gate	2026-10-05T13:33:27.2123976Z Bundled 206 modules in 132ms
quality	Run repository quality gate	2026-10-05T13:33:27.2183149Z
quality	Run repository quality gate	2026-10-05T13:33:27.2210731Z   main.js      0.84 MB  (entry point)
quality	Run repository quality gate	2026-10-05T13:33:27.2252684Z   main.js.map  1.49 MB  (source map)
quality	Run repository quality gate	2026-10-05T13:33:27.2293010Z
quality	Run repository quality gate	2026-10-05T13:33:27.2340014Z ##[endgroup]
quality	Run repository quality gate	2026-10-05T13:33:31.1658769Z ##[group]api:trpc:generate
quality	Run repository quality gate	2026-10-05T13:33:31.1676689Z cache miss, executing a2c5eb5dba0238b2
quality	Run repository quality gate	2026-10-05T13:33:31.1768440Z $ nestjs-trpc generate -e src/app.module.ts -r "**/*.router.ts" -o src/generated
quality	Run repository quality gate	2026-10-05T13:33:31.1878336Z ✓ Generated server.ts successfully!
quality	Run repository quality gate	2026-10-05T13:33:31.1932826Z
quality	Run repository quality gate	2026-10-05T13:33:31.2051488Z   Output:     /home/runner/work/tayvero/tayvero/apps/api/src/generated/server.ts
quality	Run repository quality gate	2026-10-05T13:33:31.2107074Z   Routers:    24
quality	Run repository quality gate	2026-10-05T13:33:31.2213457Z   Procedures: 185
quality	Run repository quality gate	2026-10-05T13:33:31.2247182Z
quality	Run repository quality gate	2026-10-05T13:33:31.2310644Z ##[endgroup]
quality	Run repository quality gate	2026-10-05T13:33:32.7133975Z ##[group]@crm/validation:check-types
quality	Run repository quality gate	2026-10-05T13:33:32.7183619Z cache miss, executing 233ca5ea17bbc66a
quality	Run repository quality gate	2026-10-05T13:33:32.7213469Z $ tsc --noEmit
quality	Run repository quality gate	2026-10-05T13:33:32.7241217Z ##[endgroup]
quality	Run repository quality gate	2026-10-05T13:33:36.5833666Z ##[group]@crm/telemetry:check-types
quality	Run repository quality gate	2026-10-05T13:33:36.5968532Z cache miss, executing 1a64489f302f60f3
quality	Run repository quality gate	2026-10-05T13:33:36.6033315Z $ tsc --noEmit
quality	Run repository quality gate	2026-10-05T13:33:36.6103766Z ##[endgroup]
quality	Run repository quality gate	2026-10-05T13:33:39.6034084Z ##[group]@crm/db:check-types
quality	Run repository quality gate	2026-10-05T13:33:39.6034711Z cache miss, executing 95566ceb99421333
quality	Run repository quality gate	2026-10-05T13:33:39.6035261Z $ tsc --noEmit
quality	Run repository quality gate	2026-10-05T13:33:39.6035926Z ##[endgroup]
quality	Run repository quality gate	2026-10-05T13:33:42.2826252Z ##[group]@crm/auth:check-types
quality	Run repository quality gate	2026-10-05T13:33:42.2853519Z cache miss, executing d36af519aca8f515
quality	Run repository quality gate	2026-10-05T13:33:42.2913376Z $ tsc --noEmit
quality	Run repository quality gate	2026-10-05T13:33:42.2931721Z ##[endgroup]
quality	Run repository quality gate	2026-10-05T13:33:44.5620618Z ##[group]@crm/ui:check-types
quality	Run repository quality gate	2026-10-05T13:33:44.5621574Z cache miss, executing 3306e08467704832
quality	Run repository quality gate	2026-10-05T13:33:44.5622263Z $ tsc --noEmit
quality	Run repository quality gate	2026-10-05T13:33:44.5623341Z ##[endgroup]
quality	Run repository quality gate	2026-10-05T13:33:45.7634027Z ##[group]agent:check-types
quality	Run repository quality gate	2026-10-05T13:33:45.7653715Z cache miss, executing e6c584f23025861a
quality	Run repository quality gate	2026-10-05T13:33:45.7693503Z $ tsc --noEmit
quality	Run repository quality gate	2026-10-05T13:33:45.7763701Z ##[endgroup]
quality	Run repository quality gate	2026-10-05T13:33:54.7955463Z ##[group]api:check-types
quality	Run repository quality gate	2026-10-05T13:33:54.7956381Z cache miss, executing be9845314d3b49a3
quality	Run repository quality gate	2026-10-05T13:33:54.7957010Z $ tsc --noEmit
quality	Run repository quality gate	2026-10-05T13:33:54.7957830Z ##[endgroup]
quality	Run repository quality gate	2026-10-05T13:33:59.5320022Z ##[group]app:check-types
quality	Run repository quality gate	2026-10-05T13:33:59.5320602Z cache miss, executing 8c77c59886cc9e1d
quality	Run repository quality gate	2026-10-05T13:33:59.5321035Z $ tsc --noEmit
quality	Run repository quality gate	2026-10-05T13:33:59.5321729Z ##[endgroup]
quality	Run repository quality gate	2026-10-05T13:33:59.5327920Z
quality	Run repository quality gate	2026-10-05T13:33:59.5328284Z  Tasks:    13 successful, 13 total
quality	Run repository quality gate	2026-10-05T13:33:59.5329111Z Cached:    0 cached, 13 total
quality	Run repository quality gate	2026-10-05T13:33:59.5329496Z   Time:    34.718s
quality	Run repository quality gate	2026-10-05T13:33:59.5329706Z
quality	Run repository quality gate	2026-10-05T13:33:59.5427930Z
quality	Run repository quality gate	2026-10-05T13:33:59.5428364Z > bun run test
quality	Run repository quality gate	2026-10-05T13:33:59.5455916Z $ turbo run test --concurrency=1
quality	Run repository quality gate	2026-10-05T13:33:59.6372343Z
quality	Run repository quality gate	2026-10-05T13:33:59.6374404Z    • Packages in scope: @crm/action-registry, @crm/agent-action-runtime, @crm/auth, @crm/db, @crm/env, @crm/integration-runtime, @crm/migration-core, @crm/migration-runtime, @crm/pipeline-core, @crm/pipeline-runtime, @crm/security-core, @crm/telemetry, @crm/typescript-config, @crm/ui, @crm/validation, agent, api, app
quality	Run repository quality gate	2026-10-05T13:33:59.6376406Z    • Running test in 18 packages
quality	Run repository quality gate	2026-10-05T13:33:59.6376949Z    • Remote caching disabled
quality	Run repository quality gate	2026-10-05T13:33:59.6377276Z
quality	Run repository quality gate	2026-10-05T13:33:59.7636562Z ##[group]@crm/action-registry:test
quality	Run repository quality gate	2026-10-05T13:33:59.7637413Z cache miss, executing b61fa426100cba41
quality	Run repository quality gate	2026-10-05T13:33:59.7638551Z $ node --test ./test/*.test.mjs
quality	Run repository quality gate	2026-10-05T13:33:59.7639114Z TAP version 13
quality	Run repository quality gate	2026-10-05T13:33:59.7639754Z # Subtest: registers immutable typed action entries without exposing a direct execution path
quality	Run repository quality gate	2026-10-05T13:33:59.7640698Z ok 1 - registers immutable typed action entries without exposing a direct execution path
quality	Run repository quality gate	2026-10-05T13:33:59.7641335Z   ---
quality	Run repository quality gate	2026-10-05T13:33:59.7641655Z   duration_ms: 1.681338
quality	Run repository quality gate	2026-10-05T13:33:59.7641981Z   type: 'test'
quality	Run repository quality gate	2026-10-05T13:33:59.7642297Z   ...
quality	Run repository quality gate	2026-10-05T13:33:59.7643112Z # Subtest: normalizes legacy risk and idempotency vocabulary into the governed runtime contract
quality	Run repository quality gate	2026-10-05T13:33:59.7644030Z ok 2 - normalizes legacy risk and idempotency vocabulary into the governed runtime contract
quality	Run repository quality gate	2026-10-05T13:33:59.7644651Z   ---
quality	Run repository quality gate	2026-10-05T13:33:59.7644983Z   duration_ms: 0.396618
quality	Run repository quality gate	2026-10-05T13:33:59.7645363Z   type: 'test'
quality	Run repository quality gate	2026-10-05T13:33:59.7645737Z   ...
quality	Run repository quality gate	2026-10-05T13:33:59.7646164Z # Subtest: converts JSON schemas into runtime validators
quality	Run repository quality gate	2026-10-05T13:33:59.7646753Z ok 3 - converts JSON schemas into runtime validators
quality	Run repository quality gate	2026-10-05T13:33:59.7647194Z   ---
quality	Run repository quality gate	2026-10-05T13:33:59.7647464Z   duration_ms: 1.198618
quality	Run repository quality gate	2026-10-05T13:33:59.7647778Z   type: 'test'
quality	Run repository quality gate	2026-10-05T13:33:59.7648070Z   ...
quality	Run repository quality gate	2026-10-05T13:33:59.7648542Z # Subtest: defensively snapshots schemas, metadata, permissions and retry configuration
quality	Run repository quality gate	2026-10-05T13:33:59.7649301Z ok 4 - defensively snapshots schemas, metadata, permissions and retry configuration
quality	Run repository quality gate	2026-10-05T13:33:59.7649836Z   ---
quality	Run repository quality gate	2026-10-05T13:33:59.7650094Z   duration_ms: 0.38906
quality	Run repository quality gate	2026-10-05T13:33:59.7650447Z   type: 'test'
quality	Run repository quality gate	2026-10-05T13:33:59.7650706Z   ...
quality	Run repository quality gate	2026-10-05T13:33:59.7651008Z # Subtest: rejects duplicate action identifiers
quality	Run repository quality gate	2026-10-05T13:33:59.7651448Z ok 5 - rejects duplicate action identifiers
quality	Run repository quality gate	2026-10-05T13:33:59.7651814Z   ---
quality	Run repository quality gate	2026-10-05T13:33:59.7652115Z   duration_ms: 0.24821
quality	Run repository quality gate	2026-10-05T13:33:59.7652423Z   type: 'test'
quality	Run repository quality gate	2026-10-05T13:33:59.7652871Z   ...
quality	Run repository quality gate	2026-10-05T13:33:59.7653350Z # Subtest: rejects execution-state options because execution belongs to the governed runtime
quality	Run repository quality gate	2026-10-05T13:33:59.7654111Z ok 6 - rejects execution-state options because execution belongs to the governed runtime
quality	Run repository quality gate	2026-10-05T13:33:59.7654673Z   ---
quality	Run repository quality gate	2026-10-05T13:33:59.7654922Z   duration_ms: 0.129353
quality	Run repository quality gate	2026-10-05T13:33:59.7655218Z   type: 'test'
quality	Run repository quality gate	2026-10-05T13:33:59.7655478Z   ...
quality	Run repository quality gate	2026-10-05T13:33:59.7655828Z # Subtest: rejects a mutating manifest without idempotency
quality	Run repository quality gate	2026-10-05T13:33:59.7656360Z ok 7 - rejects a mutating manifest without idempotency
quality	Run repository quality gate	2026-10-05T13:33:59.7656764Z   ---
quality	Run repository quality gate	2026-10-05T13:33:59.7657030Z   duration_ms: 0.143727
quality	Run repository quality gate	2026-10-05T13:33:59.7657335Z   type: 'test'
quality	Run repository quality gate	2026-10-05T13:33:59.7657611Z   ...
quality	Run repository quality gate	2026-10-05T13:33:59.7657959Z # Subtest: rejects manifests without explicit permissions
quality	Run repository quality gate	2026-10-05T13:33:59.7658456Z ok 8 - rejects manifests without explicit permissions
quality	Run repository quality gate	2026-10-05T13:33:59.7658870Z   ---
quality	Run repository quality gate	2026-10-05T13:33:59.7659153Z   duration_ms: 0.126228
quality	Run repository quality gate	2026-10-05T13:33:59.7659461Z   type: 'test'
quality	Run repository quality gate	2026-10-05T13:33:59.7659743Z   ...
quality	Run repository quality gate	2026-10-05T13:33:59.7660085Z # Subtest: rejects unsafe retry policies for mutating actions
quality	Run repository quality gate	2026-10-05T13:33:59.7660891Z ok 9 - rejects unsafe retry policies for mutating actions
quality	Run repository quality gate	2026-10-05T13:33:59.7661330Z   ---
quality	Run repository quality gate	2026-10-05T13:33:59.7661597Z   duration_ms: 0.333281
quality	Run repository quality gate	2026-10-05T13:33:59.7661911Z   type: 'test'
quality	Run repository quality gate	2026-10-05T13:33:59.7662184Z   ...
quality	Run repository quality gate	2026-10-05T13:33:59.7663239Z # Subtest: rejects non-integer and non-finite retry configuration
quality	Run repository quality gate	2026-10-05T13:33:59.7663859Z ok 10 - rejects non-integer and non-finite retry configuration
quality	Run repository quality gate	2026-10-05T13:33:59.7664309Z   ---
quality	Run repository quality gate	2026-10-05T13:33:59.7664583Z   duration_ms: 0.614015
quality	Run repository quality gate	2026-10-05T13:33:59.7664883Z   type: 'test'
quality	Run repository quality gate	2026-10-05T13:33:59.7665141Z   ...
quality	Run repository quality gate	2026-10-05T13:33:59.7665478Z # Subtest: registerMany accepts tuple and entry forms and returns stable sorted manifests
quality	Run repository quality gate	2026-10-05T13:33:59.7666000Z ok 11 - registerMany accepts tuple and entry forms and returns stable sorted manifests
quality	Run repository quality gate	2026-10-05T13:33:59.7666518Z   ---
quality	Run repository quality gate	2026-10-05T13:33:59.7666781Z   duration_ms: 7.014363
quality	Run repository quality gate	2026-10-05T13:33:59.7667096Z   type: 'test'
quality	Run repository quality gate	2026-10-05T13:33:59.7667306Z   ...
quality	Run repository quality gate	2026-10-05T13:33:59.7667641Z # Subtest: requires own properties instead of inherited prototype properties
quality	Run repository quality gate	2026-10-05T13:33:59.7668112Z ok 12 - requires own properties instead of inherited prototype properties
quality	Run repository quality gate	2026-10-05T13:33:59.7668461Z   ---
quality	Run repository quality gate	2026-10-05T13:33:59.7668668Z   duration_ms: 0.24616
quality	Run repository quality gate	2026-10-05T13:33:59.7668888Z   type: 'test'
quality	Run repository quality gate	2026-10-05T13:33:59.7669091Z   ...
quality	Run repository quality gate	2026-10-05T13:33:59.7669347Z # Subtest: rejects unsafe JSON-schema and metadata object keys
quality	Run repository quality gate	2026-10-05T13:33:59.7669726Z ok 13 - rejects unsafe JSON-schema and metadata object keys
quality	Run repository quality gate	2026-10-05T13:33:59.7670035Z   ---
quality	Run repository quality gate	2026-10-05T13:33:59.7670222Z   duration_ms: 0.253479
quality	Run repository quality gate	2026-10-05T13:33:59.7670446Z   type: 'test'
quality	Run repository quality gate	2026-10-05T13:33:59.7670639Z   ...
quality	Run repository quality gate	2026-10-05T13:33:59.7670816Z 1..13
quality	Run repository quality gate	2026-10-05T13:33:59.7671003Z # tests 13
quality	Run repository quality gate	2026-10-05T13:33:59.7671194Z # suites 0
quality	Run repository quality gate	2026-10-05T13:33:59.7671400Z # pass 13
quality	Run repository quality gate	2026-10-05T13:33:59.7671586Z # fail 0
quality	Run repository quality gate	2026-10-05T13:33:59.7671773Z # cancelled 0
quality	Run repository quality gate	2026-10-05T13:33:59.7671978Z # skipped 0
quality	Run repository quality gate	2026-10-05T13:33:59.7672168Z # todo 0
quality	Run repository quality gate	2026-10-05T13:33:59.7672365Z # duration_ms 77.750513
quality	Run repository quality gate	2026-10-05T13:33:59.7673273Z ##[endgroup]
quality	Run repository quality gate	2026-10-05T13:33:59.8969227Z ##[group]@crm/security-core:test
quality	Run repository quality gate	2026-10-05T13:33:59.8969797Z cache miss, executing 872edcc676c10eab
quality	Run repository quality gate	2026-10-05T13:33:59.8970235Z $ node --test test/*.test.mjs
quality	Run repository quality gate	2026-10-05T13:33:59.8970611Z TAP version 13
quality	Run repository quality gate	2026-10-05T13:33:59.8971137Z # Subtest: givenPlainCredential_whenSealingAndOpening_thenReturnsValidatedPlaintext
quality	Run repository quality gate	2026-10-05T13:33:59.8972041Z ok 1 - givenPlainCredential_whenSealingAndOpening_thenReturnsValidatedPlaintext
quality	Run repository quality gate	2026-10-05T13:33:59.8972449Z   ---
quality	Run repository quality gate	2026-10-05T13:33:59.8972867Z   duration_ms: 5.027755
quality	Run repository quality gate	2026-10-05T13:33:59.8973108Z   type: 'test'
quality	Run repository quality gate	2026-10-05T13:33:59.8973324Z   ...
quality	Run repository quality gate	2026-10-05T13:33:59.8973630Z # Subtest: givenLegacyPlaintextAndStrictMode_whenOpening_thenRejects
quality	Run repository quality gate	2026-10-05T13:33:59.8974120Z ok 2 - givenLegacyPlaintextAndStrictMode_whenOpening_thenRejects
quality	Run repository quality gate	2026-10-05T13:33:59.8974470Z   ---
quality	Run repository quality gate	2026-10-05T13:33:59.8974669Z   duration_ms: 0.836685
quality	Run repository quality gate	2026-10-05T13:33:59.8974896Z   type: 'test'
quality	Run repository quality gate	2026-10-05T13:33:59.8975106Z   ...
quality	Run repository quality gate	2026-10-05T13:33:59.8975454Z # Subtest: givenLegacyPlaintextAndMigrationMode_whenOpening_thenMarksMigrationRequired
quality	Run repository quality gate	2026-10-05T13:33:59.8976052Z ok 3 - givenLegacyPlaintextAndMigrationMode_whenOpening_thenMarksMigrationRequired
quality	Run repository quality gate	2026-10-05T13:33:59.8976500Z   ---
quality	Run repository quality gate	2026-10-05T13:33:59.8976706Z   duration_ms: 0.715231
quality	Run repository quality gate	2026-10-05T13:33:59.8976928Z   type: 'test'
quality	Run repository quality gate	2026-10-05T13:33:59.8977131Z   ...
quality	Run repository quality gate	2026-10-05T13:33:59.8977442Z # Subtest: givenEncryptedValue_whenSealingAgain_thenPreventsDoubleEncryption
quality	Run repository quality gate	2026-10-05T13:33:59.8977930Z ok 4 - givenEncryptedValue_whenSealingAgain_thenPreventsDoubleEncryption
quality	Run repository quality gate	2026-10-05T13:33:59.8978289Z   ---
quality	Run repository quality gate	2026-10-05T13:33:59.8978481Z   duration_ms: 0.575405
quality	Run repository quality gate	2026-10-05T13:33:59.8978704Z   type: 'test'
quality	Run repository quality gate	2026-10-05T13:33:59.8978894Z   ...
quality	Run repository quality gate	2026-10-05T13:33:59.8979385Z # Subtest: givenValidContext_whenEncryptingAndDecrypting_thenRoundTripsWithoutPlaintextLeakage
quality	Run repository quality gate	2026-10-05T13:33:59.8980301Z ok 5 - givenValidContext_whenEncryptingAndDecrypting_thenRoundTripsWithoutPlaintextLeakage
quality	Run repository quality gate	2026-10-05T13:33:59.8980991Z   ---
quality	Run repository quality gate	2026-10-05T13:33:59.8981199Z   duration_ms: 3.938598
quality	Run repository quality gate	2026-10-05T13:33:59.8981431Z   type: 'test'
quality	Run repository quality gate	2026-10-05T13:33:59.8981637Z   ...
quality	Run repository quality gate	2026-10-05T13:33:59.8981999Z # Subtest: givenSamePlaintext_whenEncryptedTwice_thenRandomIvProducesDifferentEnvelopes
quality	Run repository quality gate	2026-10-05T13:33:59.8982680Z ok 6 - givenSamePlaintext_whenEncryptedTwice_thenRandomIvProducesDifferentEnvelopes
quality	Run repository quality gate	2026-10-05T13:33:59.8983090Z   ---
quality	Run repository quality gate	2026-10-05T13:33:59.8983284Z   duration_ms: 1.071767
quality	Run repository quality gate	2026-10-05T13:33:59.8983505Z   type: 'test'
quality	Run repository quality gate	2026-10-05T13:33:59.8983709Z   ...
quality	Run repository quality gate	2026-10-05T13:33:59.8984012Z # Subtest: givenWrongTenantContext_whenDecrypting_thenAuthenticationFails
quality	Run repository quality gate	2026-10-05T13:33:59.8984482Z ok 7 - givenWrongTenantContext_whenDecrypting_thenAuthenticationFails
quality	Run repository quality gate	2026-10-05T13:33:59.8984928Z   ---
quality	Run repository quality gate	2026-10-05T13:33:59.8985116Z   duration_ms: 0.752019
quality	Run repository quality gate	2026-10-05T13:33:59.8985338Z   type: 'test'
quality	Run repository quality gate	2026-10-05T13:33:59.8985530Z   ...
quality	Run repository quality gate	2026-10-05T13:33:59.8985828Z # Subtest: givenTamperedCiphertext_whenDecrypting_thenAuthenticationFails
quality	Run repository quality gate	2026-10-05T13:33:59.8986287Z ok 8 - givenTamperedCiphertext_whenDecrypting_thenAuthenticationFails
quality	Run repository quality gate	2026-10-05T13:33:59.8986631Z   ---
quality	Run repository quality gate	2026-10-05T13:33:59.8986827Z   duration_ms: 1.524926
quality	Run repository quality gate	2026-10-05T13:33:59.8987044Z   type: 'test'
quality	Run repository quality gate	2026-10-05T13:33:59.8987244Z   ...
quality	Run repository quality gate	2026-10-05T13:33:59.8987566Z # Subtest: givenMissingHistoricalKey_whenDecrypting_thenFailsWithoutLeakingSecret
quality	Run repository quality gate	2026-10-05T13:33:59.8988085Z ok 9 - givenMissingHistoricalKey_whenDecrypting_thenFailsWithoutLeakingSecret
quality	Run repository quality gate	2026-10-05T13:33:59.8988450Z   ---
quality	Run repository quality gate	2026-10-05T13:33:59.8988642Z   duration_ms: 0.588927
quality	Run repository quality gate	2026-10-05T13:33:59.8988865Z   type: 'test'
quality	Run repository quality gate	2026-10-05T13:33:59.8989060Z   ...
quality	Run repository quality gate	2026-10-05T13:33:59.8989399Z # Subtest: givenHistoricalKeyAndNewActiveKey_whenRotating_thenReencryptsWithNewKey
quality	Run repository quality gate	2026-10-05T13:33:59.8989932Z ok 10 - givenHistoricalKeyAndNewActiveKey_whenRotating_thenReencryptsWithNewKey
quality	Run repository quality gate	2026-10-05T13:33:59.8990304Z   ---
quality	Run repository quality gate	2026-10-05T13:33:59.8990498Z   duration_ms: 0.700561
quality	Run repository quality gate	2026-10-05T13:33:59.8990715Z   type: 'test'
quality	Run repository quality gate	2026-10-05T13:33:59.8990914Z   ...
quality	Run repository quality gate	2026-10-05T13:33:59.8991213Z # Subtest: givenPlaintext_whenDecrypting_thenRejectsImplicitLegacyFallback
quality	Run repository quality gate	2026-10-05T13:33:59.8991680Z ok 11 - givenPlaintext_whenDecrypting_thenRejectsImplicitLegacyFallback
quality	Run repository quality gate	2026-10-05T13:33:59.8992032Z   ---
quality	Run repository quality gate	2026-10-05T13:33:59.8992220Z   duration_ms: 0.328324
quality	Run repository quality gate	2026-10-05T13:33:59.8992445Z   type: 'test'
quality	Run repository quality gate	2026-10-05T13:33:59.8992788Z   ...
quality	Run repository quality gate	2026-10-05T13:33:59.8993109Z # Subtest: givenInvalidKeyLength_whenCreatingProvider_thenFailsFast
quality	Run repository quality gate	2026-10-05T13:33:59.8993541Z ok 12 - givenInvalidKeyLength_whenCreatingProvider_thenFailsFast
quality	Run repository quality gate	2026-10-05T13:33:59.8993860Z   ---
quality	Run repository quality gate	2026-10-05T13:33:59.8994057Z   duration_ms: 0.184889
quality	Run repository quality gate	2026-10-05T13:33:59.8994272Z   type: 'test'
quality	Run repository quality gate	2026-10-05T13:33:59.8994467Z   ...
quality	Run repository quality gate	2026-10-05T13:33:59.8994797Z # Subtest: givenEnvironmentKeyring_whenCreatingProvider_thenValidatesAndDecrypts
quality	Run repository quality gate	2026-10-05T13:33:59.8995291Z ok 13 - givenEnvironmentKeyring_whenCreatingProvider_thenValidatesAndDecrypts
quality	Run repository quality gate	2026-10-05T13:33:59.8995660Z   ---
quality	Run repository quality gate	2026-10-05T13:33:59.8995851Z   duration_ms: 0.771534
quality	Run repository quality gate	2026-10-05T13:33:59.8996066Z   type: 'test'
quality	Run repository quality gate	2026-10-05T13:33:59.8996265Z   ...
quality	Run repository quality gate	2026-10-05T13:33:59.8996589Z # Subtest: givenEnvelope_whenRedactingAndFingerprinting_thenNeverReturnsPlaintext
quality	Run repository quality gate	2026-10-05T13:33:59.8997096Z ok 14 - givenEnvelope_whenRedactingAndFingerprinting_thenNeverReturnsPlaintext
quality	Run repository quality gate	2026-10-05T13:33:59.8997458Z   ---
quality	Run repository quality gate	2026-10-05T13:33:59.8997652Z   duration_ms: 1.047741
quality	Run repository quality gate	2026-10-05T13:33:59.8997864Z   type: 'test'
quality	Run repository quality gate	2026-10-05T13:33:59.8998081Z   ...
quality	Run repository quality gate	2026-10-05T13:33:59.8998392Z # Subtest: givenOversizedPlaintext_whenEncrypting_thenRejectsBeforeEncryption
quality	Run repository quality gate	2026-10-05T13:33:59.8998861Z ok 15 - givenOversizedPlaintext_whenEncrypting_thenRejectsBeforeEncryption
quality	Run repository quality gate	2026-10-05T13:33:59.8999217Z   ---
quality	Run repository quality gate	2026-10-05T13:33:59.8999412Z   duration_ms: 0.279202
quality	Run repository quality gate	2026-10-05T13:33:59.8999629Z   type: 'test'
quality	Run repository quality gate	2026-10-05T13:33:59.8999829Z   ...
quality	Run repository quality gate	2026-10-05T13:33:59.9000101Z # Subtest: givenUnscopedWhere_whenScoping_thenInjectsActiveTenant
quality	Run repository quality gate	2026-10-05T13:33:59.9000620Z ok 16 - givenUnscopedWhere_whenScoping_thenInjectsActiveTenant
quality	Run repository quality gate	2026-10-05T13:33:59.9000940Z   ---
quality	Run repository quality gate	2026-10-05T13:33:59.9001131Z   duration_ms: 2.18246
quality	Run repository quality gate	2026-10-05T13:33:59.9001357Z   type: 'test'
quality	Run repository quality gate	2026-10-05T13:33:59.9001550Z   ...
quality	Run repository quality gate	2026-10-05T13:33:59.9001815Z # Subtest: givenCrossTenantSelector_whenScoping_thenRejects
quality	Run repository quality gate	2026-10-05T13:33:59.9002190Z ok 17 - givenCrossTenantSelector_whenScoping_thenRejects
quality	Run repository quality gate	2026-10-05T13:33:59.9002483Z   ---
quality	Run repository quality gate	2026-10-05T13:33:59.9003065Z   duration_ms: 0.662893
quality	Run repository quality gate	2026-10-05T13:33:59.9003342Z   type: 'test'
quality	Run repository quality gate	2026-10-05T13:33:59.9003554Z   ...
quality	Run repository quality gate	2026-10-05T13:33:59.9003916Z # Subtest: givenCreatePayloadForAnotherTenant_whenScoping_thenRejects
quality	Run repository quality gate	2026-10-05T13:33:59.9004376Z ok 18 - givenCreatePayloadForAnotherTenant_whenScoping_thenRejects
quality	Run repository quality gate	2026-10-05T13:33:59.9004755Z   ---
quality	Run repository quality gate	2026-10-05T13:33:59.9005045Z   duration_ms: 1.019155
quality	Run repository quality gate	2026-10-05T13:33:59.9005272Z   type: 'test'
quality	Run repository quality gate	2026-10-05T13:33:59.9005469Z   ...
quality	Run repository quality gate	2026-10-05T13:33:59.9005766Z # Subtest: givenAttemptedTenantReassignment_whenUpdating_thenRejects
quality	Run repository quality gate	2026-10-05T13:33:59.9006204Z ok 19 - givenAttemptedTenantReassignment_whenUpdating_thenRejects
quality	Run repository quality gate	2026-10-05T13:33:59.9006532Z   ---
quality	Run repository quality gate	2026-10-05T13:33:59.9006733Z   duration_ms: 0.289822
quality	Run repository quality gate	2026-10-05T13:33:59.9006954Z   type: 'test'
quality	Run repository quality gate	2026-10-05T13:33:59.9007158Z   ...
quality	Run repository quality gate	2026-10-05T13:33:59.9007466Z # Subtest: givenUniqueSelector_whenScoping_thenKeepsUniqueFieldAndAddsTenant
quality	Run repository quality gate	2026-10-05T13:33:59.9007938Z ok 20 - givenUniqueSelector_whenScoping_thenKeepsUniqueFieldAndAddsTenant
quality	Run repository quality gate	2026-10-05T13:33:59.9008293Z   ---
quality	Run repository quality gate	2026-10-05T13:33:59.9008479Z   duration_ms: 0.424186
quality	Run repository quality gate	2026-10-05T13:33:59.9008700Z   type: 'test'
quality	Run repository quality gate	2026-10-05T13:33:59.9008894Z   ...
quality	Run repository quality gate	2026-10-05T13:33:59.9009250Z # Subtest: givenSameOperationInDifferentTenants_whenBuildingIdempotencyKey_thenKeysDiffer
quality	Run repository quality gate	2026-10-05T13:33:59.9009823Z ok 21 - givenSameOperationInDifferentTenants_whenBuildingIdempotencyKey_thenKeysDiffer
quality	Run repository quality gate	2026-10-05T13:33:59.9010217Z   ---
quality	Run repository quality gate	2026-10-05T13:33:59.9010414Z   duration_ms: 0.937519
quality	Run repository quality gate	2026-10-05T13:33:59.9010629Z   type: 'test'
quality	Run repository quality gate	2026-10-05T13:33:59.9010827Z   ...
quality	Run repository quality gate	2026-10-05T13:33:59.9011195Z # Subtest: givenTenantScopedDelegate_whenReading_thenAlwaysInjectsTenantAndValidatesResults
quality	Run repository quality gate	2026-10-05T13:33:59.9011770Z ok 22 - givenTenantScopedDelegate_whenReading_thenAlwaysInjectsTenantAndValidatesResults
quality	Run repository quality gate	2026-10-05T13:33:59.9012174Z   ---
quality	Run repository quality gate	2026-10-05T13:33:59.9012365Z   duration_ms: 0.78703
quality	Run repository quality gate	2026-10-05T13:33:59.9012701Z   type: 'test'
quality	Run repository quality gate	2026-10-05T13:33:59.9012967Z   ...
quality	Run repository quality gate	2026-10-05T13:33:59.9013320Z # Subtest: givenCompromisedDelegateReturningAnotherTenant_whenReading_thenFailsClosed
quality	Run repository quality gate	2026-10-05T13:33:59.9013882Z ok 23 - givenCompromisedDelegateReturningAnotherTenant_whenReading_thenFailsClosed
quality	Run repository quality gate	2026-10-05T13:33:59.9014265Z   ---
quality	Run repository quality gate	2026-10-05T13:33:59.9014463Z   duration_ms: 2.090215
quality	Run repository quality gate	2026-10-05T13:33:59.9014680Z   type: 'test'
quality	Run repository quality gate	2026-10-05T13:33:59.9014881Z   ...
quality	Run repository quality gate	2026-10-05T13:33:59.9015220Z # Subtest: givenScopedMutation_whenUpdating_thenScopesWhereAndForbidsOwnershipChange
quality	Run repository quality gate	2026-10-05T13:33:59.9015749Z ok 24 - givenScopedMutation_whenUpdating_thenScopesWhereAndForbidsOwnershipChange
quality	Run repository quality gate	2026-10-05T13:33:59.9016138Z   ---
quality	Run repository quality gate	2026-10-05T13:33:59.9016328Z   duration_ms: 0.784261
quality	Run repository quality gate	2026-10-05T13:33:59.9016542Z   type: 'test'
quality	Run repository quality gate	2026-10-05T13:33:59.9016742Z   ...
quality	Run repository quality gate	2026-10-05T13:33:59.9017021Z # Subtest: givenPrototypePollutionKey_whenScoping_thenRejectsInput
quality	Run repository quality gate	2026-10-05T13:33:59.9017443Z ok 25 - givenPrototypePollutionKey_whenScoping_thenRejectsInput
quality	Run repository quality gate	2026-10-05T13:33:59.9017764Z   ---
quality	Run repository quality gate	2026-10-05T13:33:59.9017953Z   duration_ms: 0.613767
quality	Run repository quality gate	2026-10-05T13:33:59.9018177Z   type: 'test'
quality	Run repository quality gate	2026-10-05T13:33:59.9018372Z   ...
quality	Run repository quality gate	2026-10-05T13:33:59.9018800Z # Subtest: givenCallerSelectExcludesTenantField_whenReading_thenVerifiesInternallyAndRestoresRequestedShape
quality	Run repository quality gate	2026-10-05T13:33:59.9019502Z ok 26 - givenCallerSelectExcludesTenantField_whenReading_thenVerifiesInternallyAndRestoresRequestedShape
quality	Run repository quality gate	2026-10-05T13:33:59.9019976Z   ---
quality	Run repository quality gate	2026-10-05T13:33:59.9020162Z   duration_ms: 0.538442
quality	Run repository quality gate	2026-10-05T13:33:59.9020375Z   type: 'test'
quality	Run repository quality gate	2026-10-05T13:33:59.9020576Z   ...
quality	Run repository quality gate	2026-10-05T13:33:59.9020750Z 1..26
quality	Run repository quality gate	2026-10-05T13:33:59.9021025Z # tests 26
quality	Run repository quality gate	2026-10-05T13:33:59.9021227Z # suites 0
quality	Run repository quality gate	2026-10-05T13:33:59.9021424Z # pass 26
quality	Run repository quality gate	2026-10-05T13:33:59.9021624Z # fail 0
quality	Run repository quality gate	2026-10-05T13:33:59.9021823Z # cancelled 0
quality	Run repository quality gate	2026-10-05T13:33:59.9022030Z # skipped 0
quality	Run repository quality gate	2026-10-05T13:33:59.9022230Z # todo 0
quality	Run repository quality gate	2026-10-05T13:33:59.9022427Z # duration_ms 98.110557
quality	Run repository quality gate	2026-10-05T13:33:59.9023043Z ##[endgroup]
quality	Run repository quality gate	2026-10-05T13:34:00.0034491Z ##[group]@crm/pipeline-core:test
quality	Run repository quality gate	2026-10-05T13:34:00.0035107Z cache miss, executing 81d1422094ab62ee
quality	Run repository quality gate	2026-10-05T13:34:00.0035611Z $ node --test ./test/*.test.mjs
quality	Run repository quality gate	2026-10-05T13:34:00.0036018Z TAP version 13
quality	Run repository quality gate	2026-10-05T13:34:00.0036503Z # Subtest: compiles a complete deterministic legacy stage map
quality	Run repository quality gate	2026-10-05T13:34:00.0037105Z ok 1 - compiles a complete deterministic legacy stage map
quality	Run repository quality gate	2026-10-05T13:34:00.0037913Z   ---
quality	Run repository quality gate	2026-10-05T13:34:00.0038255Z   duration_ms: 2.75994
quality	Run repository quality gate	2026-10-05T13:34:00.0038629Z   type: 'test'
quality	Run repository quality gate	2026-10-05T13:34:00.0038970Z   ...
quality	Run repository quality gate	2026-10-05T13:34:00.0039363Z # Subtest: requires every legacy stage to be mapped
quality	Run repository quality gate	2026-10-05T13:34:00.0039725Z ok 2 - requires every legacy stage to be mapped
quality	Run repository quality gate	2026-10-05T13:34:00.0040008Z   ---
quality	Run repository quality gate	2026-10-05T13:34:00.0040204Z   duration_ms: 0.596914
quality	Run repository quality gate	2026-10-05T13:34:00.0040432Z   type: 'test'
quality	Run repository quality gate	2026-10-05T13:34:00.0040629Z   ...
quality	Run repository quality gate	2026-10-05T13:34:00.0040941Z # Subtest: rejects semantic mismatch between legacy outcome and pipeline stage type
quality	Run repository quality gate	2026-10-05T13:34:00.0041530Z ok 3 - rejects semantic mismatch between legacy outcome and pipeline stage type
quality	Run repository quality gate	2026-10-05T13:34:00.0041896Z   ---
quality	Run repository quality gate	2026-10-05T13:34:00.0042097Z   duration_ms: 0.236194
quality	Run repository quality gate	2026-10-05T13:34:00.0042314Z   type: 'test'
quality	Run repository quality gate	2026-10-05T13:34:00.0042508Z   ...
quality	Run repository quality gate	2026-10-05T13:34:00.0043022Z # Subtest: reconciliation reports missing, wrong and orphan assignments deterministically
quality	Run repository quality gate	2026-10-05T13:34:00.0043756Z ok 4 - reconciliation reports missing, wrong and orphan assignments deterministically
quality	Run repository quality gate	2026-10-05T13:34:00.0044325Z   ---
quality	Run repository quality gate	2026-10-05T13:34:00.0044588Z   duration_ms: 1.090874
quality	Run repository quality gate	2026-10-05T13:34:00.0044873Z   type: 'test'
quality	Run repository quality gate	2026-10-05T13:34:00.0045085Z   ...
quality	Run repository quality gate	2026-10-05T13:34:00.0045305Z # Subtest: normalizes a safe pipeline slug
quality	Run repository quality gate	2026-10-05T13:34:00.0045607Z ok 5 - normalizes a safe pipeline slug
quality	Run repository quality gate	2026-10-05T13:34:00.0045864Z   ---
quality	Run repository quality gate	2026-10-05T13:34:00.0046066Z   duration_ms: 1.056381
quality	Run repository quality gate	2026-10-05T13:34:00.0046285Z   type: 'test'
quality	Run repository quality gate	2026-10-05T13:34:00.0046480Z   ...
quality	Run repository quality gate	2026-10-05T13:34:00.0046717Z # Subtest: accepts a complete pipeline definition
quality	Run repository quality gate	2026-10-05T13:34:00.0047036Z ok 6 - accepts a complete pipeline definition
quality	Run repository quality gate	2026-10-05T13:34:00.0047407Z   ---
quality	Run repository quality gate	2026-10-05T13:34:00.0047672Z   duration_ms: 0.786447
quality	Run repository quality gate	2026-10-05T13:34:00.0047895Z   type: 'test'
quality	Run repository quality gate	2026-10-05T13:34:00.0048099Z   ...
quality	Run repository quality gate	2026-10-05T13:34:00.0048303Z # Subtest: rejects duplicate stage IDs
quality	Run repository quality gate	2026-10-05T13:34:00.0048574Z ok 7 - rejects duplicate stage IDs
quality	Run repository quality gate	2026-10-05T13:34:00.0048828Z   ---
quality	Run repository quality gate	2026-10-05T13:34:00.0049017Z   duration_ms: 0.560225
quality	Run repository quality gate	2026-10-05T13:34:00.0049237Z   type: 'test'
quality	Run repository quality gate	2026-10-05T13:34:00.0049430Z   ...
quality	Run repository quality gate	2026-10-05T13:34:00.0049641Z # Subtest: rejects non-contiguous positions
quality	Run repository quality gate	2026-10-05T13:34:00.0049947Z ok 8 - rejects non-contiguous positions
quality	Run repository quality gate	2026-10-05T13:34:00.0050200Z   ---
quality	Run repository quality gate	2026-10-05T13:34:00.0050391Z   duration_ms: 0.345212
quality	Run repository quality gate	2026-10-05T13:34:00.0050605Z   type: 'test'
quality	Run repository quality gate	2026-10-05T13:34:00.0050796Z   ...
quality	Run repository quality gate	2026-10-05T13:34:00.0051023Z # Subtest: rejects invalid terminal probability
quality	Run repository quality gate	2026-10-05T13:34:00.0051323Z ok 9 - rejects invalid terminal probability
quality	Run repository quality gate	2026-10-05T13:34:00.0051590Z   ---
quality	Run repository quality gate	2026-10-05T13:34:00.0051775Z   duration_ms: 0.197444
quality	Run repository quality gate	2026-10-05T13:34:00.0051989Z   type: 'test'
quality	Run repository quality gate	2026-10-05T13:34:00.0052185Z   ...
quality	Run repository quality gate	2026-10-05T13:34:00.0052404Z # Subtest: rejects an archived default pipeline
quality	Run repository quality gate	2026-10-05T13:34:00.0052926Z ok 10 - rejects an archived default pipeline
quality	Run repository quality gate	2026-10-05T13:34:00.0053209Z   ---
quality	Run repository quality gate	2026-10-05T13:34:00.0053402Z   duration_ms: 0.405639
quality	Run repository quality gate	2026-10-05T13:34:00.0053636Z   type: 'test'
quality	Run repository quality gate	2026-10-05T13:34:00.0053833Z   ...
quality	Run repository quality gate	2026-10-05T13:34:00.0054158Z # Subtest: plans an allowed transition with optimistic version increment
quality	Run repository quality gate	2026-10-05T13:34:00.0054593Z ok 11 - plans an allowed transition with optimistic version increment
quality	Run repository quality gate	2026-10-05T13:34:00.0055093Z   ---
quality	Run repository quality gate	2026-10-05T13:34:00.0055300Z   duration_ms: 0.472634
quality	Run repository quality gate	2026-10-05T13:34:00.0055524Z   type: 'test'
quality	Run repository quality gate	2026-10-05T13:34:00.0055732Z   ...
quality	Run repository quality gate	2026-10-05T13:34:00.0055965Z # Subtest: treats same-stage movement as idempotent
quality	Run repository quality gate	2026-10-05T13:34:00.0056294Z ok 12 - treats same-stage movement as idempotent
quality	Run repository quality gate	2026-10-05T13:34:00.0056575Z   ---
quality	Run repository quality gate	2026-10-05T13:34:00.0056767Z   duration_ms: 0.15249
quality	Run repository quality gate	2026-10-05T13:34:00.0056988Z   type: 'test'
quality	Run repository quality gate	2026-10-05T13:34:00.0057180Z   ...
quality	Run repository quality gate	2026-10-05T13:34:00.0057426Z # Subtest: rejects a transition that violates stage rules
quality	Run repository quality gate	2026-10-05T13:34:00.0057780Z ok 13 - rejects a transition that violates stage rules
quality	Run repository quality gate	2026-10-05T13:34:00.0058061Z   ---
quality	Run repository quality gate	2026-10-05T13:34:00.0058258Z   duration_ms: 0.311287
quality	Run repository quality gate	2026-10-05T13:34:00.0058558Z   type: 'test'
quality	Run repository quality gate	2026-10-05T13:34:00.0058753Z   ...
quality	Run repository quality gate	2026-10-05T13:34:00.0058968Z # Subtest: rejects stale optimistic version
quality	Run repository quality gate	2026-10-05T13:34:00.0059254Z ok 14 - rejects stale optimistic version
quality	Run repository quality gate	2026-10-05T13:34:00.0059514Z   ---
quality	Run repository quality gate	2026-10-05T13:34:00.0059701Z   duration_ms: 0.484828
quality	Run repository quality gate	2026-10-05T13:34:00.0059917Z   type: 'test'
quality	Run repository quality gate	2026-10-05T13:34:00.0060118Z   ...
quality	Run repository quality gate	2026-10-05T13:34:00.0060326Z # Subtest: rejects cross-tenant assignment
quality	Run repository quality gate	2026-10-05T13:34:00.0060621Z ok 15 - rejects cross-tenant assignment
quality	Run repository quality gate	2026-10-05T13:34:00.0060873Z   ---
quality	Run repository quality gate	2026-10-05T13:34:00.0061062Z   duration_ms: 0.223169
quality	Run repository quality gate	2026-10-05T13:34:00.0061289Z   type: 'test'
quality	Run repository quality gate	2026-10-05T13:34:00.0061482Z   ...
quality	Run repository quality gate	2026-10-05T13:34:00.0061757Z # Subtest: requires explicit permission to reopen a terminal deal
quality	Run repository quality gate	2026-10-05T13:34:00.0062259Z ok 16 - requires explicit permission to reopen a terminal deal
quality	Run repository quality gate	2026-10-05T13:34:00.0063397Z   ---
quality	Run repository quality gate	2026-10-05T13:34:00.0063615Z   duration_ms: 0.129593
quality	Run repository quality gate	2026-10-05T13:34:00.0063842Z   type: 'test'
quality	Run repository quality gate	2026-10-05T13:34:00.0064058Z   ...
quality	Run repository quality gate	2026-10-05T13:34:00.0064316Z # Subtest: allows an explicitly authorized terminal reopen
quality	Run repository quality gate	2026-10-05T13:34:00.0064677Z ok 17 - allows an explicitly authorized terminal reopen
quality	Run repository quality gate	2026-10-05T13:34:00.0064984Z   ---
quality	Run repository quality gate	2026-10-05T13:34:00.0065178Z   duration_ms: 0.183867
quality	Run repository quality gate	2026-10-05T13:34:00.0065400Z   type: 'test'
quality	Run repository quality gate	2026-10-05T13:34:00.0065594Z   ...
quality	Run repository quality gate	2026-10-05T13:34:00.0065822Z # Subtest: builds deterministic legacy assignments
quality	Run repository quality gate	2026-10-05T13:34:00.0066149Z ok 18 - builds deterministic legacy assignments
quality	Run repository quality gate	2026-10-05T13:34:00.0066420Z   ---
quality	Run repository quality gate	2026-10-05T13:34:00.0066619Z   duration_ms: 1.025499
quality	Run repository quality gate	2026-10-05T13:34:00.0066832Z   type: 'test'
quality	Run repository quality gate	2026-10-05T13:34:00.0067024Z   ...
quality	Run repository quality gate	2026-10-05T13:34:00.0067271Z # Subtest: fails closed when a legacy stage has no mapping
quality	Run repository quality gate	2026-10-05T13:34:00.0067612Z ok 19 - fails closed when a legacy stage has no mapping
quality	Run repository quality gate	2026-10-05T13:34:00.0067905Z   ---
quality	Run repository quality gate	2026-10-05T13:34:00.0068096Z   duration_ms: 0.360465
quality	Run repository quality gate	2026-10-05T13:34:00.0068306Z   type: 'test'
quality	Run repository quality gate	2026-10-05T13:34:00.0068505Z   ...
quality	Run repository quality gate	2026-10-05T13:34:00.0068789Z # Subtest: calculates exact minor-unit analytics without floating point
quality	Run repository quality gate	2026-10-05T13:34:00.0069226Z ok 20 - calculates exact minor-unit analytics without floating point
quality	Run repository quality gate	2026-10-05T13:34:00.0069557Z   ---
quality	Run repository quality gate	2026-10-05T13:34:00.0069746Z   duration_ms: 0.809949
quality	Run repository quality gate	2026-10-05T13:34:00.0069963Z   type: 'test'
quality	Run repository quality gate	2026-10-05T13:34:00.0070155Z   ...
quality	Run repository quality gate	2026-10-05T13:34:00.0070344Z 1..20
quality	Run repository quality gate	2026-10-05T13:34:00.0070527Z # tests 20
quality	Run repository quality gate	2026-10-05T13:34:00.0070717Z # suites 0
quality	Run repository quality gate	2026-10-05T13:34:00.0070914Z # pass 20
quality	Run repository quality gate	2026-10-05T13:34:00.0071102Z # fail 0
quality	Run repository quality gate	2026-10-05T13:34:00.0071301Z # cancelled 0
quality	Run repository quality gate	2026-10-05T13:34:00.0071509Z # skipped 0
quality	Run repository quality gate	2026-10-05T13:34:00.0071701Z # todo 0
quality	Run repository quality gate	2026-10-05T13:34:00.0071902Z # duration_ms 72.361864
quality	Run repository quality gate	2026-10-05T13:34:00.0072366Z ##[endgroup]
quality	Run repository quality gate	2026-10-05T13:34:00.1360727Z ##[group]@crm/migration-core:test
quality	Run repository quality gate	2026-10-05T13:34:00.1361277Z cache miss, executing 7ca4c3b1f4984773
quality	Run repository quality gate	2026-10-05T13:34:00.1363667Z $ node --test ./test/*.test.mjs
quality	Run repository quality gate	2026-10-05T13:34:00.1364420Z TAP version 13
quality	Run repository quality gate	2026-10-05T13:34:00.1365225Z # Subtest: CSV: auto-detection works beyond the 30-row sampling boundary
quality	Run repository quality gate	2026-10-05T13:34:00.1366049Z ok 1 - CSV: auto-detection works beyond the 30-row sampling boundary
quality	Run repository quality gate	2026-10-05T13:34:00.1366576Z   ---
quality	Run repository quality gate	2026-10-05T13:34:00.1367181Z   duration_ms: 6.418553
quality	Run repository quality gate	2026-10-05T13:34:00.1367519Z   type: 'test'
quality	Run repository quality gate	2026-10-05T13:34:00.1367816Z   ...
quality	Run repository quality gate	2026-10-05T13:34:00.1368289Z # Subtest: CSV: rejects text or a second quoted string after a closing quote
quality	Run repository quality gate	2026-10-05T13:34:00.1369041Z ok 2 - CSV: rejects text or a second quoted string after a closing quote
quality	Run repository quality gate	2026-10-05T13:34:00.1369622Z   ---
quality	Run repository quality gate	2026-10-05T13:34:00.1369923Z   duration_ms: 0.833413
quality	Run repository quality gate	2026-10-05T13:34:00.1370257Z   type: 'test'
quality	Run repository quality gate	2026-10-05T13:34:00.1370544Z   ...
quality	Run repository quality gate	2026-10-05T13:34:00.1371014Z # Subtest: CSV: single-column imports are valid without explicit delimiter selection
quality	Run repository quality gate	2026-10-05T13:34:00.1371529Z ok 3 - CSV: single-column imports are valid without explicit delimiter selection
quality	Run repository quality gate	2026-10-05T13:34:00.1371892Z   ---
quality	Run repository quality gate	2026-10-05T13:34:00.1372085Z   duration_ms: 1.055035
quality	Run repository quality gate	2026-10-05T13:34:00.1372449Z   type: 'test'
quality	Run repository quality gate	2026-10-05T13:34:00.1372849Z   ...
quality	Run repository quality gate	2026-10-05T13:34:00.1373150Z # Subtest: CSV: formula escaping includes line breaks and Unicode whitespace
quality	Run repository quality gate	2026-10-05T13:34:00.1373607Z ok 4 - CSV: formula escaping includes line breaks and Unicode whitespace
quality	Run repository quality gate	2026-10-05T13:34:00.1373936Z   ---
quality	Run repository quality gate	2026-10-05T13:34:00.1374137Z   duration_ms: 0.301449
quality	Run repository quality gate	2026-10-05T13:34:00.1374356Z   type: 'test'
quality	Run repository quality gate	2026-10-05T13:34:00.1374555Z   ...
quality	Run repository quality gate	2026-10-05T13:34:00.1374800Z # Subtest: CSV: limits cannot be disabled by NaN or Infinity
quality	Run repository quality gate	2026-10-05T13:34:00.1375158Z ok 5 - CSV: limits cannot be disabled by NaN or Infinity
quality	Run repository quality gate	2026-10-05T13:34:00.1375456Z   ---
quality	Run repository quality gate	2026-10-05T13:34:00.1375646Z   duration_ms: 0.380643
quality	Run repository quality gate	2026-10-05T13:34:00.1375867Z   type: 'test'
quality	Run repository quality gate	2026-10-05T13:34:00.1376060Z   ...
quality	Run repository quality gate	2026-10-05T13:34:00.1376328Z # Subtest: CSV: source row numbers survive blank and multiline records
quality	Run repository quality gate	2026-10-05T13:34:00.1376743Z ok 6 - CSV: source row numbers survive blank and multiline records
quality	Run repository quality gate	2026-10-05T13:34:00.1377059Z   ---
quality	Run repository quality gate	2026-10-05T13:34:00.1377256Z   duration_ms: 4.165282
quality	Run repository quality gate	2026-10-05T13:34:00.1377473Z   type: 'test'
quality	Run repository quality gate	2026-10-05T13:34:00.1377666Z   ...
quality	Run repository quality gate	2026-10-05T13:34:00.1378009Z # Subtest: CSV: format detection rejects backslash paths and control characters on every OS
quality	Run repository quality gate	2026-10-05T13:34:00.1378538Z ok 7 - CSV: format detection rejects backslash paths and control characters on every OS
quality	Run repository quality gate	2026-10-05T13:34:00.1378915Z   ---
quality	Run repository quality gate	2026-10-05T13:34:00.1379101Z   duration_ms: 0.748431
quality	Run repository quality gate	2026-10-05T13:34:00.1379320Z   type: 'test'
quality	Run repository quality gate	2026-10-05T13:34:00.1379520Z   ...
quality	Run repository quality gate	2026-10-05T13:34:00.1379806Z # Subtest: rejects inherited targets instead of resolving Object.prototype
quality	Run repository quality gate	2026-10-05T13:34:00.1380248Z ok 8 - rejects inherited targets instead of resolving Object.prototype
quality	Run repository quality gate	2026-10-05T13:34:00.1380576Z   ---
quality	Run repository quality gate	2026-10-05T13:34:00.1380766Z   duration_ms: 1.357282
quality	Run repository quality gate	2026-10-05T13:34:00.1380989Z   type: 'test'
quality	Run repository quality gate	2026-10-05T13:34:00.1381181Z   ...
quality	Run repository quality gate	2026-10-05T13:34:00.1381408Z # Subtest: rejects prototype transformer names
quality	Run repository quality gate	2026-10-05T13:34:00.1381775Z ok 9 - rejects prototype transformer names
quality	Run repository quality gate	2026-10-05T13:34:00.1382103Z   ---
quality	Run repository quality gate	2026-10-05T13:34:00.1382298Z   duration_ms: 0.167147
quality	Run repository quality gate	2026-10-05T13:34:00.1382512Z   type: 'test'
quality	Run repository quality gate	2026-10-05T13:34:00.1383035Z   ...
quality	Run repository quality gate	2026-10-05T13:34:00.1383428Z # Subtest: rejects duplicate and blank headers without choosing an arbitrary column
quality	Run repository quality gate	2026-10-05T13:34:00.1383926Z ok 10 - rejects duplicate and blank headers without choosing an arbitrary column
quality	Run repository quality gate	2026-10-05T13:34:00.1384279Z   ---
quality	Run repository quality gate	2026-10-05T13:34:00.1384464Z   duration_ms: 0.134592
quality	Run repository quality gate	2026-10-05T13:34:00.1384686Z   type: 'test'
quality	Run repository quality gate	2026-10-05T13:34:00.1384876Z   ...
quality	Run repository quality gate	2026-10-05T13:34:00.1385169Z # Subtest: compiled defaults are immutable snapshots, not caller-owned objects
quality	Run repository quality gate	2026-10-05T13:34:00.1385633Z ok 11 - compiled defaults are immutable snapshots, not caller-owned objects
quality	Run repository quality gate	2026-10-05T13:34:00.1385970Z   ---
quality	Run repository quality gate	2026-10-05T13:34:00.1386165Z   duration_ms: 0.366277
quality	Run repository quality gate	2026-10-05T13:34:00.1386382Z   type: 'test'
quality	Run repository quality gate	2026-10-05T13:34:00.1386586Z   ...
quality	Run repository quality gate	2026-10-05T13:34:00.1386864Z # Subtest: accessor field definitions are rejected without invoking them
quality	Run repository quality gate	2026-10-05T13:34:00.1387296Z ok 12 - accessor field definitions are rejected without invoking them
quality	Run repository quality gate	2026-10-05T13:34:00.1387651Z   ---
quality	Run repository quality gate	2026-10-05T13:34:00.1387972Z   duration_ms: 0.219721
quality	Run repository quality gate	2026-10-05T13:34:00.1388194Z   type: 'test'
quality	Run repository quality gate	2026-10-05T13:34:00.1388404Z   ...
quality	Run repository quality gate	2026-10-05T13:34:00.1388692Z # Subtest: rejects object defaults and unsafe reserved destination fields
quality	Run repository quality gate	2026-10-05T13:34:00.1389128Z ok 13 - rejects object defaults and unsafe reserved destination fields
quality	Run repository quality gate	2026-10-05T13:34:00.1389456Z   ---
quality	Run repository quality gate	2026-10-05T13:34:00.1389645Z   duration_ms: 0.172143
quality	Run repository quality gate	2026-10-05T13:34:00.1389868Z   type: 'test'
quality	Run repository quality gate	2026-10-05T13:34:00.1390063Z   ...
quality	Run repository quality gate	2026-10-05T13:34:00.1390347Z # Subtest: rejects non-cell values rather than executing coercion hooks
quality	Run repository quality gate	2026-10-05T13:34:00.1390759Z ok 14 - rejects non-cell values rather than executing coercion hooks
quality	Run repository quality gate	2026-10-05T13:34:00.1391078Z   ---
quality	Run repository quality gate	2026-10-05T13:34:00.1391265Z   duration_ms: 0.382232
quality	Run repository quality gate	2026-10-05T13:34:00.1391478Z   type: 'test'
quality	Run repository quality gate	2026-10-05T13:34:00.1391764Z   ...
quality	Run repository quality gate	2026-10-05T13:34:00.1392091Z # Subtest: rejects unsupported entity types before creating an executable migration plan
quality	Run repository quality gate	2026-10-05T13:34:00.1392812Z ok 15 - rejects unsupported entity types before creating an executable migration plan
quality	Run repository quality gate	2026-10-05T13:34:00.1393213Z   ---
quality	Run repository quality gate	2026-10-05T13:34:00.1393409Z   duration_ms: 1.16289
quality	Run repository quality gate	2026-10-05T13:34:00.1393634Z   type: 'test'
quality	Run repository quality gate	2026-10-05T13:34:00.1393830Z   ...
quality	Run repository quality gate	2026-10-05T13:34:00.1394111Z # Subtest: parses RFC4180 quoted commas, newlines, and escaped quotes
quality	Run repository quality gate	2026-10-05T13:34:00.1394517Z ok 16 - parses RFC4180 quoted commas, newlines, and escaped quotes
quality	Run repository quality gate	2026-10-05T13:34:00.1394828Z   ---
quality	Run repository quality gate	2026-10-05T13:34:00.1395030Z   duration_ms: 2.912751
quality	Run repository quality gate	2026-10-05T13:34:00.1395248Z   type: 'test'
quality	Run repository quality gate	2026-10-05T13:34:00.1395451Z   ...
quality	Run repository quality gate	2026-10-05T13:34:00.1395656Z # Subtest: detects a semicolon delimiter
quality	Run repository quality gate	2026-10-05T13:34:00.1395938Z ok 17 - detects a semicolon delimiter
quality	Run repository quality gate	2026-10-05T13:34:00.1396195Z   ---
quality	Run repository quality gate	2026-10-05T13:34:00.1396384Z   duration_ms: 0.601984
quality	Run repository quality gate	2026-10-05T13:34:00.1396611Z   type: 'test'
quality	Run repository quality gate	2026-10-05T13:34:00.1396802Z   ...
quality	Run repository quality gate	2026-10-05T13:34:00.1397026Z # Subtest: removes UTF-8 BOM from the first header
quality	Run repository quality gate	2026-10-05T13:34:00.1397355Z ok 18 - removes UTF-8 BOM from the first header
quality	Run repository quality gate	2026-10-05T13:34:00.1397627Z   ---
quality	Run repository quality gate	2026-10-05T13:34:00.1397822Z   duration_ms: 0.21039
quality	Run repository quality gate	2026-10-05T13:34:00.1398035Z   type: 'test'
quality	Run repository quality gate	2026-10-05T13:34:00.1398228Z   ...
quality	Run repository quality gate	2026-10-05T13:34:00.1398438Z # Subtest: rejects an unclosed quote
quality	Run repository quality gate	2026-10-05T13:34:00.1398704Z ok 19 - rejects an unclosed quote
quality	Run repository quality gate	2026-10-05T13:34:00.1398947Z   ---
quality	Run repository quality gate	2026-10-05T13:34:00.1399136Z   duration_ms: 0.621969
quality	Run repository quality gate	2026-10-05T13:34:00.1399351Z   type: 'test'
quality	Run repository quality gate	2026-10-05T13:34:00.1399550Z   ...
quality	Run repository quality gate	2026-10-05T13:34:00.1399771Z # Subtest: rejects duplicate normalized headers
quality	Run repository quality gate	2026-10-05T13:34:00.1400087Z ok 20 - rejects duplicate normalized headers
quality	Run repository quality gate	2026-10-05T13:34:00.1400356Z   ---
quality	Run repository quality gate	2026-10-05T13:34:00.1400545Z   duration_ms: 0.314727
quality	Run repository quality gate	2026-10-05T13:34:00.1400766Z   type: 'test'
quality	Run repository quality gate	2026-10-05T13:34:00.1400958Z   ...
quality	Run repository quality gate	2026-10-05T13:34:00.1401159Z # Subtest: enforces row limits
quality	Run repository quality gate	2026-10-05T13:34:00.1401415Z ok 21 - enforces row limits
quality	Run repository quality gate	2026-10-05T13:34:00.1401638Z   ---
quality	Run repository quality gate	2026-10-05T13:34:00.1401829Z   duration_ms: 0.426462
quality	Run repository quality gate	2026-10-05T13:34:00.1402047Z   type: 'test'
quality	Run repository quality gate	2026-10-05T13:34:00.1402237Z   ...
quality	Run repository quality gate	2026-10-05T13:34:00.1402509Z # Subtest: neutralizes spreadsheet formulas in exported reports
quality	Run repository quality gate	2026-10-05T13:34:00.1403335Z ok 22 - neutralizes spreadsheet formulas in exported reports
quality	Run repository quality gate	2026-10-05T13:34:00.1403657Z   ---
quality	Run repository quality gate	2026-10-05T13:34:00.1403850Z   duration_ms: 0.355827
quality	Run repository quality gate	2026-10-05T13:34:00.1404067Z   type: 'test'
quality	Run repository quality gate	2026-10-05T13:34:00.1404274Z   ...
quality	Run repository quality gate	2026-10-05T13:34:00.1404529Z # Subtest: serializes error reports with formula protection
quality	Run repository quality gate	2026-10-05T13:34:00.1404905Z ok 23 - serializes error reports with formula protection
quality	Run repository quality gate	2026-10-05T13:34:00.1405239Z   ---
quality	Run repository quality gate	2026-10-05T13:34:00.1405437Z   duration_ms: 0.447877
quality	Run repository quality gate	2026-10-05T13:34:00.1405662Z   type: 'test'
quality	Run repository quality gate	2026-10-05T13:34:00.1405860Z   ...
quality	Run repository quality gate	2026-10-05T13:34:00.1406109Z # Subtest: parses money deterministically in minor units
quality	Run repository quality gate	2026-10-05T13:34:00.1406468Z ok 24 - parses money deterministically in minor units
quality	Run repository quality gate	2026-10-05T13:34:00.1406750Z   ---
quality	Run repository quality gate	2026-10-05T13:34:00.1406950Z   duration_ms: 0.689394
quality	Run repository quality gate	2026-10-05T13:34:00.1407356Z   type: 'test'
quality	Run repository quality gate	2026-10-05T13:34:00.1407570Z   ...
quality	Run repository quality gate	2026-10-05T13:34:00.1407797Z # Subtest: normalizes Uzbekistan phone numbers
quality	Run repository quality gate	2026-10-05T13:34:00.1408109Z ok 25 - normalizes Uzbekistan phone numbers
quality	Run repository quality gate	2026-10-05T13:34:00.1408390Z   ---
quality	Run repository quality gate	2026-10-05T13:34:00.1408588Z   duration_ms: 0.651525
quality	Run repository quality gate	2026-10-05T13:34:00.1408820Z   type: 'test'
quality	Run repository quality gate	2026-10-05T13:34:00.1409019Z   ...
quality	Run repository quality gate	2026-10-05T13:34:00.1409273Z # Subtest: validates extension, MIME, and XLSX ZIP signature
quality	Run repository quality gate	2026-10-05T13:34:00.1409649Z ok 26 - validates extension, MIME, and XLSX ZIP signature
quality	Run repository quality gate	2026-10-05T13:34:00.1409941Z   ---
quality	Run repository quality gate	2026-10-05T13:34:00.1410138Z   duration_ms: 0.519321
quality	Run repository quality gate	2026-10-05T13:34:00.1410355Z   type: 'test'
quality	Run repository quality gate	2026-10-05T13:34:00.1410551Z   ...
quality	Run repository quality gate	2026-10-05T13:34:00.1410842Z # Subtest: compiles deterministic mappings and validates required fields
quality	Run repository quality gate	2026-10-05T13:34:00.1411354Z ok 27 - compiles deterministic mappings and validates required fields
quality	Run repository quality gate	2026-10-05T13:34:00.1411683Z   ---
quality	Run repository quality gate	2026-10-05T13:34:00.1411874Z   duration_ms: 0.619161
quality	Run repository quality gate	2026-10-05T13:34:00.1412097Z   type: 'test'
quality	Run repository quality gate	2026-10-05T13:34:00.1412292Z   ...
quality	Run repository quality gate	2026-10-05T13:34:00.1412694Z # Subtest: creates deterministic dry-run batches and duplicate issues
quality	Run repository quality gate	2026-10-05T13:34:00.1413137Z ok 28 - creates deterministic dry-run batches and duplicate issues
quality	Run repository quality gate	2026-10-05T13:34:00.1413457Z   ---
quality	Run repository quality gate	2026-10-05T13:34:00.1413663Z   duration_ms: 1.749918
quality	Run repository quality gate	2026-10-05T13:34:00.1413878Z   type: 'test'
quality	Run repository quality gate	2026-10-05T13:34:00.1414076Z   ...
quality	Run repository quality gate	2026-10-05T13:34:00.1414412Z # Subtest: marks existing-record matches as warnings without silently dropping the row
quality	Run repository quality gate	2026-10-05T13:34:00.1414925Z ok 29 - marks existing-record matches as warnings without silently dropping the row
quality	Run repository quality gate	2026-10-05T13:34:00.1415298Z   ---
quality	Run repository quality gate	2026-10-05T13:34:00.1415489Z   duration_ms: 0.409237
quality	Run repository quality gate	2026-10-05T13:34:00.1415707Z   type: 'test'
quality	Run repository quality gate	2026-10-05T13:34:00.1415914Z   ...
quality	Run repository quality gate	2026-10-05T13:34:00.1416093Z 1..29
quality	Run repository quality gate	2026-10-05T13:34:00.1416282Z # tests 29
quality	Run repository quality gate	2026-10-05T13:34:00.1416472Z # suites 0
quality	Run repository quality gate	2026-10-05T13:34:00.1416661Z # pass 29
quality	Run repository quality gate	2026-10-05T13:34:00.1416855Z # fail 0
quality	Run repository quality gate	2026-10-05T13:34:00.1417048Z # cancelled 0
quality	Run repository quality gate	2026-10-05T13:34:00.1417248Z # skipped 0
quality	Run repository quality gate	2026-10-05T13:34:00.1417443Z # todo 0
quality	Run repository quality gate	2026-10-05T13:34:00.1417636Z # duration_ms 99.293113
quality	Run repository quality gate	2026-10-05T13:34:00.1418141Z ##[endgroup]
quality	Run repository quality gate	2026-10-05T13:34:00.3368642Z ##[group]@crm/agent-action-runtime:test
quality	Run repository quality gate	2026-10-05T13:34:00.3369281Z cache miss, executing 81f8af0d02b88a25
quality	Run repository quality gate	2026-10-05T13:34:00.3369743Z $ node --test test/*.test.mjs
quality	Run repository quality gate	2026-10-05T13:34:00.3370144Z TAP version 13
quality	Run repository quality gate	2026-10-05T13:34:00.3370717Z # Subtest: executes a validated authorized action and records redacted audit events
quality	Run repository quality gate	2026-10-05T13:34:00.3371501Z ok 1 - executes a validated authorized action and records redacted audit events
quality	Run repository quality gate	2026-10-05T13:34:00.3372056Z   ---
quality	Run repository quality gate	2026-10-05T13:34:00.3372310Z   duration_ms: 4.197326
quality	Run repository quality gate	2026-10-05T13:34:00.3372713Z   type: 'test'
quality	Run repository quality gate	2026-10-05T13:34:00.3373025Z   ...
quality	Run repository quality gate	2026-10-05T13:34:00.3373374Z # Subtest: rejects tenant ownership fields at any nesting depth
quality	Run repository quality gate	2026-10-05T13:34:00.3373910Z ok 2 - rejects tenant ownership fields at any nesting depth
quality	Run repository quality gate	2026-10-05T13:34:00.3374345Z   ---
quality	Run repository quality gate	2026-10-05T13:34:00.3374592Z   duration_ms: 0.590112
quality	Run repository quality gate	2026-10-05T13:34:00.3374882Z   type: 'test'
quality	Run repository quality gate	2026-10-05T13:34:00.3375124Z   ...
quality	Run repository quality gate	2026-10-05T13:34:00.3375514Z # Subtest: rejects missing permissions and object-level authorization
quality	Run repository quality gate	2026-10-05T13:34:00.3376100Z ok 3 - rejects missing permissions and object-level authorization
quality	Run repository quality gate	2026-10-05T13:34:00.3376527Z   ---
quality	Run repository quality gate	2026-10-05T13:34:00.3376774Z   duration_ms: 0.444174
quality	Run repository quality gate	2026-10-05T13:34:00.3377054Z   type: 'test'
quality	Run repository quality gate	2026-10-05T13:34:00.3377317Z   ...
quality	Run repository quality gate	2026-10-05T13:34:00.3377695Z # Subtest: replays a completed idempotent result without executing again
quality	Run repository quality gate	2026-10-05T13:34:00.3378272Z ok 4 - replays a completed idempotent result without executing again
quality	Run repository quality gate	2026-10-05T13:34:00.3378710Z   ---
quality	Run repository quality gate	2026-10-05T13:34:00.3378947Z   duration_ms: 1.120948
quality	Run repository quality gate	2026-10-05T13:34:00.3379240Z   type: 'test'
quality	Run repository quality gate	2026-10-05T13:34:00.3379487Z   ...
quality	Run repository quality gate	2026-10-05T13:34:00.3379857Z # Subtest: rejects reuse of an idempotency key for another payload
quality	Run repository quality gate	2026-10-05T13:34:00.3380622Z ok 5 - rejects reuse of an idempotency key for another payload
quality	Run repository quality gate	2026-10-05T13:34:00.3381014Z   ---
quality	Run repository quality gate	2026-10-05T13:34:00.3381291Z   duration_ms: 0.892541
quality	Run repository quality gate	2026-10-05T13:34:00.3381589Z   type: 'test'
quality	Run repository quality gate	2026-10-05T13:34:00.3381862Z   ...
quality	Run repository quality gate	2026-10-05T13:34:00.3382326Z # Subtest: rejects changed payload after an approval failure acquired the same idempotency key
quality	Run repository quality gate	2026-10-05T13:34:00.3383249Z ok 6 - rejects changed payload after an approval failure acquired the same idempotency key
quality	Run repository quality gate	2026-10-05T13:34:00.3383838Z   ---
quality	Run repository quality gate	2026-10-05T13:34:00.3384100Z   duration_ms: 0.834654
quality	Run repository quality gate	2026-10-05T13:34:00.3384356Z   type: 'test'
quality	Run repository quality gate	2026-10-05T13:34:00.3384585Z   ...
quality	Run repository quality gate	2026-10-05T13:34:00.3384964Z # Subtest: allows only one concurrent execution for the same receipt
quality	Run repository quality gate	2026-10-05T13:34:00.3385592Z ok 7 - allows only one concurrent execution for the same receipt
quality	Run repository quality gate	2026-10-05T13:34:00.3386229Z   ---
quality	Run repository quality gate	2026-10-05T13:34:00.3386488Z   duration_ms: 10.279017
quality	Run repository quality gate	2026-10-05T13:34:00.3386826Z   type: 'test'
quality	Run repository quality gate	2026-10-05T13:34:00.3387086Z   ...
quality	Run repository quality gate	2026-10-05T13:34:00.3387613Z # Subtest: requires payload-bound tenant-bound approval for high-risk actions
quality	Run repository quality gate	2026-10-05T13:34:00.3388601Z ok 8 - requires payload-bound tenant-bound approval for high-risk actions
quality	Run repository quality gate	2026-10-05T13:34:00.3389154Z   ---
quality	Run repository quality gate	2026-10-05T13:34:00.3389426Z   duration_ms: 1.758348
quality	Run repository quality gate	2026-10-05T13:34:00.3389753Z   type: 'test'
quality	Run repository quality gate	2026-10-05T13:34:00.3390045Z   ...
quality	Run repository quality gate	2026-10-05T13:34:00.3390453Z # Subtest: rejects approval bound to another tenant or modified payload
quality	Run repository quality gate	2026-10-05T13:34:00.3391081Z ok 9 - rejects approval bound to another tenant or modified payload
quality	Run repository quality gate	2026-10-05T13:34:00.3391576Z   ---
quality	Run repository quality gate	2026-10-05T13:34:00.3391844Z   duration_ms: 0.632504
quality	Run repository quality gate	2026-10-05T13:34:00.3392154Z   type: 'test'
quality	Run repository quality gate	2026-10-05T13:34:00.3392428Z   ...
quality	Run repository quality gate	2026-10-05T13:34:00.3392982Z # Subtest: times out a non-cooperative executor and records failure
quality	Run repository quality gate	2026-10-05T13:34:00.3393590Z ok 10 - times out a non-cooperative executor and records failure
quality	Run repository quality gate	2026-10-05T13:34:00.3394026Z   ---
quality	Run repository quality gate	2026-10-05T13:34:00.3394294Z   duration_ms: 21.838074
quality	Run repository quality gate	2026-10-05T13:34:00.3394607Z   type: 'test'
quality	Run repository quality gate	2026-10-05T13:34:00.3394866Z   ...
quality	Run repository quality gate	2026-10-05T13:34:00.3395199Z # Subtest: propagates cancellation and does not retry it
quality	Run repository quality gate	2026-10-05T13:34:00.3395707Z ok 11 - propagates cancellation and does not retry it
quality	Run repository quality gate	2026-10-05T13:34:00.3396141Z   ---
quality	Run repository quality gate	2026-10-05T13:34:00.3396401Z   duration_ms: 0.692913
quality	Run repository quality gate	2026-10-05T13:34:00.3396709Z   type: 'test'
quality	Run repository quality gate	2026-10-05T13:34:00.3396969Z   ...
quality	Run repository quality gate	2026-10-05T13:34:00.3397348Z # Subtest: keeps the success receipt when the success audit write fails
quality	Run repository quality gate	2026-10-05T13:34:00.3398000Z ok 12 - keeps the success receipt when the success audit write fails
quality	Run repository quality gate	2026-10-05T13:34:00.3398446Z   ---
quality	Run repository quality gate	2026-10-05T13:34:00.3398713Z   duration_ms: 0.857153
quality	Run repository quality gate	2026-10-05T13:34:00.3399020Z   type: 'test'
quality	Run repository quality gate	2026-10-05T13:34:00.3399299Z   ...
quality	Run repository quality gate	2026-10-05T13:34:00.3399731Z # Subtest: propagates the operation digest and idempotency key to the executor
quality	Run repository quality gate	2026-10-05T13:34:00.3400423Z ok 13 - propagates the operation digest and idempotency key to the executor
quality	Run repository quality gate	2026-10-05T13:34:00.3400951Z   ---
quality	Run repository quality gate	2026-10-05T13:34:00.3401228Z   duration_ms: 0.570898
quality	Run repository quality gate	2026-10-05T13:34:00.3401551Z   type: 'test'
quality	Run repository quality gate	2026-10-05T13:34:00.3401824Z   ...
quality	Run repository quality gate	2026-10-05T13:34:00.3402202Z # Subtest: validates untrusted model input and executor output
quality	Run repository quality gate	2026-10-05T13:34:00.3402949Z ok 14 - validates untrusted model input and executor output
quality	Run repository quality gate	2026-10-05T13:34:00.3403400Z   ---
quality	Run repository quality gate	2026-10-05T13:34:00.3403680Z   duration_ms: 0.839592
quality	Run repository quality gate	2026-10-05T13:34:00.3404007Z   type: 'test'
quality	Run repository quality gate	2026-10-05T13:34:00.3404266Z   ...
quality	Run repository quality gate	2026-10-05T13:34:00.3404637Z # Subtest: rejects mutating manifests without idempotency
quality	Run repository quality gate	2026-10-05T13:34:00.3405155Z ok 15 - rejects mutating manifests without idempotency
quality	Run repository quality gate	2026-10-05T13:34:00.3405564Z   ---
quality	Run repository quality gate	2026-10-05T13:34:00.3405823Z   duration_ms: 0.280041
quality	Run repository quality gate	2026-10-05T13:34:00.3406137Z   type: 'test'
quality	Run repository quality gate	2026-10-05T13:34:00.3406403Z   ...
quality	Run repository quality gate	2026-10-05T13:34:00.3406754Z # Subtest: rejects manifests without explicit permissions
quality	Run repository quality gate	2026-10-05T13:34:00.3407244Z ok 16 - rejects manifests without explicit permissions
quality	Run repository quality gate	2026-10-05T13:34:00.3407543Z   ---
quality	Run repository quality gate	2026-10-05T13:34:00.3407924Z   duration_ms: 0.252972
quality	Run repository quality gate	2026-10-05T13:34:00.3408155Z   type: 'test'
quality	Run repository quality gate	2026-10-05T13:34:00.3408352Z   ...
quality	Run repository quality gate	2026-10-05T13:34:00.3408707Z # Subtest: rejects non-integer, non-finite and unsafe retry policies
quality	Run repository quality gate	2026-10-05T13:34:00.3409229Z ok 17 - rejects non-integer, non-finite and unsafe retry policies
quality	Run repository quality gate	2026-10-05T13:34:00.3409544Z   ---
quality	Run repository quality gate	2026-10-05T13:34:00.3409738Z   duration_ms: 1.984892
quality	Run repository quality gate	2026-10-05T13:34:00.3409954Z   type: 'test'
quality	Run repository quality gate	2026-10-05T13:34:00.3410149Z   ...
quality	Run repository quality gate	2026-10-05T13:34:00.3410480Z # Subtest: passes an immutable permission snapshot to validators, policy and executor
quality	Run repository quality gate	2026-10-05T13:34:00.3410977Z ok 18 - passes an immutable permission snapshot to validators, policy and executor
quality	Run repository quality gate	2026-10-05T13:34:00.3411340Z   ---
quality	Run repository quality gate	2026-10-05T13:34:00.3411529Z   duration_ms: 0.65858
quality	Run repository quality gate	2026-10-05T13:34:00.3411844Z   type: 'test'
quality	Run repository quality gate	2026-10-05T13:34:00.3412041Z   ...
quality	Run repository quality gate	2026-10-05T13:34:00.3412461Z # Subtest: passes immutable validated input to business validation and authorization
quality	Run repository quality gate	2026-10-05T13:34:00.3413161Z ok 19 - passes immutable validated input to business validation and authorization
quality	Run repository quality gate	2026-10-05T13:34:00.3413542Z   ---
quality	Run repository quality gate	2026-10-05T13:34:00.3413742Z   duration_ms: 0.530173
quality	Run repository quality gate	2026-10-05T13:34:00.3414049Z   type: 'test'
quality	Run repository quality gate	2026-10-05T13:34:00.3414254Z   ...
quality	Run repository quality gate	2026-10-05T13:34:00.3414532Z # Subtest: rejects invalid clock values before durable state mutation
quality	Run repository quality gate	2026-10-05T13:34:00.3414942Z ok 20 - rejects invalid clock values before durable state mutation
quality	Run repository quality gate	2026-10-05T13:34:00.3415261Z   ---
quality	Run repository quality gate	2026-10-05T13:34:00.3415450Z   duration_ms: 0.465997
quality	Run repository quality gate	2026-10-05T13:34:00.3415666Z   type: 'test'
quality	Run repository quality gate	2026-10-05T13:34:00.3415863Z   ...
quality	Run repository quality gate	2026-10-05T13:34:00.3416179Z # Subtest: rejects plain object registries that could expose prototype-backed actions
quality	Run repository quality gate	2026-10-05T13:34:00.3416682Z ok 21 - rejects plain object registries that could expose prototype-backed actions
quality	Run repository quality gate	2026-10-05T13:34:00.3417050Z   ---
quality	Run repository quality gate	2026-10-05T13:34:00.3417240Z   duration_ms: 0.163166
quality	Run repository quality gate	2026-10-05T13:34:00.3417464Z   type: 'test'
quality	Run repository quality gate	2026-10-05T13:34:00.3417657Z   ...
quality	Run repository quality gate	2026-10-05T13:34:00.3417989Z # Subtest: invalid approval expiry is rejected instead of being treated as non-expiring
quality	Run repository quality gate	2026-10-05T13:34:00.3418496Z ok 22 - invalid approval expiry is rejected instead of being treated as non-expiring
quality	Run repository quality gate	2026-10-05T13:34:00.3418863Z   ---
quality	Run repository quality gate	2026-10-05T13:34:00.3419057Z   duration_ms: 0.317379
quality	Run repository quality gate	2026-10-05T13:34:00.3419276Z   type: 'test'
quality	Run repository quality gate	2026-10-05T13:34:00.3419481Z   ...
quality	Run repository quality gate	2026-10-05T13:34:00.3419754Z # Subtest: rejects unknown request and execution-option control fields
quality	Run repository quality gate	2026-10-05T13:34:00.3420176Z ok 23 - rejects unknown request and execution-option control fields
quality	Run repository quality gate	2026-10-05T13:34:00.3420499Z   ---
quality	Run repository quality gate	2026-10-05T13:34:00.3420686Z   duration_ms: 0.353601
quality	Run repository quality gate	2026-10-05T13:34:00.3420908Z   type: 'test'
quality	Run repository quality gate	2026-10-05T13:34:00.3421101Z   ...
quality	Run repository quality gate	2026-10-05T13:34:00.3421443Z # Subtest: requires both input and output validators even for a custom registry implementation
quality	Run repository quality gate	2026-10-05T13:34:00.3422002Z ok 24 - requires both input and output validators even for a custom registry implementation
quality	Run repository quality gate	2026-10-05T13:34:00.3422389Z   ---
quality	Run repository quality gate	2026-10-05T13:34:00.3422725Z   duration_ms: 0.348455
quality	Run repository quality gate	2026-10-05T13:34:00.3423026Z   type: 'test'
quality	Run repository quality gate	2026-10-05T13:34:00.3423308Z   ...
quality	Run repository quality gate	2026-10-05T13:34:00.3423664Z # Subtest: normalizes failures from business validation, authorization and policy evaluation
quality	Run repository quality gate	2026-10-05T13:34:00.3424210Z ok 25 - normalizes failures from business validation, authorization and policy evaluation
quality	Run repository quality gate	2026-10-05T13:34:00.3424606Z   ---
quality	Run repository quality gate	2026-10-05T13:34:00.3424797Z   duration_ms: 0.626998
quality	Run repository quality gate	2026-10-05T13:34:00.3425021Z   type: 'test'
quality	Run repository quality gate	2026-10-05T13:34:00.3425217Z   ...
quality	Run repository quality gate	2026-10-05T13:34:00.3425514Z # Subtest: redacts common secret values even when the property name is generic
quality	Run repository quality gate	2026-10-05T13:34:00.3425969Z ok 26 - redacts common secret values even when the property name is generic
quality	Run repository quality gate	2026-10-05T13:34:00.3426302Z   ---
quality	Run repository quality gate	2026-10-05T13:34:00.3426502Z   duration_ms: 0.511662
quality	Run repository quality gate	2026-10-05T13:34:00.3426727Z   type: 'test'
quality	Run repository quality gate	2026-10-05T13:34:00.3426920Z   ...
quality	Run repository quality gate	2026-10-05T13:34:00.3427274Z # Subtest: memory receipt store validates its lease configuration and fails closed on lost leases
quality	Run repository quality gate	2026-10-05T13:34:00.3427945Z ok 27 - memory receipt store validates its lease configuration and fails closed on lost leases
quality	Run repository quality gate	2026-10-05T13:34:00.3428343Z   ---
quality	Run repository quality gate	2026-10-05T13:34:00.3428536Z   duration_ms: 0.241822
quality	Run repository quality gate	2026-10-05T13:34:00.3428758Z   type: 'test'
quality	Run repository quality gate	2026-10-05T13:34:00.3428952Z   ...
quality	Run repository quality gate	2026-10-05T13:34:00.3429300Z # Subtest: a pre-aborted request does not acquire a receipt, consume approval or call an executor
quality	Run repository quality gate	2026-10-05T13:34:00.3429862Z ok 28 - a pre-aborted request does not acquire a receipt, consume approval or call an executor
quality	Run repository quality gate	2026-10-05T13:34:00.3430245Z   ---
quality	Run repository quality gate	2026-10-05T13:34:00.3430442Z   duration_ms: 0.254959
quality	Run repository quality gate	2026-10-05T13:34:00.3430656Z   type: 'test'
quality	Run repository quality gate	2026-10-05T13:34:00.3430849Z   ...
quality	Run repository quality gate	2026-10-05T13:34:00.3431136Z # Subtest: canonical JSON rejects cyclic arrays and unsafe object keys
quality	Run repository quality gate	2026-10-05T13:34:00.3431635Z ok 29 - canonical JSON rejects cyclic arrays and unsafe object keys
quality	Run repository quality gate	2026-10-05T13:34:00.3431961Z   ---
quality	Run repository quality gate	2026-10-05T13:34:00.3432153Z   duration_ms: 0.333423
quality	Run repository quality gate	2026-10-05T13:34:00.3432370Z   type: 'test'
quality	Run repository quality gate	2026-10-05T13:34:00.3432813Z   ...
quality	Run repository quality gate	2026-10-05T13:34:00.3433170Z # Subtest: audit redaction stores unsafe property names without invoking prototype setters
quality	Run repository quality gate	2026-10-05T13:34:00.3433706Z ok 30 - audit redaction stores unsafe property names without invoking prototype setters
quality	Run repository quality gate	2026-10-05T13:34:00.3434088Z   ---
quality	Run repository quality gate	2026-10-05T13:34:00.3434310Z   duration_ms: 0.156748
quality	Run repository quality gate	2026-10-05T13:34:00.3434545Z   type: 'test'
quality	Run repository quality gate	2026-10-05T13:34:00.3434748Z   ...
quality	Run repository quality gate	2026-10-05T13:34:00.3435017Z # Subtest: rejects malformed trusted correlation identifiers
quality	Run repository quality gate	2026-10-05T13:34:00.3435397Z ok 31 - rejects malformed trusted correlation identifiers
quality	Run repository quality gate	2026-10-05T13:34:00.3435702Z   ---
quality	Run repository quality gate	2026-10-05T13:34:00.3435893Z   duration_ms: 0.254263
quality	Run repository quality gate	2026-10-05T13:34:00.3436109Z   type: 'test'
quality	Run repository quality gate	2026-10-05T13:34:00.3436313Z   ...
quality	Run repository quality gate	2026-10-05T13:34:00.3436589Z # Subtest: fails closed when policy approval metadata is malformed
quality	Run repository quality gate	2026-10-05T13:34:00.3436984Z ok 32 - fails closed when policy approval metadata is malformed
quality	Run repository quality gate	2026-10-05T13:34:00.3437299Z   ---
quality	Run repository quality gate	2026-10-05T13:34:00.3437556Z   duration_ms: 0.310767
quality	Run repository quality gate	2026-10-05T13:34:00.3437773Z   type: 'test'
quality	Run repository quality gate	2026-10-05T13:34:00.3437974Z   ...
quality	Run repository quality gate	2026-10-05T13:34:00.3438300Z # Subtest: rejects non-plain request objects without invoking custom serialization hooks
quality	Run repository quality gate	2026-10-05T13:34:00.3438821Z ok 33 - rejects non-plain request objects without invoking custom serialization hooks
quality	Run repository quality gate	2026-10-05T13:34:00.3439203Z   ---
quality	Run repository quality gate	2026-10-05T13:34:00.3439390Z   duration_ms: 0.234705
quality	Run repository quality gate	2026-10-05T13:34:00.3439619Z   type: 'test'
quality	Run repository quality gate	2026-10-05T13:34:00.3439816Z   ...
quality	Run repository quality gate	2026-10-05T13:34:00.3440131Z # Subtest: revalidates validator-transformed input for tenant ownership fields
quality	Run repository quality gate	2026-10-05T13:34:00.3440622Z ok 34 - revalidates validator-transformed input for tenant ownership fields
quality	Run repository quality gate	2026-10-05T13:34:00.3440974Z   ---
quality	Run repository quality gate	2026-10-05T13:34:00.3441174Z   duration_ms: 0.322536
quality	Run repository quality gate	2026-10-05T13:34:00.3441395Z   type: 'test'
quality	Run repository quality gate	2026-10-05T13:34:00.3441598Z   ...
quality	Run repository quality gate	2026-10-05T13:34:00.3441992Z # Subtest: preflight shares authorization but only requests consent: no receipt, consumption or side effects
quality	Run repository quality gate	2026-10-05T13:34:00.3442792Z ok 35 - preflight shares authorization but only requests consent: no receipt, consumption or side effects
quality	Run repository quality gate	2026-10-05T13:34:00.3443237Z   ---
quality	Run repository quality gate	2026-10-05T13:34:00.3443430Z   duration_ms: 0.62229
quality	Run repository quality gate	2026-10-05T13:34:00.3443659Z   type: 'test'
quality	Run repository quality gate	2026-10-05T13:34:00.3443857Z   ...
quality	Run repository quality gate	2026-10-05T13:34:00.3444226Z # Subtest: preflight cannot grant authority, skip policy or silently use missing approval persistence
quality	Run repository quality gate	2026-10-05T13:34:00.3444826Z ok 36 - preflight cannot grant authority, skip policy or silently use missing approval persistence
quality	Run repository quality gate	2026-10-05T13:34:00.3445228Z   ---
quality	Run repository quality gate	2026-10-05T13:34:00.3445431Z   duration_ms: 0.59062
quality	Run repository quality gate	2026-10-05T13:34:00.3445653Z   type: 'test'
quality	Run repository quality gate	2026-10-05T13:34:00.3445854Z   ...
quality	Run repository quality gate	2026-10-05T13:34:00.3446164Z # Subtest: canonical hashing rejects accessor properties without invoking them
quality	Run repository quality gate	2026-10-05T13:34:00.3446624Z ok 37 - canonical hashing rejects accessor properties without invoking them
quality	Run repository quality gate	2026-10-05T13:34:00.3446966Z   ---
quality	Run repository quality gate	2026-10-05T13:34:00.3447256Z   duration_ms: 1.684379
quality	Run repository quality gate	2026-10-05T13:34:00.3447484Z   type: 'test'
quality	Run repository quality gate	2026-10-05T13:34:00.3447676Z   ...
quality	Run repository quality gate	2026-10-05T13:34:00.3447971Z # Subtest: rejects sparse arrays so absent elements cannot alias explicit null
quality	Run repository quality gate	2026-10-05T13:34:00.3448430Z ok 38 - rejects sparse arrays so absent elements cannot alias explicit null
quality	Run repository quality gate	2026-10-05T13:34:00.3448762Z   ---
quality	Run repository quality gate	2026-10-05T13:34:00.3448962Z   duration_ms: 0.299575
quality	Run repository quality gate	2026-10-05T13:34:00.3449181Z   type: 'test'
quality	Run repository quality gate	2026-10-05T13:34:00.3449374Z   ...
quality	Run repository quality gate	2026-10-05T13:34:00.3449708Z # Subtest: rejects over-depth inputs with a bounded domain error rather than stack overflow
quality	Run repository quality gate	2026-10-05T13:34:00.3450223Z ok 39 - rejects over-depth inputs with a bounded domain error rather than stack overflow
quality	Run repository quality gate	2026-10-05T13:34:00.3450599Z   ---
quality	Run repository quality gate	2026-10-05T13:34:00.3450788Z   duration_ms: 2.134531
quality	Run repository quality gate	2026-10-05T13:34:00.3451078Z   type: 'test'
quality	Run repository quality gate	2026-10-05T13:34:00.3451279Z   ...
quality	Run repository quality gate	2026-10-05T13:34:00.3451533Z # Subtest: rejects oversized strings and excessive node counts
quality	Run repository quality gate	2026-10-05T13:34:00.3451910Z ok 40 - rejects oversized strings and excessive node counts
quality	Run repository quality gate	2026-10-05T13:34:00.3452208Z   ---
quality	Run repository quality gate	2026-10-05T13:34:00.3452395Z   duration_ms: 12.97922
quality	Run repository quality gate	2026-10-05T13:34:00.3452808Z   type: 'test'
quality	Run repository quality gate	2026-10-05T13:34:00.3453011Z   ...
quality	Run repository quality gate	2026-10-05T13:34:00.3453270Z # Subtest: input snapshot rejects a getter before execution
quality	Run repository quality gate	2026-10-05T13:34:00.3453633Z ok 41 - input snapshot rejects a getter before execution
quality	Run repository quality gate	2026-10-05T13:34:00.3453927Z   ---
quality	Run repository quality gate	2026-10-05T13:34:00.3454129Z   duration_ms: 1.65788
quality	Run repository quality gate	2026-10-05T13:34:00.3454346Z   type: 'test'
quality	Run repository quality gate	2026-10-05T13:34:00.3454549Z   ...
quality	Run repository quality gate	2026-10-05T13:34:00.3454861Z # Subtest: normal JSON digests remain stable and object undefined fields stay omitted
quality	Run repository quality gate	2026-10-05T13:34:00.3455345Z ok 42 - normal JSON digests remain stable and object undefined fields stay omitted
quality	Run repository quality gate	2026-10-05T13:34:00.3455709Z   ---
quality	Run repository quality gate	2026-10-05T13:34:00.3455895Z   duration_ms: 0.342914
quality	Run repository quality gate	2026-10-05T13:34:00.3456113Z   type: 'test'
quality	Run repository quality gate	2026-10-05T13:34:00.3456310Z   ...
quality	Run repository quality gate	2026-10-05T13:34:00.3456522Z # Subtest: unknown actions default to denial
quality	Run repository quality gate	2026-10-05T13:34:00.3456874Z ok 43 - unknown actions default to denial
quality	Run repository quality gate	2026-10-05T13:34:00.3457269Z   ---
quality	Run repository quality gate	2026-10-05T13:34:00.3457491Z   duration_ms: 1.254391
quality	Run repository quality gate	2026-10-05T13:34:00.3457710Z   type: 'test'
quality	Run repository quality gate	2026-10-05T13:34:00.3457907Z   ...
quality	Run repository quality gate	2026-10-05T13:34:00.3458209Z # Subtest: exact ALLOW rule permits only already-authorized low-risk action
quality	Run repository quality gate	2026-10-05T13:34:00.3458658Z ok 44 - exact ALLOW rule permits only already-authorized low-risk action
quality	Run repository quality gate	2026-10-05T13:34:00.3459006Z   ---
quality	Run repository quality gate	2026-10-05T13:34:00.3459198Z   duration_ms: 0.539388
quality	Run repository quality gate	2026-10-05T13:34:00.3459411Z   type: 'test'
quality	Run repository quality gate	2026-10-05T13:34:00.3459611Z   ...
quality	Run repository quality gate	2026-10-05T13:34:00.3459888Z # Subtest: high and critical risks cannot be downgraded by an ALLOW rule
quality	Run repository quality gate	2026-10-05T13:34:00.3460316Z ok 45 - high and critical risks cannot be downgraded by an ALLOW rule
quality	Run repository quality gate	2026-10-05T13:34:00.3460644Z   ---
quality	Run repository quality gate	2026-10-05T13:34:00.3460842Z   duration_ms: 0.25319
quality	Run repository quality gate	2026-10-05T13:34:00.3461060Z   type: 'test'
quality	Run repository quality gate	2026-10-05T13:34:00.3461254Z   ...
quality	Run repository quality gate	2026-10-05T13:34:00.3461536Z # Subtest: read-only overrides allow and approval for mutating actions
quality	Run repository quality gate	2026-10-05T13:34:00.3461957Z ok 46 - read-only overrides allow and approval for mutating actions
quality	Run repository quality gate	2026-10-05T13:34:00.3462284Z   ---
quality	Run repository quality gate	2026-10-05T13:34:00.3462472Z   duration_ms: 0.17584
quality	Run repository quality gate	2026-10-05T13:34:00.3462815Z   type: 'test'
quality	Run repository quality gate	2026-10-05T13:34:00.3463023Z   ...
quality	Run repository quality gate	2026-10-05T13:34:00.3463296Z # Subtest: explicit REQUIRE_APPROVAL is honored for low-risk actions
quality	Run repository quality gate	2026-10-05T13:34:00.3463712Z ok 47 - explicit REQUIRE_APPROVAL is honored for low-risk actions
quality	Run repository quality gate	2026-10-05T13:34:00.3464027Z   ---
quality	Run repository quality gate	2026-10-05T13:34:00.3464221Z   duration_ms: 0.168684
quality	Run repository quality gate	2026-10-05T13:34:00.3464477Z   type: 'test'
quality	Run repository quality gate	2026-10-05T13:34:00.3464739Z   ...
quality	Run repository quality gate	2026-10-05T13:34:00.3465110Z # Subtest: malformed rules, wildcards and getters are rejected without execution
quality	Run repository quality gate	2026-10-05T13:34:00.3465674Z ok 48 - malformed rules, wildcards and getters are rejected without execution
quality	Run repository quality gate	2026-10-05T13:34:00.3466024Z   ---
quality	Run repository quality gate	2026-10-05T13:34:00.3466259Z   duration_ms: 1.512628
quality	Run repository quality gate	2026-10-05T13:34:00.3466521Z   type: 'test'
quality	Run repository quality gate	2026-10-05T13:34:00.3466830Z   ...
quality	Run repository quality gate	2026-10-05T13:34:00.3467185Z # Subtest: malformed risk never becomes an implicitly allowed action
quality	Run repository quality gate	2026-10-05T13:34:00.3467604Z ok 49 - malformed risk never becomes an implicitly allowed action
quality	Run repository quality gate	2026-10-05T13:34:00.3468000Z   ---
quality	Run repository quality gate	2026-10-05T13:34:00.3468207Z   duration_ms: 0.274568
quality	Run repository quality gate	2026-10-05T13:34:00.3468484Z   type: 'test'
quality	Run repository quality gate	2026-10-05T13:34:00.3468748Z   ...
quality	Run repository quality gate	2026-10-05T13:34:00.3469009Z # Subtest: model-supplied policy fields have no authority
quality	Run repository quality gate	2026-10-05T13:34:00.3469407Z ok 50 - model-supplied policy fields have no authority
quality	Run repository quality gate	2026-10-05T13:34:00.3469736Z   ---
quality	Run repository quality gate	2026-10-05T13:34:00.3469937Z   duration_ms: 0.180298
quality	Run repository quality gate	2026-10-05T13:34:00.3470183Z   type: 'test'
quality	Run repository quality gate	2026-10-05T13:34:00.3470418Z   ...
quality	Run repository quality gate	2026-10-05T13:34:00.3470693Z # Subtest: receipt store atomically acquires, completes and replays
quality	Run repository quality gate	2026-10-05T13:34:00.3471239Z ok 51 - receipt store atomically acquires, completes and replays
quality	Run repository quality gate	2026-10-05T13:34:00.3471561Z   ---
quality	Run repository quality gate	2026-10-05T13:34:00.3471790Z   duration_ms: 4.034383
quality	Run repository quality gate	2026-10-05T13:34:00.3472046Z   type: 'test'
quality	Run repository quality gate	2026-10-05T13:34:00.3472248Z   ...
quality	Run repository quality gate	2026-10-05T13:34:00.3472481Z # Subtest: receipt rejects same key with another digest
quality	Run repository quality gate	2026-10-05T13:34:00.3472973Z ok 52 - receipt rejects same key with another digest
quality	Run repository quality gate	2026-10-05T13:34:00.3473257Z   ---
quality	Run repository quality gate	2026-10-05T13:34:00.3473512Z   duration_ms: 0.658745
quality	Run repository quality gate	2026-10-05T13:34:00.3473745Z   type: 'test'
quality	Run repository quality gate	2026-10-05T13:34:00.3473941Z   ...
quality	Run repository quality gate	2026-10-05T13:34:00.3474266Z # Subtest: receipt completion requires the acquired lease token
quality	Run repository quality gate	2026-10-05T13:34:00.3474664Z ok 53 - receipt completion requires the acquired lease token
quality	Run repository quality gate	2026-10-05T13:34:00.3475002Z   ---
quality	Run repository quality gate	2026-10-05T13:34:00.3475230Z   duration_ms: 0.383752
quality	Run repository quality gate	2026-10-05T13:34:00.3475448Z   type: 'test'
quality	Run repository quality gate	2026-10-05T13:34:00.3475652Z   ...
quality	Run repository quality gate	2026-10-05T13:34:00.3476012Z # Subtest: approval consumption is tenant, action, digest and expiry bound
quality	Run repository quality gate	2026-10-05T13:34:00.3476466Z ok 54 - approval consumption is tenant, action, digest and expiry bound
quality	Run repository quality gate	2026-10-05T13:34:00.3476891Z   ---
quality	Run repository quality gate	2026-10-05T13:34:00.3477155Z   duration_ms: 0.357586
quality	Run repository quality gate	2026-10-05T13:34:00.3477451Z   type: 'test'
quality	Run repository quality gate	2026-10-05T13:34:00.3477655Z   ...
quality	Run repository quality gate	2026-10-05T13:34:00.3477900Z # Subtest: audit sink redacts secret-bearing properties
quality	Run repository quality gate	2026-10-05T13:34:00.3478317Z ok 55 - audit sink redacts secret-bearing properties
quality	Run repository quality gate	2026-10-05T13:34:00.3478624Z   ---
quality	Run repository quality gate	2026-10-05T13:34:00.3478825Z   duration_ms: 0.865775
quality	Run repository quality gate	2026-10-05T13:34:00.3479117Z   type: 'test'
quality	Run repository quality gate	2026-10-05T13:34:00.3479326Z   ...
quality	Run repository quality gate	2026-10-05T13:34:00.3479760Z # Subtest: expired unsafe receipt is quarantined instead of repeating an unknown external side effect
quality	Run repository quality gate	2026-10-05T13:34:00.3480386Z ok 56 - expired unsafe receipt is quarantined instead of repeating an unknown external side effect
quality	Run repository quality gate	2026-10-05T13:34:00.3480880Z   ---
quality	Run repository quality gate	2026-10-05T13:34:00.3481079Z   duration_ms: 0.563927
quality	Run repository quality gate	2026-10-05T13:34:00.3481338Z   type: 'test'
quality	Run repository quality gate	2026-10-05T13:34:00.3481571Z   ...
quality	Run repository quality gate	2026-10-05T13:34:00.3481878Z # Subtest: expired receipt may replay only with an explicit safe adapter capability
quality	Run repository quality gate	2026-10-05T13:34:00.3482438Z ok 57 - expired receipt may replay only with an explicit safe adapter capability
quality	Run repository quality gate	2026-10-05T13:34:00.3482966Z   ---
quality	Run repository quality gate	2026-10-05T13:34:00.3483174Z   duration_ms: 0.598564
quality	Run repository quality gate	2026-10-05T13:34:00.3483436Z   type: 'test'
quality	Run repository quality gate	2026-10-05T13:34:00.3483671Z   ...
quality	Run repository quality gate	2026-10-05T13:34:00.3483977Z # Subtest: receipt lease covers the complete declared execution/retry budget
quality	Run repository quality gate	2026-10-05T13:34:00.3484502Z ok 58 - receipt lease covers the complete declared execution/retry budget
quality	Run repository quality gate	2026-10-05T13:34:00.3484851Z   ---
quality	Run repository quality gate	2026-10-05T13:34:00.3485107Z   duration_ms: 0.322611
quality	Run repository quality gate	2026-10-05T13:34:00.3485332Z   type: 'test'
quality	Run repository quality gate	2026-10-05T13:34:00.3485531Z   ...
quality	Run repository quality gate	2026-10-05T13:34:00.3485903Z # Subtest: memory reference adapter quarantines expired unsafe execution too
quality	Run repository quality gate	2026-10-05T13:34:00.3486371Z ok 59 - memory reference adapter quarantines expired unsafe execution too
quality	Run repository quality gate	2026-10-05T13:34:00.3486796Z   ---
quality	Run repository quality gate	2026-10-05T13:34:00.3486998Z   duration_ms: 1.609768
quality	Run repository quality gate	2026-10-05T13:34:00.3487217Z   type: 'test'
quality	Run repository quality gate	2026-10-05T13:34:00.3487469Z   ...
quality	Run repository quality gate	2026-10-05T13:34:00.3487665Z 1..59
quality	Run repository quality gate	2026-10-05T13:34:00.3488008Z # tests 59
quality	Run repository quality gate	2026-10-05T13:34:00.3488265Z # suites 0
quality	Run repository quality gate	2026-10-05T13:34:00.3488475Z # pass 59
quality	Run repository quality gate	2026-10-05T13:34:00.3488669Z # fail 0
quality	Run repository quality gate	2026-10-05T13:34:00.3488898Z # cancelled 0
quality	Run repository quality gate	2026-10-05T13:34:00.3489156Z # skipped 0
quality	Run repository quality gate	2026-10-05T13:34:00.3489348Z # todo 0
quality	Run repository quality gate	2026-10-05T13:34:00.3489560Z # duration_ms 167.282972
quality	Run repository quality gate	2026-10-05T13:34:00.3490104Z ##[endgroup]
quality	Run repository quality gate	2026-10-05T13:34:00.5957770Z ##[group]@crm/integration-runtime:test
quality	Run repository quality gate	2026-10-05T13:34:00.5958421Z cache miss, executing d17142f1015cdaa6
quality	Run repository quality gate	2026-10-05T13:34:00.5958888Z $ node --test ./test/*.test.mjs
quality	Run repository quality gate	2026-10-05T13:34:00.5959298Z TAP version 13
quality	Run repository quality gate	2026-10-05T13:34:00.5959904Z # Subtest: blocks private, loopback, link-local, metadata, documentation and multicast IP ranges
quality	Run repository quality gate	2026-10-05T13:34:00.5961017Z ok 1 - blocks private, loopback, link-local, metadata, documentation and multicast IP ranges
quality	Run repository quality gate	2026-10-05T13:34:00.5962153Z   ---
quality	Run repository quality gate	2026-10-05T13:34:00.5962452Z   duration_ms: 6.034285
quality	Run repository quality gate	2026-10-05T13:34:00.5962933Z   type: 'test'
quality	Run repository quality gate	2026-10-05T13:34:00.5963225Z   ...
quality	Run repository quality gate	2026-10-05T13:34:00.5963653Z # Subtest: rejects URL credentials and DNS rebinding to a private address
quality	Run repository quality gate	2026-10-05T13:34:00.5964314Z ok 2 - rejects URL credentials and DNS rebinding to a private address
quality	Run repository quality gate	2026-10-05T13:34:00.5964791Z   ---
quality	Run repository quality gate	2026-10-05T13:34:00.5965064Z   duration_ms: 0.821343
quality	Run repository quality gate	2026-10-05T13:34:00.5965480Z   type: 'test'
quality	Run repository quality gate	2026-10-05T13:34:00.5965874Z   ...
quality	Run repository quality gate	2026-10-05T13:34:00.5966266Z # Subtest: enforces connector host allowlists
quality	Run repository quality gate	2026-10-05T13:34:00.5966577Z ok 3 - enforces connector host allowlists
quality	Run repository quality gate	2026-10-05T13:34:00.5966837Z   ---
quality	Run repository quality gate	2026-10-05T13:34:00.5967071Z   duration_ms: 0.22929
quality	Run repository quality gate	2026-10-05T13:34:00.5967359Z   type: 'test'
quality	Run repository quality gate	2026-10-05T13:34:00.5967635Z   ...
quality	Run repository quality gate	2026-10-05T13:34:00.5967987Z # Subtest: executes a pinned bounded request and parses JSON
quality	Run repository quality gate	2026-10-05T13:34:00.5968460Z ok 4 - executes a pinned bounded request and parses JSON
quality	Run repository quality gate	2026-10-05T13:34:00.5968845Z   ---
quality	Run repository quality gate	2026-10-05T13:34:00.5969104Z   duration_ms: 18.43259
quality	Run repository quality gate	2026-10-05T13:34:00.5969442Z   type: 'test'
quality	Run repository quality gate	2026-10-05T13:34:00.5969709Z   ...
quality	Run repository quality gate	2026-10-05T13:34:00.5970068Z # Subtest: rejects mutation retry without idempotency
quality	Run repository quality gate	2026-10-05T13:34:00.5970591Z ok 5 - rejects mutation retry without idempotency
quality	Run repository quality gate	2026-10-05T13:34:00.5971015Z   ---
quality	Run repository quality gate	2026-10-05T13:34:00.5971318Z   duration_ms: 0.68187
quality	Run repository quality gate	2026-10-05T13:34:00.5971660Z   type: 'test'
quality	Run repository quality gate	2026-10-05T13:34:00.5971979Z   ...
quality	Run repository quality gate	2026-10-05T13:34:00.5972359Z # Subtest: rejects redirect to a private destination
quality	Run repository quality gate	2026-10-05T13:34:00.5973053Z ok 6 - rejects redirect to a private destination
quality	Run repository quality gate	2026-10-05T13:34:00.5973480Z   ---
quality	Run repository quality gate	2026-10-05T13:34:00.5973743Z   duration_ms: 6.000843
quality	Run repository quality gate	2026-10-05T13:34:00.5974049Z   type: 'test'
quality	Run repository quality gate	2026-10-05T13:34:00.5974302Z   ...
quality	Run repository quality gate	2026-10-05T13:34:00.5974638Z # Subtest: verifies HMAC webhooks and rejects replay
quality	Run repository quality gate	2026-10-05T13:34:00.5975123Z ok 7 - verifies HMAC webhooks and rejects replay
quality	Run repository quality gate	2026-10-05T13:34:00.5975520Z   ---
quality	Run repository quality gate	2026-10-05T13:34:00.5975800Z   duration_ms: 1.70101
quality	Run repository quality gate	2026-10-05T13:34:00.5976101Z   type: 'test'
quality	Run repository quality gate	2026-10-05T13:34:00.5976370Z   ...
quality	Run repository quality gate	2026-10-05T13:34:00.5976662Z # Subtest: rejects tampered webhook body
quality	Run repository quality gate	2026-10-05T13:34:00.5977048Z ok 8 - rejects tampered webhook body
quality	Run repository quality gate	2026-10-05T13:34:00.5977396Z   ---
quality	Run repository quality gate	2026-10-05T13:34:00.5977653Z   duration_ms: 1.364652
quality	Run repository quality gate	2026-10-05T13:34:00.5977941Z   type: 'test'
quality	Run repository quality gate	2026-10-05T13:34:00.5978211Z   ...
quality	Run repository quality gate	2026-10-05T13:34:00.5978584Z # Subtest: compiles bounded OpenAPI operations and classifies risk
quality	Run repository quality gate	2026-10-05T13:34:00.5979273Z ok 9 - compiles bounded OpenAPI operations and classifies risk
quality	Run repository quality gate	2026-10-05T13:34:00.5979737Z   ---
quality	Run repository quality gate	2026-10-05T13:34:00.5979990Z   duration_ms: 0.885141
quality	Run repository quality gate	2026-10-05T13:34:00.5980295Z   type: 'test'
quality	Run repository quality gate	2026-10-05T13:34:00.5980559Z   ...
quality	Run repository quality gate	2026-10-05T13:34:00.5980887Z # Subtest: rejects external OpenAPI references
quality	Run repository quality gate	2026-10-05T13:34:00.5981327Z ok 10 - rejects external OpenAPI references
quality	Run repository quality gate	2026-10-05T13:34:00.5981694Z   ---
quality	Run repository quality gate	2026-10-05T13:34:00.5981976Z   duration_ms: 0.365064
quality	Run repository quality gate	2026-10-05T13:34:00.5982279Z   type: 'test'
quality	Run repository quality gate	2026-10-05T13:34:00.5982792Z   ...
quality	Run repository quality gate	2026-10-05T13:34:00.5983193Z # Subtest: rejects malformed resolver results before opening a socket
quality	Run repository quality gate	2026-10-05T13:34:00.5984084Z ok 11 - rejects malformed resolver results before opening a socket
quality	Run repository quality gate	2026-10-05T13:34:00.5984587Z   ---
quality	Run repository quality gate	2026-10-05T13:34:00.5984851Z   duration_ms: 0.356737
quality	Run repository quality gate	2026-10-05T13:34:00.5985154Z   type: 'test'
quality	Run repository quality gate	2026-10-05T13:34:00.5985422Z   ...
quality	Run repository quality gate	2026-10-05T13:34:00.5985706Z # Subtest: validates the retry-delay boundary
quality	Run repository quality gate	2026-10-05T13:34:00.5986148Z ok 12 - validates the retry-delay boundary
quality	Run repository quality gate	2026-10-05T13:34:00.5986533Z   ---
quality	Run repository quality gate	2026-10-05T13:34:00.5986808Z   duration_ms: 0.2162
quality	Run repository quality gate	2026-10-05T13:34:00.5987100Z   type: 'test'
quality	Run repository quality gate	2026-10-05T13:34:00.5987372Z   ...
quality	Run repository quality gate	2026-10-05T13:34:00.5987845Z # Subtest: enforces a total request deadline even while response bytes keep arriving
quality	Run repository quality gate	2026-10-05T13:34:00.5988599Z ok 13 - enforces a total request deadline even while response bytes keep arriving
quality	Run repository quality gate	2026-10-05T13:34:00.5989787Z   ---
quality	Run repository quality gate	2026-10-05T13:34:00.5990285Z   duration_ms: 101.979213
quality	Run repository quality gate	2026-10-05T13:34:00.5990865Z   type: 'test'
quality	Run repository quality gate	2026-10-05T13:34:00.5991469Z   ...
quality	Run repository quality gate	2026-10-05T13:34:00.5992153Z # Subtest: SSRF: all mapped, expanded, reserved and transition representations are blocked
quality	Run repository quality gate	2026-10-05T13:34:00.5993422Z ok 14 - SSRF: all mapped, expanded, reserved and transition representations are blocked
quality	Run repository quality gate	2026-10-05T13:34:00.5994009Z   ---
quality	Run repository quality gate	2026-10-05T13:34:00.5994316Z   duration_ms: 5.973135
quality	Run repository quality gate	2026-10-05T13:34:00.5994647Z   type: 'test'
quality	Run repository quality gate	2026-10-05T13:34:00.5994906Z   ...
quality	Run repository quality gate	2026-10-05T13:34:00.5995242Z # Subtest: HTTP: cross-origin redirect cannot forward secrets or reach its destination
quality	Run repository quality gate	2026-10-05T13:34:00.5995745Z ok 15 - HTTP: cross-origin redirect cannot forward secrets or reach its destination
quality	Run repository quality gate	2026-10-05T13:34:00.5996113Z   ---
quality	Run repository quality gate	2026-10-05T13:34:00.5996307Z   duration_ms: 18.416915
quality	Run repository quality gate	2026-10-05T13:34:00.5996531Z   type: 'test'
quality	Run repository quality gate	2026-10-05T13:34:00.5996732Z   ...
quality	Run repository quality gate	2026-10-05T13:34:00.5996982Z # Subtest: HTTP: safe same-origin GET redirect still works
quality	Run repository quality gate	2026-10-05T13:34:00.5997353Z ok 16 - HTTP: safe same-origin GET redirect still works
quality	Run repository quality gate	2026-10-05T13:34:00.5997639Z   ---
quality	Run repository quality gate	2026-10-05T13:34:00.5997829Z   duration_ms: 7.626458
quality	Run repository quality gate	2026-10-05T13:34:00.5998058Z   type: 'test'
quality	Run repository quality gate	2026-10-05T13:34:00.5998252Z   ...
quality	Run repository quality gate	2026-10-05T13:34:00.5998582Z # Subtest: HTTP: an idempotency header alone does not prove the provider can safely retry
quality	Run repository quality gate	2026-10-05T13:34:00.5999094Z ok 17 - HTTP: an idempotency header alone does not prove the provider can safely retry
quality	Run repository quality gate	2026-10-05T13:34:00.5999491Z   ---
quality	Run repository quality gate	2026-10-05T13:34:00.5999681Z   duration_ms: 0.443593
quality	Run repository quality gate	2026-10-05T13:34:00.5999906Z   type: 'test'
quality	Run repository quality gate	2026-10-05T13:34:00.6000099Z   ...
quality	Run repository quality gate	2026-10-05T13:34:00.6000364Z # Subtest: HTTP: abort before dispatch performs no DNS lookup
quality	Run repository quality gate	2026-10-05T13:34:00.6000741Z ok 18 - HTTP: abort before dispatch performs no DNS lookup
quality	Run repository quality gate	2026-10-05T13:34:00.6001036Z   ---
quality	Run repository quality gate	2026-10-05T13:34:00.6001232Z   duration_ms: 0.334479
quality	Run repository quality gate	2026-10-05T13:34:00.6001448Z   type: 'test'
quality	Run repository quality gate	2026-10-05T13:34:00.6001657Z   ...
quality	Run repository quality gate	2026-10-05T13:34:00.6001899Z # Subtest: HTTP: deadline includes stalled DNS resolution
quality	Run repository quality gate	2026-10-05T13:34:00.6002246Z ok 19 - HTTP: deadline includes stalled DNS resolution
quality	Run repository quality gate	2026-10-05T13:34:00.6002723Z   ---
quality	Run repository quality gate	2026-10-05T13:34:00.6002994Z   duration_ms: 100.500427
quality	Run repository quality gate	2026-10-05T13:34:00.6003300Z   type: 'test'
quality	Run repository quality gate	2026-10-05T13:34:00.6003548Z   ...
quality	Run repository quality gate	2026-10-05T13:34:00.6003977Z # Subtest: Webhook: replay protection must not silently disappear
quality	Run repository quality gate	2026-10-05T13:34:00.6004387Z ok 20 - Webhook: replay protection must not silently disappear
quality	Run repository quality gate	2026-10-05T13:34:00.6004691Z   ---
quality	Run repository quality gate	2026-10-05T13:34:00.6004887Z   duration_ms: 1.790308
quality	Run repository quality gate	2026-10-05T13:34:00.6005105Z   type: 'test'
quality	Run repository quality gate	2026-10-05T13:34:00.6005300Z   ...
quality	Run repository quality gate	2026-10-05T13:34:00.6005579Z # Subtest: Webhook: ambiguous duplicate signature fields are rejected
quality	Run repository quality gate	2026-10-05T13:34:00.6005990Z ok 21 - Webhook: ambiguous duplicate signature fields are rejected
quality	Run repository quality gate	2026-10-05T13:34:00.6006311Z   ---
quality	Run repository quality gate	2026-10-05T13:34:00.6006502Z   duration_ms: 0.57004
quality	Run repository quality gate	2026-10-05T13:34:00.6006722Z   type: 'test'
quality	Run repository quality gate	2026-10-05T13:34:00.6006934Z   ...
quality	Run repository quality gate	2026-10-05T13:34:00.6007248Z # Subtest: OpenAPI: server base path is retained and schema is an immutable snapshot
quality	Run repository quality gate	2026-10-05T13:34:00.6007737Z ok 22 - OpenAPI: server base path is retained and schema is an immutable snapshot
quality	Run repository quality gate	2026-10-05T13:34:00.6008245Z   ---
quality	Run repository quality gate	2026-10-05T13:34:00.6008440Z   duration_ms: 1.165073
quality	Run repository quality gate	2026-10-05T13:34:00.6008672Z   type: 'test'
quality	Run repository quality gate	2026-10-05T13:34:00.6008870Z   ...
quality	Run repository quality gate	2026-10-05T13:34:00.6009139Z # Subtest: OpenAPI: reject host-changing and traversal paths
quality	Run repository quality gate	2026-10-05T13:34:00.6009509Z ok 23 - OpenAPI: reject host-changing and traversal paths
quality	Run repository quality gate	2026-10-05T13:34:00.6009809Z   ---
quality	Run repository quality gate	2026-10-05T13:34:00.6010006Z   duration_ms: 0.827973
quality	Run repository quality gate	2026-10-05T13:34:00.6010220Z   type: 'test'
quality	Run repository quality gate	2026-10-05T13:34:00.6010426Z   ...
quality	Run repository quality gate	2026-10-05T13:34:00.6010716Z # Subtest: OpenAPI: cyclic objects are bounded failures, not stack overflows
quality	Run repository quality gate	2026-10-05T13:34:00.6011159Z ok 24 - OpenAPI: cyclic objects are bounded failures, not stack overflows
quality	Run repository quality gate	2026-10-05T13:34:00.6011489Z   ---
quality	Run repository quality gate	2026-10-05T13:34:00.6011767Z   duration_ms: 0.220758
quality	Run repository quality gate	2026-10-05T13:34:00.6011994Z   type: 'test'
quality	Run repository quality gate	2026-10-05T13:34:00.6012190Z   ...
quality	Run repository quality gate	2026-10-05T13:34:00.6012380Z 1..24
quality	Run repository quality gate	2026-10-05T13:34:00.6012959Z # tests 24
quality	Run repository quality gate	2026-10-05T13:34:00.6013224Z # suites 0
quality	Run repository quality gate	2026-10-05T13:34:00.6013432Z # pass 24
quality	Run repository quality gate	2026-10-05T13:34:00.6013623Z # fail 0
quality	Run repository quality gate	2026-10-05T13:34:00.6013815Z # cancelled 0
quality	Run repository quality gate	2026-10-05T13:34:00.6014031Z # skipped 0
quality	Run repository quality gate	2026-10-05T13:34:00.6014218Z # todo 0
quality	Run repository quality gate	2026-10-05T13:34:00.6014424Z # duration_ms 222.084168
quality	Run repository quality gate	2026-10-05T13:34:00.6014905Z ##[endgroup]
quality	Run repository quality gate	2026-10-05T13:34:00.6259394Z ##[group]@crm/env:test
quality	Run repository quality gate	2026-10-05T13:34:00.6259897Z cache miss, executing f4d9a35e9283fc63
quality	Run repository quality gate	2026-10-05T13:34:00.6260312Z $ NODE_ENV=test bun test
quality	Run repository quality gate	2026-10-05T13:34:00.6260668Z bun test v1.3.12 (700fc117)
quality	Run repository quality gate	2026-10-05T13:34:00.6260892Z
quality	Run repository quality gate	2026-10-05T13:34:00.6261303Z ##[group]test/parse.spec.ts:
quality	Run repository quality gate	2026-10-05T13:34:00.6261755Z (pass) parseEnv > reads plain and quoted values [1.00ms]
quality	Run repository quality gate	2026-10-05T13:34:00.6262265Z (pass) parseEnv > ignores comments and blank lines
quality	Run repository quality gate	2026-10-05T13:34:00.6263334Z (pass) parseEnv > keeps a # that is part of the value
quality	Run repository quality gate	2026-10-05T13:34:00.6263906Z (pass) parseEnv > does not treat a hash inside quotes as a comment
quality	Run repository quality gate	2026-10-05T13:34:00.6264530Z (pass) parseEnv > keeps base64 padding, which openssl rand emits
quality	Run repository quality gate	2026-10-05T13:34:00.6265200Z (pass) parseEnv > accepts an export prefix and surrounding whitespace
quality	Run repository quality gate	2026-10-05T13:34:00.6265637Z (pass) parseEnv > reads an empty value as empty rather than skipping it
quality	Run repository quality gate	2026-10-05T13:34:00.6266039Z (pass) parseEnv > skips lines that are not assignments
quality	Run repository quality gate	2026-10-05T13:34:00.6266422Z (pass) parseEnv > lets a later line win, which is how a file is edited
quality	Run repository quality gate	2026-10-05T13:34:00.6266845Z (pass) parseEnv > survives CRLF, which is what a Windows editor writes
quality	Run repository quality gate	2026-10-05T13:34:00.6267090Z
quality	Run repository quality gate	2026-10-05T13:34:00.6267392Z ##[endgroup]
quality	Run repository quality gate	2026-10-05T13:34:00.6267516Z
quality	Run repository quality gate	2026-10-05T13:34:00.6267771Z ##[group]test/root.spec.ts:
quality	Run repository quality gate	2026-10-05T13:34:00.6268135Z (pass) finding the workspace root > finds it from the repo root itself [1.00ms]
quality	Run repository quality gate	2026-10-05T13:34:00.6268664Z (pass) finding the workspace root > finds it from a package that has its own turbo.json
quality	Run repository quality gate	2026-10-05T13:34:00.6269159Z (pass) finding the workspace root > finds it from a nested source directory
quality	Run repository quality gate	2026-10-05T13:34:00.6269651Z (pass) finding the workspace root > returns null above the repo rather than walking to /
quality	Run repository quality gate	2026-10-05T13:34:00.6270159Z (pass) finding the workspace root > only matches a manifest that declares workspaces
quality	Run repository quality gate	2026-10-05T13:34:00.6270668Z (pass) the committed .env.example > names every variable the required section promises
quality	Run repository quality gate	2026-10-05T13:34:00.6271113Z (pass) the committed .env.example > ships no secret of its own
quality	Run repository quality gate	2026-10-05T13:34:00.6271345Z
quality	Run repository quality gate	2026-10-05T13:34:00.6271572Z ##[endgroup]
quality	Run repository quality gate	2026-10-05T13:34:00.6271695Z
quality	Run repository quality gate	2026-10-05T13:34:00.6271785Z  17 pass
quality	Run repository quality gate	2026-10-05T13:34:00.6271979Z  0 fail
quality	Run repository quality gate	2026-10-05T13:34:00.6272176Z  51 expect() calls
quality	Run repository quality gate	2026-10-05T13:34:00.6272414Z Ran 17 tests across 2 files. [22.00ms]
quality	Run repository quality gate	2026-10-05T13:34:00.6273052Z ##[endgroup]
quality	Run repository quality gate	2026-10-05T13:34:00.7789744Z ##[group]@crm/pipeline-runtime:test
quality	Run repository quality gate	2026-10-05T13:34:00.7790461Z cache miss, executing 29d2de00c60c1c50
quality	Run repository quality gate	2026-10-05T13:34:00.7790885Z $ node --test ./test/*.test.mjs
quality	Run repository quality gate	2026-10-05T13:34:00.7791283Z TAP version 13
quality	Run repository quality gate	2026-10-05T13:34:00.7791947Z # Subtest: maps Prisma pipeline rows into the domain shape
quality	Run repository quality gate	2026-10-05T13:34:00.7792918Z ok 1 - maps Prisma pipeline rows into the domain shape
quality	Run repository quality gate	2026-10-05T13:34:00.7793370Z   ---
quality	Run repository quality gate	2026-10-05T13:34:00.7793684Z   duration_ms: 2.072455
quality	Run repository quality gate	2026-10-05T13:34:00.7794066Z   type: 'test'
quality	Run repository quality gate	2026-10-05T13:34:00.7794376Z   ...
quality	Run repository quality gate	2026-10-05T13:34:00.7794804Z # Subtest: scopes every pipeline read by workspace and bounds the list
quality	Run repository quality gate	2026-10-05T13:34:00.7795479Z ok 2 - scopes every pipeline read by workspace and bounds the list
quality	Run repository quality gate	2026-10-05T13:34:00.7796005Z   ---
quality	Run repository quality gate	2026-10-05T13:34:00.7796296Z   duration_ms: 0.878754
quality	Run repository quality gate	2026-10-05T13:34:00.7796620Z   type: 'test'
quality	Run repository quality gate	2026-10-05T13:34:00.7796895Z   ...
quality	Run repository quality gate	2026-10-05T13:34:00.7797228Z # Subtest: uses serializable interactive transactions
quality	Run repository quality gate	2026-10-05T13:34:00.7797885Z ok 3 - uses serializable interactive transactions
quality	Run repository quality gate	2026-10-05T13:34:00.7798288Z   ---
quality	Run repository quality gate	2026-10-05T13:34:00.7798651Z   duration_ms: 0.353744
quality	Run repository quality gate	2026-10-05T13:34:00.7798987Z   type: 'test'
quality	Run repository quality gate	2026-10-05T13:34:00.7799260Z   ...
quality	Run repository quality gate	2026-10-05T13:34:00.7799613Z # Subtest: retries only bounded Prisma serialization conflicts
quality	Run repository quality gate	2026-10-05T13:34:00.7800162Z ok 4 - retries only bounded Prisma serialization conflicts
quality	Run repository quality gate	2026-10-05T13:34:00.7800583Z   ---
quality	Run repository quality gate	2026-10-05T13:34:00.7800870Z   duration_ms: 0.393575
quality	Run repository quality gate	2026-10-05T13:34:00.7801096Z   type: 'test'
quality	Run repository quality gate	2026-10-05T13:34:00.7801295Z   ...
quality	Run repository quality gate	2026-10-05T13:34:00.7801532Z # Subtest: does not retry permanent Prisma errors
quality	Run repository quality gate	2026-10-05T13:34:00.7801849Z ok 5 - does not retry permanent Prisma errors
quality	Run repository quality gate	2026-10-05T13:34:00.7802122Z   ---
quality	Run repository quality gate	2026-10-05T13:34:00.7802312Z   duration_ms: 0.323804
quality	Run repository quality gate	2026-10-05T13:34:00.7802723Z   type: 'test'
quality	Run repository quality gate	2026-10-05T13:34:00.7802946Z   ...
quality	Run repository quality gate	2026-10-05T13:34:00.7803232Z # Subtest: maps exhausted serialization retries to a stable runtime error
quality	Run repository quality gate	2026-10-05T13:34:00.7803745Z ok 6 - maps exhausted serialization retries to a stable runtime error
quality	Run repository quality gate	2026-10-05T13:34:00.7804187Z   ---
quality	Run repository quality gate	2026-10-05T13:34:00.7804379Z   duration_ms: 0.469743
quality	Run repository quality gate	2026-10-05T13:34:00.7804600Z   type: 'test'
quality	Run repository quality gate	2026-10-05T13:34:00.7804803Z   ...
quality	Run repository quality gate	2026-10-05T13:34:00.7805069Z # Subtest: rejects an invalid retry jitter source before sleeping
quality	Run repository quality gate	2026-10-05T13:34:00.7805456Z ok 7 - rejects an invalid retry jitter source before sleeping
quality	Run repository quality gate	2026-10-05T13:34:00.7805759Z   ---
quality	Run repository quality gate	2026-10-05T13:34:00.7805959Z   duration_ms: 0.2524
quality	Run repository quality gate	2026-10-05T13:34:00.7806173Z   type: 'test'
quality	Run repository quality gate	2026-10-05T13:34:00.7806375Z   ...
quality	Run repository quality gate	2026-10-05T13:34:00.7806690Z # Subtest: persists command receipts and audit events using workspace-owned fields
quality	Run repository quality gate	2026-10-05T13:34:00.7807185Z ok 8 - persists command receipts and audit events using workspace-owned fields
quality	Run repository quality gate	2026-10-05T13:34:00.7807553Z   ---
quality	Run repository quality gate	2026-10-05T13:34:00.7807742Z   duration_ms: 0.313949
quality	Run repository quality gate	2026-10-05T13:34:00.7807964Z   type: 'test'
quality	Run repository quality gate	2026-10-05T13:34:00.7808160Z   ...
quality	Run repository quality gate	2026-10-05T13:34:00.7808442Z # Subtest: enforces the maximum number of pipelines inside the transaction
quality	Run repository quality gate	2026-10-05T13:34:00.7808885Z ok 9 - enforces the maximum number of pipelines inside the transaction
quality	Run repository quality gate	2026-10-05T13:34:00.7809207Z   ---
quality	Run repository quality gate	2026-10-05T13:34:00.7809406Z   duration_ms: 0.706747
quality	Run repository quality gate	2026-10-05T13:34:00.7809649Z   type: 'test'
quality	Run repository quality gate	2026-10-05T13:34:00.7809843Z   ...
quality	Run repository quality gate	2026-10-05T13:34:00.7810124Z # Subtest: atomically hands off the default during pipeline creation
quality	Run repository quality gate	2026-10-05T13:34:00.7810536Z ok 10 - atomically hands off the default during pipeline creation
quality	Run repository quality gate	2026-10-05T13:34:00.7810862Z   ---
quality	Run repository quality gate	2026-10-05T13:34:00.7811051Z   duration_ms: 0.684449
quality	Run repository quality gate	2026-10-05T13:34:00.7811267Z   type: 'test'
quality	Run repository quality gate	2026-10-05T13:34:00.7811469Z   ...
quality	Run repository quality gate	2026-10-05T13:34:00.7811708Z # Subtest: maps a duplicate slug to a stable domain error
quality	Run repository quality gate	2026-10-05T13:34:00.7812063Z ok 11 - maps a duplicate slug to a stable domain error
quality	Run repository quality gate	2026-10-05T13:34:00.7812350Z   ---
quality	Run repository quality gate	2026-10-05T13:34:00.7813460Z   duration_ms: 0.351187
quality	Run repository quality gate	2026-10-05T13:34:00.7813710Z   type: 'test'
quality	Run repository quality gate	2026-10-05T13:34:00.7813905Z   ...
quality	Run repository quality gate	2026-10-05T13:34:00.7814225Z # Subtest: neutralizes stage keys and positions before an ordered replacement
quality	Run repository quality gate	2026-10-05T13:34:00.7814684Z ok 12 - neutralizes stage keys and positions before an ordered replacement
quality	Run repository quality gate	2026-10-05T13:34:00.7815197Z   ---
quality	Run repository quality gate	2026-10-05T13:34:00.7815389Z   duration_ms: 1.915077
quality	Run repository quality gate	2026-10-05T13:34:00.7815608Z   type: 'test'
quality	Run repository quality gate	2026-10-05T13:34:00.7815819Z   ...
quality	Run repository quality gate	2026-10-05T13:34:00.7816103Z # Subtest: blocks removal of a stage that already owns assignments
quality	Run repository quality gate	2026-10-05T13:34:00.7816508Z ok 13 - blocks removal of a stage that already owns assignments
quality	Run repository quality gate	2026-10-05T13:34:00.7816815Z   ---
quality	Run repository quality gate	2026-10-05T13:34:00.7817007Z   duration_ms: 0.419658
quality	Run repository quality gate	2026-10-05T13:34:00.7817234Z   type: 'test'
quality	Run repository quality gate	2026-10-05T13:34:00.7817429Z   ...
quality	Run repository quality gate	2026-10-05T13:34:00.7817716Z # Subtest: maps a foreign-key race during stage deletion to STAGE_IN_USE
quality	Run repository quality gate	2026-10-05T13:34:00.7818136Z ok 14 - maps a foreign-key race during stage deletion to STAGE_IN_USE
quality	Run repository quality gate	2026-10-05T13:34:00.7818453Z   ---
quality	Run repository quality gate	2026-10-05T13:34:00.7818652Z   duration_ms: 0.389656
quality	Run repository quality gate	2026-10-05T13:34:00.7818958Z   type: 'test'
quality	Run repository quality gate	2026-10-05T13:34:00.7819263Z   ...
quality	Run repository quality gate	2026-10-05T13:34:00.7819556Z # Subtest: sets the default pipeline with an optimistic version predicate
quality	Run repository quality gate	2026-10-05T13:34:00.7819983Z ok 15 - sets the default pipeline with an optimistic version predicate
quality	Run repository quality gate	2026-10-05T13:34:00.7820314Z   ---
quality	Run repository quality gate	2026-10-05T13:34:00.7820501Z   duration_ms: 0.325644
quality	Run repository quality gate	2026-10-05T13:34:00.7820722Z   type: 'test'
quality	Run repository quality gate	2026-10-05T13:34:00.7820921Z   ...
quality	Run repository quality gate	2026-10-05T13:34:00.7821228Z # Subtest: rejects a stale default-pipeline request before changing any defaults
quality	Run repository quality gate	2026-10-05T13:34:00.7821702Z ok 16 - rejects a stale default-pipeline request before changing any defaults
quality	Run repository quality gate	2026-10-05T13:34:00.7822042Z   ---
quality	Run repository quality gate	2026-10-05T13:34:00.7822242Z   duration_ms: 0.146168
quality	Run repository quality gate	2026-10-05T13:34:00.7822459Z   type: 'test'
quality	Run repository quality gate	2026-10-05T13:34:00.7822795Z   ...
quality	Run repository quality gate	2026-10-05T13:34:00.7823087Z # Subtest: creates an idempotent pipeline and writes one audit event
quality	Run repository quality gate	2026-10-05T13:34:00.7823490Z ok 17 - creates an idempotent pipeline and writes one audit event
quality	Run repository quality gate	2026-10-05T13:34:00.7823816Z   ---
quality	Run repository quality gate	2026-10-05T13:34:00.7824010Z   duration_ms: 4.775743
quality	Run repository quality gate	2026-10-05T13:34:00.7824229Z   type: 'test'
quality	Run repository quality gate	2026-10-05T13:34:00.7824433Z   ...
quality	Run repository quality gate	2026-10-05T13:34:00.7824756Z # Subtest: forces the first pipeline to default even when the caller does not request it
quality	Run repository quality gate	2026-10-05T13:34:00.7825268Z ok 18 - forces the first pipeline to default even when the caller does not request it
quality	Run repository quality gate	2026-10-05T13:34:00.7825631Z   ---
quality	Run repository quality gate	2026-10-05T13:34:00.7825832Z   duration_ms: 0.715033
quality	Run repository quality gate	2026-10-05T13:34:00.7826044Z   type: 'test'
quality	Run repository quality gate	2026-10-05T13:34:00.7826233Z   ...
quality	Run repository quality gate	2026-10-05T13:34:00.7826553Z # Subtest: atomically promotes an explicitly default second pipeline during creation
quality	Run repository quality gate	2026-10-05T13:34:00.7827043Z ok 19 - atomically promotes an explicitly default second pipeline during creation
quality	Run repository quality gate	2026-10-05T13:34:00.7827403Z   ---
quality	Run repository quality gate	2026-10-05T13:34:00.7827596Z   duration_ms: 11.751467
quality	Run repository quality gate	2026-10-05T13:34:00.7827818Z   type: 'test'
quality	Run repository quality gate	2026-10-05T13:34:00.7828018Z   ...
quality	Run repository quality gate	2026-10-05T13:34:00.7828293Z # Subtest: keeps an explicitly non-default later pipeline non-default
quality	Run repository quality gate	2026-10-05T13:34:00.7828712Z ok 20 - keeps an explicitly non-default later pipeline non-default
quality	Run repository quality gate	2026-10-05T13:34:00.7829029Z   ---
quality	Run repository quality gate	2026-10-05T13:34:00.7829220Z   duration_ms: 1.069338
quality	Run repository quality gate	2026-10-05T13:34:00.7829449Z   type: 'test'
quality	Run repository quality gate	2026-10-05T13:34:00.7829644Z   ...
quality	Run repository quality gate	2026-10-05T13:34:00.7829977Z # Subtest: replays a concurrently committed command after a deterministic mutation race
quality	Run repository quality gate	2026-10-05T13:34:00.7830483Z ok 21 - replays a concurrently committed command after a deterministic mutation race
quality	Run repository quality gate	2026-10-05T13:34:00.7830842Z   ---
quality	Run repository quality gate	2026-10-05T13:34:00.7831039Z   duration_ms: 0.839441
quality	Run repository quality gate	2026-10-05T13:34:00.7831253Z   type: 'test'
quality	Run repository quality gate	2026-10-05T13:34:00.7831453Z   ...
quality	Run repository quality gate	2026-10-05T13:34:00.7831749Z # Subtest: canonical payload hashing never invokes object or array accessors
quality	Run repository quality gate	2026-10-05T13:34:00.7832193Z ok 22 - canonical payload hashing never invokes object or array accessors
quality	Run repository quality gate	2026-10-05T13:34:00.7832647Z   ---
quality	Run repository quality gate	2026-10-05T13:34:00.7832861Z   duration_ms: 0.696706
quality	Run repository quality gate	2026-10-05T13:34:00.7833092Z   type: 'test'
quality	Run repository quality gate	2026-10-05T13:34:00.7833298Z   ...
quality	Run repository quality gate	2026-10-05T13:34:00.7833636Z # Subtest: canonical payload hashing rejects cycles, sparse arrays and custom serialization
quality	Run repository quality gate	2026-10-05T13:34:00.7834167Z ok 23 - canonical payload hashing rejects cycles, sparse arrays and custom serialization
quality	Run repository quality gate	2026-10-05T13:34:00.7834643Z   ---
quality	Run repository quality gate	2026-10-05T13:34:00.7834845Z   duration_ms: 0.431545
quality	Run repository quality gate	2026-10-05T13:34:00.7835067Z   type: 'test'
quality	Run repository quality gate	2026-10-05T13:34:00.7835268Z   ...
quality	Run repository quality gate	2026-10-05T13:34:00.7835573Z # Subtest: replays a command by its stable API payload before service-side reads
quality	Run repository quality gate	2026-10-05T13:34:00.7836033Z ok 24 - replays a command by its stable API payload before service-side reads
quality	Run repository quality gate	2026-10-05T13:34:00.7836378Z   ---
quality	Run repository quality gate	2026-10-05T13:34:00.7836564Z   duration_ms: 1.369722
quality	Run repository quality gate	2026-10-05T13:34:00.7836784Z   type: 'test'
quality	Run repository quality gate	2026-10-05T13:34:00.7836974Z   ...
quality	Run repository quality gate	2026-10-05T13:34:00.7837235Z # Subtest: rejects an idempotency key reused with another payload
quality	Run repository quality gate	2026-10-05T13:34:00.7837632Z ok 25 - rejects an idempotency key reused with another payload
quality	Run repository quality gate	2026-10-05T13:34:00.7838011Z   ---
quality	Run repository quality gate	2026-10-05T13:34:00.7838209Z   duration_ms: 1.361342
quality	Run repository quality gate	2026-10-05T13:34:00.7838426Z   type: 'test'
quality	Run repository quality gate	2026-10-05T13:34:00.7838620Z   ...
quality	Run repository quality gate	2026-10-05T13:34:00.7838883Z # Subtest: rejects tenant ownership supplied for another tenant
quality	Run repository quality gate	2026-10-05T13:34:00.7839266Z ok 26 - rejects tenant ownership supplied for another tenant
quality	Run repository quality gate	2026-10-05T13:34:00.7839570Z   ---
quality	Run repository quality gate	2026-10-05T13:34:00.7839762Z   duration_ms: 0.481198
quality	Run repository quality gate	2026-10-05T13:34:00.7839979Z   type: 'test'
quality	Run repository quality gate	2026-10-05T13:34:00.7840181Z   ...
quality	Run repository quality gate	2026-10-05T13:34:00.7840493Z # Subtest: normalizes pipeline-domain validation failures at the runtime boundary
quality	Run repository quality gate	2026-10-05T13:34:00.7840988Z ok 27 - normalizes pipeline-domain validation failures at the runtime boundary
quality	Run repository quality gate	2026-10-05T13:34:00.7841337Z   ---
quality	Run repository quality gate	2026-10-05T13:34:00.7841523Z   duration_ms: 0.377801
quality	Run repository quality gate	2026-10-05T13:34:00.7841743Z   type: 'test'
quality	Run repository quality gate	2026-10-05T13:34:00.7841935Z   ...
quality	Run repository quality gate	2026-10-05T13:34:00.7842202Z # Subtest: enforces action permission at the operation boundary
quality	Run repository quality gate	2026-10-05T13:34:00.7842723Z ok 28 - enforces action permission at the operation boundary
quality	Run repository quality gate	2026-10-05T13:34:00.7843126Z   ---
quality	Run repository quality gate	2026-10-05T13:34:00.7843327Z   duration_ms: 0.215137
quality	Run repository quality gate	2026-10-05T13:34:00.7843556Z   type: 'test'
quality	Run repository quality gate	2026-10-05T13:34:00.7843754Z   ...
quality	Run repository quality gate	2026-10-05T13:34:00.7844028Z # Subtest: transitions a seeded deal with optimistic concurrency
quality	Run repository quality gate	2026-10-05T13:34:00.7844436Z ok 29 - transitions a seeded deal with optimistic concurrency
quality	Run repository quality gate	2026-10-05T13:34:00.7844788Z   ---
quality	Run repository quality gate	2026-10-05T13:34:00.7845012Z   duration_ms: 1.691039
quality	Run repository quality gate	2026-10-05T13:34:00.7845249Z   type: 'test'
quality	Run repository quality gate	2026-10-05T13:34:00.7845464Z   ...
quality	Run repository quality gate	2026-10-05T13:34:00.7845809Z # Subtest: serializes two concurrent transitions so only one stale version wins
quality	Run repository quality gate	2026-10-05T13:34:00.7846294Z ok 30 - serializes two concurrent transitions so only one stale version wins
quality	Run repository quality gate	2026-10-05T13:34:00.7846647Z   ---
quality	Run repository quality gate	2026-10-05T13:34:00.7846844Z   duration_ms: 1.710687
quality	Run repository quality gate	2026-10-05T13:34:00.7847064Z   type: 'test'
quality	Run repository quality gate	2026-10-05T13:34:00.7847268Z   ...
quality	Run repository quality gate	2026-10-05T13:34:00.7847551Z # Subtest: prevents deleting a stage that still owns a deal assignment
quality	Run repository quality gate	2026-10-05T13:34:00.7847989Z ok 31 - prevents deleting a stage that still owns a deal assignment
quality	Run repository quality gate	2026-10-05T13:34:00.7848329Z   ---
quality	Run repository quality gate	2026-10-05T13:34:00.7848522Z   duration_ms: 1.077128
quality	Run repository quality gate	2026-10-05T13:34:00.7848752Z   type: 'test'
quality	Run repository quality gate	2026-10-05T13:34:00.7848952Z   ...
quality	Run repository quality gate	2026-10-05T13:34:00.7849269Z # Subtest: atomically switches the default pipeline with optimistic concurrency
quality	Run repository quality gate	2026-10-05T13:34:00.7849759Z ok 32 - atomically switches the default pipeline with optimistic concurrency
quality	Run repository quality gate	2026-10-05T13:34:00.7850111Z   ---
quality	Run repository quality gate	2026-10-05T13:34:00.7850316Z   duration_ms: 1.198351
quality	Run repository quality gate	2026-10-05T13:34:00.7850539Z   type: 'test'
quality	Run repository quality gate	2026-10-05T13:34:00.7850746Z   ...
quality	Run repository quality gate	2026-10-05T13:34:00.7851050Z # Subtest: restore requires its own permission rather than archive permission
quality	Run repository quality gate	2026-10-05T13:34:00.7851519Z ok 33 - restore requires its own permission rather than archive permission
quality	Run repository quality gate	2026-10-05T13:34:00.7851887Z   ---
quality	Run repository quality gate	2026-10-05T13:34:00.7852093Z   duration_ms: 1.266333
quality	Run repository quality gate	2026-10-05T13:34:00.7852322Z   type: 'test'
quality	Run repository quality gate	2026-10-05T13:34:00.7852974Z   ...
quality	Run repository quality gate	2026-10-05T13:34:00.7853330Z # Subtest: in-memory keys do not collide when tenant and entity IDs contain colons
quality	Run repository quality gate	2026-10-05T13:34:00.7853832Z ok 34 - in-memory keys do not collide when tenant and entity IDs contain colons
quality	Run repository quality gate	2026-10-05T13:34:00.7854311Z   ---
quality	Run repository quality gate	2026-10-05T13:34:00.7854525Z   duration_ms: 0.275499
quality	Run repository quality gate	2026-10-05T13:34:00.7854774Z   type: 'test'
quality	Run repository quality gate	2026-10-05T13:34:00.7854993Z   ...
quality	Run repository quality gate	2026-10-05T13:34:00.7855223Z # Subtest: enforces the bounded pipeline count
quality	Run repository quality gate	2026-10-05T13:34:00.7855547Z ok 35 - enforces the bounded pipeline count
quality	Run repository quality gate	2026-10-05T13:34:00.7855845Z   ---
quality	Run repository quality gate	2026-10-05T13:34:00.7856052Z   duration_ms: 9.652894
quality	Run repository quality gate	2026-10-05T13:34:00.7856280Z   type: 'test'
quality	Run repository quality gate	2026-10-05T13:34:00.7856479Z   ...
quality	Run repository quality gate	2026-10-05T13:34:00.7856664Z 1..35
quality	Run repository quality gate	2026-10-05T13:34:00.7856860Z # tests 35
quality	Run repository quality gate	2026-10-05T13:34:00.7857057Z # suites 0
quality	Run repository quality gate	2026-10-05T13:34:00.7857255Z # pass 35
quality	Run repository quality gate	2026-10-05T13:34:00.7857455Z # fail 0
quality	Run repository quality gate	2026-10-05T13:34:00.7857650Z # cancelled 0
quality	Run repository quality gate	2026-10-05T13:34:00.7857861Z # skipped 0
quality	Run repository quality gate	2026-10-05T13:34:00.7858137Z # todo 0
quality	Run repository quality gate	2026-10-05T13:34:00.7858338Z # duration_ms 118.365631
quality	Run repository quality gate	2026-10-05T13:34:00.7858811Z ##[endgroup]
quality	Run repository quality gate	2026-10-05T13:34:00.7859193Z ##[group]@crm/db:build
quality	Run repository quality gate	2026-10-05T13:34:00.7859449Z cache hit, replaying logs 44598decfbcad5cc
quality	Run repository quality gate	2026-10-05T13:34:00.7859734Z $ prisma generate
quality	Run repository quality gate	2026-10-05T13:34:00.7859989Z Loaded Prisma config from prisma.config.ts.
quality	Run repository quality gate	2026-10-05T13:34:00.7860189Z
quality	Run repository quality gate	2026-10-05T13:34:00.7860326Z Prisma schema loaded from prisma/schema.prisma.
quality	Run repository quality gate	2026-10-05T13:34:00.7860538Z
quality	Run repository quality gate	2026-10-05T13:34:00.7861013Z ✔ Generated Prisma Client (7.9.1) to ./src/generated/prisma in 540ms
quality	Run repository quality gate	2026-10-05T13:34:00.7861280Z
quality	Run repository quality gate	2026-10-05T13:34:00.7861533Z ##[endgroup]
quality	Run repository quality gate	2026-10-05T13:34:01.1168993Z ##[group]@crm/migration-runtime:test
quality	Run repository quality gate	2026-10-05T13:34:01.1169728Z cache miss, executing 8839086d604b8ae6
quality	Run repository quality gate	2026-10-05T13:34:01.1170245Z $ node --test ./test/*.test.mjs
quality	Run repository quality gate	2026-10-05T13:34:01.1170715Z TAP version 13
quality	Run repository quality gate	2026-10-05T13:34:01.1171375Z # Subtest: migration: a stale claim cannot settle a newer lease even with the same workerId
quality	Run repository quality gate	2026-10-05T13:34:01.1172264Z ok 1 - migration: a stale claim cannot settle a newer lease even with the same workerId
quality	Run repository quality gate	2026-10-05T13:34:01.1172945Z   ---
quality	Run repository quality gate	2026-10-05T13:34:01.1173215Z   duration_ms: 9.198634
quality	Run repository quality gate	2026-10-05T13:34:01.1173542Z   type: 'test'
quality	Run repository quality gate	2026-10-05T13:34:01.1173788Z   ...
quality	Run repository quality gate	2026-10-05T13:34:01.1174241Z # Subtest: migration: process crashes consume attempts and eventually quarantine the batch
quality	Run repository quality gate	2026-10-05T13:34:01.1175050Z ok 2 - migration: process crashes consume attempts and eventually quarantine the batch
quality	Run repository quality gate	2026-10-05T13:34:01.1175597Z   ---
quality	Run repository quality gate	2026-10-05T13:34:01.1175883Z   duration_ms: 3.894504
quality	Run repository quality gate	2026-10-05T13:34:01.1176175Z   type: 'test'
quality	Run repository quality gate	2026-10-05T13:34:01.1176441Z   ...
quality	Run repository quality gate	2026-10-05T13:34:01.1176918Z # Subtest: migration: failure after cancellation cannot overwrite CANCELLED with FAILED
quality	Run repository quality gate	2026-10-05T13:34:01.1177667Z ok 3 - migration: failure after cancellation cannot overwrite CANCELLED with FAILED
quality	Run repository quality gate	2026-10-05T13:34:01.1178206Z   ---
quality	Run repository quality gate	2026-10-05T13:34:01.1178489Z   duration_ms: 1.914305
quality	Run repository quality gate	2026-10-05T13:34:01.1178828Z   type: 'test'
quality	Run repository quality gate	2026-10-05T13:34:01.1179103Z   ...
quality	Run repository quality gate	2026-10-05T13:34:01.1179521Z # Subtest: migration: invalid importer result is a terminal contract error
quality	Run repository quality gate	2026-10-05T13:34:01.1180178Z ok 4 - migration: invalid importer result is a terminal contract error
quality	Run repository quality gate	2026-10-05T13:34:01.1180669Z   ---
quality	Run repository quality gate	2026-10-05T13:34:01.1180953Z   duration_ms: 1.126014
quality	Run repository quality gate	2026-10-05T13:34:01.1181249Z   type: 'test'
quality	Run repository quality gate	2026-10-05T13:34:01.1181518Z   ...
quality	Run repository quality gate	2026-10-05T13:34:01.1182086Z # Subtest: migration: tenant/job delimiter ambiguity cannot alias storage keys
quality	Run repository quality gate	2026-10-05T13:34:01.1182980Z ok 5 - migration: tenant/job delimiter ambiguity cannot alias storage keys
quality	Run repository quality gate	2026-10-05T13:34:01.1183487Z   ---
quality	Run repository quality gate	2026-10-05T13:34:01.1183689Z   duration_ms: 0.320703
quality	Run repository quality gate	2026-10-05T13:34:01.1183916Z   type: 'test'
quality	Run repository quality gate	2026-10-05T13:34:01.1184118Z   ...
quality	Run repository quality gate	2026-10-05T13:34:01.1184550Z # Subtest: borrowed transaction hands serialization failure to its outer retry owner without querying an aborted transaction
quality	Run repository quality gate	2026-10-05T13:34:01.1185264Z ok 6 - borrowed transaction hands serialization failure to its outer retry owner without querying an aborted transaction
quality	Run repository quality gate	2026-10-05T13:34:01.1185734Z   ---
quality	Run repository quality gate	2026-10-05T13:34:01.1185927Z   duration_ms: 1.516491
quality	Run repository quality gate	2026-10-05T13:34:01.1186357Z   type: 'test'
quality	Run repository quality gate	2026-10-05T13:34:01.1186555Z   ...
quality	Run repository quality gate	2026-10-05T13:34:01.1186964Z # Subtest: owned serialization retries use fresh transaction callbacks and do not retry unknown database failures
quality	Run repository quality gate	2026-10-05T13:34:01.1187664Z ok 7 - owned serialization retries use fresh transaction callbacks and do not retry unknown database failures
quality	Run repository quality gate	2026-10-05T13:34:01.1188125Z   ---
quality	Run repository quality gate	2026-10-05T13:34:01.1188317Z   duration_ms: 0.490449
quality	Run repository quality gate	2026-10-05T13:34:01.1188534Z   type: 'test'
quality	Run repository quality gate	2026-10-05T13:34:01.1188736Z   ...
quality	Run repository quality gate	2026-10-05T13:34:01.1189047Z # Subtest: uses serializable transactions and scopes durable job reads by tenant
quality	Run repository quality gate	2026-10-05T13:34:01.1189518Z ok 8 - uses serializable transactions and scopes durable job reads by tenant
quality	Run repository quality gate	2026-10-05T13:34:01.1189858Z   ---
quality	Run repository quality gate	2026-10-05T13:34:01.1190051Z   duration_ms: 1.256466
quality	Run repository quality gate	2026-10-05T13:34:01.1190385Z   type: 'test'
quality	Run repository quality gate	2026-10-05T13:34:01.1190585Z   ...
quality	Run repository quality gate	2026-10-05T13:34:01.1190874Z # Subtest: persists batch leases, counters and optimistic versions
quality	Run repository quality gate	2026-10-05T13:34:01.1191284Z ok 9 - persists batch leases, counters and optimistic versions
quality	Run repository quality gate	2026-10-05T13:34:01.1191602Z   ---
quality	Run repository quality gate	2026-10-05T13:34:01.1191807Z   duration_ms: 1.027462
quality	Run repository quality gate	2026-10-05T13:34:01.1192033Z   type: 'test'
quality	Run repository quality gate	2026-10-05T13:34:01.1192240Z   ...
quality	Run repository quality gate	2026-10-05T13:34:01.1192722Z # Subtest: fails closed on a stale batch instead of silently losing a worker update
quality	Run repository quality gate	2026-10-05T13:34:01.1193206Z ok 10 - fails closed on a stale batch instead of silently losing a worker update
quality	Run repository quality gate	2026-10-05T13:34:01.1193554Z   ---
quality	Run repository quality gate	2026-10-05T13:34:01.1193747Z   duration_ms: 0.703246
quality	Run repository quality gate	2026-10-05T13:34:01.1193968Z   type: 'test'
quality	Run repository quality gate	2026-10-05T13:34:01.1194163Z   ...
quality	Run repository quality gate	2026-10-05T13:34:01.1194448Z # Subtest: persists an append-only runtime event with operational details
quality	Run repository quality gate	2026-10-05T13:34:01.1194891Z ok 11 - persists an append-only runtime event with operational details
quality	Run repository quality gate	2026-10-05T13:34:01.1195220Z   ---
quality	Run repository quality gate	2026-10-05T13:34:01.1195416Z   duration_ms: 0.53462
quality	Run repository quality gate	2026-10-05T13:34:01.1195635Z   type: 'test'
quality	Run repository quality gate	2026-10-05T13:34:01.1195834Z   ...
quality	Run repository quality gate	2026-10-05T13:34:01.1196152Z # Subtest: sanitizes event details to durable JSON and rejects non-serializable values
quality	Run repository quality gate	2026-10-05T13:34:01.1196653Z ok 12 - sanitizes event details to durable JSON and rejects non-serializable values
quality	Run repository quality gate	2026-10-05T13:34:01.1197015Z   ---
quality	Run repository quality gate	2026-10-05T13:34:01.1197199Z   duration_ms: 0.682648
quality	Run repository quality gate	2026-10-05T13:34:01.1197418Z   type: 'test'
quality	Run repository quality gate	2026-10-05T13:34:01.1197608Z   ...
quality	Run repository quality gate	2026-10-05T13:34:01.1197944Z # Subtest: coordinator can restart on the Prisma repository without losing durable batch state
quality	Run repository quality gate	2026-10-05T13:34:01.1198486Z ok 13 - coordinator can restart on the Prisma repository without losing durable batch state
quality	Run repository quality gate	2026-10-05T13:34:01.1198859Z   ---
quality	Run repository quality gate	2026-10-05T13:34:01.1199055Z   duration_ms: 3.738548
quality	Run repository quality gate	2026-10-05T13:34:01.1199271Z   type: 'test'
quality	Run repository quality gate	2026-10-05T13:34:01.1199465Z   ...
quality	Run repository quality gate	2026-10-05T13:34:01.1199685Z # Subtest: rejects invalid state transitions
quality	Run repository quality gate	2026-10-05T13:34:01.1199979Z ok 14 - rejects invalid state transitions
quality	Run repository quality gate	2026-10-05T13:34:01.1200246Z   ---
quality	Run repository quality gate	2026-10-05T13:34:01.1200434Z   duration_ms: 1.671201
quality	Run repository quality gate	2026-10-05T13:34:01.1200645Z   type: 'test'
quality	Run repository quality gate	2026-10-05T13:34:01.1200846Z   ...
quality	Run repository quality gate	2026-10-05T13:34:01.1201064Z # Subtest: rejects a dry-run from another tenant
quality	Run repository quality gate	2026-10-05T13:34:01.1201376Z ok 15 - rejects a dry-run from another tenant
quality	Run repository quality gate	2026-10-05T13:34:01.1201638Z   ---
quality	Run repository quality gate	2026-10-05T13:34:01.1201828Z   duration_ms: 1.750436
quality	Run repository quality gate	2026-10-05T13:34:01.1202045Z   type: 'test'
quality	Run repository quality gate	2026-10-05T13:34:01.1202233Z   ...
quality	Run repository quality gate	2026-10-05T13:34:01.1202646Z # Subtest: processes bounded batches and completes after the last checkpoint
quality	Run repository quality gate	2026-10-05T13:34:01.1203149Z ok 16 - processes bounded batches and completes after the last checkpoint
quality	Run repository quality gate	2026-10-05T13:34:01.1203486Z   ---
quality	Run repository quality gate	2026-10-05T13:34:01.1203687Z   duration_ms: 4.006322
quality	Run repository quality gate	2026-10-05T13:34:01.1203905Z   type: 'test'
quality	Run repository quality gate	2026-10-05T13:34:01.1204110Z   ...
quality	Run repository quality gate	2026-10-05T13:34:01.1204432Z # Subtest: concurrent workers claim distinct batches and never duplicate the same lease
quality	Run repository quality gate	2026-10-05T13:34:01.1204950Z ok 17 - concurrent workers claim distinct batches and never duplicate the same lease
quality	Run repository quality gate	2026-10-05T13:34:01.1205324Z   ---
quality	Run repository quality gate	2026-10-05T13:34:01.1205625Z   duration_ms: 8.177811
quality	Run repository quality gate	2026-10-05T13:34:01.1205852Z   type: 'test'
quality	Run repository quality gate	2026-10-05T13:34:01.1206051Z   ...
quality	Run repository quality gate	2026-10-05T13:34:01.1206354Z # Subtest: an expired RUNNING lease is reclaimed with the same operation identity
quality	Run repository quality gate	2026-10-05T13:34:01.1206819Z ok 18 - an expired RUNNING lease is reclaimed with the same operation identity
quality	Run repository quality gate	2026-10-05T13:34:01.1207161Z   ---
quality	Run repository quality gate	2026-10-05T13:34:01.1207362Z   duration_ms: 2.307489
quality	Run repository quality gate	2026-10-05T13:34:01.1207574Z   type: 'test'
quality	Run repository quality gate	2026-10-05T13:34:01.1207772Z   ...
quality	Run repository quality gate	2026-10-05T13:34:01.1208044Z # Subtest: retries a transient failure with the same idempotency key
quality	Run repository quality gate	2026-10-05T13:34:01.1208448Z ok 19 - retries a transient failure with the same idempotency key
quality	Run repository quality gate	2026-10-05T13:34:01.1208793Z   ---
quality	Run repository quality gate	2026-10-05T13:34:01.1208990Z   duration_ms: 1.404342
quality	Run repository quality gate	2026-10-05T13:34:01.1209280Z   type: 'test'
quality	Run repository quality gate	2026-10-05T13:34:01.1209475Z   ...
quality	Run repository quality gate	2026-10-05T13:34:01.1209758Z # Subtest: moves a poison batch and job to FAILED after bounded attempts
quality	Run repository quality gate	2026-10-05T13:34:01.1210175Z ok 20 - moves a poison batch and job to FAILED after bounded attempts
quality	Run repository quality gate	2026-10-05T13:34:01.1210505Z   ---
quality	Run repository quality gate	2026-10-05T13:34:01.1210700Z   duration_ms: 2.168983
quality	Run repository quality gate	2026-10-05T13:34:01.1210917Z   type: 'test'
quality	Run repository quality gate	2026-10-05T13:34:01.1211119Z   ...
quality	Run repository quality gate	2026-10-05T13:34:01.1211366Z # Subtest: cancellation is terminal and prevents execution
quality	Run repository quality gate	2026-10-05T13:34:01.1211727Z ok 21 - cancellation is terminal and prevents execution
quality	Run repository quality gate	2026-10-05T13:34:01.1212017Z   ---
quality	Run repository quality gate	2026-10-05T13:34:01.1212206Z   duration_ms: 0.704508
quality	Run repository quality gate	2026-10-05T13:34:01.1212426Z   type: 'test'
quality	Run repository quality gate	2026-10-05T13:34:01.1212762Z   ...
quality	Run repository quality gate	2026-10-05T13:34:01.1213059Z # Subtest: rejects a dry-run for a different entity type
quality	Run repository quality gate	2026-10-05T13:34:01.1213410Z ok 22 - rejects a dry-run for a different entity type
quality	Run repository quality gate	2026-10-05T13:34:01.1213802Z   ---
quality	Run repository quality gate	2026-10-05T13:34:01.1214003Z   duration_ms: 0.933236
quality	Run repository quality gate	2026-10-05T13:34:01.1214231Z   type: 'test'
quality	Run repository quality gate	2026-10-05T13:34:01.1214431Z   ...
quality	Run repository quality gate	2026-10-05T13:34:01.1214695Z # Subtest: rejects non-contiguous batch indexes and count drift
quality	Run repository quality gate	2026-10-05T13:34:01.1215074Z ok 23 - rejects non-contiguous batch indexes and count drift
quality	Run repository quality gate	2026-10-05T13:34:01.1215385Z   ---
quality	Run repository quality gate	2026-10-05T13:34:01.1215576Z   duration_ms: 1.170913
quality	Run repository quality gate	2026-10-05T13:34:01.1215802Z   type: 'test'
quality	Run repository quality gate	2026-10-05T13:34:01.1215998Z   ...
quality	Run repository quality gate	2026-10-05T13:34:01.1216254Z # Subtest: rejects unsafe source filenames before persistence
quality	Run repository quality gate	2026-10-05T13:34:01.1216629Z ok 24 - rejects unsafe source filenames before persistence
quality	Run repository quality gate	2026-10-05T13:34:01.1216950Z   ---
quality	Run repository quality gate	2026-10-05T13:34:01.1217147Z   duration_ms: 0.593341
quality	Run repository quality gate	2026-10-05T13:34:01.1217364Z   type: 'test'
quality	Run repository quality gate	2026-10-05T13:34:01.1217560Z   ...
quality	Run repository quality gate	2026-10-05T13:34:01.1217894Z # Subtest: fails immediately when importer counters do not reconcile to the claimed batch
quality	Run repository quality gate	2026-10-05T13:34:01.1225216Z ok 25 - fails immediately when importer counters do not reconcile to the claimed batch
quality	Run repository quality gate	2026-10-05T13:34:01.1225667Z   ---
quality	Run repository quality gate	2026-10-05T13:34:01.1225925Z   duration_ms: 1.181446
quality	Run repository quality gate	2026-10-05T13:34:01.1226167Z   type: 'test'
quality	Run repository quality gate	2026-10-05T13:34:01.1226359Z   ...
quality	Run repository quality gate	2026-10-05T13:34:01.1226807Z # Subtest: source storage refuses unsupported filesystem capabilities before publishing directories
quality	Run repository quality gate	2026-10-05T13:34:01.1227465Z ok 26 - source storage refuses unsupported filesystem capabilities before publishing directories
quality	Run repository quality gate	2026-10-05T13:34:01.1227898Z   ---
quality	Run repository quality gate	2026-10-05T13:34:01.1228098Z   duration_ms: 4.750815
quality	Run repository quality gate	2026-10-05T13:34:01.1228384Z   type: 'test'
quality	Run repository quality gate	2026-10-05T13:34:01.1228586Z   ...
quality	Run repository quality gate	2026-10-05T13:34:01.1228993Z # Subtest: real filesystem encrypted source survives a fresh process and contains no plaintext customer data
quality	Run repository quality gate	2026-10-05T13:34:01.1229672Z ok 27 - real filesystem encrypted source survives a fresh process and contains no plaintext customer data
quality	Run repository quality gate	2026-10-05T13:34:01.1230527Z   ---
quality	Run repository quality gate	2026-10-05T13:34:01.1230966Z   duration_ms: 50.159994
quality	Run repository quality gate	2026-10-05T13:34:01.1231512Z   type: 'test'
quality	Run repository quality gate	2026-10-05T13:34:01.1231992Z   ...
quality	Run repository quality gate	2026-10-05T13:34:01.1233112Z # Subtest: same source bytes can be uploaded as distinct import intents
quality	Run repository quality gate	2026-10-05T13:34:01.1234074Z ok 28 - same source bytes can be uploaded as distinct import intents
quality	Run repository quality gate	2026-10-05T13:34:01.1235154Z   ---
quality	Run repository quality gate	2026-10-05T13:34:01.1235679Z   duration_ms: 7.811528
quality	Run repository quality gate	2026-10-05T13:34:01.1236223Z   type: 'test'
quality	Run repository quality gate	2026-10-05T13:34:01.1236731Z   ...
quality	Run repository quality gate	2026-10-05T13:34:01.1237373Z # Subtest: tenant, hash and ciphertext tampering fail closed
quality	Run repository quality gate	2026-10-05T13:34:01.1237969Z ok 29 - tenant, hash and ciphertext tampering fail closed
quality	Run repository quality gate	2026-10-05T13:34:01.1238432Z   ---
quality	Run repository quality gate	2026-10-05T13:34:01.1238724Z   duration_ms: 8.161192
quality	Run repository quality gate	2026-10-05T13:34:01.1239052Z   type: 'test'
quality	Run repository quality gate	2026-10-05T13:34:01.1239366Z   ...
quality	Run repository quality gate	2026-10-05T13:34:01.1239780Z # Subtest: old source keys remain readable across active-key rotation
quality	Run repository quality gate	2026-10-05T13:34:01.1240421Z ok 30 - old source keys remain readable across active-key rotation
quality	Run repository quality gate	2026-10-05T13:34:01.1240899Z   ---
quality	Run repository quality gate	2026-10-05T13:34:01.1241198Z   duration_ms: 10.255371
quality	Run repository quality gate	2026-10-05T13:34:01.1241558Z   type: 'test'
quality	Run repository quality gate	2026-10-05T13:34:01.1242036Z   ...
quality	Run repository quality gate	2026-10-05T13:34:01.1242665Z # Subtest: opaque identifiers, file limits and symlinks cannot access arbitrary paths
quality	Run repository quality gate	2026-10-05T13:34:01.1243433Z ok 31 - opaque identifiers, file limits and symlinks cannot access arbitrary paths
quality	Run repository quality gate	2026-10-05T13:34:01.1243987Z   ---
quality	Run repository quality gate	2026-10-05T13:34:01.1244281Z   duration_ms: 5.546069
quality	Run repository quality gate	2026-10-05T13:34:01.1244617Z   type: 'test'
quality	Run repository quality gate	2026-10-05T13:34:01.1244929Z   ...
quality	Run repository quality gate	2026-10-05T13:34:01.1245410Z # Subtest: concurrent ID collision publishes exactly one source without overwriting
quality	Run repository quality gate	2026-10-05T13:34:01.1246170Z ok 32 - concurrent ID collision publishes exactly one source without overwriting
quality	Run repository quality gate	2026-10-05T13:34:01.1246731Z   ---
quality	Run repository quality gate	2026-10-05T13:34:01.1247045Z   duration_ms: 8.560516
quality	Run repository quality gate	2026-10-05T13:34:01.1247407Z   type: 'test'
quality	Run repository quality gate	2026-10-05T13:34:01.1247703Z   ...
quality	Run repository quality gate	2026-10-05T13:34:01.1248234Z # Subtest: preparation plans from reloaded persisted bytes, preserving physical source rows
quality	Run repository quality gate	2026-10-05T13:34:01.1249073Z ok 33 - preparation plans from reloaded persisted bytes, preserving physical source rows
quality	Run repository quality gate	2026-10-05T13:34:01.1249670Z   ---
quality	Run repository quality gate	2026-10-05T13:34:01.1249981Z   duration_ms: 10.974026
quality	Run repository quality gate	2026-10-05T13:34:01.1250312Z   type: 'test'
quality	Run repository quality gate	2026-10-05T13:34:01.1250599Z   ...
quality	Run repository quality gate	2026-10-05T13:34:01.1251096Z # Subtest: unsupported XLSX and invalid UTF-8 are rejected before storage side effects
quality	Run repository quality gate	2026-10-05T13:34:01.1251864Z ok 34 - unsupported XLSX and invalid UTF-8 are rejected before storage side effects
quality	Run repository quality gate	2026-10-05T13:34:01.1252433Z   ---
quality	Run repository quality gate	2026-10-05T13:34:01.1252850Z   duration_ms: 2.059138
quality	Run repository quality gate	2026-10-05T13:34:01.1253204Z   type: 'test'
quality	Run repository quality gate	2026-10-05T13:34:01.1253497Z   ...
quality	Run repository quality gate	2026-10-05T13:34:01.1253953Z # Subtest: a private root inside an attacker-writable ancestor is rejected
quality	Run repository quality gate	2026-10-05T13:34:01.1254659Z ok 35 - a private root inside an attacker-writable ancestor is rejected
quality	Run repository quality gate	2026-10-05T13:34:01.1255179Z   ---
quality	Run repository quality gate	2026-10-05T13:34:01.1255486Z   duration_ms: 1.366449
quality	Run repository quality gate	2026-10-05T13:34:01.1255806Z   type: 'test'
quality	Run repository quality gate	2026-10-05T13:34:01.1256110Z   ...
quality	Run repository quality gate	2026-10-05T13:34:01.1256582Z # Subtest: directory permissions are rechecked when an existing store is used
quality	Run repository quality gate	2026-10-05T13:34:01.1257311Z ok 36 - directory permissions are rechecked when an existing store is used
quality	Run repository quality gate	2026-10-05T13:34:01.1257860Z   ---
quality	Run repository quality gate	2026-10-05T13:34:01.1258162Z   duration_ms: 4.290796
quality	Run repository quality gate	2026-10-05T13:34:01.1258507Z   type: 'test'
quality	Run repository quality gate	2026-10-05T13:34:01.1258825Z   ...
quality	Run repository quality gate	2026-10-05T13:34:01.1259334Z # Subtest: inventory is tenant-local, bounded and ignores symlinks and unfinished uploads
quality	Run repository quality gate	2026-10-05T13:34:01.1260221Z ok 37 - inventory is tenant-local, bounded and ignores symlinks and unfinished uploads
quality	Run repository quality gate	2026-10-05T13:34:01.1260814Z   ---
quality	Run repository quality gate	2026-10-05T13:34:01.1261121Z   duration_ms: 7.289484
quality	Run repository quality gate	2026-10-05T13:34:01.1261467Z   type: 'test'
quality	Run repository quality gate	2026-10-05T13:34:01.1261769Z   ...
quality	Run repository quality gate	2026-10-05T13:34:01.1262300Z # Subtest: simultaneous physical purges are idempotent and always require an exact digest
quality	Run repository quality gate	2026-10-05T13:34:01.1263238Z ok 38 - simultaneous physical purges are idempotent and always require an exact digest
quality	Run repository quality gate	2026-10-05T13:34:01.1263847Z   ---
quality	Run repository quality gate	2026-10-05T13:34:01.1264157Z   duration_ms: 10.048338
quality	Run repository quality gate	2026-10-05T13:34:01.1264511Z   type: 'test'
quality	Run repository quality gate	2026-10-05T13:34:01.1264841Z   ...
quality	Run repository quality gate	2026-10-05T13:34:01.1265251Z # Subtest: inventory never enters a symlinked tenant directory
quality	Run repository quality gate	2026-10-05T13:34:01.1266052Z ok 39 - inventory never enters a symlinked tenant directory
quality	Run repository quality gate	2026-10-05T13:34:01.1266504Z   ---
quality	Run repository quality gate	2026-10-05T13:34:01.1266798Z   duration_ms: 4.882058
quality	Run repository quality gate	2026-10-05T13:34:01.1267143Z   type: 'test'
quality	Run repository quality gate	2026-10-05T13:34:01.1267444Z   ...
quality	Run repository quality gate	2026-10-05T13:34:01.1268012Z # Subtest: a FIFO substituted for source ciphertext is rejected instead of blocking the file reader
quality	Run repository quality gate	2026-10-05T13:34:01.1268906Z ok 40 - a FIFO substituted for source ciphertext is rejected instead of blocking the file reader
quality	Run repository quality gate	2026-10-05T13:34:01.1269576Z   ---
quality	Run repository quality gate	2026-10-05T13:34:01.1269859Z   duration_ms: 6.443727
quality	Run repository quality gate	2026-10-05T13:34:01.1270182Z   type: 'test'
quality	Run repository quality gate	2026-10-05T13:34:01.1270482Z   ...
quality	Run repository quality gate	2026-10-05T13:34:01.1270741Z 1..40
quality	Run repository quality gate	2026-10-05T13:34:01.1271019Z # tests 40
quality	Run repository quality gate	2026-10-05T13:34:01.1271309Z # suites 0
quality	Run repository quality gate	2026-10-05T13:34:01.1271599Z # pass 40
quality	Run repository quality gate	2026-10-05T13:34:01.1272020Z # fail 0
quality	Run repository quality gate	2026-10-05T13:34:01.1272308Z # cancelled 0
quality	Run repository quality gate	2026-10-05T13:34:01.1272776Z # skipped 0
quality	Run repository quality gate	2026-10-05T13:34:01.1273087Z # todo 0
quality	Run repository quality gate	2026-10-05T13:34:01.1273385Z # duration_ms 300.162164
quality	Run repository quality gate	2026-10-05T13:34:01.1274098Z ##[endgroup]
quality	Run repository quality gate	2026-10-05T13:34:01.2355591Z ^[[;31m@crm/db:test^[[;0m
quality	Run repository quality gate	2026-10-05T13:34:01.2356248Z cache miss, executing e49eaf20e685cb10
quality	Run repository quality gate	2026-10-05T13:34:01.2356718Z $ NODE_ENV=test bun test
quality	Run repository quality gate	2026-10-05T13:34:01.2357068Z bun test v1.3.12 (700fc117)
quality	Run repository quality gate	2026-10-05T13:34:01.2357309Z
quality	Run repository quality gate	2026-10-05T13:34:01.2357833Z ##[group]test/images.spec.ts:
quality	Run repository quality gate	2026-10-05T13:34:01.2358398Z (pass) isMirrored > recognises our own store, so a re-run does not re-upload
quality	Run repository quality gate	2026-10-05T13:34:01.2359027Z (pass) isMirrored > does not recognise somebody else's CDN
quality	Run repository quality gate	2026-10-05T13:34:01.2359631Z (pass) isMirrored > is not fooled by a lookalike host
quality	Run repository quality gate	2026-10-05T13:34:01.2360190Z (pass) isMirrored > treats nothing and nonsense as not ours
quality	Run repository quality gate	2026-10-05T13:34:01.2360621Z (pass) isOptimizable > passes a raster we minted
quality	Run repository quality gate	2026-10-05T13:34:01.2361022Z (pass) isOptimizable > refuses an SVG even though it is ours
quality	Run repository quality gate	2026-10-05T13:34:01.2361431Z (pass) isOptimizable > refuses an ico, which the optimizer cannot serve
quality	Run repository quality gate	2026-10-05T13:34:01.2362049Z (pass) isOptimizable > refuses anything we did not mint, whatever its extension [1.00ms]
quality	Run repository quality gate	2026-10-05T13:34:01.2362684Z (pass) isOptimizable > refuses a URL with no extension to read
quality	Run repository quality gate	2026-10-05T13:34:01.2363121Z (pass) COMPANY_IMAGE_FIELDS > names every artwork column and nothing else
quality	Run repository quality gate	2026-10-05T13:34:01.2363386Z
quality	Run repository quality gate	2026-10-05T13:34:01.2363674Z ##[endgroup]
quality	Run repository quality gate	2026-10-05T13:34:01.2363791Z
quality	Run repository quality gate	2026-10-05T13:34:01.2364062Z ##[group]test/workspace-slug.spec.ts:
quality	Run repository quality gate	2026-10-05T13:34:01.2364432Z (pass) workspaceSlug > is the company name a rep can read in the address bar
quality	Run repository quality gate	2026-10-05T13:34:01.2364922Z (pass) workspaceSlug > keeps the punctuation out of the URL rather than escaping it
quality	Run repository quality gate	2026-10-05T13:34:01.2365394Z (pass) workspaceSlug > never collides with a route the app already serves
quality	Run repository quality gate	2026-10-05T13:34:01.2365852Z (pass) workspaceSlug > falls back rather than producing an empty segment
quality	Run repository quality gate	2026-10-05T13:34:01.2366398Z (pass) workspaceSlug > is bounded, and never ends on the dash the cut left behind
quality	Run repository quality gate	2026-10-05T13:34:01.2366917Z 43 | 		expect(slug).toHaveLength(MAX_SLUG);
quality	Run repository quality gate	2026-10-05T13:34:01.2367342Z 44 | 		expect(slug.endsWith("-")).toBe(false);
quality	Run repository quality gate	2026-10-05T13:34:01.2367614Z 45 | 	});
quality	Run repository quality gate	2026-10-05T13:34:01.2367810Z 46 |
quality	Run repository quality gate	2026-10-05T13:34:01.2368052Z 47 | 	it("gives one name one answer, whoever asks", () => {
quality	Run repository quality gate	2026-10-05T13:34:01.2368440Z 48 | 		expect(workspaceSlug("CRM")).toBe(workspaceSlug("comp  ai"));
quality	Run repository quality gate	2026-10-05T13:34:01.2368784Z                                     ^
quality	Run repository quality gate	2026-10-05T13:34:01.2369059Z error: expect(received).toBe(expected)
quality	Run repository quality gate	2026-10-05T13:34:01.2369239Z
quality	Run repository quality gate	2026-10-05T13:34:01.2369341Z Expected: "comp-ai"
quality	Run repository quality gate	2026-10-05T13:34:01.2369563Z Received: "crm"
quality	Run repository quality gate	2026-10-05T13:34:01.2369693Z
quality	Run repository quality gate	2026-10-05T13:34:01.2369996Z       at <anonymous> (/home/runner/work/tayvero/tayvero/packages/db/test/workspace-slug.spec.ts:48:32)
quality	Run repository quality gate	2026-10-05T13:34:01.2370348Z
quality	Run repository quality gate	2026-10-05T13:34:01.2406028Z ##[error]Expected: "comp-ai"
quality	Run repository quality gate	Received: "crm"
quality	Run repository quality gate
quality	Run repository quality gate	      at <anonymous> (/home/runner/work/tayvero/tayvero/packages/db/test/workspace-slug.spec.ts:48:32)
quality	Run repository quality gate	2026-10-05T13:34:01.2415995Z (fail) workspaceSlug > gives one name one answer, whoever asks
quality	Run repository quality gate	2026-10-05T13:34:01.2416480Z
quality	Run repository quality gate	2026-10-05T13:34:01.2416934Z ##[endgroup]
quality	Run repository quality gate	2026-10-05T13:34:01.2417119Z
quality	Run repository quality gate	2026-10-05T13:34:01.2417524Z ##[group]test/workspace-onboarded.spec.ts:
quality	Run repository quality gate	2026-10-05T13:34:01.2418101Z (pass) isOnboarded > is false for a workspace nobody has answered for
quality	Run repository quality gate	2026-10-05T13:34:01.2418747Z (pass) isOnboarded > is true once the timestamp is in the metadata
quality	Run repository quality gate	2026-10-05T13:34:01.2419438Z (pass) isOnboarded > does not throw on metadata written by something else
quality	Run repository quality gate	2026-10-05T13:34:01.2420058Z (pass) markOnboarded > records the moment the form was answered [1.00ms]
quality	Run repository quality gate	2026-10-05T13:34:01.2420682Z (pass) markOnboarded > keeps the first answer, so saving settings again does not move it
quality	Run repository quality gate	2026-10-05T13:34:01.2421289Z (pass) markOnboarded > leaves metadata the plugin owns alone
quality	Run repository quality gate	2026-10-05T13:34:01.2421886Z
quality	Run repository quality gate	2026-10-05T13:34:01.2422180Z ##[endgroup]
quality	Run repository quality gate	2026-10-05T13:34:01.2422332Z
quality	Run repository quality gate	2026-10-05T13:34:01.2423268Z ##[group]test/attribution.spec.ts:
quality	Run repository quality gate	2026-10-05T13:34:01.2423813Z (pass) a touch with utm parameters > takes the campaign the marketer named, verbatim
quality	Run repository quality gate	2026-10-05T13:34:01.2424466Z (pass) a touch with utm parameters > beats the referrer, because the marketer was explicit
quality	Run repository quality gate	2026-10-05T13:34:01.2425168Z (pass) a touch with utm parameters > folds the paid aliases onto one medium
quality	Run repository quality gate	2026-10-05T13:34:01.2425865Z (pass) a touch with utm parameters > keeps an unknown medium out of the vocabulary
quality	Run repository quality gate	2026-10-05T13:34:01.2426580Z (pass) a touch with only a referrer > names the search engine and calls it organic [1.00ms]
quality	Run repository quality gate	2026-10-05T13:34:01.2427148Z (pass) a touch with only a referrer > names the social network and calls it social [1.00ms]
quality	Run repository quality gate	2026-10-05T13:34:01.2427709Z (pass) a touch with only a referrer > calls a webmail host email, not the search engine it shares a name with
quality	Run repository quality gate	2026-10-05T13:34:01.2428295Z (pass) a touch with only a referrer > never trusts a host that merely contains a provider's name
quality	Run repository quality gate	2026-10-05T13:34:01.2428858Z (pass) a touch with only a referrer > never trusts a provider's name used as somebody else's subdomain
quality	Run repository quality gate	2026-10-05T13:34:01.2429451Z (pass) a touch with only a referrer > still recognises a provider on a subdomain or a country domain [1.00ms]
quality	Run repository quality gate	2026-10-05T13:34:01.2429991Z (pass) a touch with only a referrer > falls back to the bare host for anything else
quality	Run repository quality gate	2026-10-05T13:34:01.2430462Z (pass) a touch with only a referrer > is direct when there is no referrer at all
quality	Run repository quality gate	2026-10-05T13:34:01.2430910Z (pass) a touch with only a referrer > is direct when the referrer is not a URL
quality	Run repository quality gate	2026-10-05T13:34:01.2431347Z (pass) reading a touch back > reads as source, medium and campaign [1.00ms]
quality	Run repository quality gate	2026-10-05T13:34:01.2431787Z (pass) reading a touch back > does not repeat itself for direct traffic
quality	Run repository quality gate	2026-10-05T13:34:01.2432195Z (pass) reading a touch back > says so when there is nothing to say
quality	Run repository quality gate	2026-10-05T13:34:01.2432442Z
quality	Run repository quality gate	2026-10-05T13:34:01.2432896Z ##[endgroup]
quality	Run repository quality gate	2026-10-05T13:34:01.2433026Z
quality	Run repository quality gate	2026-10-05T13:34:01.2433303Z ##[group]test/test-database.test.mjs:
quality	Run repository quality gate	2026-10-05T13:34:01.2433651Z (pass) test DB never derives a target from DATABASE_URL [2.00ms]
quality	Run repository quality gate	2026-10-05T13:34:01.2434129Z (pass) explicit disposable loopback target is accepted without leaking configuration [1.00ms]
quality	Run repository quality gate	2026-10-05T13:34:01.2434663Z (pass) same DB is rejected despite changed credentials, scheme, port default and query
quality	Run repository quality gate	2026-10-05T13:34:01.2435146Z (pass) remote targets require opt-in and still reject normalized live identity
quality	Run repository quality gate	2026-10-05T13:34:01.2435588Z (pass) unsafe database identifiers and ambiguous paths fail closed
quality	Run repository quality gate	2026-10-05T13:34:01.2436050Z (pass) connection redirection, schema changes and repeated params are rejected [1.00ms]
quality	Run repository quality gate	2026-10-05T13:34:01.2436493Z (pass) invalid URLs do not echo credentials in errors
quality	Run repository quality gate	2026-10-05T13:34:01.2436819Z (pass) reset needs separate explicit consent
quality	Run repository quality gate	2026-10-05T13:34:01.2437250Z (pass) test DB implementation has no implicit live fallback, auto-reset or credential printing
quality	Run repository quality gate	2026-10-05T13:34:01.2437566Z
quality	Run repository quality gate	2026-10-05T13:34:01.2437798Z ##[endgroup]
quality	Run repository quality gate	2026-10-05T13:34:01.2437911Z
quality	Run repository quality gate	2026-10-05T13:34:01.2438317Z ##[group]test/favicon.spec.ts:
quality	Run repository quality gate	2026-10-05T13:34:01.2438664Z (pass) isBlockedAddress > blocks loopback however it is written [1.00ms]
quality	Run repository quality gate	2026-10-05T13:34:01.2439117Z (pass) isBlockedAddress > blocks cloud metadata and the private ranges
quality	Run repository quality gate	2026-10-05T13:34:01.2439506Z (pass) isBlockedAddress > allows public addresses
quality	Run repository quality gate	2026-10-05T13:34:01.2439899Z (pass) isBlockedAddress > blocks anything it cannot parse
quality	Run repository quality gate	2026-10-05T13:34:01.2440224Z
quality	Run repository quality gate	2026-10-05T13:34:01.2440528Z ##[endgroup]
quality	Run repository quality gate	2026-10-05T13:34:01.2440687Z
quality	Run repository quality gate	2026-10-05T13:34:01.2441024Z ##[group]test/money-input.test.mjs:
quality	Run repository quality gate	2026-10-05T13:34:01.2441564Z (pass) decimal money input converts exactly without binary floating-point rounding
quality	Run repository quality gate	2026-10-05T13:34:01.2442484Z (pass) rejects parseFloat-style trailing junk, grouping, exponent, negative and overprecision
quality	Run repository quality gate	2026-10-05T13:34:01.2443922Z (pass) maximum supported amount round trips exactly and overflow is rejected [1.00ms]
quality	Run repository quality gate	2026-10-05T13:34:01.2444745Z (pass) input formatter does not turn absent data into zero or accept corrupt stored cents
quality	Run repository quality gate	2026-10-05T13:34:01.2445180Z
quality	Run repository quality gate	2026-10-05T13:34:01.2445503Z ##[endgroup]
quality	Run repository quality gate	2026-10-05T13:34:01.2445651Z
quality	Run repository quality gate	2026-10-05T13:34:01.2445980Z ##[group]test/tracking.spec.ts:
quality	Run repository quality gate	2026-10-05T13:34:01.2446501Z (pass) a site id > is minted in the shape the loader checks for
quality	Run repository quality gate	2026-10-05T13:34:01.2447007Z (pass) a site id > rejects anything else
quality	Run repository quality gate	2026-10-05T13:34:01.2447600Z (pass) the snippet a rep copies > is one line, so no paste target can eat the newlines
quality	Run repository quality gate	2026-10-05T13:34:01.2448329Z (pass) the snippet a rep copies > keeps a real space between every attribute
quality	Run repository quality gate	2026-10-05T13:34:01.2449018Z (pass) the snippet a rep copies > survives a paste target that trims every line [1.00ms]
quality	Run repository quality gate	2026-10-05T13:34:01.2449728Z (pass) the snippet a rep copies > does not double the slash on a trailing-slash APP_URL
quality	Run repository quality gate	2026-10-05T13:34:01.2450571Z (pass) the snippet a rep pastes into Tag Manager > carries the site id in the URL, where the injector cannot drop it
quality	Run repository quality gate	2026-10-05T13:34:01.2451460Z (pass) the snippet a rep pastes into Tag Manager > carries no data-site, so there is nothing to lose
quality	Run repository quality gate	2026-10-05T13:34:01.2452248Z (pass) finding the tag inside a Tag Manager container > reads the container ids out of a page
quality	Run repository quality gate	2026-10-05T13:34:01.2453053Z (pass) finding the tag inside a Tag Manager container > takes at most two containers, because each one is half a megabyte
quality	Run repository quality gate	2026-10-05T13:34:01.2453700Z (pass) finding the tag inside a Tag Manager container > finds nothing in a page that has no container
quality	Run repository quality gate	2026-10-05T13:34:01.2454369Z (pass) finding the tag inside a Tag Manager container > builds the container URL from the id alone, so nothing user-typed is fetched
quality	Run repository quality gate	2026-10-05T13:34:01.2455067Z (pass) finding the tag inside a Tag Manager container > reports the URL form as the one that survives injection
quality	Run repository quality gate	2026-10-05T13:34:01.2455718Z (pass) finding the tag inside a Tag Manager container > reports the attribute form, which Tag Manager strips on the way in
quality	Run repository quality gate	2026-10-05T13:34:01.2456432Z (pass) finding the tag inside a Tag Manager container > is absent when the container carries a tag for a site id we rotated away from
quality	Run repository quality gate	2026-10-05T13:34:01.2457119Z (pass) finding the tag inside a Tag Manager container > is absent from a container full of somebody else's tags
quality	Run repository quality gate	2026-10-05T13:34:01.2457758Z (pass) whether there is anything to install yet > is not ready with the limit on and no domains
quality	Run repository quality gate	2026-10-05T13:34:01.2458279Z (pass) whether there is anything to install yet > is ready as soon as one domain exists
quality	Run repository quality gate	2026-10-05T13:34:01.2458825Z (pass) whether there is anything to install yet > is ready with the limit off, because every host is allowed
quality	Run repository quality gate	2026-10-05T13:34:01.2459273Z (pass) a domain > is reduced to its host
quality	Run repository quality gate	2026-10-05T13:34:01.2459574Z (pass) a domain > is refused when it is not one
quality	Run repository quality gate	2026-10-05T13:34:01.2460051Z (pass) a page path > drops the query and the fragment so one page is one row [1.00ms]
quality	Run repository quality gate	2026-10-05T13:34:01.2460588Z (pass) a page path > drops a trailing slash so /pricing and /pricing/ are one page
quality	Run repository quality gate	2026-10-05T13:34:01.2461045Z (pass) a page path > falls back to the root when it is not a path
quality	Run repository quality gate	2026-10-05T13:34:01.2461619Z (pass) the allow-list > covers subdomains only where the scope says so
quality	Run repository quality gate	2026-10-05T13:34:01.2462173Z (pass) the allow-list > never matches a host that merely ends the same way
quality	Run repository quality gate	2026-10-05T13:34:01.2462813Z (pass) the allow-list > lets everything through when the limit is off
quality	Run repository quality gate	2026-10-05T13:34:01.2463285Z (pass) the domain an event belongs to > is the parent when the scope covers subdomains
quality	Run repository quality gate	2026-10-05T13:34:01.2463800Z (pass) the domain an event belongs to > is the exact row when that is the whole of the scope
quality	Run repository quality gate	2026-10-05T13:34:01.2464284Z (pass) the domain an event belongs to > is nothing for a host nobody configured
quality	Run repository quality gate	2026-10-05T13:34:01.2464847Z (pass) the domain an event belongs to > prefers the host's own row to the parent that also covers it
quality	Run repository quality gate	2026-10-05T13:34:01.2465473Z (pass) a stored referrer > keeps the page but never the query a secret could sit in
quality	Run repository quality gate	2026-10-05T13:34:01.2465965Z (pass) a stored referrer > is nothing when there was nothing but a query
quality	Run repository quality gate	2026-10-05T13:34:01.2466613Z (pass) the origin check > accepts an allowed origin and refuses the rest
quality	Run repository quality gate	2026-10-05T13:34:01.2467304Z (pass) the origin check > refuses a missing or unparseable origin
quality	Run repository quality gate	2026-10-05T13:34:01.2467929Z (pass) the origin check > refuses a missing origin even with the limit off
quality	Run repository quality gate	2026-10-05T13:34:01.2468493Z (pass) the config hash > does not move when only the order of the domains does [1.00ms]
quality	Run repository quality gate	2026-10-05T13:34:01.2468926Z (pass) the config hash > moves when a setting does
quality	Run repository quality gate	2026-10-05T13:34:01.2469318Z (pass) the submission dedupe key > collapses the same form inside one minute
quality	Run repository quality gate	2026-10-05T13:34:01.2469788Z (pass) the submission dedupe key > separates a different address on the same page
quality	Run repository quality gate	2026-10-05T13:34:01.2470064Z
quality	Run repository quality gate	2026-10-05T13:34:01.2470375Z ##[endgroup]
quality	Run repository quality gate	2026-10-05T13:34:01.2470502Z
quality	Run repository quality gate	2026-10-05T13:34:01.2470767Z ##[group]test/currency.spec.ts:
quality	Run repository quality gate	2026-10-05T13:34:01.2471145Z (pass) normalizeCurrency and isCurrencyCode > accepts a code however a rep typed it
quality	Run repository quality gate	2026-10-05T13:34:01.2471724Z (pass) normalizeCurrency and isCurrencyCode > offers only the eleven currencies most of the world trades in
quality	Run repository quality gate	2026-10-05T13:34:01.2472384Z (pass) normalizeCurrency and isCurrencyCode > refuses a real currency it does not offer, and anything that is not one
quality	Run repository quality gate	2026-10-05T13:34:01.2473329Z (pass) normalizeCurrency and isCurrencyCode > knows the difference between well formed and real
quality	Run repository quality gate	2026-10-05T13:34:01.2473850Z (pass) normalizeCurrency and isCurrencyCode > names the currencies it knows
quality	Run repository quality gate	2026-10-05T13:34:01.2474295Z (pass) minorUnitsOf > knows the currencies that are not two-decimal
quality	Run repository quality gate	2026-10-05T13:34:01.2474746Z (pass) minorUnitsOf > assumes two for anything else, so an amount still round-trips
quality	Run repository quality gate	2026-10-05T13:34:01.2475245Z (pass) resolveRate > answers 1 for the reporting currency itself, without a read [1.00ms]
quality	Run repository quality gate	2026-10-05T13:34:01.2475726Z (pass) resolveRate > prefers a rate entered by hand over a fetched one
quality	Run repository quality gate	2026-10-05T13:34:01.2476169Z (pass) resolveRate > falls back to the fetched rate when nobody has overridden it
quality	Run repository quality gate	2026-10-05T13:34:01.2476613Z (pass) resolveRate > is null when there is nowhere to get a rate
quality	Run repository quality gate	2026-10-05T13:34:01.2477030Z (pass) resolveRate > refuses a nonsense rate rather than converting with it
quality	Run repository quality gate	2026-10-05T13:34:01.2478489Z ##[error]command (/home/runner/work/tayvero/tayvero/packages/db) /home/runner/.bun/bin/bun run test exited (1)
quality	Run repository quality gate	2026-10-05T13:34:01.2479696Z @crm/db#test:  ERROR  command (/home/runner/work/tayvero/tayvero/packages/db) /home/runner/.bun/bin/bun run test exited (1)
quality	Run repository quality gate	2026-10-05T13:34:01.2480250Z  ERROR  run failed: command  exited (1)
quality	Run repository quality gate	2026-10-05T13:34:01.2480573Z error: script "test" exited with code 1
quality	Run repository quality gate	2026-10-05T13:34:01.2480955Z (pass) resolveRate > is null for a currency that is not a currency [1.00ms]
quality	Run repository quality gate	2026-10-05T13:34:01.2481364Z (pass) applyRate > converts into the reporting currency
quality	Run repository quality gate	2026-10-05T13:34:01.2481789Z (pass) applyRate > rounds to the reporting currency's own decimals, not to two
quality	Run repository quality gate	2026-10-05T13:34:01.2482287Z (pass) applyRate > carries the rate and its date onto the record, so a total is reproducible
quality	Run repository quality gate	2026-10-05T13:34:01.2482975Z
quality	Run repository quality gate	2026-10-05T13:34:01.2483248Z ##[endgroup]
quality	Run repository quality gate	2026-10-05T13:34:01.2483372Z
quality	Run repository quality gate	2026-10-05T13:34:01.2483617Z ##[group]test/fields.spec.ts:
quality	Run repository quality gate	2026-10-05T13:34:01.2483893Z (pass) fieldKeyFromLabel > slugs a label
quality	Run repository quality gate	2026-10-05T13:34:01.2484233Z (pass) fieldKeyFromLabel > never starts with a digit
quality	Run repository quality gate	2026-10-05T13:34:01.2484649Z (pass) fieldKeyFromLabel > steps around keys the record shape already uses
quality	Run repository quality gate	2026-10-05T13:34:01.2485183Z (pass) fieldKeyFromLabel > steps around the sentinel the fields sheet opens the create form with
quality	Run repository quality gate	2026-10-05T13:34:01.2485711Z (pass) columnFor > routes every type to one storage column
quality	Run repository quality gate	2026-10-05T13:34:01.2486078Z (pass) recordColumn > maps an entity to its foreign key
quality	Run repository quality gate	2026-10-05T13:34:01.2486385Z (pass) coerceValue > trims text
quality	Run repository quality gate	2026-10-05T13:34:01.2486811Z (pass) coerceValue > clears an optional field when the value is blank
quality	Run repository quality gate	2026-10-05T13:34:01.2487197Z (pass) coerceValue > refuses to clear a required field
quality	Run repository quality gate	2026-10-05T13:34:01.2487569Z (pass) coerceValue > takes numbers as numbers or strings [1.00ms]
quality	Run repository quality gate	2026-10-05T13:34:01.2487946Z (pass) coerceValue > reads a plain date as UTC midnight
quality	Run repository quality gate	2026-10-05T13:34:01.2488484Z (pass) coerceValue > takes a checkbox as a boolean or its string
quality	Run repository quality gate	2026-10-05T13:34:01.2489007Z (pass) coerceValue > resolves a select by id or by label, and rejects anything else
quality	Run repository quality gate	2026-10-05T13:34:01.2489428Z (pass) readValue > reads each type back out of its column
quality	Run repository quality gate	2026-10-05T13:34:01.2489785Z (pass) readValue > is null when the record has no row
quality	Run repository quality gate	2026-10-05T13:34:01.2490159Z (pass) serializeField > drops archived options and orders the rest
quality	Run repository quality gate	2026-10-05T13:34:01.2490611Z (pass) attachValues > orders by position, hides archived fields and fills in values
quality	Run repository quality gate	2026-10-05T13:34:01.2490894Z
quality	Run repository quality gate	2026-10-05T13:34:01.2491147Z ##[endgroup]
quality	Run repository quality gate	2026-10-05T13:34:01.2491300Z
quality	Run repository quality gate	2026-10-05T13:34:01.2491410Z 1 tests failed:
quality	Run repository quality gate	2026-10-05T13:34:01.2491801Z (fail) workspaceSlug > gives one name one answer, whoever asks
quality	Run repository quality gate	2026-10-05T13:34:01.2492179Z
quality	Run repository quality gate	2026-10-05T13:34:01.2492308Z  127 pass
quality	Run repository quality gate	2026-10-05T13:34:01.2492854Z  1 fail
quality	Run repository quality gate	2026-10-05T13:34:01.2493127Z  299 expect() calls
quality	Run repository quality gate	2026-10-05T13:34:01.2493430Z Ran 128 tests across 10 files. [111.00ms]
quality	Run repository quality gate	2026-10-05T13:34:01.2493759Z error: script "test" exited with code 1
quality	Run repository quality gate	2026-10-05T13:34:01.2494030Z
quality	Run repository quality gate	2026-10-05T13:34:01.2494181Z  Tasks:    10 successful, 11 total
quality	Run repository quality gate	2026-10-05T13:34:01.2494542Z Cached:    1 cached, 11 total
quality	Run repository quality gate	2026-10-05T13:34:01.2494794Z   Time:    1.657s
quality	Run repository quality gate	2026-10-05T13:34:01.2495012Z Failed:    @crm/db#test
quality	Run repository quality gate	2026-10-05T13:34:01.2495152Z
quality	Run repository quality gate	2026-10-05T13:34:01.2495293Z error: script "quality:gate" exited with code 1
quality	Run repository quality gate	2026-10-05T13:34:01.2497660Z ##[error]Process completed with exit code 1.
quality	Preserve acceptance reports and logs	﻿2026-10-05T13:34:01.2574501Z ##[group]Run actions/upload-artifact@v4
quality	Preserve acceptance reports and logs	2026-10-05T13:34:01.2574790Z with:
quality	Preserve acceptance reports and logs	2026-10-05T13:34:01.2575048Z   name: postgres-quality-evidence-37317562464-1
quality	Preserve acceptance reports and logs	2026-10-05T13:34:01.2575363Z   path: docs/quality/generated-*
quality	Preserve acceptance reports and logs	2026-10-05T13:34:01.2575633Z   if-no-files-found: warn
quality	Preserve acceptance reports and logs	2026-10-05T13:34:01.2575871Z   retention-days: 14
quality	Preserve acceptance reports and logs	2026-10-05T13:34:01.2576122Z   compression-level: 6
quality	Preserve acceptance reports and logs	2026-10-05T13:34:01.2576345Z   overwrite: false
quality	Preserve acceptance reports and logs	2026-10-05T13:34:01.2576569Z   include-hidden-files: false
quality	Preserve acceptance reports and logs	2026-10-05T13:34:01.2576809Z env:
quality	Preserve acceptance reports and logs	2026-10-05T13:34:01.2576996Z   CI: true
quality	Preserve acceptance reports and logs	2026-10-05T13:34:01.2577207Z   CRM_TELEMETRY_DISABLED: true
quality	Preserve acceptance reports and logs	2026-10-05T13:34:01.2577531Z   DATABASE_URL: [REDACTED_DATABASE_URL]
quality	Preserve acceptance reports and logs	2026-10-05T13:34:01.2577953Z   TEST_DATABASE_URL: [REDACTED_DATABASE_URL]
quality	Preserve acceptance reports and logs	2026-10-05T13:34:01.2578322Z   ALLOWED_SIGN_IN: example.test
quality	Preserve acceptance reports and logs	2026-10-05T13:34:01.2578601Z   CREDENTIAL_VAULT_ACTIVE_KEY_ID: ci-ephemeral
quality	Preserve acceptance reports and logs	2026-10-05T13:34:01.2578903Z   CREDENTIAL_VAULT_ENFORCE: true
quality	Preserve acceptance reports and logs	2026-10-05T13:34:01.2579399Z   BETTER_AUTH_SECRET: ***
quality	Preserve acceptance reports and logs	2026-10-05T13:34:01.2579782Z   AGENT_BRIDGE_SECRET: ***
quality	Preserve acceptance reports and logs	2026-10-05T13:34:01.2580193Z   CREDENTIAL_VAULT_KEYS: ***
quality	Preserve acceptance reports and logs	2026-10-05T13:34:01.2580431Z ##[endgroup]
quality	Preserve acceptance reports and logs	2026-10-05T13:34:01.4209124Z (node:4897) [DEP0040] DeprecationWarning: The `punycode` module is deprecated. Please use a userland alternative instead.
quality	Preserve acceptance reports and logs	2026-10-05T13:34:01.4210091Z (Use `node --trace-deprecation ...` to show where the warning was created)
quality	Preserve acceptance reports and logs	2026-10-05T13:34:01.4339246Z With the provided path, there will be 32 files uploaded
quality	Preserve acceptance reports and logs	2026-10-05T13:34:01.4340376Z Artifact name is valid!
quality	Preserve acceptance reports and logs	2026-10-05T13:34:01.4340882Z Root directory input is valid!
quality	Preserve acceptance reports and logs	2026-10-05T13:34:01.7633729Z Beginning upload of artifact content to blob storage
quality	Preserve acceptance reports and logs	2026-10-05T13:34:01.8393159Z (node:4897) [DEP0169] DeprecationWarning: `url.parse()` behavior is not standardized and prone to errors that have security implications. Use the WHATWG URL API instead. CVEs are not issued for `url.parse()` vulnerabilities.
quality	Preserve acceptance reports and logs	2026-10-05T13:34:02.1857687Z Uploaded bytes 211992
quality	Preserve acceptance reports and logs	2026-10-05T13:34:02.2440341Z Finished uploading artifact content to blob storage!
quality	Preserve acceptance reports and logs	2026-10-05T13:34:02.2441423Z SHA256 digest of uploaded artifact zip is e13f65b86c9e32c8f2ec6e82a7c69559e19fae763e094f846880f34842d6b413
quality	Preserve acceptance reports and logs	2026-10-05T13:34:02.2443322Z Finalizing artifact upload
quality	Preserve acceptance reports and logs	2026-10-05T13:34:02.5256095Z Artifact postgres-quality-evidence-37317562464-1.zip successfully finalized. Artifact ID 11349200553
quality	Preserve acceptance reports and logs	2026-10-05T13:34:02.5257356Z Artifact postgres-quality-evidence-37317562464-1 has been successfully uploaded! Final size is 211992 bytes. Artifact ID is 11349200553
quality	Preserve acceptance reports and logs	2026-10-05T13:34:02.5263731Z Artifact download URL: https://github.com/SamandarMansurkhodjaev2713/tayvero/actions/runs/37317562464/artifacts/11349200553
quality	Post Checkout	﻿2026-10-05T13:34:02.5427166Z Post job cleanup.
quality	Post Checkout	2026-10-05T13:34:02.6283466Z [command]/usr/bin/git version
quality	Post Checkout	2026-10-05T13:34:02.6319524Z git version 2.55.0
quality	Post Checkout	2026-10-05T13:34:02.6352186Z Temporarily overriding HOME='/home/runner/work/_temp/88ec69f3-696d-4b42-adc2-6eb1fa4b4f31' before making global git config changes
quality	Post Checkout	2026-10-05T13:34:02.6353518Z Adding repository directory to the temporary git global config as a safe directory
quality	Post Checkout	2026-10-05T13:34:02.6358430Z [command]/usr/bin/git config --global --add safe.directory /home/runner/work/tayvero/tayvero
quality	Post Checkout	2026-10-05T13:34:02.6394613Z [command]/usr/bin/git config --local --name-only --get-regexp core\.sshCommand
quality	Post Checkout	2026-10-05T13:34:02.6426366Z [command]/usr/bin/git submodule foreach --recursive sh -c "git config --local --name-only --get-regexp 'core\.sshCommand' && git config --local --unset-all 'core.sshCommand' || :"
quality	Post Checkout	2026-10-05T13:34:02.6631580Z [command]/usr/bin/git config --local --name-only --get-regexp http\.https\:\/\/github\.com\/\.extraheader
quality	Post Checkout	2026-10-05T13:34:02.6657469Z http.https://github.com/.extraheader
quality	Post Checkout	2026-10-05T13:34:02.6667243Z [command]/usr/bin/git config --local --unset-all http.https://github.com/.extraheader
quality	Post Checkout	2026-10-05T13:34:02.6700063Z [command]/usr/bin/git submodule foreach --recursive sh -c "git config --local --name-only --get-regexp 'http\.https\:\/\/github\.com\/\.extraheader' && git config --local --unset-all 'http.https://github.com/.extraheader' || :"
quality	Post Checkout	2026-10-05T13:34:02.6909598Z [command]/usr/bin/git config --local --name-only --get-regexp ^includeIf\.gitdir:
quality	Post Checkout	2026-10-05T13:34:02.6940033Z [command]/usr/bin/git submodule foreach --recursive git config --local --show-origin --name-only --get-regexp remote.origin.url
quality	Stop containers	﻿2026-10-05T13:34:02.7239863Z Print service container logs: dd2fb2d22fbe4583a2387439a934dcd8_postgres16_721a23
quality	Stop containers	2026-10-05T13:34:02.7244839Z ##[command]/usr/bin/docker logs --details a27629d29f70af7a5cae8c43a67f78ca83b581e3767fbff7540157eb9f87583d
quality	Stop containers	2026-10-05T13:34:02.7387230Z  ********************************************************************************
quality	Stop containers	2026-10-05T13:34:02.7387999Z  WARNING: POSTGRES_HOST_AUTH_METHOD has been set to "trust". This will allow
quality	Stop containers	2026-10-05T13:34:02.7388931Z           anyone with access to the Postgres port to access your database without
quality	Stop containers	2026-10-05T13:34:02.7389755Z           a password, even if POSTGRES_PASSWORD is set. See PostgreSQL
quality	Stop containers	2026-10-05T13:34:02.7390195Z           documentation about "trust":
quality	Stop containers	2026-10-05T13:34:02.7390638Z           https://www.postgresql.org/docs/current/auth-trust.html
quality	Stop containers	2026-10-05T13:34:02.7391106Z           In Docker's default configuration, this is effectively any other
quality	Stop containers	2026-10-05T13:34:02.7391781Z           container on the same system.
quality	Stop containers	2026-10-05T13:34:02.7392108Z
quality	Stop containers	2026-10-05T13:34:02.7392721Z           It is not recommended to use POSTGRES_HOST_AUTH_METHOD=trust. Replace
quality	Stop containers	2026-10-05T13:34:02.7393270Z           it with "-e POSTGRES_PASSWORD=password" instead to set a password in
quality	Stop containers	2026-10-05T13:34:02.7393647Z           "docker run".
quality	Stop containers	2026-10-05T13:34:02.7393918Z  ********************************************************************************
quality	Stop containers	2026-10-05T13:34:02.7394322Z  initdb: warning: enabling "trust" authentication for local connections
quality	Stop containers	2026-10-05T13:34:02.7415714Z  initdb: hint: You can change this by editing pg_hba.conf or using the option -A, or --auth-local and --auth-host, the next time you run initdb.
quality	Stop containers	2026-10-05T13:34:02.7417138Z  2026-10-05 13:32:31.243 UTC [1] LOG:  starting PostgreSQL 16.15 (Debian 16.15-1.pgdg13+2) on x86_64-pc-linux-gnu, compiled by gcc (Debian 14.2.0-19) 14.2.0, 64-bit
quality	Stop containers	2026-10-05T13:34:02.7417910Z  2026-10-05 13:32:31.243 UTC [1] LOG:  listening on IPv4 address "0.0.0.0", port 5432
quality	Stop containers	2026-10-05T13:34:02.7418431Z  2026-10-05 13:32:31.243 UTC [1] LOG:  listening on IPv6 address "::", port 5432
quality	Stop containers	2026-10-05T13:34:02.7418950Z  2026-10-05 13:32:31.244 UTC [1] LOG:  listening on Unix socket "/var/run/postgresql/.s.PGSQL.5432"
quality	Stop containers	2026-10-05T13:34:02.7419562Z  2026-10-05 13:32:31.246 UTC [65] LOG:  database system was shut down at 2026-10-05 13:32:31 UTC
quality	Stop containers	2026-10-05T13:34:02.7420113Z  2026-10-05 13:32:31.250 UTC [1] LOG:  database system is ready to accept connections
quality	Stop containers	2026-10-05T13:34:02.7420659Z  2026-10-05 13:33:10.200 UTC [135] ERROR:  could not serialize access due to concurrent update
quality	Stop containers	2026-10-05T13:34:02.7421820Z  2026-10-05 13:33:10.200 UTC [135] STATEMENT:  UPDATE "public"."crm_migration_source" SET "version" = ("public"."crm_migration_source"."version" + $1) WHERE ("public"."crm_migration_source"."workspace_id" = $2 AND "public"."crm_migration_source"."id" = $3 AND "public"."crm_migration_source"."version" = $4)
quality	Stop containers	2026-10-05T13:34:02.7423626Z  The files belonging to this database system will be owned by user "postgres".
quality	Stop containers	2026-10-05T13:34:02.7424252Z  2026-10-05 13:33:10.249 UTC [134] ERROR:  could not serialize access due to concurrent update
quality	Stop containers	2026-10-05T13:34:02.7425710Z  2026-10-05 13:33:10.249 UTC [134] STATEMENT:  UPDATE "public"."crm_migration_job" SET "status" = CAST($1::text AS "public"."CrmMigrationJobStatus"), "version" = $2, "total_rows" = $3, "accepted_rows" = $4, "rejected_rows" = $5, "warning_count" = $6, "last_completed_batch" = $7, "updated_at" = $8 WHERE ("public"."crm_migration_job"."workspace_id" = $9 AND "public"."crm_migration_job"."id" = $10 AND "public"."crm_migration_job"."version" = $11)
quality	Stop containers	2026-10-05T13:34:02.7427089Z  2026-10-05 13:33:10.258 UTC [134] ERROR:  could not serialize access due to concurrent update
quality	Stop containers	2026-10-05T13:34:02.7428496Z  2026-10-05 13:33:10.258 UTC [134] STATEMENT:  UPDATE "public"."crm_migration_batch" SET "status" = $1, "attempt_count" = $2, "imported_count" = $3, "rejected_count" = $4, "lease_owner" = $5, "lease_expires_at" = $6, "completed_at" = $7, "version" = $8, "updated_at" = $9 WHERE ("public"."crm_migration_batch"."workspace_id" = $10 AND "public"."crm_migration_batch"."job_id" = $11 AND "public"."crm_migration_batch"."batch_index" = $12 AND "public"."crm_migration_batch"."version" = $13)
quality	Stop containers	2026-10-05T13:34:02.7430264Z  2026-10-05 13:33:10.271 UTC [135] ERROR:  could not serialize access due to read/write dependencies among transactions
quality	Stop containers	2026-10-05T13:34:02.7430935Z  2026-10-05 13:33:10.271 UTC [135] DETAIL:  Reason code: Canceled on identification as a pivot, during conflict out checking.
quality	Stop containers	2026-10-05T13:34:02.7431505Z  2026-10-05 13:33:10.271 UTC [135] HINT:  The transaction might succeed if retried.
quality	Stop containers	2026-10-05T13:34:02.7432311Z  2026-10-05 13:33:10.271 UTC [135] CONTEXT:  SQL statement "SELECT 1 FROM ONLY "public"."crm_migration_job" x WHERE "workspace_id" OPERATOR(pg_catalog.=) $1 AND "id" OPERATOR(pg_catalog.=) $2 FOR KEY SHARE OF x"
quality	Stop containers	2026-10-05T13:34:02.7435386Z  2026-10-05 13:33:10.271 UTC [135] STATEMENT:  INSERT INTO "public"."crm_migration_row_receipt" ("id","workspace_id","job_id","row_number","batch_index","fingerprint","entity_type","entity_id","status","code","record_updated_at","created_at") VALUES ($1,$2,$3,$4,$5,$6,$7,$8,$9,$10,$11,$12) RETURNING "public"."crm_migration_row_receipt"."id", "public"."crm_migration_row_receipt"."workspace_id", "public"."crm_migration_row_receipt"."job_id", "public"."crm_migration_row_receipt"."row_number", "public"."crm_migration_row_receipt"."batch_index", "public"."crm_migration_row_receipt"."fingerprint", "public"."crm_migration_row_receipt"."entity_type", "public"."crm_migration_row_receipt"."entity_id", "public"."crm_migration_row_receipt"."status", "public"."crm_migration_row_receipt"."code", "public"."crm_migration_row_receipt"."record_updated_at", "public"."crm_migration_row_receipt"."rolled_back_at", "public"."crm_migration_row_receipt"."created_at"
quality	Stop containers	2026-10-05T13:34:02.7438093Z  2026-10-05 13:33:10.405 UTC [134] ERROR:  could not serialize access due to concurrent update
quality	Stop containers	2026-10-05T13:34:02.7439246Z  2026-10-05 13:33:10.405 UTC [134] STATEMENT:  UPDATE "public"."crm_migration_job" SET "version" = $1, "updated_at" = $2 WHERE ("public"."crm_migration_job"."id" = $3 AND "public"."crm_migration_job"."workspace_id" = $4 AND "public"."crm_migration_job"."version" = $5 AND "public"."crm_migration_job"."status" = CAST($6::text AS "public"."CrmMigrationJobStatus"))
quality	Stop containers	2026-10-05T13:34:02.7440393Z  2026-10-05 13:33:10.430 UTC [135] ERROR:  could not serialize access due to concurrent update
quality	Stop containers	2026-10-05T13:34:02.7441719Z  2026-10-05 13:33:10.430 UTC [135] STATEMENT:  UPDATE "public"."crm_migration_job" SET "status" = CAST($1::text AS "public"."CrmMigrationJobStatus"), "version" = $2, "total_rows" = $3, "accepted_rows" = $4, "rejected_rows" = $5, "warning_count" = $6, "last_completed_batch" = $7, "updated_at" = $8 WHERE ("public"."crm_migration_job"."workspace_id" = $9 AND "public"."crm_migration_job"."id" = $10 AND "public"."crm_migration_job"."version" = $11)
quality	Stop containers	2026-10-05T13:34:02.7443449Z  2026-10-05 13:33:10.486 UTC [134] ERROR:  insert or update on table "crm_migration_job" violates foreign key constraint "crm_migration_job_workspace_id_source_id_fkey"
quality	Stop containers	2026-10-05T13:34:02.7444491Z  2026-10-05 13:33:10.486 UTC [134] DETAIL:  Key (workspace_id, source_id)=(wrong-c0ec0650-fc9e-4eb0-acec-e128cc94ba61, e962c9d210acf0497207f350acfece74) is not present in table "crm_migration_source".
quality	Stop containers	2026-10-05T13:34:02.7448296Z  2026-10-05 13:33:10.486 UTC [134] STATEMENT:  UPDATE "public"."crm_migration_job" SET "workspace_id" = $1, "updated_at" = $2 WHERE ("public"."crm_migration_job"."id" = $3 AND 1=1) RETURNING "public"."crm_migration_job"."id", "public"."crm_migration_job"."background_enabled", "public"."crm_migration_job"."background_requested_by_id", "public"."crm_migration_job"."background_version", "public"."crm_migration_job"."background_next_attempt_at", "public"."crm_migration_job"."background_failure_count", "public"."crm_migration_job"."background_last_error_code", "public"."crm_migration_job"."source_id", "public"."crm_migration_job"."workspace_id", "public"."crm_migration_job"."created_by_id", "public"."crm_migration_job"."entity_type", "public"."crm_migration_job"."source_format", "public"."crm_migration_job"."source_filename", "public"."crm_migration_job"."source_sha256", "public"."crm_migration_job"."status"::text, "public"."crm_migration_job"."mapping", "public"."crm_migration_job"."total_rows", "public"."crm_migration_job"."accepted_rows", "public"."crm_migration_job"."rejected_rows", "public"."crm_migration_job"."warning_count", "public"."crm_migration_job"."last_completed_batch", "public"."crm_migration_job"."version", "public"."crm_migration_job"."created_at", "public"."crm_migration_job"."updated_at"
quality	Stop containers	2026-10-05T13:34:02.7452186Z  2026-10-05 13:33:10.530 UTC [135] ERROR:  duplicate key value violates unique constraint "crm_migration_receipt_row_key"
quality	Stop containers	2026-10-05T13:34:02.7453186Z  2026-10-05 13:33:10.530 UTC [135] DETAIL:  Key (workspace_id, job_id, row_number)=(ops-test-c0ec0650-fc9e-4eb0-acec-e128cc94ba61, mj_ddd7aa2ce9a26dec38562d387a2ec1ed15595416, 2) already exists.
quality	Stop containers	2026-10-05T13:34:02.7456180Z  2026-10-05 13:33:10.530 UTC [135] STATEMENT:  INSERT INTO "public"."crm_migration_row_receipt" ("id","workspace_id","job_id","row_number","batch_index","fingerprint","entity_type","entity_id","status","code","record_updated_at","rolled_back_at","created_at") VALUES ($1,$2,$3,$4,$5,$6,$7,$8,$9,$10,$11,$12,$13) RETURNING "public"."crm_migration_row_receipt"."id", "public"."crm_migration_row_receipt"."workspace_id", "public"."crm_migration_row_receipt"."job_id", "public"."crm_migration_row_receipt"."row_number", "public"."crm_migration_row_receipt"."batch_index", "public"."crm_migration_row_receipt"."fingerprint", "public"."crm_migration_row_receipt"."entity_type", "public"."crm_migration_row_receipt"."entity_id", "public"."crm_migration_row_receipt"."status", "public"."crm_migration_row_receipt"."code", "public"."crm_migration_row_receipt"."record_updated_at", "public"."crm_migration_row_receipt"."rolled_back_at", "public"."crm_migration_row_receipt"."created_at"
quality	Stop containers	2026-10-05T13:34:02.7458934Z  2026-10-05 13:33:10.540 UTC [136] ERROR:  duplicate key value violates unique constraint "crm_migration_receipt_row_key"
quality	Stop containers	2026-10-05T13:34:02.7459806Z  2026-10-05 13:33:10.540 UTC [136] DETAIL:  Key (workspace_id, job_id, row_number)=(ops-test-c0ec0650-fc9e-4eb0-acec-e128cc94ba61, mj_ddd7aa2ce9a26dec38562d387a2ec1ed15595416, 2) already exists.
quality	Stop containers	2026-10-05T13:34:02.7462816Z  2026-10-05 13:33:10.540 UTC [136] STATEMENT:  INSERT INTO "public"."crm_migration_row_receipt" ("id","workspace_id","job_id","row_number","batch_index","fingerprint","entity_type","entity_id","status","code","record_updated_at","rolled_back_at","created_at") VALUES ($1,$2,$3,$4,$5,$6,$7,$8,$9,$10,$11,$12,$13) RETURNING "public"."crm_migration_row_receipt"."id", "public"."crm_migration_row_receipt"."workspace_id", "public"."crm_migration_row_receipt"."job_id", "public"."crm_migration_row_receipt"."row_number", "public"."crm_migration_row_receipt"."batch_index", "public"."crm_migration_row_receipt"."fingerprint", "public"."crm_migration_row_receipt"."entity_type", "public"."crm_migration_row_receipt"."entity_id", "public"."crm_migration_row_receipt"."status", "public"."crm_migration_row_receipt"."code", "public"."crm_migration_row_receipt"."record_updated_at", "public"."crm_migration_row_receipt"."rolled_back_at", "public"."crm_migration_row_receipt"."created_at"
quality	Stop containers	2026-10-05T13:34:02.7465546Z  2026-10-05 13:33:10.710 UTC [137] ERROR:  could not serialize access due to concurrent update
quality	Stop containers	2026-10-05T13:34:02.7467365Z  2026-10-05 13:33:10.710 UTC [137] STATEMENT:  UPDATE "public"."GovernedActionApproval" SET "status" = $1, "approvedById" = $2, "decidedById" = $3, "decidedAt" = $4, "decisionReason" = $5, "updatedAt" = $6, "version" = ("public"."GovernedActionApproval"."version" + $7) WHERE ("public"."GovernedActionApproval"."id" = $8 AND "public"."GovernedActionApproval"."workspaceId" = $9 AND "public"."GovernedActionApproval"."version" = $10 AND "public"."GovernedActionApproval"."status" = $11 AND "public"."GovernedActionApproval"."payloadDigest" = $12 AND "public"."GovernedActionApproval"."consumedAt" IS NULL)
quality	Stop containers	2026-10-05T13:34:02.7469206Z  2026-10-05 13:33:10.725 UTC [136] ERROR:  could not serialize access due to concurrent update
quality	Stop containers	2026-10-05T13:34:02.7470875Z  2026-10-05 13:33:10.725 UTC [136] STATEMENT:  UPDATE "public"."GovernedActionApproval" SET "status" = $1, "consumedAt" = $2, "consumedById" = $3, "updatedAt" = $4, "version" = ("public"."GovernedActionApproval"."version" + $5) WHERE ("public"."GovernedActionApproval"."id" = $6 AND "public"."GovernedActionApproval"."workspaceId" = $7 AND "public"."GovernedActionApproval"."status" = $8 AND "public"."GovernedActionApproval"."version" = $9 AND "public"."GovernedActionApproval"."consumedAt" IS NULL AND "public"."GovernedActionApproval"."expiresAt" > $10)
quality	Stop containers	2026-10-05T13:34:02.7472674Z  2026-10-05 13:33:10.804 UTC [137] ERROR:  could not serialize access due to concurrent update
quality	Stop containers	2026-10-05T13:34:02.7474224Z  2026-10-05 13:33:10.804 UTC [137] STATEMENT:  UPDATE "public"."agentRun" SET "status" = CAST($1::text AS "public"."AgentRunStatus"), "approvalWaitStartedAt" = $2, "approvalExecutionDeadlineAt" = $3 WHERE ("public"."agentRun"."id" = $4 AND "public"."agentRun"."status" = CAST($5::text AS "public"."AgentRunStatus") AND "public"."agentRun"."versionId" = $6 AND "public"."agentRun"."sessionId" = $7 AND "public"."agentRun"."cancelRequestedAt" IS NULL AND "public"."agentRun"."approvalWaitStartedAt" = $8)
quality	Stop containers	2026-10-05T13:34:02.7475849Z  2026-10-05 13:33:10.866 UTC [137] ERROR:  could not serialize access due to concurrent update
quality	Stop containers	2026-10-05T13:34:02.7477213Z  2026-10-05 13:33:10.866 UTC [137] STATEMENT:  UPDATE "public"."GovernedActionContinuation" SET "transportAdmittedAt" = $1, "updatedAt" = $2, "version" = ("public"."GovernedActionContinuation"."version" + $3) WHERE ("public"."GovernedActionContinuation"."id" = $4 AND "public"."GovernedActionContinuation"."workspaceId" = $5 AND "public"."GovernedActionContinuation"."version" = $6 AND "public"."GovernedActionContinuation"."status" = $7)
quality	Stop containers	2026-10-05T13:34:02.7478675Z  2026-10-05 13:33:10.984 UTC [137] ERROR:  duplicate key value violates unique constraint "gac_workspace_approval_key"
quality	Stop containers	2026-10-05T13:34:02.7479545Z  2026-10-05 13:33:10.984 UTC [137] DETAIL:  Key ("workspaceId", "approvalId")=(ops-test-c0ec0650-fc9e-4eb0-acec-e128cc94ba61, ga_e77c3a6db90a9f875df0c957391f47f29cf78079553aad94) already exists.
quality	Stop containers	2026-10-05T13:34:02.7485146Z  2026-10-05 13:33:10.984 UTC [137] STATEMENT:  INSERT INTO "public"."GovernedActionContinuation" ("id","workspaceId","approvalId","runId","versionId","rootSessionId","sessionId","callId","toolName","payloadDigest","nativeRequestId","nativeTurnId","nativeSequence","status","version","decision","leaseToken","leaseExpiresAt","nextCheckAt","transportAdmittedAt","waitingAt","deliveredAt","completedAt","errorCode","createdAt","updatedAt") VALUES ($1,$2,$3,$4,$5,$6,$7,$8,$9,$10,$11,$12,$13,$14,$15,$16,$17,$18,$19,$20,$21,$22,$23,$24,$25,$26) RETURNING "public"."GovernedActionContinuation"."id", "public"."GovernedActionContinuation"."workspaceId", "public"."GovernedActionContinuation"."approvalId", "public"."GovernedActionContinuation"."runId", "public"."GovernedActionContinuation"."versionId", "public"."GovernedActionContinuation"."rootSessionId", "public"."GovernedActionContinuation"."sessionId", "public"."GovernedActionContinuation"."callId", "public"."GovernedActionContinuation"."toolName", "public"."GovernedActionContinuation"."payloadDigest", "public"."GovernedActionContinuation"."nativeRequestId", "public"."GovernedActionContinuation"."nativeTurnId", "public"."GovernedActionContinuation"."nativeSequence", "public"."GovernedActionContinuation"."status", "public"."GovernedActionContinuation"."version", "public"."GovernedActionContinuation"."decision", "public"."GovernedActionContinuation"."leaseToken", "public"."GovernedActionContinuation"."leaseExpiresAt", "public"."GovernedActionContinuation"."nextCheckAt", "public"."GovernedActionContinuation"."transportAdmittedAt", "public"."GovernedActionContinuation"."waitingAt", "public"."GovernedActionContinuation"."deliveredAt", "public"."GovernedActionContinuation"."completedAt", "public"."GovernedActionContinuation"."errorCode", "public"."GovernedActionContinuation"."createdAt", "public"."GovernedActionContinuation"."updatedAt"
quality	Stop containers	2026-10-05T13:34:02.7490834Z  2026-10-05 13:33:10.988 UTC [136] ERROR:  insert or update on table "GovernedActionContinuation" violates foreign key constraint "gac_approval_fk"
quality	Stop containers	2026-10-05T13:34:02.7491895Z  2026-10-05 13:33:10.988 UTC [136] DETAIL:  Key (workspaceId, approvalId)=(other-c0ec0650-fc9e-4eb0-acec-e128cc94ba61, ga_e77c3a6db90a9f875df0c957391f47f29cf78079553aad94) is not present in table "GovernedActionApproval".
quality	Stop containers	2026-10-05T13:34:02.7496780Z  2026-10-05 13:33:10.988 UTC [136] STATEMENT:  UPDATE "public"."GovernedActionContinuation" SET "workspaceId" = $1, "updatedAt" = $2 WHERE ("public"."GovernedActionContinuation"."id" = $3 AND 1=1) RETURNING "public"."GovernedActionContinuation"."id", "public"."GovernedActionContinuation"."workspaceId", "public"."GovernedActionContinuation"."approvalId", "public"."GovernedActionContinuation"."runId", "public"."GovernedActionContinuation"."versionId", "public"."GovernedActionContinuation"."rootSessionId", "public"."GovernedActionContinuation"."sessionId", "public"."GovernedActionContinuation"."callId", "public"."GovernedActionContinuation"."toolName", "public"."GovernedActionContinuation"."payloadDigest", "public"."GovernedActionContinuation"."nativeRequestId", "public"."GovernedActionContinuation"."nativeTurnId", "public"."GovernedActionContinuation"."nativeSequence", "public"."GovernedActionContinuation"."status", "public"."GovernedActionContinuation"."version", "public"."GovernedActionContinuation"."decision", "public"."GovernedActionContinuation"."leaseToken", "public"."GovernedActionContinuation"."leaseExpiresAt", "public"."GovernedActionContinuation"."nextCheckAt", "public"."GovernedActionContinuation"."transportAdmittedAt", "public"."GovernedActionContinuation"."waitingAt", "public"."GovernedActionContinuation"."deliveredAt", "public"."GovernedActionContinuation"."completedAt", "public"."GovernedActionContinuation"."errorCode", "public"."GovernedActionContinuation"."createdAt", "public"."GovernedActionContinuation"."updatedAt"
quality	Stop containers	2026-10-05T13:34:02.7501435Z  2026-10-05 13:33:11.056 UTC [147] ERROR:  could not serialize access due to concurrent update
quality	Stop containers	2026-10-05T13:34:02.7502459Z  2026-10-05 13:33:11.056 UTC [147] STATEMENT:  UPDATE "public"."crm_migration_source" SET "version" = ("public"."crm_migration_source"."version" + $1) WHERE ("public"."crm_migration_source"."workspace_id" = $2 AND "public"."crm_migration_source"."id" = $3 AND "public"."crm_migration_source"."version" = $4)
quality	Stop containers	2026-10-05T13:34:02.7503558Z  2026-10-05 13:33:11.075 UTC [146] ERROR:  could not serialize access due to concurrent update
quality	Stop containers	2026-10-05T13:34:02.7504580Z  2026-10-05 13:33:11.075 UTC [146] STATEMENT:  UPDATE "public"."crm_migration_source" SET "version" = ("public"."crm_migration_source"."version" + $1) WHERE ("public"."crm_migration_source"."workspace_id" = $2 AND "public"."crm_migration_source"."id" = $3 AND "public"."crm_migration_source"."version" = $4)
quality	Stop containers	2026-10-05T13:34:02.7505605Z  2026-10-05 13:33:11.089 UTC [147] ERROR:  could not serialize access due to concurrent update
quality	Stop containers	2026-10-05T13:34:02.7506827Z  2026-10-05 13:33:11.089 UTC [147] STATEMENT:  UPDATE "public"."crm_migration_source" SET "purged_at" = $1, "version" = ("public"."crm_migration_source"."version" + $2) WHERE ("public"."crm_migration_source"."workspace_id" = $3 AND "public"."crm_migration_source"."id" = $4 AND "public"."crm_migration_source"."deleted_at" IS NOT NULL AND "public"."crm_migration_source"."purged_at" IS NULL)
quality	Stop containers	2026-10-05T13:34:02.7508058Z  2026-10-05 13:33:11.134 UTC [147] ERROR:  could not serialize access due to concurrent update
quality	Stop containers	2026-10-05T13:34:02.7509385Z  2026-10-05 13:33:11.134 UTC [147] STATEMENT:  UPDATE "public"."crm_migration_job" SET "background_version" = ("public"."crm_migration_job"."background_version" + $1), "background_next_attempt_at" = $2, "updated_at" = $3 WHERE ("public"."crm_migration_job"."workspace_id" = $4 AND "public"."crm_migration_job"."id" = $5 AND "public"."crm_migration_job"."background_enabled" = $6 AND "public"."crm_migration_job"."background_version" = $7)
quality	Stop containers	2026-10-05T13:34:02.7510775Z  2026-10-05 13:33:11.297 UTC [147] ERROR:  could not serialize access due to concurrent update
quality	Stop containers	2026-10-05T13:34:02.7512104Z  2026-10-05 13:33:11.297 UTC [147] STATEMENT:  UPDATE "public"."crm_migration_job" SET "background_version" = ("public"."crm_migration_job"."background_version" + $1), "background_next_attempt_at" = $2, "updated_at" = $3 WHERE ("public"."crm_migration_job"."workspace_id" = $4 AND "public"."crm_migration_job"."id" = $5 AND "public"."crm_migration_job"."background_enabled" = $6 AND "public"."crm_migration_job"."background_version" = $7)
quality	Stop containers	2026-10-05T13:34:02.7513512Z  2026-10-05 13:33:11.333 UTC [147] ERROR:  could not serialize access due to concurrent update
quality	Stop containers	2026-10-05T13:34:02.7514894Z  2026-10-05 13:33:11.333 UTC [147] STATEMENT:  UPDATE "public"."crm_migration_job" SET "background_version" = ("public"."crm_migration_job"."background_version" + $1), "background_next_attempt_at" = $2, "updated_at" = $3 WHERE ("public"."crm_migration_job"."workspace_id" = $4 AND "public"."crm_migration_job"."id" = $5 AND "public"."crm_migration_job"."background_enabled" = $6 AND "public"."crm_migration_job"."background_version" = $7)
quality	Stop containers	2026-10-05T13:34:02.7516117Z  This user must also own the server process.
quality	Stop containers	2026-10-05T13:34:02.7516413Z
quality	Stop containers	2026-10-05T13:34:02.7516721Z  The database cluster will be initialized with locale "en_US.utf8".
quality	Stop containers	2026-10-05T13:34:02.7517158Z  The default database encoding has accordingly been set to "UTF8".
quality	Stop containers	2026-10-05T13:34:02.7517582Z  The default text search configuration will be set to "english".
quality	Stop containers	2026-10-05T13:34:02.7517909Z
quality	Stop containers	2026-10-05T13:34:02.7518130Z  Data page checksums are disabled.
quality	Stop containers	2026-10-05T13:34:02.7518397Z
quality	Stop containers	2026-10-05T13:34:02.7518697Z  fixing permissions on existing directory /var/lib/postgresql/data ... ok
quality	Stop containers	2026-10-05T13:34:02.7519127Z  creating subdirectories ... ok
quality	Stop containers	2026-10-05T13:34:02.7519473Z  selecting dynamic shared memory implementation ... posix
quality	Stop containers	2026-10-05T13:34:02.7519822Z  selecting default max_connections ... 100
quality	Stop containers	2026-10-05T13:34:02.7520133Z  selecting default shared_buffers ... 128MB
quality	Stop containers	2026-10-05T13:34:02.7520431Z  selecting default time zone ... Etc/UTC
quality	Stop containers	2026-10-05T13:34:02.7520734Z  creating configuration files ... ok
quality	Stop containers	2026-10-05T13:34:02.7521030Z  running bootstrap script ... ok
quality	Stop containers	2026-10-05T13:34:02.7521345Z  performing post-bootstrap initialization ... ok
quality	Stop containers	2026-10-05T13:34:02.7521670Z  syncing data to disk ... ok
quality	Stop containers	2026-10-05T13:34:02.7521918Z
quality	Stop containers	2026-10-05T13:34:02.7522116Z
quality	Stop containers	2026-10-05T13:34:02.7522372Z  Success. You can now start the database server using:
quality	Stop containers	2026-10-05T13:34:02.7522809Z
quality	Stop containers	2026-10-05T13:34:02.7523090Z      pg_ctl -D /var/lib/postgresql/data -l logfile start
quality	Stop containers	2026-10-05T13:34:02.7523401Z
quality	Stop containers	2026-10-05T13:34:02.7523999Z  waiting for server to start....2026-10-05 13:32:30.849 UTC [49] LOG:  starting PostgreSQL 16.15 (Debian 16.15-1.pgdg13+2) on x86_64-pc-linux-gnu, compiled by gcc (Debian 14.2.0-19) 14.2.0, 64-bit
quality	Stop containers	2026-10-05T13:34:02.7524802Z  2026-10-05 13:32:30.849 UTC [49] LOG:  listening on Unix socket "/var/run/postgresql/.s.PGSQL.5432"
quality	Stop containers	2026-10-05T13:34:02.7525330Z  2026-10-05 13:32:30.852 UTC [52] LOG:  database system was shut down at 2026-10-05 13:32:30 UTC
quality	Stop containers	2026-10-05T13:34:02.7525823Z  2026-10-05 13:32:30.855 UTC [49] LOG:  database system is ready to accept connections
quality	Stop containers	2026-10-05T13:34:02.7526186Z   done
quality	Stop containers	2026-10-05T13:34:02.7526392Z  server started
quality	Stop containers	2026-10-05T13:34:02.7526625Z  CREATE DATABASE
quality	Stop containers	2026-10-05T13:34:02.7526849Z
quality	Stop containers	2026-10-05T13:34:02.7527041Z
quality	Stop containers	2026-10-05T13:34:02.7527378Z  /usr/local/bin/docker-entrypoint.sh: ignoring /docker-entrypoint-initdb.d/*
quality	Stop containers	2026-10-05T13:34:02.7527759Z
quality	Stop containers	2026-10-05T13:34:02.7528118Z  waiting for server to shut down....2026-10-05 13:32:31.024 UTC [49] LOG:  received fast shutdown request
quality	Stop containers	2026-10-05T13:34:02.7528619Z  2026-10-05 13:32:31.025 UTC [49] LOG:  aborting any active transactions
quality	Stop containers	2026-10-05T13:34:02.7529230Z  2026-10-05 13:32:31.026 UTC [49] LOG:  background worker "logical replication launcher" (PID 55) exited with exit code 1
quality	Stop containers	2026-10-05T13:34:02.7529736Z  2026-10-05 13:32:31.027 UTC [50] LOG:  shutting down
quality	Stop containers	2026-10-05T13:34:02.7530121Z  2026-10-05 13:32:31.028 UTC [50] LOG:  checkpoint starting: shutdown immediate
quality	Stop containers	2026-10-05T13:34:02.7531084Z  2026-10-05 13:32:31.133 UTC [50] LOG:  checkpoint complete: wrote 926 buffers (5.7%); 0 WAL file(s) added, 0 removed, 0 recycled; write=0.055 s, sync=0.049 s, total=0.106 s; sync files=301, longest=0.032 s, average=0.001 s; distance=4273 kB, estimate=4273 kB; lsn=0/191F060, redo lsn=0/191F060
quality	Stop containers	2026-10-05T13:34:02.7532015Z  2026-10-05 13:32:31.138 UTC [49] LOG:  database system is shut down
quality	Stop containers	2026-10-05T13:34:02.7532343Z   done
quality	Stop containers	2026-10-05T13:34:02.7532619Z  server stopped
quality	Stop containers	2026-10-05T13:34:02.7532855Z
quality	Stop containers	2026-10-05T13:34:02.7533107Z  PostgreSQL init process complete; ready for start up.
quality	Stop containers	2026-10-05T13:34:02.7533500Z
quality	Stop containers	2026-10-05T13:34:02.7538364Z Stop and remove container: dd2fb2d22fbe4583a2387439a934dcd8_postgres16_721a23
quality	Stop containers	2026-10-05T13:34:02.7542994Z ##[command]/usr/bin/docker rm --force a27629d29f70af7a5cae8c43a67f78ca83b581e3767fbff7540157eb9f87583d
quality	Stop containers	2026-10-05T13:34:02.9603935Z a27629d29f70af7a5cae8c43a67f78ca83b581e3767fbff7540157eb9f87583d
quality	Stop containers	2026-10-05T13:34:02.9623752Z Remove container network: github_network_75dbc904f5794012b0cbe0ec65f46123
quality	Stop containers	2026-10-05T13:34:02.9627509Z ##[command]/usr/bin/docker network rm github_network_75dbc904f5794012b0cbe0ec65f46123
quality	Stop containers	2026-10-05T13:34:03.0432696Z github_network_75dbc904f5794012b0cbe0ec65f46123
quality	Complete job	﻿2026-10-05T13:34:03.0510239Z Cleaning up orphan processes
quality	Complete job	2026-10-05T13:34:03.0767719Z ##[warning]Node.js 20 is deprecated. The following actions target Node.js 20 but are being forced to run on Node.js 24: actions/checkout@v4, actions/upload-artifact@v4. For more information see: https://github.blog/changelog/2025-09-19-deprecation-of-node-20-on-github-actions-runners/
