quality	Set up job	﻿2026-10-05T13:42:57.9406410Z Current runner version: '2.337.0'
quality	Set up job	2026-10-05T13:42:57.9431651Z ##[group]Runner Image Provisioner
quality	Set up job	2026-10-05T13:42:57.9432578Z Hosted Compute Agent
quality	Set up job	2026-10-05T13:42:57.9433140Z Version: 20260901.588
quality	Set up job	2026-10-05T13:42:57.9433724Z Commit: f88ec8081b781fac6c440065ac7ff9e710ce3d0b
quality	Set up job	2026-10-05T13:42:57.9434424Z Build Date: 2026-09-01T19:56:44Z
quality	Set up job	2026-10-05T13:42:57.9435052Z Worker ID: {ceac652b-e087-4f3a-9fd2-0b2a998116a1}
quality	Set up job	2026-10-05T13:42:57.9435722Z Azure Region: westus3
quality	Set up job	2026-10-05T13:42:57.9436313Z ##[endgroup]
quality	Set up job	2026-10-05T13:42:57.9437680Z ##[group]Operating System
quality	Set up job	2026-10-05T13:42:57.9438291Z Ubuntu
quality	Set up job	2026-10-05T13:42:57.9439017Z 24.04.5
quality	Set up job	2026-10-05T13:42:57.9439609Z LTS
quality	Set up job	2026-10-05T13:42:57.9440151Z ##[endgroup]
quality	Set up job	2026-10-05T13:42:57.9440652Z ##[group]Runner Image
quality	Set up job	2026-10-05T13:42:57.9441208Z Image: ubuntu-24.04
quality	Set up job	2026-10-05T13:42:57.9441742Z Version: 20260927.320.1
quality	Set up job	2026-10-05T13:42:57.9442714Z Included Software: https://github.com/actions/runner-images/blob/ubuntu24/20260927.320/images/ubuntu/Ubuntu2404-Readme.md
quality	Set up job	2026-10-05T13:42:57.9444318Z Image Release: https://github.com/actions/runner-images/releases/tag/ubuntu24%2F20260927.320
quality	Set up job	2026-10-05T13:42:57.9445280Z ##[endgroup]
quality	Set up job	2026-10-05T13:42:57.9446336Z ##[group]GITHUB_TOKEN Permissions
quality	Set up job	2026-10-05T13:42:57.9448268Z Contents: read
quality	Set up job	2026-10-05T13:42:57.9449114Z Metadata: read
quality	Set up job	2026-10-05T13:42:57.9449619Z ##[endgroup]
quality	Set up job	2026-10-05T13:42:57.9451694Z Secret source: Actions
quality	Set up job	2026-10-05T13:42:57.9452552Z Cache mode: write
quality	Set up job	2026-10-05T13:42:57.9453242Z Prepare workflow directory
quality	Set up job	2026-10-05T13:42:57.9931254Z Prepare all required actions
quality	Set up job	2026-10-05T13:42:57.9981255Z Getting action download info
quality	Set up job	2026-10-05T13:42:58.3384457Z Download action repository 'actions/checkout@v4' (SHA:11d5960a326750d5838078e36cf38b85af677262)
quality	Set up job	2026-10-05T13:42:58.4111287Z Download action repository 'oven-sh/setup-bun@v2' (SHA:0c5077e51419868618aeaa5fe8019c62421857d6)
quality	Set up job	2026-10-05T13:42:59.0549905Z Download action repository 'actions/upload-artifact@v4' (SHA:ea165f8d65b6e75b540449e92b4886f43607fa02)
quality	Set up job	2026-10-05T13:42:59.2416315Z Complete job name: quality
quality	Initialize containers	﻿2026-10-05T13:42:59.2900549Z ##[group]Checking docker version
quality	Initialize containers	2026-10-05T13:42:59.2914047Z ##[command]/usr/bin/docker version --format '{{.Server.APIVersion}}'
quality	Initialize containers	2026-10-05T13:42:59.3796897Z '1.48'
quality	Initialize containers	2026-10-05T13:42:59.3805191Z Docker daemon API version: '1.48'
quality	Initialize containers	2026-10-05T13:42:59.3805933Z ##[command]/usr/bin/docker version --format '{{.Client.APIVersion}}'
quality	Initialize containers	2026-10-05T13:42:59.3973431Z '1.48'
quality	Initialize containers	2026-10-05T13:42:59.3981524Z Docker client API version: '1.48'
quality	Initialize containers	2026-10-05T13:42:59.3987085Z ##[endgroup]
quality	Initialize containers	2026-10-05T13:42:59.3990139Z ##[group]Clean up resources from previous jobs
quality	Initialize containers	2026-10-05T13:42:59.3995175Z ##[command]/usr/bin/docker ps --all --quiet --no-trunc --filter "label=0a2009"
quality	Initialize containers	2026-10-05T13:42:59.4193659Z ##[command]/usr/bin/docker network prune --force --filter "label=0a2009"
quality	Initialize containers	2026-10-05T13:42:59.4426718Z ##[endgroup]
quality	Initialize containers	2026-10-05T13:42:59.4427268Z ##[group]Create local container network
quality	Initialize containers	2026-10-05T13:42:59.4438649Z ##[command]/usr/bin/docker network create --label 0a2009 github_network_0999b392b0964f929c619ad250fcd252
quality	Initialize containers	2026-10-05T13:42:59.4904480Z 3fe4b52538681109a525b1619e5530e54de1891115c03f23b06bda9a93be96c4
quality	Initialize containers	2026-10-05T13:42:59.4921477Z ##[endgroup]
quality	Initialize containers	2026-10-05T13:42:59.4949423Z ##[group]Starting postgres service container
quality	Initialize containers	2026-10-05T13:42:59.4971981Z ##[command]/usr/bin/docker pull postgres:16
quality	Initialize containers	2026-10-05T13:43:00.2810459Z 16: Pulling from library/postgres
quality	Initialize containers	2026-10-05T13:43:00.5320583Z 6b37362b3da7: Pulling fs layer
quality	Initialize containers	2026-10-05T13:43:00.5327277Z b1fdda8975a0: Pulling fs layer
quality	Initialize containers	2026-10-05T13:43:00.5328576Z 106e7e3cf19a: Pulling fs layer
quality	Initialize containers	2026-10-05T13:43:00.5329451Z ba0e979d0818: Pulling fs layer
quality	Initialize containers	2026-10-05T13:43:00.5330004Z ad29720ebbb9: Pulling fs layer
quality	Initialize containers	2026-10-05T13:43:00.5330578Z 3a749597affc: Pulling fs layer
quality	Initialize containers	2026-10-05T13:43:00.5331130Z 483fb6941c15: Pulling fs layer
quality	Initialize containers	2026-10-05T13:43:00.5331667Z 359ae0fc975d: Pulling fs layer
quality	Initialize containers	2026-10-05T13:43:00.5332204Z 56d4d190ef07: Pulling fs layer
quality	Initialize containers	2026-10-05T13:43:00.5332721Z 74156cf9f063: Pulling fs layer
quality	Initialize containers	2026-10-05T13:43:00.5333255Z f7c7d4dd80ba: Pulling fs layer
quality	Initialize containers	2026-10-05T13:43:00.5334279Z 749acf6dc637: Pulling fs layer
quality	Initialize containers	2026-10-05T13:43:00.5334864Z 4d848243a73e: Pulling fs layer
quality	Initialize containers	2026-10-05T13:43:00.5335396Z 6ad4758748c1: Pulling fs layer
quality	Initialize containers	2026-10-05T13:43:00.5335956Z ad29720ebbb9: Waiting
quality	Initialize containers	2026-10-05T13:43:00.5336394Z 3a749597affc: Waiting
quality	Initialize containers	2026-10-05T13:43:00.5336835Z 483fb6941c15: Waiting
quality	Initialize containers	2026-10-05T13:43:00.5337285Z 359ae0fc975d: Waiting
quality	Initialize containers	2026-10-05T13:43:00.5337715Z 56d4d190ef07: Waiting
quality	Initialize containers	2026-10-05T13:43:00.5338096Z 74156cf9f063: Waiting
quality	Initialize containers	2026-10-05T13:43:00.5340032Z f7c7d4dd80ba: Waiting
quality	Initialize containers	2026-10-05T13:43:00.5340564Z 749acf6dc637: Waiting
quality	Initialize containers	2026-10-05T13:43:00.5340878Z 4d848243a73e: Waiting
quality	Initialize containers	2026-10-05T13:43:00.5341150Z 6ad4758748c1: Waiting
quality	Initialize containers	2026-10-05T13:43:00.5341417Z ba0e979d0818: Waiting
quality	Initialize containers	2026-10-05T13:43:00.6997527Z b1fdda8975a0: Download complete
quality	Initialize containers	2026-10-05T13:43:00.7236112Z 106e7e3cf19a: Verifying Checksum
quality	Initialize containers	2026-10-05T13:43:00.7236948Z 106e7e3cf19a: Download complete
quality	Initialize containers	2026-10-05T13:43:00.7950527Z 6b37362b3da7: Verifying Checksum
quality	Initialize containers	2026-10-05T13:43:00.7952371Z 6b37362b3da7: Download complete
quality	Initialize containers	2026-10-05T13:43:00.8985226Z ba0e979d0818: Verifying Checksum
quality	Initialize containers	2026-10-05T13:43:00.8985974Z ba0e979d0818: Download complete
quality	Initialize containers	2026-10-05T13:43:00.9317672Z ad29720ebbb9: Verifying Checksum
quality	Initialize containers	2026-10-05T13:43:00.9320467Z ad29720ebbb9: Download complete
quality	Initialize containers	2026-10-05T13:43:00.9982863Z 3a749597affc: Download complete
quality	Initialize containers	2026-10-05T13:43:01.0737284Z 483fb6941c15: Verifying Checksum
quality	Initialize containers	2026-10-05T13:43:01.0742770Z 483fb6941c15: Download complete
quality	Initialize containers	2026-10-05T13:43:01.1054280Z 359ae0fc975d: Verifying Checksum
quality	Initialize containers	2026-10-05T13:43:01.1059459Z 359ae0fc975d: Download complete
quality	Initialize containers	2026-10-05T13:43:01.2564920Z 74156cf9f063: Verifying Checksum
quality	Initialize containers	2026-10-05T13:43:01.2566128Z 74156cf9f063: Download complete
quality	Initialize containers	2026-10-05T13:43:01.2973317Z f7c7d4dd80ba: Verifying Checksum
quality	Initialize containers	2026-10-05T13:43:01.2974036Z f7c7d4dd80ba: Download complete
quality	Initialize containers	2026-10-05T13:43:01.4223191Z 749acf6dc637: Verifying Checksum
quality	Initialize containers	2026-10-05T13:43:01.4229388Z 749acf6dc637: Download complete
quality	Initialize containers	2026-10-05T13:43:01.4830185Z 4d848243a73e: Verifying Checksum
quality	Initialize containers	2026-10-05T13:43:01.4831958Z 4d848243a73e: Download complete
quality	Initialize containers	2026-10-05T13:43:01.4960913Z 56d4d190ef07: Verifying Checksum
quality	Initialize containers	2026-10-05T13:43:01.4962081Z 56d4d190ef07: Download complete
quality	Initialize containers	2026-10-05T13:43:01.6040716Z 6ad4758748c1: Verifying Checksum
quality	Initialize containers	2026-10-05T13:43:01.6041318Z 6ad4758748c1: Download complete
quality	Initialize containers	2026-10-05T13:43:01.7178446Z 6b37362b3da7: Pull complete
quality	Initialize containers	2026-10-05T13:43:04.4113491Z b1fdda8975a0: Pull complete
quality	Initialize containers	2026-10-05T13:43:04.5706713Z 106e7e3cf19a: Pull complete
quality	Initialize containers	2026-10-05T13:43:04.6090393Z ba0e979d0818: Pull complete
quality	Initialize containers	2026-10-05T13:43:04.8940777Z ad29720ebbb9: Pull complete
quality	Initialize containers	2026-10-05T13:43:04.9627463Z 3a749597affc: Pull complete
quality	Initialize containers	2026-10-05T13:43:04.9700967Z 483fb6941c15: Pull complete
quality	Initialize containers	2026-10-05T13:43:04.9814874Z 359ae0fc975d: Pull complete
quality	Initialize containers	2026-10-05T13:43:07.8755890Z 56d4d190ef07: Pull complete
quality	Initialize containers	2026-10-05T13:43:07.8861538Z 74156cf9f063: Pull complete
quality	Initialize containers	2026-10-05T13:43:07.8965707Z f7c7d4dd80ba: Pull complete
quality	Initialize containers	2026-10-05T13:43:07.9033938Z 749acf6dc637: Pull complete
quality	Initialize containers	2026-10-05T13:43:07.9114835Z 4d848243a73e: Pull complete
quality	Initialize containers	2026-10-05T13:43:07.9182067Z 6ad4758748c1: Pull complete
quality	Initialize containers	2026-10-05T13:43:07.9213767Z Digest: sha256:1a6ab3f5345eb6dbe04a1349529caabdb0ab09293a09590fad07b2246bfa4b54
quality	Initialize containers	2026-10-05T13:43:07.9222104Z Status: Downloaded newer image for postgres:16
quality	Initialize containers	2026-10-05T13:43:07.9230727Z docker.io/library/postgres:16
quality	Initialize containers	2026-10-05T13:43:07.9287040Z ##[command]/usr/bin/docker create --name 76ce22a008e84bc89286bb5add91cd7d_postgres16_a084ba --label 0a2009 --network github_network_0999b392b0964f929c619ad250fcd252 --network-alias postgres -p 5432:5432 --health-cmd "pg_isready -U postgres" --health-interval 5s --health-timeout 5s --health-retries 10 -e "POSTGRES_HOST_AUTH_METHOD=trust" -e "POSTGRES_DB=crm_build" -e GITHUB_ACTIONS=true -e CI=true postgres:16
quality	Initialize containers	2026-10-05T13:43:07.9511810Z 606238b5dac0d947b2805a08877c7f85932bb440db64c90930d26be88f1f3aec
quality	Initialize containers	2026-10-05T13:43:07.9531078Z ##[command]/usr/bin/docker start 606238b5dac0d947b2805a08877c7f85932bb440db64c90930d26be88f1f3aec
quality	Initialize containers	2026-10-05T13:43:08.1452118Z 606238b5dac0d947b2805a08877c7f85932bb440db64c90930d26be88f1f3aec
quality	Initialize containers	2026-10-05T13:43:08.1477727Z ##[command]/usr/bin/docker ps --all --filter id=606238b5dac0d947b2805a08877c7f85932bb440db64c90930d26be88f1f3aec --filter status=running --no-trunc --format "{{.ID}} {{.Status}}"
quality	Initialize containers	2026-10-05T13:43:08.1634732Z 606238b5dac0d947b2805a08877c7f85932bb440db64c90930d26be88f1f3aec Up Less than a second (health: starting)
quality	Initialize containers	2026-10-05T13:43:08.1657135Z ##[command]/usr/bin/docker port 606238b5dac0d947b2805a08877c7f85932bb440db64c90930d26be88f1f3aec
quality	Initialize containers	2026-10-05T13:43:08.1799979Z 5432/tcp -> 0.0.0.0:5432
quality	Initialize containers	2026-10-05T13:43:08.1800659Z 5432/tcp -> [::]:5432
quality	Initialize containers	2026-10-05T13:43:08.1853558Z ##[endgroup]
quality	Initialize containers	2026-10-05T13:43:08.1864829Z ##[group]Waiting for all services to be ready
quality	Initialize containers	2026-10-05T13:43:08.1880302Z ##[command]/usr/bin/docker inspect --format="{{if .Config.Healthcheck}}{{print .State.Health.Status}}{{end}}" 606238b5dac0d947b2805a08877c7f85932bb440db64c90930d26be88f1f3aec
quality	Initialize containers	2026-10-05T13:43:08.2018133Z starting
quality	Initialize containers	2026-10-05T13:43:08.2038700Z postgres service is starting, waiting 2 seconds before checking again.
quality	Initialize containers	2026-10-05T13:43:10.2043480Z ##[command]/usr/bin/docker inspect --format="{{if .Config.Healthcheck}}{{print .State.Health.Status}}{{end}}" 606238b5dac0d947b2805a08877c7f85932bb440db64c90930d26be88f1f3aec
quality	Initialize containers	2026-10-05T13:43:10.2168648Z starting
quality	Initialize containers	2026-10-05T13:43:10.2178490Z postgres service is starting, waiting 3 seconds before checking again.
quality	Initialize containers	2026-10-05T13:43:14.0063407Z ##[command]/usr/bin/docker inspect --format="{{if .Config.Healthcheck}}{{print .State.Health.Status}}{{end}}" 606238b5dac0d947b2805a08877c7f85932bb440db64c90930d26be88f1f3aec
quality	Initialize containers	2026-10-05T13:43:14.0187946Z healthy
quality	Initialize containers	2026-10-05T13:43:14.0200930Z postgres service is healthy.
quality	Initialize containers	2026-10-05T13:43:14.0201758Z ##[endgroup]
quality	Checkout	﻿2026-10-05T13:43:14.0482552Z ##[group]Run actions/checkout@v4
quality	Checkout	2026-10-05T13:43:14.0483387Z with:
quality	Checkout	2026-10-05T13:43:14.0483665Z   repository: SamandarMansurkhodjaev2713/tayvero
quality	Checkout	2026-10-05T13:43:14.0486661Z   token: ***
quality	Checkout	2026-10-05T13:43:14.0486875Z   ssh-strict: true
quality	Checkout	2026-10-05T13:43:14.0487107Z   ssh-user: git
quality	Checkout	2026-10-05T13:43:14.0487334Z   persist-credentials: true
quality	Checkout	2026-10-05T13:43:14.0487569Z   clean: true
quality	Checkout	2026-10-05T13:43:14.0487789Z   sparse-checkout-cone-mode: true
quality	Checkout	2026-10-05T13:43:14.0488038Z   fetch-depth: 1
quality	Checkout	2026-10-05T13:43:14.0488241Z   fetch-tags: false
quality	Checkout	2026-10-05T13:43:14.0488461Z   show-progress: true
quality	Checkout	2026-10-05T13:43:14.0488674Z   lfs: false
quality	Checkout	2026-10-05T13:43:14.0489065Z   submodules: false
quality	Checkout	2026-10-05T13:43:14.0489287Z   set-safe-directory: true
quality	Checkout	2026-10-05T13:43:14.0489544Z   allow-unsafe-pr-checkout: false
quality	Checkout	2026-10-05T13:43:14.0490151Z env:
quality	Checkout	2026-10-05T13:43:14.0490339Z   CI: true
quality	Checkout	2026-10-05T13:43:14.0490544Z   CRM_TELEMETRY_DISABLED: true
quality	Checkout	2026-10-05T13:43:14.0490893Z   DATABASE_URL: [REDACTED_DATABASE_URL]
quality	Checkout	2026-10-05T13:43:14.0491402Z   TEST_DATABASE_URL: [REDACTED_DATABASE_URL]
quality	Checkout	2026-10-05T13:43:14.0491778Z   ALLOWED_SIGN_IN: example.test
quality	Checkout	2026-10-05T13:43:14.0492053Z   CREDENTIAL_VAULT_ACTIVE_KEY_ID: ci-ephemeral
quality	Checkout	2026-10-05T13:43:14.0492354Z   CREDENTIAL_VAULT_ENFORCE: true
quality	Checkout	2026-10-05T13:43:14.0492596Z ##[endgroup]
quality	Checkout	2026-10-05T13:43:14.1473584Z Syncing repository: SamandarMansurkhodjaev2713/tayvero
quality	Checkout	2026-10-05T13:43:14.1475031Z ##[group]Getting Git version info
quality	Checkout	2026-10-05T13:43:14.1475400Z Working directory is '/home/runner/work/tayvero/tayvero'
quality	Checkout	2026-10-05T13:43:14.1475934Z [command]/usr/bin/git version
quality	Checkout	2026-10-05T13:43:14.1587105Z git version 2.55.0
quality	Checkout	2026-10-05T13:43:14.1612893Z ##[endgroup]
quality	Checkout	2026-10-05T13:43:14.1632933Z Temporarily overriding HOME='/home/runner/work/_temp/d3df2e54-2652-4e51-b2a3-8b8f91700add' before making global git config changes
quality	Checkout	2026-10-05T13:43:14.1633885Z Adding repository directory to the temporary git global config as a safe directory
quality	Checkout	2026-10-05T13:43:14.1642799Z [command]/usr/bin/git config --global --add safe.directory /home/runner/work/tayvero/tayvero
quality	Checkout	2026-10-05T13:43:14.1695869Z Deleting the contents of '/home/runner/work/tayvero/tayvero'
quality	Checkout	2026-10-05T13:43:14.1700119Z ##[group]Initializing the repository
quality	Checkout	2026-10-05T13:43:14.1705060Z [command]/usr/bin/git init /home/runner/work/tayvero/tayvero
quality	Checkout	2026-10-05T13:43:14.1807059Z hint: Using 'master' as the name for the initial branch. This default branch name
quality	Checkout	2026-10-05T13:43:14.1808220Z hint: will change to "main" in Git 3.0. To configure the initial branch name
quality	Checkout	2026-10-05T13:43:14.1809340Z hint: to use in all of your new repositories, which will suppress this warning,
quality	Checkout	2026-10-05T13:43:14.1810081Z hint: call:
quality	Checkout	2026-10-05T13:43:14.1810465Z hint:
quality	Checkout	2026-10-05T13:43:14.1811046Z hint: 	git config --global init.defaultBranch <name>
quality	Checkout	2026-10-05T13:43:14.1811661Z hint:
quality	Checkout	2026-10-05T13:43:14.1812221Z hint: Names commonly chosen instead of 'master' are 'main', 'trunk' and
quality	Checkout	2026-10-05T13:43:14.1813171Z hint: 'development'. The just-created branch can be renamed via this command:
quality	Checkout	2026-10-05T13:43:14.1813942Z hint:
quality	Checkout	2026-10-05T13:43:14.1814314Z hint: 	git branch -m <name>
quality	Checkout	2026-10-05T13:43:14.1814744Z hint:
quality	Checkout	2026-10-05T13:43:14.1815334Z hint: Disable this message with "git config set advice.defaultBranchName false"
quality	Checkout	2026-10-05T13:43:14.1821374Z Initialized empty Git repository in /home/runner/work/tayvero/tayvero/.git/
quality	Checkout	2026-10-05T13:43:14.1832524Z [command]/usr/bin/git remote add origin https://github.com/SamandarMansurkhodjaev2713/tayvero
quality	Checkout	2026-10-05T13:43:14.1879978Z ##[endgroup]
quality	Checkout	2026-10-05T13:43:14.1880756Z ##[group]Disabling automatic garbage collection
quality	Checkout	2026-10-05T13:43:14.1883596Z [command]/usr/bin/git config --local gc.auto 0
quality	Checkout	2026-10-05T13:43:14.1917410Z ##[endgroup]
quality	Checkout	2026-10-05T13:43:14.1918132Z ##[group]Setting up auth
quality	Checkout	2026-10-05T13:43:14.1926493Z [command]/usr/bin/git config --local --name-only --get-regexp core\.sshCommand
quality	Checkout	2026-10-05T13:43:14.1958261Z [command]/usr/bin/git submodule foreach --recursive sh -c "git config --local --name-only --get-regexp 'core\.sshCommand' && git config --local --unset-all 'core.sshCommand' || :"
quality	Checkout	2026-10-05T13:43:14.2298509Z [command]/usr/bin/git config --local --name-only --get-regexp http\.https\:\/\/github\.com\/\.extraheader
quality	Checkout	2026-10-05T13:43:14.2335665Z [command]/usr/bin/git submodule foreach --recursive sh -c "git config --local --name-only --get-regexp 'http\.https\:\/\/github\.com\/\.extraheader' && git config --local --unset-all 'http.https://github.com/.extraheader' || :"
quality	Checkout	2026-10-05T13:43:14.2540750Z [command]/usr/bin/git config --local --name-only --get-regexp ^includeIf\.gitdir:
quality	Checkout	2026-10-05T13:43:14.2574202Z [command]/usr/bin/git submodule foreach --recursive git config --local --show-origin --name-only --get-regexp remote.origin.url
quality	Checkout	2026-10-05T13:43:14.2767711Z [command]/usr/bin/git config --local http.https://github.com/.extraheader AUTHORIZATION: basic ***
quality	Checkout	2026-10-05T13:43:14.2806823Z ##[endgroup]
quality	Checkout	2026-10-05T13:43:14.2807312Z ##[group]Fetching the repository
quality	Checkout	2026-10-05T13:43:14.2816500Z [command]/usr/bin/git -c protocol.version=2 fetch --no-tags --prune --no-recurse-submodules --depth=1 origin +bb83c2e19a0c67e2102e3b65546c3b3011db7ca7:refs/remotes/origin/main
quality	Checkout	2026-10-05T13:43:15.4706043Z From https://github.com/SamandarMansurkhodjaev2713/tayvero
quality	Checkout	2026-10-05T13:43:15.4707018Z  * [new ref]         bb83c2e19a0c67e2102e3b65546c3b3011db7ca7 -> origin/main
quality	Checkout	2026-10-05T13:43:15.4723057Z ##[endgroup]
quality	Checkout	2026-10-05T13:43:15.4724267Z ##[group]Determining the checkout info
quality	Checkout	2026-10-05T13:43:15.4725259Z ##[endgroup]
quality	Checkout	2026-10-05T13:43:15.4725931Z [command]/usr/bin/git sparse-checkout disable
quality	Checkout	2026-10-05T13:43:15.4782073Z [command]/usr/bin/git config --local --unset-all extensions.worktreeConfig
quality	Checkout	2026-10-05T13:43:15.4817509Z ##[group]Checking out the ref
quality	Checkout	2026-10-05T13:43:15.4822934Z [command]/usr/bin/git checkout --progress --force -B main refs/remotes/origin/main
quality	Checkout	2026-10-05T13:43:15.5654748Z Switched to a new branch 'main'
quality	Checkout	2026-10-05T13:43:15.5658459Z branch 'main' set up to track 'origin/main'.
quality	Checkout	2026-10-05T13:43:15.5664752Z ##[endgroup]
quality	Checkout	2026-10-05T13:43:15.5707727Z [command]/usr/bin/git log -1 --format=%H
quality	Checkout	2026-10-05T13:43:15.5731063Z bb83c2e19a0c67e2102e3b65546c3b3011db7ca7
quality	Set up Bun	﻿2026-10-05T13:43:15.6032168Z ##[group]Run oven-sh/setup-bun@v2
quality	Set up Bun	2026-10-05T13:43:15.6032624Z with:
quality	Set up Bun	2026-10-05T13:43:15.6032832Z   bun-version: 1.3.12
quality	Set up Bun	2026-10-05T13:43:15.6033054Z   no-cache: false
quality	Set up Bun	2026-10-05T13:43:15.6035916Z   token: ***
quality	Set up Bun	2026-10-05T13:43:15.6036116Z env:
quality	Set up Bun	2026-10-05T13:43:15.6036303Z   CI: true
quality	Set up Bun	2026-10-05T13:43:15.6036507Z   CRM_TELEMETRY_DISABLED: true
quality	Set up Bun	2026-10-05T13:43:15.6036844Z   DATABASE_URL: [REDACTED_DATABASE_URL]
quality	Set up Bun	2026-10-05T13:43:15.6037277Z   TEST_DATABASE_URL: [REDACTED_DATABASE_URL]
quality	Set up Bun	2026-10-05T13:43:15.6037649Z   ALLOWED_SIGN_IN: example.test
quality	Set up Bun	2026-10-05T13:43:15.6037928Z   CREDENTIAL_VAULT_ACTIVE_KEY_ID: ci-ephemeral
quality	Set up Bun	2026-10-05T13:43:15.6038230Z   CREDENTIAL_VAULT_ENFORCE: true
quality	Set up Bun	2026-10-05T13:43:15.6038482Z ##[endgroup]
quality	Set up Bun	2026-10-05T13:43:16.0012072Z Downloading a new version of Bun: https://github.com/oven-sh/bun/releases/download/bun-v1.3.12/bun-linux-x64.zip
quality	Set up Bun	2026-10-05T13:43:16.5179011Z [command]/usr/bin/unzip -o -q /home/runner/work/_temp/a2fef9cd-a2d0-4a7a-b290-d4e829ec923c.zip
quality	Set up Bun	2026-10-05T13:43:17.2448498Z [command]/home/runner/.bun/bin/bun --revision
quality	Set up Bun	2026-10-05T13:43:17.2484309Z 1.3.12+700fc117a
quality	Generate job-local keys (not deployment credentials)	﻿2026-10-05T13:43:17.2611095Z ##[group]Run auth_key=$(openssl rand -hex 32)
quality	Generate job-local keys (not deployment credentials)	2026-10-05T13:43:17.2611592Z ^[[36;1mauth_key=$(openssl rand -hex 32)^[[0m
quality	Generate job-local keys (not deployment credentials)	2026-10-05T13:43:17.2611963Z ^[[36;1mbridge_key=$(openssl rand -hex 32)^[[0m
quality	Generate job-local keys (not deployment credentials)	2026-10-05T13:43:17.2612317Z ^[[36;1mvault_key=$(openssl rand -base64 32)^[[0m
quality	Generate job-local keys (not deployment credentials)	2026-10-05T13:43:17.2612702Z ^[[36;1mvault_keys="{\"ci-ephemeral\":\"$vault_key\"}"^[[0m
quality	Generate job-local keys (not deployment credentials)	2026-10-05T13:43:17.2613033Z ^[[36;1mecho "::add-mask::$auth_key"^[[0m
quality	Generate job-local keys (not deployment credentials)	2026-10-05T13:43:17.2613327Z ^[[36;1mecho "::add-mask::$bridge_key"^[[0m
quality	Generate job-local keys (not deployment credentials)	2026-10-05T13:43:17.2613616Z ^[[36;1mecho "::add-mask::$vault_key"^[[0m
quality	Generate job-local keys (not deployment credentials)	2026-10-05T13:43:17.2613894Z ^[[36;1mecho "::add-mask::$vault_keys"^[[0m
quality	Generate job-local keys (not deployment credentials)	2026-10-05T13:43:17.2614479Z ^[[36;1mprintf 'BETTER_AUTH_SECRET=%s\nAGENT_BRIDGE_SECRET=%s\nCREDENTIAL_VAULT_KEYS=%s\n' "$auth_key" "$bridge_key" "$vault_keys" >> "$GITHUB_ENV"^[[0m
quality	Generate job-local keys (not deployment credentials)	2026-10-05T13:43:17.2800536Z shell: /usr/bin/bash --noprofile --norc -e -o pipefail {0}
quality	Generate job-local keys (not deployment credentials)	2026-10-05T13:43:17.2801039Z env:
quality	Generate job-local keys (not deployment credentials)	2026-10-05T13:43:17.2801241Z   CI: true
quality	Generate job-local keys (not deployment credentials)	2026-10-05T13:43:17.2801449Z   CRM_TELEMETRY_DISABLED: true
quality	Generate job-local keys (not deployment credentials)	2026-10-05T13:43:17.2801860Z   DATABASE_URL: [REDACTED_DATABASE_URL]
quality	Generate job-local keys (not deployment credentials)	2026-10-05T13:43:17.2802296Z   TEST_DATABASE_URL: [REDACTED_DATABASE_URL]
quality	Generate job-local keys (not deployment credentials)	2026-10-05T13:43:17.2802667Z   ALLOWED_SIGN_IN: example.test
quality	Generate job-local keys (not deployment credentials)	2026-10-05T13:43:17.2802950Z   CREDENTIAL_VAULT_ACTIVE_KEY_ID: ci-ephemeral
quality	Generate job-local keys (not deployment credentials)	2026-10-05T13:43:17.2803253Z   CREDENTIAL_VAULT_ENFORCE: true
quality	Generate job-local keys (not deployment credentials)	2026-10-05T13:43:17.2803501Z ##[endgroup]
quality	Install dependencies	﻿2026-10-05T13:43:17.3064373Z ##[group]Run bun install --frozen-lockfile
quality	Install dependencies	2026-10-05T13:43:17.3064783Z ^[[36;1mbun install --frozen-lockfile^[[0m
quality	Install dependencies	2026-10-05T13:43:17.3106703Z shell: /usr/bin/bash -e {0}
quality	Install dependencies	2026-10-05T13:43:17.3107026Z env:
quality	Install dependencies	2026-10-05T13:43:17.3107254Z   CI: true
quality	Install dependencies	2026-10-05T13:43:17.3107511Z   CRM_TELEMETRY_DISABLED: true
quality	Install dependencies	2026-10-05T13:43:17.3107890Z   DATABASE_URL: [REDACTED_DATABASE_URL]
quality	Install dependencies	2026-10-05T13:43:17.3108383Z   TEST_DATABASE_URL: [REDACTED_DATABASE_URL]
quality	Install dependencies	2026-10-05T13:43:17.3109038Z   ALLOWED_SIGN_IN: example.test
quality	Install dependencies	2026-10-05T13:43:17.3109396Z   CREDENTIAL_VAULT_ACTIVE_KEY_ID: ci-ephemeral
quality	Install dependencies	2026-10-05T13:43:17.3109745Z   CREDENTIAL_VAULT_ENFORCE: true
quality	Install dependencies	2026-10-05T13:43:17.3110291Z   BETTER_AUTH_SECRET: ***
quality	Install dependencies	2026-10-05T13:43:17.3110734Z   AGENT_BRIDGE_SECRET: ***
quality	Install dependencies	2026-10-05T13:43:17.3111173Z   CREDENTIAL_VAULT_KEYS: ***
quality	Install dependencies	2026-10-05T13:43:17.3111457Z ##[endgroup]
quality	Install dependencies	2026-10-05T13:43:17.3199827Z bun install v1.3.12 (700fc117)
quality	Install dependencies	2026-10-05T13:43:17.3367596Z Resolving dependencies
quality	Install dependencies	2026-10-05T13:43:18.4164225Z Resolved, downloaded and extracted [152]
quality	Install dependencies	2026-10-05T13:43:28.1308939Z
quality	Install dependencies	2026-10-05T13:43:28.1319994Z + @biomejs/biome@2.5.6
quality	Install dependencies	2026-10-05T13:43:28.1320404Z + @oxlint/plugins@1.78.0
quality	Install dependencies	2026-10-05T13:43:28.1320670Z + esbuild@0.25.12
quality	Install dependencies	2026-10-05T13:43:28.1320889Z + knip@6.32.2
quality	Install dependencies	2026-10-05T13:43:28.1321102Z + oxlint@1.78.0
quality	Install dependencies	2026-10-05T13:43:28.1321315Z + turbo@2.10.8
quality	Install dependencies	2026-10-05T13:43:28.1321544Z + typescript@5.9.2 (v7.0.2 available)
quality	Install dependencies	2026-10-05T13:43:28.1322078Z
quality	Install dependencies	2026-10-05T13:43:28.1322193Z 2409 packages installed [10.81s]
quality	Verify disposable pipeline database	﻿2026-10-05T13:43:28.1961660Z ##[group]Run bun run gate:pipeline-postgres
quality	Verify disposable pipeline database	2026-10-05T13:43:28.1962038Z ^[[36;1mbun run gate:pipeline-postgres^[[0m
quality	Verify disposable pipeline database	2026-10-05T13:43:28.2001845Z shell: /usr/bin/bash -e {0}
quality	Verify disposable pipeline database	2026-10-05T13:43:28.2002131Z env:
quality	Verify disposable pipeline database	2026-10-05T13:43:28.2002351Z   CI: true
quality	Verify disposable pipeline database	2026-10-05T13:43:28.2002566Z   CRM_TELEMETRY_DISABLED: true
quality	Verify disposable pipeline database	2026-10-05T13:43:28.2002918Z   DATABASE_URL: [REDACTED_DATABASE_URL]
quality	Verify disposable pipeline database	2026-10-05T13:43:28.2003407Z   TEST_DATABASE_URL: [REDACTED_DATABASE_URL]
quality	Verify disposable pipeline database	2026-10-05T13:43:28.2003823Z   ALLOWED_SIGN_IN: example.test
quality	Verify disposable pipeline database	2026-10-05T13:43:28.2004124Z   CREDENTIAL_VAULT_ACTIVE_KEY_ID: ci-ephemeral
quality	Verify disposable pipeline database	2026-10-05T13:43:28.2004436Z   CREDENTIAL_VAULT_ENFORCE: true
quality	Verify disposable pipeline database	2026-10-05T13:43:28.2004976Z   BETTER_AUTH_SECRET: ***
quality	Verify disposable pipeline database	2026-10-05T13:43:28.2005394Z   AGENT_BRIDGE_SECRET: ***
quality	Verify disposable pipeline database	2026-10-05T13:43:28.2005827Z   CREDENTIAL_VAULT_KEYS: ***
quality	Verify disposable pipeline database	2026-10-05T13:43:28.2006093Z ##[endgroup]
quality	Verify disposable pipeline database	2026-10-05T13:43:28.2082378Z $ node tools/release/run-pipeline-postgres-gate.mjs
quality	Verify disposable pipeline database	2026-10-05T13:43:33.1037626Z {"artifactState":"VERIFIED_CHECKPOINT","criticalChecksPassed":true,"nextScopeId":"CRM-PIPE-SHADOW-READ-006","blockers":[]}
quality	Verify deployed schema agrees with Prisma (read-only)	﻿2026-10-05T13:43:33.1117600Z ##[group]Run bun run --cwd packages/db prisma migrate diff --from-config-datasource --to-schema prisma/schema.prisma --script --exit-code > docs/quality/generated-test-db-schema-diff.sql
quality	Verify deployed schema agrees with Prisma (read-only)	2026-10-05T13:43:33.1119578Z ^[[36;1mbun run --cwd packages/db prisma migrate diff --from-config-datasource --to-schema prisma/schema.prisma --script --exit-code > docs/quality/generated-test-db-schema-diff.sql^[[0m
quality	Verify deployed schema agrees with Prisma (read-only)	2026-10-05T13:43:33.1161932Z shell: /usr/bin/bash -e {0}
quality	Verify deployed schema agrees with Prisma (read-only)	2026-10-05T13:43:33.1162222Z env:
quality	Verify deployed schema agrees with Prisma (read-only)	2026-10-05T13:43:33.1162430Z   CI: true
quality	Verify deployed schema agrees with Prisma (read-only)	2026-10-05T13:43:33.1162649Z   CRM_TELEMETRY_DISABLED: true
quality	Verify deployed schema agrees with Prisma (read-only)	2026-10-05T13:43:33.1163043Z   DATABASE_URL: [REDACTED_DATABASE_URL]
quality	Verify deployed schema agrees with Prisma (read-only)	2026-10-05T13:43:33.1163536Z   TEST_DATABASE_URL: [REDACTED_DATABASE_URL]
quality	Verify deployed schema agrees with Prisma (read-only)	2026-10-05T13:43:33.1163924Z   ALLOWED_SIGN_IN: example.test
quality	Verify deployed schema agrees with Prisma (read-only)	2026-10-05T13:43:33.1164223Z   CREDENTIAL_VAULT_ACTIVE_KEY_ID: ci-ephemeral
quality	Verify deployed schema agrees with Prisma (read-only)	2026-10-05T13:43:33.1164528Z   CREDENTIAL_VAULT_ENFORCE: true
quality	Verify deployed schema agrees with Prisma (read-only)	2026-10-05T13:43:33.1165044Z   BETTER_AUTH_SECRET: ***
quality	Verify deployed schema agrees with Prisma (read-only)	2026-10-05T13:43:33.1165522Z   AGENT_BRIDGE_SECRET: ***
quality	Verify deployed schema agrees with Prisma (read-only)	2026-10-05T13:43:33.1165953Z   CREDENTIAL_VAULT_KEYS: ***
quality	Verify deployed schema agrees with Prisma (read-only)	2026-10-05T13:43:33.1166202Z ##[endgroup]
quality	Verify deployed schema agrees with Prisma (read-only)	2026-10-05T13:43:33.9165698Z Loaded Prisma config from prisma.config.ts.
quality	Verify deployed schema agrees with Prisma (read-only)	2026-10-05T13:43:33.9166127Z
quality	Verify disposable migration and approval database	﻿2026-10-05T13:43:34.4246435Z ##[group]Run bun run gate:operations-postgres
quality	Verify disposable migration and approval database	2026-10-05T13:43:34.4246857Z ^[[36;1mbun run gate:operations-postgres^[[0m
quality	Verify disposable migration and approval database	2026-10-05T13:43:34.4286150Z shell: /usr/bin/bash -e {0}
quality	Verify disposable migration and approval database	2026-10-05T13:43:34.4286450Z env:
quality	Verify disposable migration and approval database	2026-10-05T13:43:34.4286656Z   CI: true
quality	Verify disposable migration and approval database	2026-10-05T13:43:34.4286883Z   CRM_TELEMETRY_DISABLED: true
quality	Verify disposable migration and approval database	2026-10-05T13:43:34.4287243Z   DATABASE_URL: [REDACTED_DATABASE_URL]
quality	Verify disposable migration and approval database	2026-10-05T13:43:34.4287763Z   TEST_DATABASE_URL: [REDACTED_DATABASE_URL]
quality	Verify disposable migration and approval database	2026-10-05T13:43:34.4288182Z   ALLOWED_SIGN_IN: example.test
quality	Verify disposable migration and approval database	2026-10-05T13:43:34.4288483Z   CREDENTIAL_VAULT_ACTIVE_KEY_ID: ci-ephemeral
quality	Verify disposable migration and approval database	2026-10-05T13:43:34.4288996Z   CREDENTIAL_VAULT_ENFORCE: true
quality	Verify disposable migration and approval database	2026-10-05T13:43:34.4289885Z   BETTER_AUTH_SECRET: ***
quality	Verify disposable migration and approval database	2026-10-05T13:43:34.4290322Z   AGENT_BRIDGE_SECRET: ***
quality	Verify disposable migration and approval database	2026-10-05T13:43:34.4290756Z   CREDENTIAL_VAULT_KEYS: ***
quality	Verify disposable migration and approval database	2026-10-05T13:43:34.4291020Z ##[endgroup]
quality	Verify disposable migration and approval database	2026-10-05T13:43:34.4538428Z $ node tools/release/run-operations-postgres-gate.mjs
quality	Verify disposable migration and approval database	2026-10-05T13:43:40.3669613Z {"status":"VERIFIED","blockers":[],"nextScopeId":"MIG-APPROVAL-AUTHENTICATED-E2E-001"}
quality	Prepare repository integration database	﻿2026-10-05T13:43:40.3740937Z ##[group]Run bun run --cwd packages/db db:test > docs/quality/generated-repository-test-db.log 2>&1
quality	Prepare repository integration database	2026-10-05T13:43:40.3741656Z ^[[36;1mbun run --cwd packages/db db:test > docs/quality/generated-repository-test-db.log 2>&1^[[0m
quality	Prepare repository integration database	2026-10-05T13:43:40.3778681Z shell: /usr/bin/bash -e {0}
quality	Prepare repository integration database	2026-10-05T13:43:40.3779452Z env:
quality	Prepare repository integration database	2026-10-05T13:43:40.3779662Z   CI: true
quality	Prepare repository integration database	2026-10-05T13:43:40.3779889Z   CRM_TELEMETRY_DISABLED: true
quality	Prepare repository integration database	2026-10-05T13:43:40.3780241Z   DATABASE_URL: [REDACTED_DATABASE_URL]
quality	Prepare repository integration database	2026-10-05T13:43:40.3780701Z   TEST_DATABASE_URL: [REDACTED_DATABASE_URL]
quality	Prepare repository integration database	2026-10-05T13:43:40.3781129Z   ALLOWED_SIGN_IN: example.test
quality	Prepare repository integration database	2026-10-05T13:43:40.3781430Z   CREDENTIAL_VAULT_ACTIVE_KEY_ID: ci-ephemeral
quality	Prepare repository integration database	2026-10-05T13:43:40.3781747Z   CREDENTIAL_VAULT_ENFORCE: true
quality	Prepare repository integration database	2026-10-05T13:43:40.3782261Z   BETTER_AUTH_SECRET: ***
quality	Prepare repository integration database	2026-10-05T13:43:40.3782697Z   AGENT_BRIDGE_SECRET: ***
quality	Prepare repository integration database	2026-10-05T13:43:40.3783124Z   CREDENTIAL_VAULT_KEYS: ***
quality	Prepare repository integration database	2026-10-05T13:43:40.3783375Z   NODE_ENV: test
quality	Prepare repository integration database	2026-10-05T13:43:40.3783639Z ##[endgroup]
quality	Run repository quality gate	﻿2026-10-05T13:43:42.2035883Z ##[group]Run bun run quality:gate
quality	Run repository quality gate	2026-10-05T13:43:42.2036440Z ^[[36;1mbun run quality:gate^[[0m
quality	Run repository quality gate	2026-10-05T13:43:42.2095217Z shell: /usr/bin/bash -e {0}
quality	Run repository quality gate	2026-10-05T13:43:42.2095700Z env:
quality	Run repository quality gate	2026-10-05T13:43:42.2096012Z   CI: true
quality	Run repository quality gate	2026-10-05T13:43:42.2096403Z   CRM_TELEMETRY_DISABLED: true
quality	Run repository quality gate	2026-10-05T13:43:42.2097005Z   DATABASE_URL: [REDACTED_DATABASE_URL]
quality	Run repository quality gate	2026-10-05T13:43:42.2097816Z   TEST_DATABASE_URL: [REDACTED_DATABASE_URL]
quality	Run repository quality gate	2026-10-05T13:43:42.2098494Z   ALLOWED_SIGN_IN: example.test
quality	Run repository quality gate	2026-10-05T13:43:42.2099273Z   CREDENTIAL_VAULT_ACTIVE_KEY_ID: ci-ephemeral
quality	Run repository quality gate	2026-10-05T13:43:42.2099833Z   CREDENTIAL_VAULT_ENFORCE: true
quality	Run repository quality gate	2026-10-05T13:43:42.2100679Z   BETTER_AUTH_SECRET: ***
quality	Run repository quality gate	2026-10-05T13:43:42.2101385Z   AGENT_BRIDGE_SECRET: ***
quality	Run repository quality gate	2026-10-05T13:43:42.2102166Z   CREDENTIAL_VAULT_KEYS: ***
quality	Run repository quality gate	2026-10-05T13:43:42.2102568Z ##[endgroup]
quality	Run repository quality gate	2026-10-05T13:43:42.2187994Z $ node scripts/quality-gate.mjs && bun run security:gate
quality	Run repository quality gate	2026-10-05T13:43:42.2507886Z
quality	Run repository quality gate	2026-10-05T13:43:42.2509722Z > /usr/local/bin/node tools/quality/run-local-tests.mjs
quality	Run repository quality gate	2026-10-05T13:43:42.3546652Z TAP version 13
quality	Run repository quality gate	2026-10-05T13:43:42.5114690Z # Subtest: continuation token admits only the exact session/decision body and preserves principal
quality	Run repository quality gate	2026-10-05T13:43:42.5140100Z ok 1 - continuation token admits only the exact session/decision body and preserves principal
quality	Run repository quality gate	2026-10-05T13:43:42.5140939Z   ---
quality	Run repository quality gate	2026-10-05T13:43:42.5141277Z   duration_ms: 9.591953
quality	Run repository quality gate	2026-10-05T13:43:42.5141659Z   type: 'test'
quality	Run repository quality gate	2026-10-05T13:43:42.5141980Z   ...
quality	Run repository quality gate	2026-10-05T13:43:42.5142666Z # Subtest: session/create/general token, altered body, verb, signature and time are rejected before admission
quality	Run repository quality gate	2026-10-05T13:43:42.5143841Z ok 2 - session/create/general token, altered body, verb, signature and time are rejected before admission
quality	Run repository quality gate	2026-10-05T13:43:42.5144510Z   ---
quality	Run repository quality gate	2026-10-05T13:43:42.5144803Z   duration_ms: 5.436266
quality	Run repository quality gate	2026-10-05T13:43:42.5145136Z   type: 'test'
quality	Run repository quality gate	2026-10-05T13:43:42.5145476Z   ...
quality	Run repository quality gate	2026-10-05T13:43:42.5146132Z # Subtest: bounded authentication rejects oversized and malicious JSON without creating consent
quality	Run repository quality gate	2026-10-05T13:43:42.5147288Z ok 3 - bounded authentication rejects oversized and malicious JSON without creating consent
quality	Run repository quality gate	2026-10-05T13:43:42.5147992Z   ---
quality	Run repository quality gate	2026-10-05T13:43:42.5148320Z   duration_ms: 1.817091
quality	Run repository quality gate	2026-10-05T13:43:42.5148665Z   type: 'test'
quality	Run repository quality gate	2026-10-05T13:43:42.5149148Z   ...
quality	Run repository quality gate	2026-10-05T13:43:42.5162358Z # Subtest: expired token during bounded body processing does not enter admission
quality	Run repository quality gate	2026-10-05T13:43:42.5163671Z ok 4 - expired token during bounded body processing does not enter admission
quality	Run repository quality gate	2026-10-05T13:43:42.5164561Z   ---
quality	Run repository quality gate	2026-10-05T13:43:42.5165353Z   duration_ms: 0.81535
quality	Run repository quality gate	2026-10-05T13:43:42.5165812Z   type: 'test'
quality	Run repository quality gate	2026-10-05T13:43:42.5166154Z   ...
quality	Run repository quality gate	2026-10-05T13:43:42.5290454Z # Subtest: transport sends one exact ID request on a real loopback HTTP server, never a new session
quality	Run repository quality gate	2026-10-05T13:43:42.5292205Z ok 5 - transport sends one exact ID request on a real loopback HTTP server, never a new session
quality	Run repository quality gate	2026-10-05T13:43:42.5293319Z   ---
quality	Run repository quality gate	2026-10-05T13:43:42.5293983Z   duration_ms: 30.63169
quality	Run repository quality gate	2026-10-05T13:43:42.5294641Z   type: 'test'
quality	Run repository quality gate	2026-10-05T13:43:42.5295151Z   ...
quality	Run repository quality gate	2026-10-05T13:43:42.5296211Z # Subtest: transport rejects untrusted origins, redirects/errors, mismatched acknowledgement and never retries
quality	Run repository quality gate	2026-10-05T13:43:42.5299160Z ok 6 - transport rejects untrusted origins, redirects/errors, mismatched acknowledgement and never retries
quality	Run repository quality gate	2026-10-05T13:43:42.5300239Z   ---
quality	Run repository quality gate	2026-10-05T13:43:42.5300797Z   duration_ms: 1.694952
quality	Run repository quality gate	2026-10-05T13:43:42.5301355Z   type: 'test'
quality	Run repository quality gate	2026-10-05T13:43:42.5301904Z   ...
quality	Run repository quality gate	2026-10-05T13:43:42.6368672Z # Subtest: both native mutation tools preserve disabled-default behavior before parsing optional input
quality	Run repository quality gate	2026-10-05T13:43:42.6370676Z ok 7 - both native mutation tools preserve disabled-default behavior before parsing optional input
quality	Run repository quality gate	2026-10-05T13:43:42.6371727Z   ---
quality	Run repository quality gate	2026-10-05T13:43:42.6372571Z   duration_ms: 1.338864
quality	Run repository quality gate	2026-10-05T13:43:42.6373077Z   type: 'test'
quality	Run repository quality gate	2026-10-05T13:43:42.6373399Z   ...
quality	Run repository quality gate	2026-10-05T13:43:42.6374467Z # Subtest: native event journal observer is wired outside the best-effort audit catch
quality	Run repository quality gate	2026-10-05T13:43:42.6375400Z ok 8 - native event journal observer is wired outside the best-effort audit catch
quality	Run repository quality gate	2026-10-05T13:43:42.6376114Z   ---
quality	Run repository quality gate	2026-10-05T13:43:42.6376475Z   duration_ms: 0.316109
quality	Run repository quality gate	2026-10-05T13:43:42.6376839Z   type: 'test'
quality	Run repository quality gate	2026-10-05T13:43:42.6377180Z   ...
quality	Run repository quality gate	2026-10-05T13:43:42.6378204Z # Subtest: timeout confirmation remains inside the locked transaction and completion cannot skip pending consent
quality	Run repository quality gate	2026-10-05T13:43:42.6381240Z ok 9 - timeout confirmation remains inside the locked transaction and completion cannot skip pending consent
quality	Run repository quality gate	2026-10-05T13:43:42.6382146Z   ---
quality	Run repository quality gate	2026-10-05T13:43:42.6382511Z   duration_ms: 0.3103
quality	Run repository quality gate	2026-10-05T13:43:42.6382896Z   type: 'test'
quality	Run repository quality gate	2026-10-05T13:43:42.6383234Z   ...
quality	Run repository quality gate	2026-10-05T13:43:42.6384777Z # Subtest: strict Turbo development passes the actual application feature/config variable names
quality	Run repository quality gate	2026-10-05T13:43:42.6385816Z ok 10 - strict Turbo development passes the actual application feature/config variable names
quality	Run repository quality gate	2026-10-05T13:43:42.6386285Z   ---
quality	Run repository quality gate	2026-10-05T13:43:42.6386489Z   duration_ms: 0.660414
quality	Run repository quality gate	2026-10-05T13:43:42.6386727Z   type: 'test'
quality	Run repository quality gate	2026-10-05T13:43:42.6386939Z   ...
quality	Run repository quality gate	2026-10-05T13:43:42.7422803Z # Subtest: unset and example-env blank rules preserve the bounded deployed manifest policy
quality	Run repository quality gate	2026-10-05T13:43:42.7424441Z ok 11 - unset and example-env blank rules preserve the bounded deployed manifest policy
quality	Run repository quality gate	2026-10-05T13:43:42.7425389Z   ---
quality	Run repository quality gate	2026-10-05T13:43:42.7426210Z   duration_ms: 0.988783
quality	Run repository quality gate	2026-10-05T13:43:42.7426694Z   type: 'test'
quality	Run repository quality gate	2026-10-05T13:43:42.7427043Z   ...
quality	Run repository quality gate	2026-10-05T13:43:42.7427705Z # Subtest: malformed configuration fails closed, never silently ignores intended restrictions
quality	Run repository quality gate	2026-10-05T13:43:42.7429089Z ok 12 - malformed configuration fails closed, never silently ignores intended restrictions
quality	Run repository quality gate	2026-10-05T13:43:42.7429821Z   ---
quality	Run repository quality gate	2026-10-05T13:43:42.7430163Z   duration_ms: 0.809049
quality	Run repository quality gate	2026-10-05T13:43:42.7430566Z   type: 'test'
quality	Run repository quality gate	2026-10-05T13:43:42.7430897Z   ...
quality	Run repository quality gate	2026-10-05T13:43:42.7432509Z # Subtest: deployment rules and read-only mode cannot be changed with request fields
quality	Run repository quality gate	2026-10-05T13:43:42.7440547Z ok 13 - deployment rules and read-only mode cannot be changed with request fields
quality	Run repository quality gate	2026-10-05T13:43:42.7441276Z   ---
quality	Run repository quality gate	2026-10-05T13:43:42.7441619Z   duration_ms: 0.164158
quality	Run repository quality gate	2026-10-05T13:43:42.7441997Z   type: 'test'
quality	Run repository quality gate	2026-10-05T13:43:42.7442358Z   ...
quality	Run repository quality gate	2026-10-05T13:43:42.8688332Z # Subtest: the dependency-free service core delegates only through the governed executor
quality	Run repository quality gate	2026-10-05T13:43:42.8689878Z ok 14 - the dependency-free service core delegates only through the governed executor
quality	Run repository quality gate	2026-10-05T13:43:42.8697279Z   ---
quality	Run repository quality gate	2026-10-05T13:43:42.8697782Z   duration_ms: 14.323273
quality	Run repository quality gate	2026-10-05T13:43:42.8698274Z   type: 'test'
quality	Run repository quality gate	2026-10-05T13:43:42.8698834Z   ...
quality	Run repository quality gate	2026-10-05T13:43:42.8699399Z # Subtest: the production service composition uses the same governed path
quality	Run repository quality gate	2026-10-05T13:43:42.8700342Z ok 15 - the production service composition uses the same governed path
quality	Run repository quality gate	2026-10-05T13:43:42.8701056Z   ---
quality	Run repository quality gate	2026-10-05T13:43:42.8701492Z   duration_ms: 0.766405
quality	Run repository quality gate	2026-10-05T13:43:42.8701948Z   type: 'test'
quality	Run repository quality gate	2026-10-05T13:43:42.8702364Z   ...
quality	Run repository quality gate	2026-10-05T13:43:42.8702887Z # Subtest: requires an explicit catalog-only registry
quality	Run repository quality gate	2026-10-05T13:43:42.8704430Z ok 16 - requires an explicit catalog-only registry
quality	Run repository quality gate	2026-10-05T13:43:42.8705127Z   ---
quality	Run repository quality gate	2026-10-05T13:43:42.8706001Z   duration_ms: 0.492792
quality	Run repository quality gate	2026-10-05T13:43:42.8706505Z   type: 'test'
quality	Run repository quality gate	2026-10-05T13:43:42.8706862Z   ...
quality	Run repository quality gate	2026-10-05T13:43:42.8707450Z # Subtest: rejects model attempts to provide execution context or control fields
quality	Run repository quality gate	2026-10-05T13:43:42.8708409Z ok 17 - rejects model attempts to provide execution context or control fields
quality	Run repository quality gate	2026-10-05T13:43:42.8709224Z   ---
quality	Run repository quality gate	2026-10-05T13:43:42.8709532Z   duration_ms: 0.506459
quality	Run repository quality gate	2026-10-05T13:43:42.8709929Z   type: 'test'
quality	Run repository quality gate	2026-10-05T13:43:42.8710265Z   ...
quality	Run repository quality gate	2026-10-05T13:43:42.8710716Z # Subtest: rejects invalid input before any action executor side effect
quality	Run repository quality gate	2026-10-05T13:43:42.8711419Z ok 18 - rejects invalid input before any action executor side effect
quality	Run repository quality gate	2026-10-05T13:43:42.8712318Z   ---
quality	Run repository quality gate	2026-10-05T13:43:42.8712623Z   duration_ms: 0.467829
quality	Run repository quality gate	2026-10-05T13:43:42.8712971Z   type: 'test'
quality	Run repository quality gate	2026-10-05T13:43:42.8713269Z   ...
quality	Run repository quality gate	2026-10-05T13:43:42.8713768Z # Subtest: rejects invalid cancellation objects and unknown execution options
quality	Run repository quality gate	2026-10-05T13:43:42.8714597Z ok 19 - rejects invalid cancellation objects and unknown execution options
quality	Run repository quality gate	2026-10-05T13:43:42.8715129Z   ---
quality	Run repository quality gate	2026-10-05T13:43:42.8715438Z   duration_ms: 0.355584
quality	Run repository quality gate	2026-10-05T13:43:42.8715675Z   type: 'test'
quality	Run repository quality gate	2026-10-05T13:43:42.8715975Z   ...
quality	Run repository quality gate	2026-10-05T13:43:42.8716560Z # Subtest: the Prisma composition persists receipts and audit through the governed path
quality	Run repository quality gate	2026-10-05T13:43:42.8717354Z ok 20 - the Prisma composition persists receipts and audit through the governed path
quality	Run repository quality gate	2026-10-05T13:43:42.8717970Z   ---
quality	Run repository quality gate	2026-10-05T13:43:42.8718295Z   duration_ms: 2.686037
quality	Run repository quality gate	2026-10-05T13:43:42.8718688Z   type: 'test'
quality	Run repository quality gate	2026-10-05T13:43:42.8719130Z   ...
quality	Run repository quality gate	2026-10-05T13:43:42.8719651Z # Subtest: the Prisma composition fails fast when governance dependencies are missing
quality	Run repository quality gate	2026-10-05T13:43:42.8720566Z ok 21 - the Prisma composition fails fast when governance dependencies are missing
quality	Run repository quality gate	2026-10-05T13:43:42.8721180Z   ---
quality	Run repository quality gate	2026-10-05T13:43:42.8721505Z   duration_ms: 0.336439
quality	Run repository quality gate	2026-10-05T13:43:42.8721853Z   type: 'test'
quality	Run repository quality gate	2026-10-05T13:43:42.8722157Z   ...
quality	Run repository quality gate	2026-10-05T13:43:43.0143003Z # Subtest: publishes only the two governed external run actions
quality	Run repository quality gate	2026-10-05T13:43:43.0144484Z ok 22 - publishes only the two governed external run actions
quality	Run repository quality gate	2026-10-05T13:43:43.0145195Z   ---
quality	Run repository quality gate	2026-10-05T13:43:43.0145638Z   duration_ms: 29.913309
quality	Run repository quality gate	2026-10-05T13:43:43.0146171Z   type: 'test'
quality	Run repository quality gate	2026-10-05T13:43:43.0156111Z   ...
quality	Run repository quality gate	2026-10-05T13:43:43.0157052Z # Subtest: passes the full governed idempotency envelope to the CRM side effect
quality	Run repository quality gate	2026-10-05T13:43:43.0160443Z ok 23 - passes the full governed idempotency envelope to the CRM side effect
quality	Run repository quality gate	2026-10-05T13:43:43.0161279Z   ---
quality	Run repository quality gate	2026-10-05T13:43:43.0161763Z   duration_ms: 6.795607
quality	Run repository quality gate	2026-10-05T13:43:43.0162323Z   type: 'test'
quality	Run repository quality gate	2026-10-05T13:43:43.0162817Z   ...
quality	Run repository quality gate	2026-10-05T13:43:43.0163573Z # Subtest: replays a completed governed receipt without repeating the business side effect
quality	Run repository quality gate	2026-10-05T13:43:43.0166761Z ok 24 - replays a completed governed receipt without repeating the business side effect
quality	Run repository quality gate	2026-10-05T13:43:43.0183106Z   ---
quality	Run repository quality gate	2026-10-05T13:43:43.0183587Z   duration_ms: 2.104797
quality	Run repository quality gate	2026-10-05T13:43:43.0184111Z   type: 'test'
quality	Run repository quality gate	2026-10-05T13:43:43.0184739Z   ...
quality	Run repository quality gate	2026-10-05T13:43:43.0185400Z # Subtest: rejects reuse of one run call for different business input
quality	Run repository quality gate	2026-10-05T13:43:43.0186345Z ok 25 - rejects reuse of one run call for different business input
quality	Run repository quality gate	2026-10-05T13:43:43.0188866Z   ---
quality	Run repository quality gate	2026-10-05T13:43:43.0189319Z   duration_ms: 2.613701
quality	Run repository quality gate	2026-10-05T13:43:43.0189767Z   type: 'test'
quality	Run repository quality gate	2026-10-05T13:43:43.0190197Z   ...
quality	Run repository quality gate	2026-10-05T13:43:43.0191225Z # Subtest: denies execution before the side effect when object authorization fails
quality	Run repository quality gate	2026-10-05T13:43:43.0193756Z ok 26 - denies execution before the side effect when object authorization fails
quality	Run repository quality gate	2026-10-05T13:43:43.0194628Z   ---
quality	Run repository quality gate	2026-10-05T13:43:43.0195046Z   duration_ms: 1.170796
quality	Run repository quality gate	2026-10-05T13:43:43.0195505Z   type: 'test'
quality	Run repository quality gate	2026-10-05T13:43:43.0198322Z   ...
quality	Run repository quality gate	2026-10-05T13:43:43.0199149Z # Subtest: rejects model/control-field injection and invalid business input
quality	Run repository quality gate	2026-10-05T13:43:43.0204882Z ok 27 - rejects model/control-field injection and invalid business input
quality	Run repository quality gate	2026-10-05T13:43:43.0205909Z   ---
quality	Run repository quality gate	2026-10-05T13:43:43.0215744Z   duration_ms: 1.500931
quality	Run repository quality gate	2026-10-05T13:43:43.0216355Z   type: 'test'
quality	Run repository quality gate	2026-10-05T13:43:43.0216808Z   ...
quality	Run repository quality gate	2026-10-05T13:43:43.0217539Z # Subtest: honors cancellation before acquiring or executing a side effect
quality	Run repository quality gate	2026-10-05T13:43:43.0218668Z ok 28 - honors cancellation before acquiring or executing a side effect
quality	Run repository quality gate	2026-10-05T13:43:43.0219659Z   ---
quality	Run repository quality gate	2026-10-05T13:43:43.0220152Z   duration_ms: 0.659428
quality	Run repository quality gate	2026-10-05T13:43:43.0221117Z   type: 'test'
quality	Run repository quality gate	2026-10-05T13:43:43.0221598Z   ...
quality	Run repository quality gate	2026-10-05T13:43:43.0223863Z # Subtest: routes Slack through the same governed receipt and execution envelope
quality	Run repository quality gate	2026-10-05T13:43:43.0226185Z ok 29 - routes Slack through the same governed receipt and execution envelope
quality	Run repository quality gate	2026-10-05T13:43:43.0227094Z   ---
quality	Run repository quality gate	2026-10-05T13:43:43.0227537Z   duration_ms: 1.531465
quality	Run repository quality gate	2026-10-05T13:43:43.0228394Z   type: 'test'
quality	Run repository quality gate	2026-10-05T13:43:43.0229022Z   ...
quality	Run repository quality gate	2026-10-05T13:43:43.0229803Z # Subtest: rejects accessor-backed request fields without invoking application code
quality	Run repository quality gate	2026-10-05T13:43:43.0233116Z ok 30 - rejects accessor-backed request fields without invoking application code
quality	Run repository quality gate	2026-10-05T13:43:43.0234030Z   ---
quality	Run repository quality gate	2026-10-05T13:43:43.0234489Z   duration_ms: 0.645163
quality	Run repository quality gate	2026-10-05T13:43:43.0235435Z   type: 'test'
quality	Run repository quality gate	2026-10-05T13:43:43.0235975Z   ...
quality	Run repository quality gate	2026-10-05T13:43:43.0236710Z # Subtest: rejects accessor-backed business input without evaluating its getter
quality	Run repository quality gate	2026-10-05T13:43:43.0240073Z ok 31 - rejects accessor-backed business input without evaluating its getter
quality	Run repository quality gate	2026-10-05T13:43:43.0241005Z   ---
quality	Run repository quality gate	2026-10-05T13:43:43.0241449Z   duration_ms: 0.587603
quality	Run repository quality gate	2026-10-05T13:43:43.0241920Z   type: 'test'
quality	Run repository quality gate	2026-10-05T13:43:43.0242866Z   ...
quality	Run repository quality gate	2026-10-05T13:43:43.0243584Z # Subtest: rejects ambiguous identifier separators before deriving an idempotency key
quality	Run repository quality gate	2026-10-05T13:43:43.0244671Z ok 32 - rejects ambiguous identifier separators before deriving an idempotency key
quality	Run repository quality gate	2026-10-05T13:43:43.0245483Z   ---
quality	Run repository quality gate	2026-10-05T13:43:43.0245930Z   duration_ms: 0.553482
quality	Run repository quality gate	2026-10-05T13:43:43.0246451Z   type: 'test'
quality	Run repository quality gate	2026-10-05T13:43:43.0249107Z   ...
quality	Run repository quality gate	2026-10-05T13:43:43.0250117Z # Subtest: rejects malformed policy decisions before acquiring a receipt
quality	Run repository quality gate	2026-10-05T13:43:43.0264570Z ok 33 - rejects malformed policy decisions before acquiring a receipt
quality	Run repository quality gate	2026-10-05T13:43:43.0265187Z   ---
quality	Run repository quality gate	2026-10-05T13:43:43.0265488Z   duration_ms: 0.743897
quality	Run repository quality gate	2026-10-05T13:43:43.0265753Z   type: 'test'
quality	Run repository quality gate	2026-10-05T13:43:43.0265974Z   ...
quality	Run repository quality gate	2026-10-05T13:43:43.0271633Z # Subtest: rejects misspelled runtime dependencies instead of ignoring configuration
quality	Run repository quality gate	2026-10-05T13:43:43.0273457Z ok 34 - rejects misspelled runtime dependencies instead of ignoring configuration
quality	Run repository quality gate	2026-10-05T13:43:43.0273943Z   ---
quality	Run repository quality gate	2026-10-05T13:43:43.0274162Z   duration_ms: 0.31424
quality	Run repository quality gate	2026-10-05T13:43:43.0274410Z   type: 'test'
quality	Run repository quality gate	2026-10-05T13:43:43.0274621Z   ...
quality	Run repository quality gate	2026-10-05T13:43:43.1244576Z # Subtest: agent runner tools invoke only the governed run-action bridge
quality	Run repository quality gate	2026-10-05T13:43:43.1246970Z ok 35 - agent runner tools invoke only the governed run-action bridge
quality	Run repository quality gate	2026-10-05T13:43:43.1247555Z   ---
quality	Run repository quality gate	2026-10-05T13:43:43.1247887Z   duration_ms: 4.263331
quality	Run repository quality gate	2026-10-05T13:43:43.1248195Z   type: 'test'
quality	Run repository quality gate	2026-10-05T13:43:43.1248400Z   ...
quality	Run repository quality gate	2026-10-05T13:43:43.3253961Z # Subtest: the governed bridge is the sole production caller of low-level run side effects
quality	Run repository quality gate	2026-10-05T13:43:43.3254914Z ok 36 - the governed bridge is the sole production caller of low-level run side effects
quality	Run repository quality gate	2026-10-05T13:43:43.3255410Z   ---
quality	Run repository quality gate	2026-10-05T13:43:43.3263531Z   duration_ms: 200.76071
quality	Run repository quality gate	2026-10-05T13:43:43.3263934Z   type: 'test'
quality	Run repository quality gate	2026-10-05T13:43:43.3264272Z   ...
quality	Run repository quality gate	2026-10-05T13:43:43.3264757Z # Subtest: run-runtime requires the governed envelope and no longer exposes legacy entrypoints
quality	Run repository quality gate	2026-10-05T13:43:43.3265826Z ok 37 - run-runtime requires the governed envelope and no longer exposes legacy entrypoints
quality	Run repository quality gate	2026-10-05T13:43:43.3268118Z   ---
quality	Run repository quality gate	2026-10-05T13:43:43.3268966Z   duration_ms: 1.000377
quality	Run repository quality gate	2026-10-05T13:43:43.3269978Z   type: 'test'
quality	Run repository quality gate	2026-10-05T13:43:43.3270486Z   ...
quality	Run repository quality gate	2026-10-05T13:43:43.3274205Z # Subtest: run.summary remains a run-control capability instead of becoming an external side effect
quality	Run repository quality gate	2026-10-05T13:43:43.3275351Z ok 38 - run.summary remains a run-control capability instead of becoming an external side effect
quality	Run repository quality gate	2026-10-05T13:43:43.3275972Z   ---
quality	Run repository quality gate	2026-10-05T13:43:43.3276183Z   duration_ms: 1.239452
quality	Run repository quality gate	2026-10-05T13:43:43.3276433Z   type: 'test'
quality	Run repository quality gate	2026-10-05T13:43:43.3276649Z   ...
quality	Run repository quality gate	2026-10-05T13:43:43.4241737Z # Subtest: timeout selection cannot fail a run that parked after the query snapshot
quality	Run repository quality gate	2026-10-05T13:43:43.4242816Z ok 39 - timeout selection cannot fail a run that parked after the query snapshot
quality	Run repository quality gate	2026-10-05T13:43:43.4261519Z   ---
quality	Run repository quality gate	2026-10-05T13:43:43.4262473Z   duration_ms: 0.786947
quality	Run repository quality gate	2026-10-05T13:43:43.4262871Z   type: 'test'
quality	Run repository quality gate	2026-10-05T13:43:43.4263092Z   ...
quality	Run repository quality gate	2026-10-05T13:43:43.4263451Z # Subtest: resume uses extended execution budget without changing historical startedAt
quality	Run repository quality gate	2026-10-05T13:43:43.4266570Z ok 40 - resume uses extended execution budget without changing historical startedAt
quality	Run repository quality gate	2026-10-05T13:43:43.4266987Z   ---
quality	Run repository quality gate	2026-10-05T13:43:43.4267210Z   duration_ms: 0.165849
quality	Run repository quality gate	2026-10-05T13:43:43.4267445Z   type: 'test'
quality	Run repository quality gate	2026-10-05T13:43:43.4267650Z   ...
quality	Run repository quality gate	2026-10-05T13:43:43.4267994Z # Subtest: cancelled, detached and terminal runs are never timed out by a stale scan
quality	Run repository quality gate	2026-10-05T13:43:43.4268536Z ok 41 - cancelled, detached and terminal runs are never timed out by a stale scan
quality	Run repository quality gate	2026-10-05T13:43:43.4269223Z   ---
quality	Run repository quality gate	2026-10-05T13:43:43.4269450Z   duration_ms: 0.214338
quality	Run repository quality gate	2026-10-05T13:43:43.4269693Z   type: 'test'
quality	Run repository quality gate	2026-10-05T13:43:43.4269892Z   ...
quality	Run repository quality gate	2026-10-05T13:43:43.4270439Z # Subtest: execution budget rejects corrupt configuration and saved deadlines
quality	Run repository quality gate	2026-10-05T13:43:43.4271129Z ok 42 - execution budget rejects corrupt configuration and saved deadlines
quality	Run repository quality gate	2026-10-05T13:43:43.4271634Z   ---
quality	Run repository quality gate	2026-10-05T13:43:43.4271907Z   duration_ms: 0.455232
quality	Run repository quality gate	2026-10-05T13:43:43.4272207Z   type: 'test'
quality	Run repository quality gate	2026-10-05T13:43:43.4272484Z   ...
quality	Run repository quality gate	2026-10-05T13:43:43.6526742Z # Subtest: approved native request traverses real governed executor once, then receipt completes continuation
quality	Run repository quality gate	2026-10-05T13:43:43.6529307Z ok 43 - approved native request traverses real governed executor once, then receipt completes continuation
quality	Run repository quality gate	2026-10-05T13:43:43.6539360Z   ---
quality	Run repository quality gate	2026-10-05T13:43:43.6543332Z   duration_ms: 84.600011
quality	Run repository quality gate	2026-10-05T13:43:43.6544192Z   type: 'test'
quality	Run repository quality gate	2026-10-05T13:43:43.6544908Z   ...
quality	Run repository quality gate	2026-10-05T13:43:43.6685797Z # Subtest: lost native acknowledgement is reconciled from actual runtime receipt without another HTTP request
quality	Run repository quality gate	2026-10-05T13:43:43.6710356Z ok 44 - lost native acknowledgement is reconciled from actual runtime receipt without another HTTP request
quality	Run repository quality gate	2026-10-05T13:43:43.6711349Z   ---
quality	Run repository quality gate	2026-10-05T13:43:43.6711760Z   duration_ms: 24.622313
quality	Run repository quality gate	2026-10-05T13:43:43.6712180Z   type: 'test'
quality	Run repository quality gate	2026-10-05T13:43:43.6712526Z   ...
quality	Run repository quality gate	2026-10-05T13:43:43.8823315Z # Subtest: native child/session/call binding is durable across fresh service instances
quality	Run repository quality gate	2026-10-05T13:43:43.8874387Z ok 45 - native child/session/call binding is durable across fresh service instances
quality	Run repository quality gate	2026-10-05T13:43:43.8881851Z   ---
quality	Run repository quality gate	2026-10-05T13:43:43.8882345Z   duration_ms: 15.796559
quality	Run repository quality gate	2026-10-05T13:43:43.8882947Z   type: 'test'
quality	Run repository quality gate	2026-10-05T13:43:43.8883328Z   ...
quality	Run repository quality gate	2026-10-05T13:43:43.8884037Z # Subtest: consent alone cannot resume before durable native input and waiting boundary
quality	Run repository quality gate	2026-10-05T13:43:43.8885155Z ok 46 - consent alone cannot resume before durable native input and waiting boundary
quality	Run repository quality gate	2026-10-05T13:43:43.8886008Z   ---
quality	Run repository quality gate	2026-10-05T13:43:43.8886415Z   duration_ms: 3.626521
quality	Run repository quality gate	2026-10-05T13:43:43.8886846Z   type: 'test'
quality	Run repository quality gate	2026-10-05T13:43:43.8887266Z   ...
quality	Run repository quality gate	2026-10-05T13:43:43.8887875Z # Subtest: pending consent parks without dispatch and polling is bounded/fair
quality	Run repository quality gate	2026-10-05T13:43:43.8888977Z ok 47 - pending consent parks without dispatch and polling is bounded/fair
quality	Run repository quality gate	2026-10-05T13:43:43.8889668Z   ---
quality	Run repository quality gate	2026-10-05T13:43:43.8890028Z   duration_ms: 4.102046
quality	Run repository quality gate	2026-10-05T13:43:43.8890465Z   type: 'test'
quality	Run repository quality gate	2026-10-05T13:43:43.8891231Z   ...
quality	Run repository quality gate	2026-10-05T13:43:43.8891958Z # Subtest: wrong session, actor workspace, payload, call and native request cannot rebind consent
quality	Run repository quality gate	2026-10-05T13:43:43.8892914Z ok 48 - wrong session, actor workspace, payload, call and native request cannot rebind consent
quality	Run repository quality gate	2026-10-05T13:43:43.8893563Z   ---
quality	Run repository quality gate	2026-10-05T13:43:43.8893825Z   duration_ms: 3.63722
quality	Run repository quality gate	2026-10-05T13:43:43.8894163Z   type: 'test'
quality	Run repository quality gate	2026-10-05T13:43:43.8894435Z   ...
quality	Run repository quality gate	2026-10-05T13:43:43.8894978Z # Subtest: two dispatchers cannot both submit one approval or two calls of the same waiting run
quality	Run repository quality gate	2026-10-05T13:43:43.8895831Z ok 49 - two dispatchers cannot both submit one approval or two calls of the same waiting run
quality	Run repository quality gate	2026-10-05T13:43:43.8896471Z   ---
quality	Run repository quality gate	2026-10-05T13:43:43.8896748Z   duration_ms: 6.421874
quality	Run repository quality gate	2026-10-05T13:43:43.8897428Z   type: 'test'
quality	Run repository quality gate	2026-10-05T13:43:43.8897742Z   ...
quality	Run repository quality gate	2026-10-05T13:43:43.8898312Z # Subtest: lost transport acknowledgement is quarantined; never whole-run/new-key replay
quality	Run repository quality gate	2026-10-05T13:43:43.8899489Z ok 50 - lost transport acknowledgement is quarantined; never whole-run/new-key replay
quality	Run repository quality gate	2026-10-05T13:43:43.8900194Z   ---
quality	Run repository quality gate	2026-10-05T13:43:43.8900525Z   duration_ms: 3.559854
quality	Run repository quality gate	2026-10-05T13:43:43.8900858Z   type: 'test'
quality	Run repository quality gate	2026-10-05T13:43:43.8901231Z   ...
quality	Run repository quality gate	2026-10-05T13:43:43.8901688Z # Subtest: crashed dispatcher lease is quarantined, not reacquired
quality	Run repository quality gate	2026-10-05T13:43:43.8902331Z ok 51 - crashed dispatcher lease is quarantined, not reacquired
quality	Run repository quality gate	2026-10-05T13:43:43.8902844Z   ---
quality	Run repository quality gate	2026-10-05T13:43:43.8903125Z   duration_ms: 6.677408
quality	Run repository quality gate	2026-10-05T13:43:43.8903466Z   type: 'test'
quality	Run repository quality gate	2026-10-05T13:43:43.8903780Z   ...
quality	Run repository quality gate	2026-10-05T13:43:43.8904294Z # Subtest: exact-session mismatch in transport acknowledgement fails closed
quality	Run repository quality gate	2026-10-05T13:43:43.8905183Z ok 52 - exact-session mismatch in transport acknowledgement fails closed
quality	Run repository quality gate	2026-10-05T13:43:43.8905858Z   ---
quality	Run repository quality gate	2026-10-05T13:43:43.8906201Z   duration_ms: 3.448899
quality	Run repository quality gate	2026-10-05T13:43:43.8906598Z   type: 'test'
quality	Run repository quality gate	2026-10-05T13:43:43.8906948Z   ...
quality	Run repository quality gate	2026-10-05T13:43:43.8907498Z # Subtest: expired/rejected/cancelled approval resumes only a native denial
quality	Run repository quality gate	2026-10-05T13:43:43.8908287Z ok 53 - expired/rejected/cancelled approval resumes only a native denial
quality	Run repository quality gate	2026-10-05T13:43:43.8919518Z   ---
quality	Run repository quality gate	2026-10-05T13:43:43.8919893Z   duration_ms: 8.72231
quality	Run repository quality gate	2026-10-05T13:43:43.8920258Z   type: 'test'
quality	Run repository quality gate	2026-10-05T13:43:43.8920569Z   ...
quality	Run repository quality gate	2026-10-05T13:43:43.8921234Z # Subtest: revoked approver denies; revoked requester quarantines; cancellation never dispatches
quality	Run repository quality gate	2026-10-05T13:43:43.8921960Z ok 54 - revoked approver denies; revoked requester quarantines; cancellation never dispatches
quality	Run repository quality gate	2026-10-05T13:43:43.8922391Z   ---
quality	Run repository quality gate	2026-10-05T13:43:43.8922619Z   duration_ms: 5.895554
quality	Run repository quality gate	2026-10-05T13:43:43.8922855Z   type: 'test'
quality	Run repository quality gate	2026-10-05T13:43:43.8923078Z   ...
quality	Run repository quality gate	2026-10-05T13:43:43.8923447Z # Subtest: approval waiting extends only execution deadline; original startedAt is preserved
quality	Run repository quality gate	2026-10-05T13:43:43.8924047Z ok 55 - approval waiting extends only execution deadline; original startedAt is preserved
quality	Run repository quality gate	2026-10-05T13:43:43.8924459Z   ---
quality	Run repository quality gate	2026-10-05T13:43:43.8924670Z   duration_ms: 1.861178
quality	Run repository quality gate	2026-10-05T13:43:43.8924907Z   type: 'test'
quality	Run repository quality gate	2026-10-05T13:43:43.8925111Z   ...
quality	Run repository quality gate	2026-10-05T13:43:43.8925389Z # Subtest: replayed waiting event cannot park a resumed run again
quality	Run repository quality gate	2026-10-05T13:43:43.8925826Z ok 56 - replayed waiting event cannot park a resumed run again
quality	Run repository quality gate	2026-10-05T13:43:43.8926157Z   ---
quality	Run repository quality gate	2026-10-05T13:43:43.8926371Z   duration_ms: 3.819599
quality	Run repository quality gate	2026-10-05T13:43:43.8926599Z   type: 'test'
quality	Run repository quality gate	2026-10-05T13:43:43.8926811Z   ...
quality	Run repository quality gate	2026-10-05T13:43:43.8927145Z # Subtest: audit failure rolls back waiting/dispatch state and produces no delivery
quality	Run repository quality gate	2026-10-05T13:43:43.8927663Z ok 57 - audit failure rolls back waiting/dispatch state and produces no delivery
quality	Run repository quality gate	2026-10-05T13:43:43.8928043Z   ---
quality	Run repository quality gate	2026-10-05T13:43:43.8928237Z   duration_ms: 1.783842
quality	Run repository quality gate	2026-10-05T13:43:43.8928478Z   type: 'test'
quality	Run repository quality gate	2026-10-05T13:43:43.8928674Z   ...
quality	Run repository quality gate	2026-10-05T13:43:43.8929123Z # Subtest: only a successful matching governed receipt closes observed execution
quality	Run repository quality gate	2026-10-05T13:43:43.8929727Z ok 58 - only a successful matching governed receipt closes observed execution
quality	Run repository quality gate	2026-10-05T13:43:43.8930649Z   ---
quality	Run repository quality gate	2026-10-05T13:43:43.8930939Z   duration_ms: 2.938651
quality	Run repository quality gate	2026-10-05T13:43:43.8931240Z   type: 'test'
quality	Run repository quality gate	2026-10-05T13:43:43.8931516Z   ...
quality	Run repository quality gate	2026-10-05T13:43:43.8932095Z # Subtest: native HTTP admission is one-use and rechecks fresh authority without consuming business consent
quality	Run repository quality gate	2026-10-05T13:43:43.8933202Z ok 59 - native HTTP admission is one-use and rechecks fresh authority without consuming business consent
quality	Run repository quality gate	2026-10-05T13:43:43.8933999Z   ---
quality	Run repository quality gate	2026-10-05T13:43:43.8934322Z   duration_ms: 3.127641
quality	Run repository quality gate	2026-10-05T13:43:43.8934680Z   type: 'test'
quality	Run repository quality gate	2026-10-05T13:43:43.8934988Z   ...
quality	Run repository quality gate	2026-10-05T13:43:43.8935655Z # Subtest: late expiry/revocation/cancellation at native admission cannot use earlier dispatch authority
quality	Run repository quality gate	2026-10-05T13:43:43.8937047Z ok 60 - late expiry/revocation/cancellation at native admission cannot use earlier dispatch authority
quality	Run repository quality gate	2026-10-05T13:43:43.8937841Z   ---
quality	Run repository quality gate	2026-10-05T13:43:43.8938173Z   duration_ms: 5.640269
quality	Run repository quality gate	2026-10-05T13:43:43.8938556Z   type: 'test'
quality	Run repository quality gate	2026-10-05T13:43:43.8939051Z   ...
quality	Run repository quality gate	2026-10-05T13:43:43.8939663Z # Subtest: execution budget already exhausted before waiting is not restored by approval
quality	Run repository quality gate	2026-10-05T13:43:43.8940712Z ok 61 - execution budget already exhausted before waiting is not restored by approval
quality	Run repository quality gate	2026-10-05T13:43:43.8941481Z   ---
quality	Run repository quality gate	2026-10-05T13:43:43.8941814Z   duration_ms: 1.664718
quality	Run repository quality gate	2026-10-05T13:43:43.8942223Z   type: 'test'
quality	Run repository quality gate	2026-10-05T13:43:43.8942568Z   ...
quality	Run repository quality gate	2026-10-05T13:43:43.8943307Z # Subtest: scheduled continuation preserves the dispatch principal, never the immutable version editor
quality	Run repository quality gate	2026-10-05T13:43:43.8944601Z ok 62 - scheduled continuation preserves the dispatch principal, never the immutable version editor
quality	Run repository quality gate	2026-10-05T13:43:43.8945459Z   ---
quality	Run repository quality gate	2026-10-05T13:43:43.8945790Z   duration_ms: 1.603821
quality	Run repository quality gate	2026-10-05T13:43:43.8946139Z   type: 'test'
quality	Run repository quality gate	2026-10-05T13:43:43.8946445Z   ...
quality	Run repository quality gate	2026-10-05T13:43:43.8947180Z # Subtest: historical scheduled run principal follows original dispatch, and contradictory manual identity is denied
quality	Run repository quality gate	2026-10-05T13:43:43.8948349Z ok 63 - historical scheduled run principal follows original dispatch, and contradictory manual identity is denied
quality	Run repository quality gate	2026-10-05T13:43:43.8949039Z   ---
quality	Run repository quality gate	2026-10-05T13:43:43.8949252Z   duration_ms: 0.869825
quality	Run repository quality gate	2026-10-05T13:43:43.8949489Z   type: 'test'
quality	Run repository quality gate	2026-10-05T13:43:43.8949714Z   ...
quality	Run repository quality gate	2026-10-05T13:43:44.0899248Z # Subtest: request is immutable, requester-bound and idempotent across service instances
quality	Run repository quality gate	2026-10-05T13:43:44.0900421Z ok 64 - request is immutable, requester-bound and idempotent across service instances
quality	Run repository quality gate	2026-10-05T13:43:44.0901095Z   ---
quality	Run repository quality gate	2026-10-05T13:43:44.0901431Z   duration_ms: 6.511344
quality	Run repository quality gate	2026-10-05T13:43:44.0901708Z   type: 'test'
quality	Run repository quality gate	2026-10-05T13:43:44.0901987Z   ...
quality	Run repository quality gate	2026-10-05T13:43:44.0902372Z # Subtest: no forged tenant or digest is accepted
quality	Run repository quality gate	2026-10-05T13:43:44.0902955Z ok 65 - no forged tenant or digest is accepted
quality	Run repository quality gate	2026-10-05T13:43:44.0903419Z   ---
quality	Run repository quality gate	2026-10-05T13:43:44.0903733Z   duration_ms: 1.158626
quality	Run repository quality gate	2026-10-05T13:43:44.0904078Z   type: 'test'
quality	Run repository quality gate	2026-10-05T13:43:44.0904294Z   ...
quality	Run repository quality gate	2026-10-05T13:43:44.0905724Z # Subtest: queue and decisions require current administrator membership
quality	Run repository quality gate	2026-10-05T13:43:44.0906448Z ok 66 - queue and decisions require current administrator membership
quality	Run repository quality gate	2026-10-05T13:43:44.0907179Z   ---
quality	Run repository quality gate	2026-10-05T13:43:44.0907488Z   duration_ms: 1.5731
quality	Run repository quality gate	2026-10-05T13:43:44.0907842Z   type: 'test'
quality	Run repository quality gate	2026-10-05T13:43:44.0908188Z   ...
quality	Run repository quality gate	2026-10-05T13:43:44.0908658Z # Subtest: self approval is prohibited for both direct human and agent-run requesters
quality	Run repository quality gate	2026-10-05T13:43:44.0909878Z ok 67 - self approval is prohibited for both direct human and agent-run requesters
quality	Run repository quality gate	2026-10-05T13:43:44.0910684Z   ---
quality	Run repository quality gate	2026-10-05T13:43:44.0911185Z   duration_ms: 1.810384
quality	Run repository quality gate	2026-10-05T13:43:44.0911582Z   type: 'test'
quality	Run repository quality gate	2026-10-05T13:43:44.0934319Z   ...
quality	Run repository quality gate	2026-10-05T13:43:44.0934997Z # Subtest: agent run linkage is loaded server-side and inactive runs fail closed
quality	Run repository quality gate	2026-10-05T13:43:44.0935899Z ok 68 - agent run linkage is loaded server-side and inactive runs fail closed
quality	Run repository quality gate	2026-10-05T13:43:44.0936945Z   ---
quality	Run repository quality gate	2026-10-05T13:43:44.0937159Z   duration_ms: 1.031561
quality	Run repository quality gate	2026-10-05T13:43:44.0937400Z   type: 'test'
quality	Run repository quality gate	2026-10-05T13:43:44.0937621Z   ...
quality	Run repository quality gate	2026-10-05T13:43:44.0937956Z # Subtest: approval and audit are atomic; audit failure cannot leave consent behind
quality	Run repository quality gate	2026-10-05T13:43:44.0938492Z ok 69 - approval and audit are atomic; audit failure cannot leave consent behind
quality	Run repository quality gate	2026-10-05T13:43:44.0939319Z   ---
quality	Run repository quality gate	2026-10-05T13:43:44.0939596Z   duration_ms: 1.489111
quality	Run repository quality gate	2026-10-05T13:43:44.0939955Z   type: 'test'
quality	Run repository quality gate	2026-10-05T13:43:44.0940243Z   ...
quality	Run repository quality gate	2026-10-05T13:43:44.0940763Z # Subtest: repeated same decision is idempotent but stale opposite decisions are blocked
quality	Run repository quality gate	2026-10-05T13:43:44.0941347Z ok 70 - repeated same decision is idempotent but stale opposite decisions are blocked
quality	Run repository quality gate	2026-10-05T13:43:44.0941949Z   ---
quality	Run repository quality gate	2026-10-05T13:43:44.0942188Z   duration_ms: 1.442342
quality	Run repository quality gate	2026-10-05T13:43:44.0942464Z   type: 'test'
quality	Run repository quality gate	2026-10-05T13:43:44.0942662Z   ...
quality	Run repository quality gate	2026-10-05T13:43:44.0943029Z # Subtest: expiry is committed and audited instead of rolled back with an exception
quality	Run repository quality gate	2026-10-05T13:43:44.0943582Z ok 71 - expiry is committed and audited instead of rolled back with an exception
quality	Run repository quality gate	2026-10-05T13:43:44.0944037Z   ---
quality	Run repository quality gate	2026-10-05T13:43:44.0944236Z   duration_ms: 0.991617
quality	Run repository quality gate	2026-10-05T13:43:44.0944459Z   type: 'test'
quality	Run repository quality gate	2026-10-05T13:43:44.0944658Z   ...
quality	Run repository quality gate	2026-10-05T13:43:44.0944977Z # Subtest: cannot explicitly expire before deadline
quality	Run repository quality gate	2026-10-05T13:43:44.0945313Z ok 72 - cannot explicitly expire before deadline
quality	Run repository quality gate	2026-10-05T13:43:44.0945601Z   ---
quality	Run repository quality gate	2026-10-05T13:43:44.0945798Z   duration_ms: 1.683077
quality	Run repository quality gate	2026-10-05T13:43:44.0946023Z   type: 'test'
quality	Run repository quality gate	2026-10-05T13:43:44.0946295Z   ...
quality	Run repository quality gate	2026-10-05T13:43:44.0946729Z # Subtest: cannot approve redacted or truncated content without a complete safe preview
quality	Run repository quality gate	2026-10-05T13:43:44.0947430Z ok 73 - cannot approve redacted or truncated content without a complete safe preview
quality	Run repository quality gate	2026-10-05T13:43:44.0948094Z   ---
quality	Run repository quality gate	2026-10-05T13:43:44.0948394Z   duration_ms: 1.730774
quality	Run repository quality gate	2026-10-05T13:43:44.0948856Z   type: 'test'
quality	Run repository quality gate	2026-10-05T13:43:44.0949182Z   ...
quality	Run repository quality gate	2026-10-05T13:43:44.0949712Z # Subtest: approved consent is one-shot and bound to execution key, digest and actor
quality	Run repository quality gate	2026-10-05T13:43:44.0950589Z ok 74 - approved consent is one-shot and bound to execution key, digest and actor
quality	Run repository quality gate	2026-10-05T13:43:44.0951156Z   ---
quality	Run repository quality gate	2026-10-05T13:43:44.0951454Z   duration_ms: 1.699941
quality	Run repository quality gate	2026-10-05T13:43:44.0951808Z   type: 'test'
quality	Run repository quality gate	2026-10-05T13:43:44.0952129Z   ...
quality	Run repository quality gate	2026-10-05T13:43:44.0952616Z # Subtest: revoked approving administrator invalidates unused consent
quality	Run repository quality gate	2026-10-05T13:43:44.0953404Z ok 75 - revoked approving administrator invalidates unused consent
quality	Run repository quality gate	2026-10-05T13:43:44.0953976Z   ---
quality	Run repository quality gate	2026-10-05T13:43:44.0954283Z   duration_ms: 1.040753
quality	Run repository quality gate	2026-10-05T13:43:44.0954683Z   type: 'test'
quality	Run repository quality gate	2026-10-05T13:43:44.0955004Z   ...
quality	Run repository quality gate	2026-10-05T13:43:44.0955596Z # Subtest: consumption audit failure leaves consent unconsumed and executes nothing
quality	Run repository quality gate	2026-10-05T13:43:44.0956558Z ok 76 - consumption audit failure leaves consent unconsumed and executes nothing
quality	Run repository quality gate	2026-10-05T13:43:44.0957228Z   ---
quality	Run repository quality gate	2026-10-05T13:43:44.0957567Z   duration_ms: 1.168979
quality	Run repository quality gate	2026-10-05T13:43:44.0957952Z   type: 'test'
quality	Run repository quality gate	2026-10-05T13:43:44.0958271Z   ...
quality	Run repository quality gate	2026-10-05T13:43:44.0958713Z # Subtest: cancel and reject are terminal and do not start execution
quality	Run repository quality gate	2026-10-05T13:43:44.0966939Z ok 77 - cancel and reject are terminal and do not start execution
quality	Run repository quality gate	2026-10-05T13:43:44.0967672Z   ---
quality	Run repository quality gate	2026-10-05T13:43:44.0967895Z   duration_ms: 3.338789
quality	Run repository quality gate	2026-10-05T13:43:44.0968159Z   type: 'test'
quality	Run repository quality gate	2026-10-05T13:43:44.0968382Z   ...
quality	Run repository quality gate	2026-10-05T13:43:44.0968989Z # Subtest: legacy unbound approvals are visible but cannot be newly approved or consumed
quality	Run repository quality gate	2026-10-05T13:43:44.0970034Z ok 78 - legacy unbound approvals are visible but cannot be newly approved or consumed
quality	Run repository quality gate	2026-10-05T13:43:44.0970760Z   ---
quality	Run repository quality gate	2026-10-05T13:43:44.0971083Z   duration_ms: 0.900413
quality	Run repository quality gate	2026-10-05T13:43:44.0971433Z   type: 'test'
quality	Run repository quality gate	2026-10-05T13:43:44.0971643Z   ...
quality	Run repository quality gate	2026-10-05T13:43:44.0972120Z # Subtest: two decision callers cannot both create conflicting final states
quality	Run repository quality gate	2026-10-05T13:43:44.0972788Z ok 79 - two decision callers cannot both create conflicting final states
quality	Run repository quality gate	2026-10-05T13:43:44.0973472Z   ---
quality	Run repository quality gate	2026-10-05T13:43:44.0973754Z   duration_ms: 1.140363
quality	Run repository quality gate	2026-10-05T13:43:44.0974111Z   type: 'test'
quality	Run repository quality gate	2026-10-05T13:43:44.0974427Z   ...
quality	Run repository quality gate	2026-10-05T13:43:44.0975075Z # Subtest: two consumers cannot both obtain one approval (query-contract double, not database proof)
quality	Run repository quality gate	2026-10-05T13:43:44.0976205Z ok 80 - two consumers cannot both obtain one approval (query-contract double, not database proof)
quality	Run repository quality gate	2026-10-05T13:43:44.0977002Z   ---
quality	Run repository quality gate	2026-10-05T13:43:44.0977335Z   duration_ms: 1.092364
quality	Run repository quality gate	2026-10-05T13:43:44.0977713Z   type: 'test'
quality	Run repository quality gate	2026-10-05T13:43:44.0978056Z   ...
quality	Run repository quality gate	2026-10-05T13:43:44.0978558Z # Subtest: list cursor keeps distinct requests with identical timestamps
quality	Run repository quality gate	2026-10-05T13:43:44.0979423Z ok 81 - list cursor keeps distinct requests with identical timestamps
quality	Run repository quality gate	2026-10-05T13:43:44.0980242Z   ---
quality	Run repository quality gate	2026-10-05T13:43:44.0980569Z   duration_ms: 49.023522
quality	Run repository quality gate	2026-10-05T13:43:44.0980963Z   type: 'test'
quality	Run repository quality gate	2026-10-05T13:43:44.0981306Z   ...
quality	Run repository quality gate	2026-10-05T13:43:44.0981884Z # Subtest: pending expiry filters reflect deadlines even without a scheduled sweeper
quality	Run repository quality gate	2026-10-05T13:43:44.0982843Z ok 82 - pending expiry filters reflect deadlines even without a scheduled sweeper
quality	Run repository quality gate	2026-10-05T13:43:44.0983553Z   ---
quality	Run repository quality gate	2026-10-05T13:43:44.0983913Z   duration_ms: 1.281022
quality	Run repository quality gate	2026-10-05T13:43:44.0984297Z   type: 'test'
quality	Run repository quality gate	2026-10-05T13:43:44.0984647Z   ...
quality	Run repository quality gate	2026-10-05T13:43:44.0985345Z # Subtest: governed executor requests consent, rechecks authorization, consumes once and replays receipt
quality	Run repository quality gate	2026-10-05T13:43:44.0986547Z ok 83 - governed executor requests consent, rechecks authorization, consumes once and replays receipt
quality	Run repository quality gate	2026-10-05T13:43:44.0987342Z   ---
quality	Run repository quality gate	2026-10-05T13:43:44.0987737Z   duration_ms: 5.218402
quality	Run repository quality gate	2026-10-05T13:43:44.0988118Z   type: 'test'
quality	Run repository quality gate	2026-10-05T13:43:44.0988460Z   ...
quality	Run repository quality gate	2026-10-05T13:43:44.0988984Z # Subtest: denied actions never allocate approval requests
quality	Run repository quality gate	2026-10-05T13:43:44.0989641Z ok 84 - denied actions never allocate approval requests
quality	Run repository quality gate	2026-10-05T13:43:44.0990190Z   ---
quality	Run repository quality gate	2026-10-05T13:43:44.0990526Z   duration_ms: 0.377425
quality	Run repository quality gate	2026-10-05T13:43:44.0990930Z   type: 'test'
quality	Run repository quality gate	2026-10-05T13:43:44.0991268Z   ...
quality	Run repository quality gate	2026-10-05T13:43:44.0991911Z # Subtest: expiry uses the current service clock, never a caller-provided backdated timestamp
quality	Run repository quality gate	2026-10-05T13:43:44.0992942Z ok 85 - expiry uses the current service clock, never a caller-provided backdated timestamp
quality	Run repository quality gate	2026-10-05T13:43:44.0993675Z   ---
quality	Run repository quality gate	2026-10-05T13:43:44.0994104Z   duration_ms: 0.837506
quality	Run repository quality gate	2026-10-05T13:43:44.0994508Z   type: 'test'
quality	Run repository quality gate	2026-10-05T13:43:44.0994840Z   ...
quality	Run repository quality gate	2026-10-05T13:43:44.0995401Z # Subtest: approval cannot be consumed if authority queries cross its deadline
quality	Run repository quality gate	2026-10-05T13:43:44.0996278Z ok 86 - approval cannot be consumed if authority queries cross its deadline
quality	Run repository quality gate	2026-10-05T13:43:44.0996969Z   ---
quality	Run repository quality gate	2026-10-05T13:43:44.0997322Z   duration_ms: 1.299925
quality	Run repository quality gate	2026-10-05T13:43:44.0997703Z   type: 'test'
quality	Run repository quality gate	2026-10-05T13:43:44.0998052Z   ...
quality	Run repository quality gate	2026-10-05T13:43:44.0998705Z # Subtest: decision crossing the deadline becomes an audited expiration instead of late consent
quality	Run repository quality gate	2026-10-05T13:43:44.1000022Z ok 87 - decision crossing the deadline becomes an audited expiration instead of late consent
quality	Run repository quality gate	2026-10-05T13:43:44.1000825Z   ---
quality	Run repository quality gate	2026-10-05T13:43:44.1001200Z   duration_ms: 0.996514
quality	Run repository quality gate	2026-10-05T13:43:44.1001603Z   type: 'test'
quality	Run repository quality gate	2026-10-05T13:43:44.1001931Z   ...
quality	Run repository quality gate	2026-10-05T13:43:44.2112323Z # Subtest: clear means no configured signals, not win probability or ROI
quality	Run repository quality gate	2026-10-05T13:43:44.2113331Z ok 88 - clear means no configured signals, not win probability or ROI
quality	Run repository quality gate	2026-10-05T13:43:44.2113966Z   ---
quality	Run repository quality gate	2026-10-05T13:43:44.2114318Z   duration_ms: 14.623406
quality	Run repository quality gate	2026-10-05T13:43:44.2114736Z   type: 'test'
quality	Run repository quality gate	2026-10-05T13:43:44.2115085Z   ...
quality	Run repository quality gate	2026-10-05T13:43:44.2115691Z # Subtest: closed, unqualified and archived records never get an open-deal risk score
quality	Run repository quality gate	2026-10-05T13:43:44.2116812Z ok 89 - closed, unqualified and archived records never get an open-deal risk score
quality	Run repository quality gate	2026-10-05T13:43:44.2140628Z   ---
quality	Run repository quality gate	2026-10-05T13:43:44.2141135Z   duration_ms: 0.604096
quality	Run repository quality gate	2026-10-05T13:43:44.2141935Z   type: 'test'
quality	Run repository quality gate	2026-10-05T13:43:44.2142227Z   ...
quality	Run repository quality gate	2026-10-05T13:43:44.2142764Z # Subtest: every signal points to a recorded source and a reproducible weight
quality	Run repository quality gate	2026-10-05T13:43:44.2143552Z ok 90 - every signal points to a recorded source and a reproducible weight
quality	Run repository quality gate	2026-10-05T13:43:44.2144110Z   ---
quality	Run repository quality gate	2026-10-05T13:43:44.2144410Z   duration_ms: 0.448982
quality	Run repository quality gate	2026-10-05T13:43:44.2144748Z   type: 'test'
quality	Run repository quality gate	2026-10-05T13:43:44.2145042Z   ...
quality	Run repository quality gate	2026-10-05T13:43:44.2145499Z # Subtest: overdue tasks link to the exact activity, not an inferred commitment
quality	Run repository quality gate	2026-10-05T13:43:44.2146260Z ok 91 - overdue tasks link to the exact activity, not an inferred commitment
quality	Run repository quality gate	2026-10-05T13:43:44.2146775Z   ---
quality	Run repository quality gate	2026-10-05T13:43:44.2147071Z   duration_ms: 0.284178
quality	Run repository quality gate	2026-10-05T13:43:44.2147419Z   type: 'test'
quality	Run repository quality gate	2026-10-05T13:43:44.2147999Z   ...
quality	Run repository quality gate	2026-10-05T13:43:44.2148535Z # Subtest: future/missing source timestamps make score unknown, never silently healthy
quality	Run repository quality gate	2026-10-05T13:43:44.2149679Z ok 92 - future/missing source timestamps make score unknown, never silently healthy
quality	Run repository quality gate	2026-10-05T13:43:44.2150373Z   ---
quality	Run repository quality gate	2026-10-05T13:43:44.2150701Z   duration_ms: 0.47022
quality	Run repository quality gate	2026-10-05T13:43:44.2151048Z   type: 'test'
quality	Run repository quality gate	2026-10-05T13:43:44.2151340Z   ...
quality	Run repository quality gate	2026-10-05T13:43:44.2151811Z # Subtest: task snapshot gaps are not reported as absence of a next step
quality	Run repository quality gate	2026-10-05T13:43:44.2152544Z ok 93 - task snapshot gaps are not reported as absence of a next step
quality	Run repository quality gate	2026-10-05T13:43:44.2155062Z   ---
quality	Run repository quality gate	2026-10-05T13:43:44.2155446Z   duration_ms: 0.241492
quality	Run repository quality gate	2026-10-05T13:43:44.2155851Z   type: 'test'
quality	Run repository quality gate	2026-10-05T13:43:44.2156211Z   ...
quality	Run repository quality gate	2026-10-05T13:43:44.2156827Z # Subtest: business-date comparison follows Tashkent midnight rather than UTC midnight
quality	Run repository quality gate	2026-10-05T13:43:44.2157783Z ok 94 - business-date comparison follows Tashkent midnight rather than UTC midnight
quality	Run repository quality gate	2026-10-05T13:43:44.2158472Z   ---
quality	Run repository quality gate	2026-10-05T13:43:44.2158938Z   duration_ms: 0.483462
quality	Run repository quality gate	2026-10-05T13:43:44.2159317Z   type: 'test'
quality	Run repository quality gate	2026-10-05T13:43:44.2159632Z   ...
quality	Run repository quality gate	2026-10-05T13:43:44.2160197Z # Subtest: activity and stage thresholds use complete days without boundary rounding
quality	Run repository quality gate	2026-10-05T13:43:44.2161120Z ok 95 - activity and stage thresholds use complete days without boundary rounding
quality	Run repository quality gate	2026-10-05T13:43:44.2161760Z   ---
quality	Run repository quality gate	2026-10-05T13:43:44.2162093Z   duration_ms: 0.36487
quality	Run repository quality gate	2026-10-05T13:43:44.2162451Z   type: 'test'
quality	Run repository quality gate	2026-10-05T13:43:44.2162785Z   ...
quality	Run repository quality gate	2026-10-05T13:43:44.2163323Z # Subtest: does not mutate the source record and produces deterministic snapshots
quality	Run repository quality gate	2026-10-05T13:43:44.2164207Z ok 96 - does not mutate the source record and produces deterministic snapshots
quality	Run repository quality gate	2026-10-05T13:43:44.2164840Z   ---
quality	Run repository quality gate	2026-10-05T13:43:44.2165164Z   duration_ms: 0.969467
quality	Run repository quality gate	2026-10-05T13:43:44.2165560Z   type: 'test'
quality	Run repository quality gate	2026-10-05T13:43:44.2165859Z   ...
quality	Run repository quality gate	2026-10-05T13:43:44.2166382Z # Subtest: unknown stage semantics and incomplete task records fail closed
quality	Run repository quality gate	2026-10-05T13:43:44.2167178Z ok 97 - unknown stage semantics and incomplete task records fail closed
quality	Run repository quality gate	2026-10-05T13:43:44.2167783Z   ---
quality	Run repository quality gate	2026-10-05T13:43:44.2168074Z   duration_ms: 0.594532
quality	Run repository quality gate	2026-10-05T13:43:44.2168415Z   type: 'test'
quality	Run repository quality gate	2026-10-05T13:43:44.2168874Z   ...
quality	Run repository quality gate	2026-10-05T13:43:44.3049613Z # Subtest: dual-write defaults off and accepts only explicit strict mode
quality	Run repository quality gate	2026-10-05T13:43:44.3050624Z ok 98 - dual-write defaults off and accepts only explicit strict mode
quality	Run repository quality gate	2026-10-05T13:43:44.3051087Z   ---
quality	Run repository quality gate	2026-10-05T13:43:44.3051452Z   duration_ms: 1.026903
quality	Run repository quality gate	2026-10-05T13:43:44.3051909Z   type: 'test'
quality	Run repository quality gate	2026-10-05T13:43:44.3052290Z   ...
quality	Run repository quality gate	2026-10-05T13:43:44.3057092Z # Subtest: plans assignment creation for a backfilled mapping target
quality	Run repository quality gate	2026-10-05T13:43:44.3057804Z ok 99 - plans assignment creation for a backfilled mapping target
quality	Run repository quality gate	2026-10-05T13:43:44.3058154Z   ---
quality	Run repository quality gate	2026-10-05T13:43:44.3058365Z   duration_ms: 0.808953
quality	Run repository quality gate	2026-10-05T13:43:44.3058602Z   type: 'test'
quality	Run repository quality gate	2026-10-05T13:43:44.3058947Z   ...
quality	Run repository quality gate	2026-10-05T13:43:44.3064916Z # Subtest: is idempotent when legacy and sidecar stages already agree
quality	Run repository quality gate	2026-10-05T13:43:44.3065531Z ok 100 - is idempotent when legacy and sidecar stages already agree
quality	Run repository quality gate	2026-10-05T13:43:44.3065870Z   ---
quality	Run repository quality gate	2026-10-05T13:43:44.3066571Z   duration_ms: 0.155043
quality	Run repository quality gate	2026-10-05T13:43:44.3066900Z   type: 'test'
quality	Run repository quality gate	2026-10-05T13:43:44.3067192Z   ...
quality	Run repository quality gate	2026-10-05T13:43:44.3067652Z # Subtest: plans optimistic assignment update when stages drift
quality	Run repository quality gate	2026-10-05T13:43:44.3068333Z ok 101 - plans optimistic assignment update when stages drift
quality	Run repository quality gate	2026-10-05T13:43:44.3068980Z   ---
quality	Run repository quality gate	2026-10-05T13:43:44.3069306Z   duration_ms: 0.158262
quality	Run repository quality gate	2026-10-05T13:43:44.3069674Z   type: 'test'
quality	Run repository quality gate	2026-10-05T13:43:44.3070008Z   ...
quality	Run repository quality gate	2026-10-05T13:43:44.3070554Z # Subtest: fails closed for missing mapping, non-default mapping or semantic mismatch
quality	Run repository quality gate	2026-10-05T13:43:44.3071540Z ok 102 - fails closed for missing mapping, non-default mapping or semantic mismatch
quality	Run repository quality gate	2026-10-05T13:43:44.3072212Z   ---
quality	Run repository quality gate	2026-10-05T13:43:44.3072509Z   duration_ms: 0.281123
quality	Run repository quality gate	2026-10-05T13:43:44.3073027Z   type: 'test'
quality	Run repository quality gate	2026-10-05T13:43:44.3073239Z   ...
quality	Run repository quality gate	2026-10-05T13:43:44.4283770Z # Subtest: privileged operations derive dedicated workspace and recheck current membership
quality	Run repository quality gate	2026-10-05T13:43:44.4285072Z ok 103 - privileged operations derive dedicated workspace and recheck current membership
quality	Run repository quality gate	2026-10-05T13:43:44.4285870Z   ---
quality	Run repository quality gate	2026-10-05T13:43:44.4286269Z   duration_ms: 16.916609
quality	Run repository quality gate	2026-10-05T13:43:44.4286761Z   type: 'test'
quality	Run repository quality gate	2026-10-05T13:43:44.4287159Z   ...
quality	Run repository quality gate	2026-10-05T13:43:44.4448244Z # Subtest: disabled execution is a real server gate, not a disabled UI button
quality	Run repository quality gate	2026-10-05T13:43:44.4449490Z ok 104 - disabled execution is a real server gate, not a disabled UI button
quality	Run repository quality gate	2026-10-05T13:43:44.4450109Z   ---
quality	Run repository quality gate	2026-10-05T13:43:44.4450450Z   duration_ms: 16.398026
quality	Run repository quality gate	2026-10-05T13:43:44.4450822Z   type: 'test'
quality	Run repository quality gate	2026-10-05T13:43:44.4451189Z   ...
quality	Run repository quality gate	2026-10-05T13:43:44.4545424Z # Subtest: upload persists encrypted bytes and preview survives application recreation
quality	Run repository quality gate	2026-10-05T13:43:44.4546338Z ok 105 - upload persists encrypted bytes and preview survives application recreation
quality	Run repository quality gate	2026-10-05T13:43:44.4547041Z   ---
quality	Run repository quality gate	2026-10-05T13:43:44.4547438Z   duration_ms: 9.559646
quality	Run repository quality gate	2026-10-05T13:43:44.4547841Z   type: 'test'
quality	Run repository quality gate	2026-10-05T13:43:44.4548256Z   ...
quality	Run repository quality gate	2026-10-05T13:43:44.4580684Z # Subtest: invalid encoding, canonical base64, large files and XLSX fail before publication
quality	Run repository quality gate	2026-10-05T13:43:44.4582080Z ok 106 - invalid encoding, canonical base64, large files and XLSX fail before publication
quality	Run repository quality gate	2026-10-05T13:43:44.4582945Z   ---
quality	Run repository quality gate	2026-10-05T13:43:44.4583399Z   duration_ms: 3.490102
quality	Run repository quality gate	2026-10-05T13:43:44.4583825Z   type: 'test'
quality	Run repository quality gate	2026-10-05T13:43:44.4584161Z   ...
quality	Run repository quality gate	2026-10-05T13:43:44.4660061Z # Subtest: source fingerprints and cross-workspace source lookups fail closed
quality	Run repository quality gate	2026-10-05T13:43:44.4685860Z ok 107 - source fingerprints and cross-workspace source lookups fail closed
quality	Run repository quality gate	2026-10-05T13:43:44.4686584Z   ---
quality	Run repository quality gate	2026-10-05T13:43:44.4686938Z   duration_ms: 5.917003
quality	Run repository quality gate	2026-10-05T13:43:44.4687329Z   type: 'test'
quality	Run repository quality gate	2026-10-05T13:43:44.4687668Z   ...
quality	Run repository quality gate	2026-10-05T13:43:44.4787094Z # Subtest: mapping cannot assign owner/tenant fields; unsupported deal writes fail
quality	Run repository quality gate	2026-10-05T13:43:44.4788310Z ok 108 - mapping cannot assign owner/tenant fields; unsupported deal writes fail
quality	Run repository quality gate	2026-10-05T13:43:44.4789331Z   ---
quality	Run repository quality gate	2026-10-05T13:43:44.4789775Z   duration_ms: 14.335303
quality	Run repository quality gate	2026-10-05T13:43:44.4790256Z   type: 'test'
quality	Run repository quality gate	2026-10-05T13:43:44.4790711Z   ...
quality	Run repository quality gate	2026-10-05T13:43:44.4882192Z # Subtest: prepare is atomic, idempotent and immutable for the same command
quality	Run repository quality gate	2026-10-05T13:43:44.4883272Z ok 109 - prepare is atomic, idempotent and immutable for the same command
quality	Run repository quality gate	2026-10-05T13:43:44.4883910Z   ---
quality	Run repository quality gate	2026-10-05T13:43:44.4884244Z   duration_ms: 9.73892
quality	Run repository quality gate	2026-10-05T13:43:44.4884633Z   type: 'test'
quality	Run repository quality gate	2026-10-05T13:43:44.4884945Z   ...
quality	Run repository quality gate	2026-10-05T13:43:44.4971069Z # Subtest: preparation failure rolls back job, plan and issues together
quality	Run repository quality gate	2026-10-05T13:43:44.4971824Z ok 110 - preparation failure rolls back job, plan and issues together
quality	Run repository quality gate	2026-10-05T13:43:44.4972415Z   ---
quality	Run repository quality gate	2026-10-05T13:43:44.4972741Z   duration_ms: 8.654619
quality	Run repository quality gate	2026-10-05T13:43:44.4973154Z   type: 'test'
quality	Run repository quality gate	2026-10-05T13:43:44.4973493Z   ...
quality	Run repository quality gate	2026-10-05T13:43:44.5140257Z # Subtest: every valid row gets a receipt in the transaction creating the CRM record
quality	Run repository quality gate	2026-10-05T13:43:44.5141649Z ok 111 - every valid row gets a receipt in the transaction creating the CRM record
quality	Run repository quality gate	2026-10-05T13:43:44.5142348Z   ---
quality	Run repository quality gate	2026-10-05T13:43:44.5142706Z   duration_ms: 16.744757
quality	Run repository quality gate	2026-10-05T13:43:44.5143075Z   type: 'test'
quality	Run repository quality gate	2026-10-05T13:43:44.5143345Z   ...
quality	Run repository quality gate	2026-10-05T13:43:44.5286100Z # Subtest: repeat execution and repeat import never merge or overwrite exact contacts
quality	Run repository quality gate	2026-10-05T13:43:44.5287203Z ok 112 - repeat execution and repeat import never merge or overwrite exact contacts
quality	Run repository quality gate	2026-10-05T13:43:44.5288003Z   ---
quality	Run repository quality gate	2026-10-05T13:43:44.5288874Z   duration_ms: 14.561569
quality	Run repository quality gate	2026-10-05T13:43:44.5289380Z   type: 'test'
quality	Run repository quality gate	2026-10-05T13:43:44.5289691Z   ...
quality	Run repository quality gate	2026-10-05T13:43:44.5420164Z # Subtest: database receipt failure rolls back customer writes before any retry
quality	Run repository quality gate	2026-10-05T13:43:44.5421687Z ok 113 - database receipt failure rolls back customer writes before any retry
quality	Run repository quality gate	2026-10-05T13:43:44.5422129Z   ---
quality	Run repository quality gate	2026-10-05T13:43:44.5422560Z   duration_ms: 10.371497
quality	Run repository quality gate	2026-10-05T13:43:44.5422953Z   type: 'test'
quality	Run repository quality gate	2026-10-05T13:43:44.5423503Z   ...
quality	Run repository quality gate	2026-10-05T13:43:44.5535612Z # Subtest: crash after CRM commit but before batch settlement replays receipts, not writes
quality	Run repository quality gate	2026-10-05T13:43:44.5536583Z ok 114 - crash after CRM commit but before batch settlement replays receipts, not writes
quality	Run repository quality gate	2026-10-05T13:43:44.5537104Z   ---
quality	Run repository quality gate	2026-10-05T13:43:44.5537357Z   duration_ms: 14.426211
quality	Run repository quality gate	2026-10-05T13:43:44.5537617Z   type: 'test'
quality	Run repository quality gate	2026-10-05T13:43:44.5537842Z   ...
quality	Run repository quality gate	2026-10-05T13:43:44.5632643Z # Subtest: invalid rows and in-file duplicates remain separate, paginatable outcomes
quality	Run repository quality gate	2026-10-05T13:43:44.5633414Z ok 115 - invalid rows and in-file duplicates remain separate, paginatable outcomes
quality	Run repository quality gate	2026-10-05T13:43:44.5633894Z   ---
quality	Run repository quality gate	2026-10-05T13:43:44.5634115Z   duration_ms: 9.79714
quality	Run repository quality gate	2026-10-05T13:43:44.5634441Z   type: 'test'
quality	Run repository quality gate	2026-10-05T13:43:44.5634719Z   ...
quality	Run repository quality gate	2026-10-05T13:43:44.5701476Z # Subtest: source and plan tampering prevent writes
quality	Run repository quality gate	2026-10-05T13:43:44.5702213Z ok 116 - source and plan tampering prevent writes
quality	Run repository quality gate	2026-10-05T13:43:44.5702737Z   ---
quality	Run repository quality gate	2026-10-05T13:43:44.5703107Z   duration_ms: 6.684372
quality	Run repository quality gate	2026-10-05T13:43:44.5703497Z   type: 'test'
quality	Run repository quality gate	2026-10-05T13:43:44.5703828Z   ...
quality	Run repository quality gate	2026-10-05T13:43:44.5756739Z # Subtest: membership revocation between preview and execute prevents all writes
quality	Run repository quality gate	2026-10-05T13:43:44.5757532Z ok 117 - membership revocation between preview and execute prevents all writes
quality	Run repository quality gate	2026-10-05T13:43:44.5758095Z   ---
quality	Run repository quality gate	2026-10-05T13:43:44.5758356Z   duration_ms: 5.637198
quality	Run repository quality gate	2026-10-05T13:43:44.5758639Z   type: 'test'
quality	Run repository quality gate	2026-10-05T13:43:44.5759043Z   ...
quality	Run repository quality gate	2026-10-05T13:43:44.5847117Z # Subtest: cancellation is idempotent, stops new batches and does not claim rollback
quality	Run repository quality gate	2026-10-05T13:43:44.5848373Z ok 118 - cancellation is idempotent, stops new batches and does not claim rollback
quality	Run repository quality gate	2026-10-05T13:43:44.5849421Z   ---
quality	Run repository quality gate	2026-10-05T13:43:44.5849817Z   duration_ms: 8.987025
quality	Run repository quality gate	2026-10-05T13:43:44.5850137Z   type: 'test'
quality	Run repository quality gate	2026-10-05T13:43:44.5850344Z   ...
quality	Run repository quality gate	2026-10-05T13:43:44.5950878Z # Subtest: rollback previews first, requires exact confirmation, archives only own unchanged rows
quality	Run repository quality gate	2026-10-05T13:43:44.5952260Z ok 119 - rollback previews first, requires exact confirmation, archives only own unchanged rows
quality	Run repository quality gate	2026-10-05T13:43:44.5953082Z   ---
quality	Run repository quality gate	2026-10-05T13:43:44.5953523Z   duration_ms: 10.33349
quality	Run repository quality gate	2026-10-05T13:43:44.5953958Z   type: 'test'
quality	Run repository quality gate	2026-10-05T13:43:44.5954322Z   ...
quality	Run repository quality gate	2026-10-05T13:43:44.6050617Z # Subtest: rollback will not archive edited or linked CRM records
quality	Run repository quality gate	2026-10-05T13:43:44.6052667Z ok 120 - rollback will not archive edited or linked CRM records
quality	Run repository quality gate	2026-10-05T13:43:44.6053219Z   ---
quality	Run repository quality gate	2026-10-05T13:43:44.6053547Z   duration_ms: 9.840817
quality	Run repository quality gate	2026-10-05T13:43:44.6053905Z   type: 'test'
quality	Run repository quality gate	2026-10-05T13:43:44.6054142Z   ...
quality	Run repository quality gate	2026-10-05T13:43:44.6159464Z # Subtest: sources used by jobs are retained; unused sources can be tombstoned and physically removed
quality	Run repository quality gate	2026-10-05T13:43:44.6160781Z ok 121 - sources used by jobs are retained; unused sources can be tombstoned and physically removed
quality	Run repository quality gate	2026-10-05T13:43:44.6161527Z   ---
quality	Run repository quality gate	2026-10-05T13:43:44.6161845Z   duration_ms: 10.85098
quality	Run repository quality gate	2026-10-05T13:43:44.6162612Z   type: 'test'
quality	Run repository quality gate	2026-10-05T13:43:44.6162827Z   ...
quality	Run repository quality gate	2026-10-05T13:43:44.6252032Z # Subtest: company imports use source evidence and create-only exact duplicate checks
quality	Run repository quality gate	2026-10-05T13:43:44.6253094Z ok 122 - company imports use source evidence and create-only exact duplicate checks
quality	Run repository quality gate	2026-10-05T13:43:44.6253798Z   ---
quality	Run repository quality gate	2026-10-05T13:43:44.6254138Z   duration_ms: 9.127996
quality	Run repository quality gate	2026-10-05T13:43:44.6254521Z   type: 'test'
quality	Run repository quality gate	2026-10-05T13:43:44.6254877Z   ...
quality	Run repository quality gate	2026-10-05T13:43:44.6425888Z # Subtest: report refuses ambiguous row accounting instead of claiming completion
quality	Run repository quality gate	2026-10-05T13:43:44.6426680Z ok 123 - report refuses ambiguous row accounting instead of claiming completion
quality	Run repository quality gate	2026-10-05T13:43:44.6427153Z   ---
quality	Run repository quality gate	2026-10-05T13:43:44.6427420Z   duration_ms: 17.198495
quality	Run repository quality gate	2026-10-05T13:43:44.6427722Z   type: 'test'
quality	Run repository quality gate	2026-10-05T13:43:44.6428278Z   ...
quality	Run repository quality gate	2026-10-05T13:43:44.6524398Z # Subtest: a lease that expires during CRM writes aborts the entire write transaction
quality	Run repository quality gate	2026-10-05T13:43:44.6525271Z ok 124 - a lease that expires during CRM writes aborts the entire write transaction
quality	Run repository quality gate	2026-10-05T13:43:44.6525696Z   ---
quality	Run repository quality gate	2026-10-05T13:43:44.6525914Z   duration_ms: 9.932838
quality	Run repository quality gate	2026-10-05T13:43:44.6526153Z   type: 'test'
quality	Run repository quality gate	2026-10-05T13:43:44.6526366Z   ...
quality	Run repository quality gate	2026-10-05T13:43:44.6611191Z # Subtest: distinct contacts matching email and phone are rejected, never silently merged
quality	Run repository quality gate	2026-10-05T13:43:44.6611925Z ok 125 - distinct contacts matching email and phone are rejected, never silently merged
quality	Run repository quality gate	2026-10-05T13:43:44.6612339Z   ---
quality	Run repository quality gate	2026-10-05T13:43:44.6612568Z   duration_ms: 8.620197
quality	Run repository quality gate	2026-10-05T13:43:44.6612806Z   type: 'test'
quality	Run repository quality gate	2026-10-05T13:43:44.6613013Z   ...
quality	Run repository quality gate	2026-10-05T13:43:44.6707175Z # Subtest: a replacement admin cannot assign newly imported records to a removed owner
quality	Run repository quality gate	2026-10-05T13:43:44.6707895Z ok 126 - a replacement admin cannot assign newly imported records to a removed owner
quality	Run repository quality gate	2026-10-05T13:43:44.6708334Z   ---
quality	Run repository quality gate	2026-10-05T13:43:44.6708547Z   duration_ms: 9.572618
quality	Run repository quality gate	2026-10-05T13:43:44.6708980Z   type: 'test'
quality	Run repository quality gate	2026-10-05T13:43:44.6709263Z   ...
quality	Run repository quality gate	2026-10-05T13:43:44.6775717Z # Subtest: two application instances replay one prepared job instead of allocating duplicate intents
quality	Run repository quality gate	2026-10-05T13:43:44.6776520Z ok 127 - two application instances replay one prepared job instead of allocating duplicate intents
quality	Run repository quality gate	2026-10-05T13:43:44.6776973Z   ---
quality	Run repository quality gate	2026-10-05T13:43:44.6777191Z   duration_ms: 6.746517
quality	Run repository quality gate	2026-10-05T13:43:44.6777424Z   type: 'test'
quality	Run repository quality gate	2026-10-05T13:43:44.6777637Z   ...
quality	Run repository quality gate	2026-10-05T13:43:44.7453438Z # Subtest: multi-batch report pagination does not truncate row outcomes silently
quality	Run repository quality gate	2026-10-05T13:43:44.7454095Z ok 128 - multi-batch report pagination does not truncate row outcomes silently
quality	Run repository quality gate	2026-10-05T13:43:44.7454521Z   ---
quality	Run repository quality gate	2026-10-05T13:43:44.7454752Z   duration_ms: 67.680645
quality	Run repository quality gate	2026-10-05T13:43:44.7455019Z   type: 'test'
quality	Run repository quality gate	2026-10-05T13:43:44.7455227Z   ...
quality	Run repository quality gate	2026-10-05T13:43:44.7537186Z # Subtest: rollback preserves imported contacts referenced by calendarAttendee
quality	Run repository quality gate	2026-10-05T13:43:44.7537945Z ok 129 - rollback preserves imported contacts referenced by calendarAttendee
quality	Run repository quality gate	2026-10-05T13:43:44.7538562Z   ---
quality	Run repository quality gate	2026-10-05T13:43:44.7539006Z   duration_ms: 8.518762
quality	Run repository quality gate	2026-10-05T13:43:44.7539387Z   type: 'test'
quality	Run repository quality gate	2026-10-05T13:43:44.7539730Z   ...
quality	Run repository quality gate	2026-10-05T13:43:44.7621310Z # Subtest: rollback preserves imported contacts referenced by contactBrief
quality	Run repository quality gate	2026-10-05T13:43:44.7622113Z ok 130 - rollback preserves imported contacts referenced by contactBrief
quality	Run repository quality gate	2026-10-05T13:43:44.7622640Z   ---
quality	Run repository quality gate	2026-10-05T13:43:44.7623036Z   duration_ms: 8.388772
quality	Run repository quality gate	2026-10-05T13:43:44.7623383Z   type: 'test'
quality	Run repository quality gate	2026-10-05T13:43:44.7623713Z   ...
quality	Run repository quality gate	2026-10-05T13:43:44.7737031Z # Subtest: rollback preserves imported contacts referenced by company
quality	Run repository quality gate	2026-10-05T13:43:44.7738173Z ok 131 - rollback preserves imported contacts referenced by company
quality	Run repository quality gate	2026-10-05T13:43:44.7738910Z   ---
quality	Run repository quality gate	2026-10-05T13:43:44.7739255Z   duration_ms: 11.20187
quality	Run repository quality gate	2026-10-05T13:43:44.7739537Z   type: 'test'
quality	Run repository quality gate	2026-10-05T13:43:44.7739888Z   ...
quality	Run repository quality gate	2026-10-05T13:43:44.8369956Z # Subtest: full report export is one persisted snapshot, not the current 100-row page
quality	Run repository quality gate	2026-10-05T13:43:44.8371725Z ok 132 - full report export is one persisted snapshot, not the current 100-row page
quality	Run repository quality gate	2026-10-05T13:43:44.8372606Z   ---
quality	Run repository quality gate	2026-10-05T13:43:44.8373493Z   duration_ms: 63.097602
quality	Run repository quality gate	2026-10-05T13:43:44.8374386Z   type: 'test'
quality	Run repository quality gate	2026-10-05T13:43:44.8374701Z   ...
quality	Run repository quality gate	2026-10-05T13:43:44.8465913Z # Subtest: report CSV neutralizes formula-shaped metadata and includes no raw client contact fields
quality	Run repository quality gate	2026-10-05T13:43:44.8467113Z ok 133 - report CSV neutralizes formula-shaped metadata and includes no raw client contact fields
quality	Run repository quality gate	2026-10-05T13:43:44.8467772Z   ---
quality	Run repository quality gate	2026-10-05T13:43:44.8468027Z   duration_ms: 9.752279
quality	Run repository quality gate	2026-10-05T13:43:44.8468263Z   type: 'test'
quality	Run repository quality gate	2026-10-05T13:43:44.8468476Z   ...
quality	Run repository quality gate	2026-10-05T13:43:44.8530395Z # Subtest: export is reauthorized and never presents an active import as a final report
quality	Run repository quality gate	2026-10-05T13:43:44.8532043Z ok 134 - export is reauthorized and never presents an active import as a final report
quality	Run repository quality gate	2026-10-05T13:43:44.8532823Z   ---
quality	Run repository quality gate	2026-10-05T13:43:44.8533201Z   duration_ms: 6.446896
quality	Run repository quality gate	2026-10-05T13:43:44.8534633Z   type: 'test'
quality	Run repository quality gate	2026-10-05T13:43:44.8535131Z   ...
quality	Run repository quality gate	2026-10-05T13:43:44.8635078Z # Subtest: export audit failure aborts the download instead of silently losing its access record
quality	Run repository quality gate	2026-10-05T13:43:44.8637343Z ok 135 - export audit failure aborts the download instead of silently losing its access record
quality	Run repository quality gate	2026-10-05T13:43:44.8638047Z   ---
quality	Run repository quality gate	2026-10-05T13:43:44.8638384Z   duration_ms: 10.366834
quality	Run repository quality gate	2026-10-05T13:43:44.8638868Z   type: 'test'
quality	Run repository quality gate	2026-10-05T13:43:44.8639198Z   ...
quality	Run repository quality gate	2026-10-05T13:43:44.8702110Z # Subtest: source deletion persists intent, audit and physical-purge acknowledgement
quality	Run repository quality gate	2026-10-05T13:43:44.8703188Z ok 136 - source deletion persists intent, audit and physical-purge acknowledgement
quality	Run repository quality gate	2026-10-05T13:43:44.8703720Z   ---
quality	Run repository quality gate	2026-10-05T13:43:44.8704040Z   duration_ms: 6.663152
quality	Run repository quality gate	2026-10-05T13:43:44.8704348Z   type: 'test'
quality	Run repository quality gate	2026-10-05T13:43:44.8704621Z   ...
quality	Run repository quality gate	2026-10-05T13:43:44.8749068Z # Subtest: deletion audit failure rolls back intent and leaves encrypted bytes intact
quality	Run repository quality gate	2026-10-05T13:43:44.8750042Z ok 137 - deletion audit failure rolls back intent and leaves encrypted bytes intact
quality	Run repository quality gate	2026-10-05T13:43:44.8750685Z   ---
quality	Run repository quality gate	2026-10-05T13:43:44.8750897Z   duration_ms: 4.69037
quality	Run repository quality gate	2026-10-05T13:43:44.8751303Z   type: 'test'
quality	Run repository quality gate	2026-10-05T13:43:44.8751656Z   ...
quality	Run repository quality gate	2026-10-05T13:43:44.8807117Z # Subtest: crash after tombstone leaves visible pending purge and a new process can finish
quality	Run repository quality gate	2026-10-05T13:43:44.8808234Z ok 138 - crash after tombstone leaves visible pending purge and a new process can finish
quality	Run repository quality gate	2026-10-05T13:43:44.8809045Z   ---
quality	Run repository quality gate	2026-10-05T13:43:44.8809377Z   duration_ms: 5.6398
quality	Run repository quality gate	2026-10-05T13:43:44.8809718Z   type: 'test'
quality	Run repository quality gate	2026-10-05T13:43:44.8809921Z   ...
quality	Run repository quality gate	2026-10-05T13:43:44.8892598Z # Subtest: lost purge acknowledgement is reconciled from absent file without resurrecting source
quality	Run repository quality gate	2026-10-05T13:43:44.8893694Z ok 139 - lost purge acknowledgement is reconciled from absent file without resurrecting source
quality	Run repository quality gate	2026-10-05T13:43:44.8894282Z   ---
quality	Run repository quality gate	2026-10-05T13:43:44.8894660Z   duration_ms: 8.541808
quality	Run repository quality gate	2026-10-05T13:43:44.8894942Z   type: 'test'
quality	Run repository quality gate	2026-10-05T13:43:44.8895312Z   ...
quality	Run repository quality gate	2026-10-05T13:43:44.9119101Z # Subtest: retention is preview-first and protects recently uploaded and all job-referenced sources
quality	Run repository quality gate	2026-10-05T13:43:44.9120311Z ok 140 - retention is preview-first and protects recently uploaded and all job-referenced sources
quality	Run repository quality gate	2026-10-05T13:43:44.9120778Z   ---
quality	Run repository quality gate	2026-10-05T13:43:44.9121136Z   duration_ms: 22.523682
quality	Run repository quality gate	2026-10-05T13:43:44.9121476Z   type: 'test'
quality	Run repository quality gate	2026-10-05T13:43:44.9121686Z   ...
quality	Run repository quality gate	2026-10-05T13:43:44.9183556Z # Subtest: creating a job after cleanup preview invalidates the destructive plan
quality	Run repository quality gate	2026-10-05T13:43:44.9184568Z ok 141 - creating a job after cleanup preview invalidates the destructive plan
quality	Run repository quality gate	2026-10-05T13:43:44.9185237Z   ---
quality	Run repository quality gate	2026-10-05T13:43:44.9185558Z   duration_ms: 6.483797
quality	Run repository quality gate	2026-10-05T13:43:44.9185932Z   type: 'test'
quality	Run repository quality gate	2026-10-05T13:43:44.9186211Z   ...
quality	Run repository quality gate	2026-10-05T13:43:44.9286328Z # Subtest: source tombstone prevents late plan publication and new CRM writes
quality	Run repository quality gate	2026-10-05T13:43:44.9287347Z ok 142 - source tombstone prevents late plan publication and new CRM writes
quality	Run repository quality gate	2026-10-05T13:43:44.9288515Z   ---
quality	Run repository quality gate	2026-10-05T13:43:44.9289031Z   duration_ms: 10.133175
quality	Run repository quality gate	2026-10-05T13:43:44.9289378Z   type: 'test'
quality	Run repository quality gate	2026-10-05T13:43:44.9290323Z   ...
quality	Run repository quality gate	2026-10-05T13:43:44.9361341Z # Subtest: authenticated old orphan cleanup reserves a tombstone before deleting source bytes
quality	Run repository quality gate	2026-10-05T13:43:44.9362608Z ok 143 - authenticated old orphan cleanup reserves a tombstone before deleting source bytes
quality	Run repository quality gate	2026-10-05T13:43:44.9363449Z   ---
quality	Run repository quality gate	2026-10-05T13:43:44.9363908Z   duration_ms: 7.392121
quality	Run repository quality gate	2026-10-05T13:43:44.9364293Z   type: 'test'
quality	Run repository quality gate	2026-10-05T13:43:44.9364615Z   ...
quality	Run repository quality gate	2026-10-05T13:43:44.9406288Z # Subtest: cleanup denies a revoked admin and does not accept a newer-than-retention cutoff
quality	Run repository quality gate	2026-10-05T13:43:44.9407325Z ok 144 - cleanup denies a revoked admin and does not accept a newer-than-retention cutoff
quality	Run repository quality gate	2026-10-05T13:43:44.9408107Z   ---
quality	Run repository quality gate	2026-10-05T13:43:44.9408503Z   duration_ms: 4.614441
quality	Run repository quality gate	2026-10-05T13:43:44.9409021Z   type: 'test'
quality	Run repository quality gate	2026-10-05T13:43:44.9409293Z   ...
quality	Run repository quality gate	2026-10-05T13:43:44.9461727Z # Subtest: tampered encrypted source is never force-deleted by recovery cleanup
quality	Run repository quality gate	2026-10-05T13:43:44.9462673Z ok 145 - tampered encrypted source is never force-deleted by recovery cleanup
quality	Run repository quality gate	2026-10-05T13:43:44.9463300Z   ---
quality	Run repository quality gate	2026-10-05T13:43:44.9463631Z   duration_ms: 5.496849
quality	Run repository quality gate	2026-10-05T13:43:44.9463997Z   type: 'test'
quality	Run repository quality gate	2026-10-05T13:43:44.9464253Z   ...
quality	Run repository quality gate	2026-10-05T13:43:44.9503189Z # Subtest: fresh orphan is excluded until both encrypted timestamp and filesystem grace expire
quality	Run repository quality gate	2026-10-05T13:43:44.9504067Z ok 146 - fresh orphan is excluded until both encrypted timestamp and filesystem grace expire
quality	Run repository quality gate	2026-10-05T13:43:44.9504708Z   ---
quality	Run repository quality gate	2026-10-05T13:43:44.9505043Z   duration_ms: 4.139333
quality	Run repository quality gate	2026-10-05T13:43:44.9505444Z   type: 'test'
quality	Run repository quality gate	2026-10-05T13:43:44.9505797Z   ...
quality	Run repository quality gate	2026-10-05T13:43:44.9564829Z # Subtest: background import requires deployment flag and explicit consent for the exact job
quality	Run repository quality gate	2026-10-05T13:43:44.9566157Z ok 147 - background import requires deployment flag and explicit consent for the exact job
quality	Run repository quality gate	2026-10-05T13:43:44.9566987Z   ---
quality	Run repository quality gate	2026-10-05T13:43:44.9567429Z   duration_ms: 5.968679
quality	Run repository quality gate	2026-10-05T13:43:44.9567794Z   type: 'test'
quality	Run repository quality gate	2026-10-05T13:43:44.9568052Z   ...
quality	Run repository quality gate	2026-10-05T13:43:45.0209780Z # Subtest: background worker completes multiple batches across independent application instances
quality	Run repository quality gate	2026-10-05T13:43:45.0211482Z ok 148 - background worker completes multiple batches across independent application instances
quality	Run repository quality gate	2026-10-05T13:43:45.0212570Z   ---
quality	Run repository quality gate	2026-10-05T13:43:45.0213657Z   duration_ms: 64.446831
quality	Run repository quality gate	2026-10-05T13:43:45.0213935Z   type: 'test'
quality	Run repository quality gate	2026-10-05T13:43:45.0214144Z   ...
quality	Run repository quality gate	2026-10-05T13:43:45.0273342Z # Subtest: worker rechecks requester permissions and never substitutes its own privileges
quality	Run repository quality gate	2026-10-05T13:43:45.0274279Z ok 149 - worker rechecks requester permissions and never substitutes its own privileges
quality	Run repository quality gate	2026-10-05T13:43:45.0275015Z   ---
quality	Run repository quality gate	2026-10-05T13:43:45.0275338Z   duration_ms: 6.293873
quality	Run repository quality gate	2026-10-05T13:43:45.0275779Z   type: 'test'
quality	Run repository quality gate	2026-10-05T13:43:45.0276040Z   ...
quality	Run repository quality gate	2026-10-05T13:43:45.0370684Z # Subtest: pause during source loading prevents the next claim and does not fail the job
quality	Run repository quality gate	2026-10-05T13:43:45.0371559Z ok 150 - pause during source loading prevents the next claim and does not fail the job
quality	Run repository quality gate	2026-10-05T13:43:45.0371971Z   ---
quality	Run repository quality gate	2026-10-05T13:43:45.0372192Z   duration_ms: 9.762777
quality	Run repository quality gate	2026-10-05T13:43:45.0372455Z   type: 'test'
quality	Run repository quality gate	2026-10-05T13:43:45.0372791Z   ...
quality	Run repository quality gate	2026-10-05T13:43:45.0444433Z # Subtest: a pause drains a claimed batch but stale worker acknowledgement cannot re-enable scheduling
quality	Run repository quality gate	2026-10-05T13:43:45.0445489Z ok 151 - a pause drains a claimed batch but stale worker acknowledgement cannot re-enable scheduling
quality	Run repository quality gate	2026-10-05T13:43:45.0446036Z   ---
quality	Run repository quality gate	2026-10-05T13:43:45.0446245Z   duration_ms: 7.305393
quality	Run repository quality gate	2026-10-05T13:43:45.0446484Z   type: 'test'
quality	Run repository quality gate	2026-10-05T13:43:45.0446796Z   ...
quality	Run repository quality gate	2026-10-05T13:43:45.0520092Z # Subtest: revoked original owner cannot be silently replaced by a worker requester
quality	Run repository quality gate	2026-10-05T13:43:45.0520987Z ok 152 - revoked original owner cannot be silently replaced by a worker requester
quality	Run repository quality gate	2026-10-05T13:43:45.0521793Z   ---
quality	Run repository quality gate	2026-10-05T13:43:45.0522046Z   duration_ms: 7.409779
quality	Run repository quality gate	2026-10-05T13:43:45.0522294Z   type: 'test'
quality	Run repository quality gate	2026-10-05T13:43:45.0522521Z   ...
quality	Run repository quality gate	2026-10-05T13:43:45.0635650Z # Subtest: lost batch acknowledgement with transient database error retries receipts, not CRM creation
quality	Run repository quality gate	2026-10-05T13:43:45.0636860Z ok 153 - lost batch acknowledgement with transient database error retries receipts, not CRM creation
quality	Run repository quality gate	2026-10-05T13:43:45.0637621Z   ---
quality	Run repository quality gate	2026-10-05T13:43:45.0637925Z   duration_ms: 11.474635
quality	Run repository quality gate	2026-10-05T13:43:45.0638281Z   type: 'test'
quality	Run repository quality gate	2026-10-05T13:43:45.0638533Z   ...
quality	Run repository quality gate	2026-10-05T13:43:45.0723371Z # Subtest: unknown worker errors suspend processing without logging sensitive exception text
quality	Run repository quality gate	2026-10-05T13:43:45.0724437Z ok 154 - unknown worker errors suspend processing without logging sensitive exception text
quality	Run repository quality gate	2026-10-05T13:43:45.0725259Z   ---
quality	Run repository quality gate	2026-10-05T13:43:45.0725554Z   duration_ms: 8.720661
quality	Run repository quality gate	2026-10-05T13:43:45.0725869Z   type: 'test'
quality	Run repository quality gate	2026-10-05T13:43:45.0726081Z   ...
quality	Run repository quality gate	2026-10-05T13:43:45.0781726Z # Subtest: cancellation clears consent and worker claims; it is not interpreted as pause/resume
quality	Run repository quality gate	2026-10-05T13:43:45.0782742Z ok 155 - cancellation clears consent and worker claims; it is not interpreted as pause/resume
quality	Run repository quality gate	2026-10-05T13:43:45.0783253Z   ---
quality	Run repository quality gate	2026-10-05T13:43:45.0783507Z   duration_ms: 5.825756
quality	Run repository quality gate	2026-10-05T13:43:45.0783783Z   type: 'test'
quality	Run repository quality gate	2026-10-05T13:43:45.0783990Z   ...
quality	Run repository quality gate	2026-10-05T13:43:45.0839355Z # Subtest: worker ticks are bounded and an already-aborted signal processes no job
quality	Run repository quality gate	2026-10-05T13:43:45.0840112Z ok 156 - worker ticks are bounded and an already-aborted signal processes no job
quality	Run repository quality gate	2026-10-05T13:43:45.0840637Z   ---
quality	Run repository quality gate	2026-10-05T13:43:45.0840910Z   duration_ms: 5.681121
quality	Run repository quality gate	2026-10-05T13:43:45.0841178Z   type: 'test'
quality	Run repository quality gate	2026-10-05T13:43:45.0841394Z   ...
quality	Run repository quality gate	2026-10-05T13:43:45.0902736Z # Subtest: source cleanup protects files needed by an opted-in background import
quality	Run repository quality gate	2026-10-05T13:43:45.0903491Z ok 157 - source cleanup protects files needed by an opted-in background import
quality	Run repository quality gate	2026-10-05T13:43:45.0903901Z   ---
quality	Run repository quality gate	2026-10-05T13:43:45.0904105Z   duration_ms: 6.347244
quality	Run repository quality gate	2026-10-05T13:43:45.0904343Z   type: 'test'
quality	Run repository quality gate	2026-10-05T13:43:45.0904616Z   ...
quality	Run repository quality gate	2026-10-05T13:43:45.0986917Z # Subtest: two competing worker instances cannot claim the same queue lease
quality	Run repository quality gate	2026-10-05T13:43:45.0987804Z ok 158 - two competing worker instances cannot claim the same queue lease
quality	Run repository quality gate	2026-10-05T13:43:45.0988253Z   ---
quality	Run repository quality gate	2026-10-05T13:43:45.0988526Z   duration_ms: 8.230196
quality	Run repository quality gate	2026-10-05T13:43:45.0988999Z   type: 'test'
quality	Run repository quality gate	2026-10-05T13:43:45.0989300Z   ...
quality	Run repository quality gate	2026-10-05T13:43:45.1064958Z # Subtest: persisted queue claim recovers after lease expiry without changing the import intent
quality	Run repository quality gate	2026-10-05T13:43:45.1066234Z ok 159 - persisted queue claim recovers after lease expiry without changing the import intent
quality	Run repository quality gate	2026-10-05T13:43:45.1066741Z   ---
quality	Run repository quality gate	2026-10-05T13:43:45.1066976Z   duration_ms: 7.717145
quality	Run repository quality gate	2026-10-05T13:43:45.1067322Z   type: 'test'
quality	Run repository quality gate	2026-10-05T13:43:45.1067542Z   ...
quality	Run repository quality gate	2026-10-05T13:43:45.1150467Z # Subtest: cleanup fails closed if a source audit cannot be saved after physical removal
quality	Run repository quality gate	2026-10-05T13:43:45.1151604Z ok 160 - cleanup fails closed if a source audit cannot be saved after physical removal
quality	Run repository quality gate	2026-10-05T13:43:45.1152266Z   ---
quality	Run repository quality gate	2026-10-05T13:43:45.1152579Z   duration_ms: 8.726472
quality	Run repository quality gate	2026-10-05T13:43:45.1152936Z   type: 'test'
quality	Run repository quality gate	2026-10-05T13:43:45.1153263Z   ...
quality	Run repository quality gate	2026-10-05T13:43:45.2341677Z # Subtest: bounded operator body is preserved as raw JSON text for the tRPC reader
quality	Run repository quality gate	2026-10-05T13:43:45.2343091Z ok 161 - bounded operator body is preserved as raw JSON text for the tRPC reader
quality	Run repository quality gate	2026-10-05T13:43:45.2343872Z   ---
quality	Run repository quality gate	2026-10-05T13:43:45.2344529Z   duration_ms: 4.899501
quality	Run repository quality gate	2026-10-05T13:43:45.2344840Z   type: 'test'
quality	Run repository quality gate	2026-10-05T13:43:45.2345074Z   ...
quality	Run repository quality gate	2026-10-05T13:43:45.2356256Z # Subtest: oversized declared and chunked bodies are rejected before tRPC
quality	Run repository quality gate	2026-10-05T13:43:45.2359247Z ok 162 - oversized declared and chunked bodies are rejected before tRPC
quality	Run repository quality gate	2026-10-05T13:43:45.2360003Z   ---
quality	Run repository quality gate	2026-10-05T13:43:45.2360323Z   duration_ms: 1.44585
quality	Run repository quality gate	2026-10-05T13:43:45.2361079Z   type: 'test'
quality	Run repository quality gate	2026-10-05T13:43:45.2361410Z   ...
quality	Run repository quality gate	2026-10-05T13:43:45.2373908Z # Subtest: compressed bodies, non-JSON CSRF-like posts and invalid UTF-8 are rejected
quality	Run repository quality gate	2026-10-05T13:43:45.2375302Z ok 163 - compressed bodies, non-JSON CSRF-like posts and invalid UTF-8 are rejected
quality	Run repository quality gate	2026-10-05T13:43:45.2376411Z   ---
quality	Run repository quality gate	2026-10-05T13:43:45.2376986Z   duration_ms: 1.452718
quality	Run repository quality gate	2026-10-05T13:43:45.2377606Z   type: 'test'
quality	Run repository quality gate	2026-10-05T13:43:45.2378161Z   ...
quality	Run repository quality gate	2026-10-05T13:43:45.2379067Z # Subtest: unrelated CRM and webhook paths are not parsed or altered
quality	Run repository quality gate	2026-10-05T13:43:45.2380240Z ok 164 - unrelated CRM and webhook paths are not parsed or altered
quality	Run repository quality gate	2026-10-05T13:43:45.2381123Z   ---
quality	Run repository quality gate	2026-10-05T13:43:45.2381734Z   duration_ms: 0.423597
quality	Run repository quality gate	2026-10-05T13:43:45.2382259Z   type: 'test'
quality	Run repository quality gate	2026-10-05T13:43:45.2383211Z   ...
quality	Run repository quality gate	2026-10-05T13:43:45.2388251Z # Subtest: mixed batches and encoded procedure paths receive the same limit
quality	Run repository quality gate	2026-10-05T13:43:45.2390198Z ok 165 - mixed batches and encoded procedure paths receive the same limit
quality	Run repository quality gate	2026-10-05T13:43:45.2390865Z   ---
quality	Run repository quality gate	2026-10-05T13:43:45.2391384Z   duration_ms: 1.253479
quality	Run repository quality gate	2026-10-05T13:43:45.2391855Z   type: 'test'
quality	Run repository quality gate	2026-10-05T13:43:45.2392252Z   ...
quality	Run repository quality gate	2026-10-05T13:43:45.2404636Z # Subtest: inflight cap lasts through response completion, not just upload completion
quality	Run repository quality gate	2026-10-05T13:43:45.2405563Z ok 166 - inflight cap lasts through response completion, not just upload completion
quality	Run repository quality gate	2026-10-05T13:43:45.2406028Z   ---
quality	Run repository quality gate	2026-10-05T13:43:45.2406274Z   duration_ms: 1.500271
quality	Run repository quality gate	2026-10-05T13:43:45.2406514Z   type: 'test'
quality	Run repository quality gate	2026-10-05T13:43:45.2406719Z   ...
quality	Run repository quality gate	2026-10-05T13:43:45.2891136Z # Subtest: timeouts and aborted uploads free the slot
quality	Run repository quality gate	2026-10-05T13:43:45.2892033Z ok 167 - timeouts and aborted uploads free the slot
quality	Run repository quality gate	2026-10-05T13:43:45.2892465Z   ---
quality	Run repository quality gate	2026-10-05T13:43:45.2892771Z   duration_ms: 31.165888
quality	Run repository quality gate	2026-10-05T13:43:45.2893130Z   type: 'test'
quality	Run repository quality gate	2026-10-05T13:43:45.2893530Z   ...
quality	Run repository quality gate	2026-10-05T13:43:45.3240510Z # Subtest: real Node HTTP transport enforces streaming byte bounds on loopback
quality	Run repository quality gate	2026-10-05T13:43:45.3241448Z ok 168 - real Node HTTP transport enforces streaming byte bounds on loopback
quality	Run repository quality gate	2026-10-05T13:43:45.3241918Z   ---
quality	Run repository quality gate	2026-10-05T13:43:45.3242222Z   duration_ms: 52.229572
quality	Run repository quality gate	2026-10-05T13:43:45.3242543Z   type: 'test'
quality	Run repository quality gate	2026-10-05T13:43:45.3242828Z   ...
quality	Run repository quality gate	2026-10-05T13:43:45.4489809Z # Subtest: overview is current-admin only and dedicated-workspace bound
quality	Run repository quality gate	2026-10-05T13:43:45.4490916Z ok 169 - overview is current-admin only and dedicated-workspace bound
quality	Run repository quality gate	2026-10-05T13:43:45.4491588Z   ---
quality	Run repository quality gate	2026-10-05T13:43:45.4491940Z   duration_ms: 3.330989
quality	Run repository quality gate	2026-10-05T13:43:45.4492345Z   type: 'test'
quality	Run repository quality gate	2026-10-05T13:43:45.4492699Z   ...
quality	Run repository quality gate	2026-10-05T13:43:45.4493265Z # Subtest: private drafts and unrelated receipts do not leak into team overview
quality	Run repository quality gate	2026-10-05T13:43:45.4494177Z ok 170 - private drafts and unrelated receipts do not leak into team overview
quality	Run repository quality gate	2026-10-05T13:43:45.4494875Z   ---
quality	Run repository quality gate	2026-10-05T13:43:45.4495209Z   duration_ms: 2.061413
quality	Run repository quality gate	2026-10-05T13:43:45.4495614Z   type: 'test'
quality	Run repository quality gate	2026-10-05T13:43:45.4495949Z   ...
quality	Run repository quality gate	2026-10-05T13:43:45.4496491Z # Subtest: costs use exact micro-USD and report missing records separately
quality	Run repository quality gate	2026-10-05T13:43:45.4497361Z ok 171 - costs use exact micro-USD and report missing records separately
quality	Run repository quality gate	2026-10-05T13:43:45.4497979Z   ---
quality	Run repository quality gate	2026-10-05T13:43:45.4498323Z   duration_ms: 0.229256
quality	Run repository quality gate	2026-10-05T13:43:45.4498702Z   type: 'test'
quality	Run repository quality gate	2026-10-05T13:43:45.4499181Z   ...
quality	Run repository quality gate	2026-10-05T13:43:45.4499789Z # Subtest: missing, negative, invalid costs and zero-completion rates are not invented
quality	Run repository quality gate	2026-10-05T13:43:45.4500780Z ok 172 - missing, negative, invalid costs and zero-completion rates are not invented
quality	Run repository quality gate	2026-10-05T13:43:45.4501497Z   ---
quality	Run repository quality gate	2026-10-05T13:43:45.4501828Z   duration_ms: 0.13362
quality	Run repository quality gate	2026-10-05T13:43:45.4502205Z   type: 'test'
quality	Run repository quality gate	2026-10-05T13:43:45.4502544Z   ...
quality	Run repository quality gate	2026-10-05T13:43:45.4503122Z # Subtest: a truncated window cannot masquerade as a full success rate or cost total
quality	Run repository quality gate	2026-10-05T13:43:45.4504125Z ok 173 - a truncated window cannot masquerade as a full success rate or cost total
quality	Run repository quality gate	2026-10-05T13:43:45.4504808Z   ---
quality	Run repository quality gate	2026-10-05T13:43:45.4505600Z   duration_ms: 0.121392
quality	Run repository quality gate	2026-10-05T13:43:45.4506005Z   type: 'test'
quality	Run repository quality gate	2026-10-05T13:43:45.4506356Z   ...
quality	Run repository quality gate	2026-10-05T13:43:45.4507051Z # Subtest: read period has explicit rolling UTC bounds and rejects arbitrary large windows
quality	Run repository quality gate	2026-10-05T13:43:45.4509164Z ok 174 - read period has explicit rolling UTC bounds and rejects arbitrary large windows
quality	Run repository quality gate	2026-10-05T13:43:45.4509934Z   ---
quality	Run repository quality gate	2026-10-05T13:43:45.4510265Z   duration_ms: 1.60609
quality	Run repository quality gate	2026-10-05T13:43:45.4510669Z   type: 'test'
quality	Run repository quality gate	2026-10-05T13:43:45.4511002Z   ...
quality	Run repository quality gate	2026-10-05T13:43:45.4526378Z # Subtest: operations never turns lack of provider/outcome instrumentation into positive health
quality	Run repository quality gate	2026-10-05T13:43:45.4527724Z ok 175 - operations never turns lack of provider/outcome instrumentation into positive health
quality	Run repository quality gate	2026-10-05T13:43:45.4528467Z   ---
quality	Run repository quality gate	2026-10-05T13:43:45.4529353Z   duration_ms: 0.795192
quality	Run repository quality gate	2026-10-05T13:43:45.4529734Z   type: 'test'
quality	Run repository quality gate	2026-10-05T13:43:45.4530079Z   ...
quality	Run repository quality gate	2026-10-05T13:43:45.4530732Z # Subtest: unsafe database errors and prompt-like error messages are not returned to operators
quality	Run repository quality gate	2026-10-05T13:43:45.4531850Z ok 176 - unsafe database errors and prompt-like error messages are not returned to operators
quality	Run repository quality gate	2026-10-05T13:43:45.4532617Z   ---
quality	Run repository quality gate	2026-10-05T13:43:45.4532963Z   duration_ms: 0.746848
quality	Run repository quality gate	2026-10-05T13:43:45.4533346Z   type: 'test'
quality	Run repository quality gate	2026-10-05T13:43:45.4533684Z   ...
quality	Run repository quality gate	2026-10-05T13:43:45.4534291Z # Subtest: disabled approval lifecycle performs no mutation even for administrators
quality	Run repository quality gate	2026-10-05T13:43:45.4535287Z ok 177 - disabled approval lifecycle performs no mutation even for administrators
quality	Run repository quality gate	2026-10-05T13:43:45.4536018Z   ---
quality	Run repository quality gate	2026-10-05T13:43:45.4536363Z   duration_ms: 0.557862
quality	Run repository quality gate	2026-10-05T13:43:45.4536706Z   type: 'test'
quality	Run repository quality gate	2026-10-05T13:43:45.4537018Z   ...
quality	Run repository quality gate	2026-10-05T13:43:45.4537521Z # Subtest: empty team yields a true empty state, no seeded demo metrics
quality	Run repository quality gate	2026-10-05T13:43:45.4538342Z ok 178 - empty team yields a true empty state, no seeded demo metrics
quality	Run repository quality gate	2026-10-05T13:43:45.4539321Z   ---
quality	Run repository quality gate	2026-10-05T13:43:45.4539664Z   duration_ms: 0.75731
quality	Run repository quality gate	2026-10-05T13:43:45.4540075Z   type: 'test'
quality	Run repository quality gate	2026-10-05T13:43:45.4540412Z   ...
quality	Run repository quality gate	2026-10-05T13:43:45.4540935Z # Subtest: receipt correlation uses governed metadata, never the unrelated CRM requestHash
quality	Run repository quality gate	2026-10-05T13:43:45.4541767Z ok 179 - receipt correlation uses governed metadata, never the unrelated CRM requestHash
quality	Run repository quality gate	2026-10-05T13:43:45.4542525Z   ---
quality	Run repository quality gate	2026-10-05T13:43:45.4542888Z   duration_ms: 1.337816
quality	Run repository quality gate	2026-10-05T13:43:45.4543305Z   type: 'test'
quality	Run repository quality gate	2026-10-05T13:43:45.4543672Z   ...
quality	Run repository quality gate	2026-10-05T13:43:45.4544233Z # Subtest: a different action kind cannot borrow the digest correlation
quality	Run repository quality gate	2026-10-05T13:43:45.4545130Z ok 180 - a different action kind cannot borrow the digest correlation
quality	Run repository quality gate	2026-10-05T13:43:45.4545813Z   ---
quality	Run repository quality gate	2026-10-05T13:43:45.4546173Z   duration_ms: 0.79526
quality	Run repository quality gate	2026-10-05T13:43:45.4546596Z   type: 'test'
quality	Run repository quality gate	2026-10-05T13:43:45.4546981Z   ...
quality	Run repository quality gate	2026-10-05T13:43:45.4547537Z # Subtest: metadata lookup refuses accessors and inherited correlation
quality	Run repository quality gate	2026-10-05T13:43:45.4548447Z ok 181 - metadata lookup refuses accessors and inherited correlation
quality	Run repository quality gate	2026-10-05T13:43:45.4549175Z   ---
quality	Run repository quality gate	2026-10-05T13:43:45.4549464Z   duration_ms: 0.13568
quality	Run repository quality gate	2026-10-05T13:43:45.4550003Z   type: 'test'
quality	Run repository quality gate	2026-10-05T13:43:45.4550308Z   ...
quality	Run repository quality gate	2026-10-05T13:43:45.4550948Z # Subtest: continuation view is current-admin only, opt-in and exposes no lease/JWT/raw payload
quality	Run repository quality gate	2026-10-05T13:43:45.4552015Z ok 182 - continuation view is current-admin only, opt-in and exposes no lease/JWT/raw payload
quality	Run repository quality gate	2026-10-05T13:43:45.4552771Z   ---
quality	Run repository quality gate	2026-10-05T13:43:45.4553128Z   duration_ms: 1.374097
quality	Run repository quality gate	2026-10-05T13:43:45.4553559Z   type: 'test'
quality	Run repository quality gate	2026-10-05T13:43:45.4553923Z   ...
quality	Run repository quality gate	2026-10-05T13:43:45.4554624Z # Subtest: continuation pagination has stable tie-breaks and does not silently drop same-time rows
quality	Run repository quality gate	2026-10-05T13:43:45.4555901Z ok 183 - continuation pagination has stable tie-breaks and does not silently drop same-time rows
quality	Run repository quality gate	2026-10-05T13:43:45.4556681Z   ---
quality	Run repository quality gate	2026-10-05T13:43:45.4556960Z   duration_ms: 3.730103
quality	Run repository quality gate	2026-10-05T13:43:45.4557270Z   type: 'test'
quality	Run repository quality gate	2026-10-05T13:43:45.4557532Z   ...
quality	Run repository quality gate	2026-10-05T13:43:45.5691818Z # Subtest: maps workspace roles to least-privilege pipeline permissions
quality	Run repository quality gate	2026-10-05T13:43:45.5692656Z ok 184 - maps workspace roles to least-privilege pipeline permissions
quality	Run repository quality gate	2026-10-05T13:43:45.5693201Z   ---
quality	Run repository quality gate	2026-10-05T13:43:45.5693504Z   duration_ms: 1.871943
quality	Run repository quality gate	2026-10-05T13:43:45.5693872Z   type: 'test'
quality	Run repository quality gate	2026-10-05T13:43:45.5694196Z   ...
quality	Run repository quality gate	2026-10-05T13:43:45.5695128Z # Subtest: creates deterministic server-owned pipeline and stage identifiers
quality	Run repository quality gate	2026-10-05T13:43:45.5696401Z ok 185 - creates deterministic server-owned pipeline and stage identifiers
quality	Run repository quality gate	2026-10-05T13:43:45.5696992Z   ---
quality	Run repository quality gate	2026-10-05T13:43:45.5697328Z   duration_ms: 2.595196
quality	Run repository quality gate	2026-10-05T13:43:45.5697686Z   type: 'test'
quality	Run repository quality gate	2026-10-05T13:43:45.5698004Z   ...
quality	Run repository quality gate	2026-10-05T13:43:45.5698629Z # Subtest: preserves an explicit default request in the canonical create payload
quality	Run repository quality gate	2026-10-05T13:43:45.5709890Z ok 186 - preserves an explicit default request in the canonical create payload
quality	Run repository quality gate	2026-10-05T13:43:45.5710763Z   ---
quality	Run repository quality gate	2026-10-05T13:43:45.5711186Z   duration_ms: 0.522073
quality	Run repository quality gate	2026-10-05T13:43:45.5711739Z   type: 'test'
quality	Run repository quality gate	2026-10-05T13:43:45.5712099Z   ...
quality	Run repository quality gate	2026-10-05T13:43:45.5712713Z # Subtest: different tenants and command keys produce different server IDs
quality	Run repository quality gate	2026-10-05T13:43:45.5713485Z ok 187 - different tenants and command keys produce different server IDs
quality	Run repository quality gate	2026-10-05T13:43:45.5714011Z   ---
quality	Run repository quality gate	2026-10-05T13:43:45.5714377Z   duration_ms: 0.176467
quality	Run repository quality gate	2026-10-05T13:43:45.5714819Z   type: 'test'
quality	Run repository quality gate	2026-10-05T13:43:45.5715161Z   ...
quality	Run repository quality gate	2026-10-05T13:43:45.5715729Z # Subtest: preserves existing stage identity during update and creates only new IDs
quality	Run repository quality gate	2026-10-05T13:43:45.5717270Z ok 188 - preserves existing stage identity during update and creates only new IDs
quality	Run repository quality gate	2026-10-05T13:43:45.5717737Z   ---
quality	Run repository quality gate	2026-10-05T13:43:45.5717954Z   duration_ms: 0.665488
quality	Run repository quality gate	2026-10-05T13:43:45.5718186Z   type: 'test'
quality	Run repository quality gate	2026-10-05T13:43:45.5718437Z   ...
quality	Run repository quality gate	2026-10-05T13:43:45.5718894Z # Subtest: rejects foreign stage IDs and unknown transition keys
quality	Run repository quality gate	2026-10-05T13:43:45.5719840Z ok 189 - rejects foreign stage IDs and unknown transition keys
quality	Run repository quality gate	2026-10-05T13:43:45.5720246Z   ---
quality	Run repository quality gate	2026-10-05T13:43:45.5720442Z   duration_ms: 0.533311
quality	Run repository quality gate	2026-10-05T13:43:45.5720679Z   type: 'test'
quality	Run repository quality gate	2026-10-05T13:43:45.5720975Z   ...
quality	Run repository quality gate	2026-10-05T13:43:45.5721511Z # Subtest: rejects client-owned IDs on create and mismatched pipeline IDs on update
quality	Run repository quality gate	2026-10-05T13:43:45.5722248Z ok 190 - rejects client-owned IDs on create and mismatched pipeline IDs on update
quality	Run repository quality gate	2026-10-05T13:43:45.5722703Z   ---
quality	Run repository quality gate	2026-10-05T13:43:45.5723004Z   duration_ms: 0.546299
quality	Run repository quality gate	2026-10-05T13:43:45.5723309Z   type: 'test'
quality	Run repository quality gate	2026-10-05T13:43:45.5723577Z   ...
quality	Run repository quality gate	2026-10-05T13:43:45.5724043Z # Subtest: command payload excludes idempotency metadata and is immutable
quality	Run repository quality gate	2026-10-05T13:43:45.5724674Z ok 191 - command payload excludes idempotency metadata and is immutable
quality	Run repository quality gate	2026-10-05T13:43:45.5725037Z   ---
quality	Run repository quality gate	2026-10-05T13:43:45.5725244Z   duration_ms: 0.17601
quality	Run repository quality gate	2026-10-05T13:43:45.5725476Z   type: 'test'
quality	Run repository quality gate	2026-10-05T13:43:45.5725676Z   ...
quality	Run repository quality gate	2026-10-05T13:43:45.5725972Z # Subtest: command payload rejects unknown and accessor-backed input
quality	Run repository quality gate	2026-10-05T13:43:45.5726428Z ok 192 - command payload rejects unknown and accessor-backed input
quality	Run repository quality gate	2026-10-05T13:43:45.5726763Z   ---
quality	Run repository quality gate	2026-10-05T13:43:45.5726969Z   duration_ms: 0.32358
quality	Run repository quality gate	2026-10-05T13:43:45.5727193Z   type: 'test'
quality	Run repository quality gate	2026-10-05T13:43:45.5727403Z   ...
quality	Run repository quality gate	2026-10-05T13:43:45.5727695Z # Subtest: API output hides tenant identity and exposes transition keys
quality	Run repository quality gate	2026-10-05T13:43:45.5728148Z ok 193 - API output hides tenant identity and exposes transition keys
quality	Run repository quality gate	2026-10-05T13:43:45.5728494Z   ---
quality	Run repository quality gate	2026-10-05T13:43:45.5728694Z   duration_ms: 0.661354
quality	Run repository quality gate	2026-10-05T13:43:45.5729118Z   type: 'test'
quality	Run repository quality gate	2026-10-05T13:43:45.5729325Z   ...
quality	Run repository quality gate	2026-10-05T13:43:45.6628642Z # Subtest: unexpected server errors never expose raw diagnostic messages
quality	Run repository quality gate	2026-10-05T13:43:45.6629623Z ok 194 - unexpected server errors never expose raw diagnostic messages
quality	Run repository quality gate	2026-10-05T13:43:45.6630368Z   ---
quality	Run repository quality gate	2026-10-05T13:43:45.6630792Z   duration_ms: 0.750466
quality	Run repository quality gate	2026-10-05T13:43:45.6631221Z   type: 'test'
quality	Run repository quality gate	2026-10-05T13:43:45.6631578Z   ...
quality	Run repository quality gate	2026-10-05T13:43:45.6634954Z # Subtest: expected validation guidance remains useful but bounded and single-line
quality	Run repository quality gate	2026-10-05T13:43:45.6636010Z ok 195 - expected validation guidance remains useful but bounded and single-line
quality	Run repository quality gate	2026-10-05T13:43:45.6636650Z   ---
quality	Run repository quality gate	2026-10-05T13:43:45.6636883Z   duration_ms: 0.73162
quality	Run repository quality gate	2026-10-05T13:43:45.6637125Z   type: 'test'
quality	Run repository quality gate	2026-10-05T13:43:45.6637354Z   ...
quality	Run repository quality gate	2026-10-05T13:43:45.6641791Z # Subtest: misclassified internal or credential diagnostics are masked
quality	Run repository quality gate	2026-10-05T13:43:45.6643036Z ok 196 - misclassified internal or credential diagnostics are masked
quality	Run repository quality gate	2026-10-05T13:43:45.6643791Z   ---
quality	Run repository quality gate	2026-10-05T13:43:45.6644165Z   duration_ms: 0.189162
quality	Run repository quality gate	2026-10-05T13:43:45.6644586Z   type: 'test'
quality	Run repository quality gate	2026-10-05T13:43:45.6644937Z   ...
quality	Run repository quality gate	2026-10-05T13:43:45.7576864Z # Subtest: allows failed/cancelled runs only when no attempted side effects are recorded
quality	Run repository quality gate	2026-10-05T13:43:45.7578408Z ok 197 - allows failed/cancelled runs only when no attempted side effects are recorded
quality	Run repository quality gate	2026-10-05T13:43:45.7579318Z   ---
quality	Run repository quality gate	2026-10-05T13:43:45.7579555Z   duration_ms: 0.937814
quality	Run repository quality gate	2026-10-05T13:43:45.7579795Z   type: 'test'
quality	Run repository quality gate	2026-10-05T13:43:45.7580009Z   ...
quality	Run repository quality gate	2026-10-05T13:43:45.7580838Z # Subtest: blocks a succeeded action even when the run failed afterwards
quality	Run repository quality gate	2026-10-05T13:43:45.7581963Z ok 198 - blocks a succeeded action even when the run failed afterwards
quality	Run repository quality gate	2026-10-05T13:43:45.7582552Z   ---
quality	Run repository quality gate	2026-10-05T13:43:45.7582883Z   duration_ms: 0.209111
quality	Run repository quality gate	2026-10-05T13:43:45.7583207Z   type: 'test'
quality	Run repository quality gate	2026-10-05T13:43:45.7583407Z   ...
quality	Run repository quality gate	2026-10-05T13:43:45.7587936Z # Subtest: blocks uncertain remote outcomes and attempts that are marked failed
quality	Run repository quality gate	2026-10-05T13:43:45.7589114Z ok 199 - blocks uncertain remote outcomes and attempts that are marked failed
quality	Run repository quality gate	2026-10-05T13:43:45.7589980Z   ---
quality	Run repository quality gate	2026-10-05T13:43:45.7590400Z   duration_ms: 0.153464
quality	Run repository quality gate	2026-10-05T13:43:45.7590933Z   type: 'test'
quality	Run repository quality gate	2026-10-05T13:43:45.7591380Z   ...
quality	Run repository quality gate	2026-10-05T13:43:45.7592070Z # Subtest: missing/truncated history never becomes proof of no side effects
quality	Run repository quality gate	2026-10-05T13:43:45.7593059Z ok 200 - missing/truncated history never becomes proof of no side effects
quality	Run repository quality gate	2026-10-05T13:43:45.7593852Z   ---
quality	Run repository quality gate	2026-10-05T13:43:45.7594300Z   duration_ms: 0.494498
quality	Run repository quality gate	2026-10-05T13:43:45.7594795Z   type: 'test'
quality	Run repository quality gate	2026-10-05T13:43:45.7595259Z   ...
quality	Run repository quality gate	2026-10-05T13:43:45.7604803Z # Subtest: ambiguous receipt errors stay blocked even without an action mirror
quality	Run repository quality gate	2026-10-05T13:43:45.7629791Z ok 201 - ambiguous receipt errors stay blocked even without an action mirror
quality	Run repository quality gate	2026-10-05T13:43:45.7630928Z   ---
quality	Run repository quality gate	2026-10-05T13:43:45.7631315Z   duration_ms: 0.265458
quality	Run repository quality gate	2026-10-05T13:43:45.7631712Z   type: 'test'
quality	Run repository quality gate	2026-10-05T13:43:45.7632058Z   ...
quality	Run repository quality gate	2026-10-05T13:43:45.7632696Z # Subtest: successful, active and unknown run states are not retried under a failure label
quality	Run repository quality gate	2026-10-05T13:43:45.7633722Z ok 202 - successful, active and unknown run states are not retried under a failure label
quality	Run repository quality gate	2026-10-05T13:43:45.7634465Z   ---
quality	Run repository quality gate	2026-10-05T13:43:45.7634790Z   duration_ms: 0.205135
quality	Run repository quality gate	2026-10-05T13:43:45.7635171Z   type: 'test'
quality	Run repository quality gate	2026-10-05T13:43:45.7635516Z   ...
quality	Run repository quality gate	2026-10-05T13:43:45.7635994Z # Subtest: unknown attempt counters or action states fail closed
quality	Run repository quality gate	2026-10-05T13:43:45.7636742Z ok 203 - unknown attempt counters or action states fail closed
quality	Run repository quality gate	2026-10-05T13:43:45.7637306Z   ---
quality	Run repository quality gate	2026-10-05T13:43:45.7637626Z   duration_ms: 0.129678
quality	Run repository quality gate	2026-10-05T13:43:45.7637987Z   type: 'test'
quality	Run repository quality gate	2026-10-05T13:43:45.7638308Z   ...
quality	Run repository quality gate	2026-10-05T13:43:45.8562508Z # Subtest: auth revalidates current membership using trusted deployment identity
quality	Run repository quality gate	2026-10-05T13:43:45.8564018Z ok 204 - auth revalidates current membership using trusted deployment identity
quality	Run repository quality gate	2026-10-05T13:43:45.8564997Z   ---
quality	Run repository quality gate	2026-10-05T13:43:45.8565487Z   duration_ms: 1.395719
quality	Run repository quality gate	2026-10-05T13:43:45.8566004Z   type: 'test'
quality	Run repository quality gate	2026-10-05T13:43:45.8566473Z   ...
quality	Run repository quality gate	2026-10-05T13:43:45.8591551Z # Subtest: removed member with otherwise live session is forbidden immediately
quality	Run repository quality gate	2026-10-05T13:43:45.8596833Z ok 205 - removed member with otherwise live session is forbidden immediately
quality	Run repository quality gate	2026-10-05T13:43:45.8598219Z   ---
quality	Run repository quality gate	2026-10-05T13:43:45.8599863Z   duration_ms: 0.544552
quality	Run repository quality gate	2026-10-05T13:43:45.8600922Z   type: 'test'
quality	Run repository quality gate	2026-10-05T13:43:45.8601643Z   ...
quality	Run repository quality gate	2026-10-05T13:43:45.8602298Z # Subtest: foreign workspace session cannot read singleton CRM tables
quality	Run repository quality gate	2026-10-05T13:43:45.8603245Z ok 206 - foreign workspace session cannot read singleton CRM tables
quality	Run repository quality gate	2026-10-05T13:43:45.8603907Z   ---
quality	Run repository quality gate	2026-10-05T13:43:45.8604269Z   duration_ms: 0.225053
quality	Run repository quality gate	2026-10-05T13:43:45.8604692Z   type: 'test'
quality	Run repository quality gate	2026-10-05T13:43:45.8605050Z   ...
quality	Run repository quality gate	2026-10-05T13:43:45.8605784Z # Subtest: API-key synthetic session without active organization still needs membership
quality	Run repository quality gate	2026-10-05T13:43:45.8606934Z ok 207 - API-key synthetic session without active organization still needs membership
quality	Run repository quality gate	2026-10-05T13:43:45.8607735Z   ---
quality	Run repository quality gate	2026-10-05T13:43:45.8608115Z   duration_ms: 0.221289
quality	Run repository quality gate	2026-10-05T13:43:45.8608503Z   type: 'test'
quality	Run repository quality gate	2026-10-05T13:43:45.8609431Z   ...
quality	Run repository quality gate	2026-10-05T13:43:45.8609965Z # Subtest: expired, mismatched, missing or malformed sessions fail closed
quality	Run repository quality gate	2026-10-05T13:43:45.8610847Z ok 208 - expired, mismatched, missing or malformed sessions fail closed
quality	Run repository quality gate	2026-10-05T13:43:45.8611569Z   ---
quality	Run repository quality gate	2026-10-05T13:43:45.8611913Z   duration_ms: 0.529519
quality	Run repository quality gate	2026-10-05T13:43:45.8612347Z   type: 'test'
quality	Run repository quality gate	2026-10-05T13:43:45.8612711Z   ...
quality	Run repository quality gate	2026-10-05T13:43:45.8613343Z # Subtest: unrecognized membership roles are denied rather than promoted to member
quality	Run repository quality gate	2026-10-05T13:43:45.8614408Z ok 209 - unrecognized membership roles are denied rather than promoted to member
quality	Run repository quality gate	2026-10-05T13:43:45.8615204Z   ---
quality	Run repository quality gate	2026-10-05T13:43:45.8615561Z   duration_ms: 0.38513
quality	Run repository quality gate	2026-10-05T13:43:45.8615943Z   type: 'test'
quality	Run repository quality gate	2026-10-05T13:43:45.8616287Z   ...
quality	Run repository quality gate	2026-10-05T13:43:45.9563898Z # Subtest: approval submission carries the exact current immutable snapshot, never tenant or action input
quality	Run repository quality gate	2026-10-05T13:43:45.9565390Z ok 210 - approval submission carries the exact current immutable snapshot, never tenant or action input
quality	Run repository quality gate	2026-10-05T13:43:45.9566274Z   ---
quality	Run repository quality gate	2026-10-05T13:43:45.9566629Z   duration_ms: 1.265269
quality	Run repository quality gate	2026-10-05T13:43:45.9567022Z   type: 'test'
quality	Run repository quality gate	2026-10-05T13:43:45.9567358Z   ...
quality	Run repository quality gate	2026-10-05T13:43:45.9569637Z # Subtest: expired, unbound, redacted or disabled snapshots cannot submit approval
quality	Run repository quality gate	2026-10-05T13:43:45.9572986Z ok 211 - expired, unbound, redacted or disabled snapshots cannot submit approval
quality	Run repository quality gate	2026-10-05T13:43:45.9573438Z   ---
quality	Run repository quality gate	2026-10-05T13:43:45.9573663Z   duration_ms: 0.53245
quality	Run repository quality gate	2026-10-05T13:43:45.9573896Z   type: 'test'
quality	Run repository quality gate	2026-10-05T13:43:45.9574103Z   ...
quality	Run repository quality gate	2026-10-05T13:43:45.9577938Z # Subtest: only unconsumed consent may be revoked; terminal actions cannot be resubmitted
quality	Run repository quality gate	2026-10-05T13:43:45.9578911Z ok 212 - only unconsumed consent may be revoked; terminal actions cannot be resubmitted
quality	Run repository quality gate	2026-10-05T13:43:45.9579342Z   ---
quality	Run repository quality gate	2026-10-05T13:43:45.9579636Z   duration_ms: 0.198883
quality	Run repository quality gate	2026-10-05T13:43:45.9579986Z   type: 'test'
quality	Run repository quality gate	2026-10-05T13:43:45.9654022Z   ...
quality	Run repository quality gate	2026-10-05T13:43:45.9654849Z # Subtest: operator notes are bounded and no arbitrary decision is accepted
quality	Run repository quality gate	2026-10-05T13:43:45.9655826Z ok 213 - operator notes are bounded and no arbitrary decision is accepted
quality	Run repository quality gate	2026-10-05T13:43:45.9656418Z   ---
quality	Run repository quality gate	2026-10-05T13:43:45.9656734Z   duration_ms: 0.141179
quality	Run repository quality gate	2026-10-05T13:43:45.9657100Z   type: 'test'
quality	Run repository quality gate	2026-10-05T13:43:45.9657418Z   ...
quality	Run repository quality gate	2026-10-05T13:43:46.0582042Z # Subtest: operation language catalogs contain the same complete set of nonempty keys
quality	Run repository quality gate	2026-10-05T13:43:46.0583194Z ok 214 - operation language catalogs contain the same complete set of nonempty keys
quality	Run repository quality gate	2026-10-05T13:43:46.0583879Z   ---
quality	Run repository quality gate	2026-10-05T13:43:46.0584235Z   duration_ms: 1.517704
quality	Run repository quality gate	2026-10-05T13:43:46.0584611Z   type: 'test'
quality	Run repository quality gate	2026-10-05T13:43:46.0584957Z   ...
quality	Run repository quality gate	2026-10-05T13:43:46.0587236Z # Subtest: display never treats missing counts as completed work
quality	Run repository quality gate	2026-10-05T13:43:46.0588237Z ok 215 - display never treats missing counts as completed work
quality	Run repository quality gate	2026-10-05T13:43:46.0588874Z   ---
quality	Run repository quality gate	2026-10-05T13:43:46.0589181Z   duration_ms: 0.218534
quality	Run repository quality gate	2026-10-05T13:43:46.0589558Z   type: 'test'
quality	Run repository quality gate	2026-10-05T13:43:46.0589846Z   ...
quality	Run repository quality gate	2026-10-05T13:43:46.0603457Z # Subtest: UI execution respects server capability and terminal state
quality	Run repository quality gate	2026-10-05T13:43:46.0604238Z ok 216 - UI execution respects server capability and terminal state
quality	Run repository quality gate	2026-10-05T13:43:46.0605086Z   ---
quality	Run repository quality gate	2026-10-05T13:43:46.0605495Z   duration_ms: 0.132189
quality	Run repository quality gate	2026-10-05T13:43:46.0605924Z   type: 'test'
quality	Run repository quality gate	2026-10-05T13:43:46.0606367Z   ...
quality	Run repository quality gate	2026-10-05T13:43:46.0607227Z # Subtest: required mapping cannot be omitted and skipped columns are not sent
quality	Run repository quality gate	2026-10-05T13:43:46.0608162Z ok 217 - required mapping cannot be omitted and skipped columns are not sent
quality	Run repository quality gate	2026-10-05T13:43:46.0608951Z   ---
quality	Run repository quality gate	2026-10-05T13:43:46.0609374Z   duration_ms: 0.256301
quality	Run repository quality gate	2026-10-05T13:43:46.0609765Z   type: 'test'
quality	Run repository quality gate	2026-10-05T13:43:46.0610095Z   ...
quality	Run repository quality gate	2026-10-05T13:43:46.1514149Z # Subtest: reuses the same key for a retry of an unchanged command
quality	Run repository quality gate	2026-10-05T13:43:46.1515130Z ok 218 - reuses the same key for a retry of an unchanged command
quality	Run repository quality gate	2026-10-05T13:43:46.1516051Z   ---
quality	Run repository quality gate	2026-10-05T13:43:46.1516342Z   duration_ms: 1.027096
quality	Run repository quality gate	2026-10-05T13:43:46.1516692Z   type: 'test'
quality	Run repository quality gate	2026-10-05T13:43:46.1517003Z   ...
quality	Run repository quality gate	2026-10-05T13:43:46.1519060Z # Subtest: rotates the key when the command payload changes
quality	Run repository quality gate	2026-10-05T13:43:46.1520573Z ok 219 - rotates the key when the command payload changes
quality	Run repository quality gate	2026-10-05T13:43:46.1521292Z   ---
quality	Run repository quality gate	2026-10-05T13:43:46.1521736Z   duration_ms: 0.214601
quality	Run repository quality gate	2026-10-05T13:43:46.1522222Z   type: 'test'
quality	Run repository quality gate	2026-10-05T13:43:46.1522634Z   ...
quality	Run repository quality gate	2026-10-05T13:43:46.1524713Z # Subtest: clears only the key that completed
quality	Run repository quality gate	2026-10-05T13:43:46.1525815Z ok 220 - clears only the key that completed
quality	Run repository quality gate	2026-10-05T13:43:46.1526420Z   ---
quality	Run repository quality gate	2026-10-05T13:43:46.1526864Z   duration_ms: 0.167194
quality	Run repository quality gate	2026-10-05T13:43:46.1527346Z   type: 'test'
quality	Run repository quality gate	2026-10-05T13:43:46.1527779Z   ...
quality	Run repository quality gate	2026-10-05T13:43:46.1528504Z # Subtest: bounds retained failed-command keys
quality	Run repository quality gate	2026-10-05T13:43:46.1529717Z ok 221 - bounds retained failed-command keys
quality	Run repository quality gate	2026-10-05T13:43:46.1530353Z   ---
quality	Run repository quality gate	2026-10-05T13:43:46.1530762Z   duration_ms: 0.195561
quality	Run repository quality gate	2026-10-05T13:43:46.1531292Z   type: 'test'
quality	Run repository quality gate	2026-10-05T13:43:46.1531718Z   ...
quality	Run repository quality gate	2026-10-05T13:43:46.1532469Z # Subtest: rejects malformed scopes, fingerprints and generated keys
quality	Run repository quality gate	2026-10-05T13:43:46.1533309Z ok 222 - rejects malformed scopes, fingerprints and generated keys
quality	Run repository quality gate	2026-10-05T13:43:46.1534018Z   ---
quality	Run repository quality gate	2026-10-05T13:43:46.1534431Z   duration_ms: 0.44863
quality	Run repository quality gate	2026-10-05T13:43:46.1534828Z   type: 'test'
quality	Run repository quality gate	2026-10-05T13:43:46.1535193Z   ...
quality	Run repository quality gate	2026-10-05T13:43:46.2486633Z # Subtest: default draft is complete and valid
quality	Run repository quality gate	2026-10-05T13:43:46.2487381Z ok 223 - default draft is complete and valid
quality	Run repository quality gate	2026-10-05T13:43:46.2487946Z   ---
quality	Run repository quality gate	2026-10-05T13:43:46.2488270Z   duration_ms: 1.816061
quality	Run repository quality gate	2026-10-05T13:43:46.2488690Z   type: 'test'
quality	Run repository quality gate	2026-10-05T13:43:46.2489232Z   ...
quality	Run repository quality gate	2026-10-05T13:43:46.2499865Z # Subtest: renaming a stage key updates transition references
quality	Run repository quality gate	2026-10-05T13:43:46.2500779Z ok 224 - renaming a stage key updates transition references
quality	Run repository quality gate	2026-10-05T13:43:46.2501433Z   ---
quality	Run repository quality gate	2026-10-05T13:43:46.2501812Z   duration_ms: 0.436353
quality	Run repository quality gate	2026-10-05T13:43:46.2502296Z   type: 'test'
quality	Run repository quality gate	2026-10-05T13:43:46.2502691Z   ...
quality	Run repository quality gate	2026-10-05T13:43:46.2503287Z # Subtest: terminal and open stage probabilities remain deterministic
quality	Run repository quality gate	2026-10-05T13:43:46.2504276Z ok 225 - terminal and open stage probabilities remain deterministic
quality	Run repository quality gate	2026-10-05T13:43:46.2504984Z   ---
quality	Run repository quality gate	2026-10-05T13:43:46.2505353Z   duration_ms: 0.15568
quality	Run repository quality gate	2026-10-05T13:43:46.2505786Z   type: 'test'
quality	Run repository quality gate	2026-10-05T13:43:46.2506170Z   ...
quality	Run repository quality gate	2026-10-05T13:43:46.2506932Z # Subtest: reordering and removal keep contiguous positions and remove dangling transitions
quality	Run repository quality gate	2026-10-05T13:43:46.2511905Z ok 226 - reordering and removal keep contiguous positions and remove dangling transitions
quality	Run repository quality gate	2026-10-05T13:43:46.2512500Z   ---
quality	Run repository quality gate	2026-10-05T13:43:46.2512739Z   duration_ms: 0.413692
quality	Run repository quality gate	2026-10-05T13:43:46.2513177Z   type: 'test'
quality	Run repository quality gate	2026-10-05T13:43:46.2513488Z   ...
quality	Run repository quality gate	2026-10-05T13:43:46.2514034Z # Subtest: create mutation excludes server-owned identity and preserves default intent
quality	Run repository quality gate	2026-10-05T13:43:46.2515145Z ok 227 - create mutation excludes server-owned identity and preserves default intent
quality	Run repository quality gate	2026-10-05T13:43:46.2515811Z   ---
quality	Run repository quality gate	2026-10-05T13:43:46.2516221Z   duration_ms: 0.47382
quality	Run repository quality gate	2026-10-05T13:43:46.2516655Z   type: 'test'
quality	Run repository quality gate	2026-10-05T13:43:46.2517374Z   ...
quality	Run repository quality gate	2026-10-05T13:43:46.2518022Z # Subtest: update mutation preserves optimistic version and existing stage identity
quality	Run repository quality gate	2026-10-05T13:43:46.2519047Z ok 228 - update mutation preserves optimistic version and existing stage identity
quality	Run repository quality gate	2026-10-05T13:43:46.2519652Z   ---
quality	Run repository quality gate	2026-10-05T13:43:46.2520040Z   duration_ms: 0.498373
quality	Run repository quality gate	2026-10-05T13:43:46.2520468Z   type: 'test'
quality	Run repository quality gate	2026-10-05T13:43:46.2520854Z   ...
quality	Run repository quality gate	2026-10-05T13:43:46.2521511Z # Subtest: validation rejects malformed probabilities, colors, positions and transitions
quality	Run repository quality gate	2026-10-05T13:43:46.2522378Z ok 229 - validation rejects malformed probabilities, colors, positions and transitions
quality	Run repository quality gate	2026-10-05T13:43:46.2522986Z   ---
quality	Run repository quality gate	2026-10-05T13:43:46.2523378Z   duration_ms: 0.275035
quality	Run repository quality gate	2026-10-05T13:43:46.2523800Z   type: 'test'
quality	Run repository quality gate	2026-10-05T13:43:46.2524284Z   ...
quality	Run repository quality gate	2026-10-05T13:43:46.2524833Z # Subtest: mutation conversion refuses invalid drafts and idempotency keys
quality	Run repository quality gate	2026-10-05T13:43:46.2525511Z ok 230 - mutation conversion refuses invalid drafts and idempotency keys
quality	Run repository quality gate	2026-10-05T13:43:46.2525990Z   ---
quality	Run repository quality gate	2026-10-05T13:43:46.2526374Z   duration_ms: 0.498438
quality	Run repository quality gate	2026-10-05T13:43:46.2526761Z   type: 'test'
quality	Run repository quality gate	2026-10-05T13:43:46.2527144Z   ...
quality	Run repository quality gate	2026-10-05T13:43:46.3585381Z # Subtest: summaries use visible facts, exclude archived review and disclose old-server coverage
quality	Run repository quality gate	2026-10-05T13:43:46.3588890Z ok 231 - summaries use visible facts, exclude archived review and disclose old-server coverage
quality	Run repository quality gate	2026-10-05T13:43:46.3589847Z   ---
quality	Run repository quality gate	2026-10-05T13:43:46.3590283Z   duration_ms: 1.234488
quality	Run repository quality gate	2026-10-05T13:43:46.3590742Z   type: 'test'
quality	Run repository quality gate	2026-10-05T13:43:46.3591149Z   ...
quality	Run repository quality gate	2026-10-05T13:43:46.3592069Z # Subtest: current filter excludes archived without hiding it from the all view
quality	Run repository quality gate	2026-10-05T13:43:46.3592965Z ok 232 - current filter excludes archived without hiding it from the all view
quality	Run repository quality gate	2026-10-05T13:43:46.3593684Z   ---
quality	Run repository quality gate	2026-10-05T13:43:46.3594028Z   duration_ms: 0.220683
quality	Run repository quality gate	2026-10-05T13:43:46.3594434Z   type: 'test'
quality	Run repository quality gate	2026-10-05T13:43:46.3594774Z   ...
quality	Run repository quality gate	2026-10-05T13:43:46.3599553Z # Subtest: review is explicitly the latest run, not a global approval count
quality	Run repository quality gate	2026-10-05T13:43:46.3600581Z ok 233 - review is explicitly the latest run, not a global approval count
quality	Run repository quality gate	2026-10-05T13:43:46.3601318Z   ---
quality	Run repository quality gate	2026-10-05T13:43:46.3601745Z   duration_ms: 0.183631
quality	Run repository quality gate	2026-10-05T13:43:46.3602195Z   type: 'test'
quality	Run repository quality gate	2026-10-05T13:43:46.3602557Z   ...
quality	Run repository quality gate	2026-10-05T13:43:46.3603059Z # Subtest: search is trimmed case insensitive and matches description
quality	Run repository quality gate	2026-10-05T13:43:46.3603987Z ok 234 - search is trimmed case insensitive and matches description
quality	Run repository quality gate	2026-10-05T13:43:46.3604643Z   ---
quality	Run repository quality gate	2026-10-05T13:43:46.3605018Z   duration_ms: 0.16582
quality	Run repository quality gate	2026-10-05T13:43:46.3605467Z   type: 'test'
quality	Run repository quality gate	2026-10-05T13:43:46.3605859Z   ...
quality	Run repository quality gate	2026-10-05T13:43:46.3606407Z # Subtest: zero cost is real recorded cost; unknown does not become zero
quality	Run repository quality gate	2026-10-05T13:43:46.3607238Z ok 235 - zero cost is real recorded cost; unknown does not become zero
quality	Run repository quality gate	2026-10-05T13:43:46.3607829Z   ---
quality	Run repository quality gate	2026-10-05T13:43:46.3608144Z   duration_ms: 13.217306
quality	Run repository quality gate	2026-10-05T13:43:46.3608485Z   type: 'test'
quality	Run repository quality gate	2026-10-05T13:43:46.3608988Z   ...
quality	Run repository quality gate	2026-10-05T13:43:46.3615536Z # Subtest: empty data never produces invented runs, savings or success rates
quality	Run repository quality gate	2026-10-05T13:43:46.3616559Z ok 236 - empty data never produces invented runs, savings or success rates
quality	Run repository quality gate	2026-10-05T13:43:46.3617301Z   ---
quality	Run repository quality gate	2026-10-05T13:43:46.3617682Z   duration_ms: 0.308872
quality	Run repository quality gate	2026-10-05T13:43:46.3618118Z   type: 'test'
quality	Run repository quality gate	2026-10-05T13:43:46.3618494Z   ...
quality	Run repository quality gate	2026-10-05T13:43:46.4695813Z # Subtest: registers immutable typed action entries without exposing a direct execution path
quality	Run repository quality gate	2026-10-05T13:43:46.4696853Z ok 237 - registers immutable typed action entries without exposing a direct execution path
quality	Run repository quality gate	2026-10-05T13:43:46.4697392Z   ---
quality	Run repository quality gate	2026-10-05T13:43:46.4697804Z   duration_ms: 1.756173
quality	Run repository quality gate	2026-10-05T13:43:46.4698220Z   type: 'test'
quality	Run repository quality gate	2026-10-05T13:43:46.4698668Z   ...
quality	Run repository quality gate	2026-10-05T13:43:46.4699531Z # Subtest: normalizes legacy risk and idempotency vocabulary into the governed runtime contract
quality	Run repository quality gate	2026-10-05T13:43:46.4700399Z ok 238 - normalizes legacy risk and idempotency vocabulary into the governed runtime contract
quality	Run repository quality gate	2026-10-05T13:43:46.4701275Z   ---
quality	Run repository quality gate	2026-10-05T13:43:46.4701675Z   duration_ms: 0.466157
quality	Run repository quality gate	2026-10-05T13:43:46.4702341Z   type: 'test'
quality	Run repository quality gate	2026-10-05T13:43:46.4702909Z   ...
quality	Run repository quality gate	2026-10-05T13:43:46.4703468Z # Subtest: converts JSON schemas into runtime validators
quality	Run repository quality gate	2026-10-05T13:43:46.4704062Z ok 239 - converts JSON schemas into runtime validators
quality	Run repository quality gate	2026-10-05T13:43:46.4704375Z   ---
quality	Run repository quality gate	2026-10-05T13:43:46.4704578Z   duration_ms: 1.263769
quality	Run repository quality gate	2026-10-05T13:43:46.4704811Z   type: 'test'
quality	Run repository quality gate	2026-10-05T13:43:46.4705020Z   ...
quality	Run repository quality gate	2026-10-05T13:43:46.4706156Z # Subtest: defensively snapshots schemas, metadata, permissions and retry configuration
quality	Run repository quality gate	2026-10-05T13:43:46.4709504Z ok 240 - defensively snapshots schemas, metadata, permissions and retry configuration
quality	Run repository quality gate	2026-10-05T13:43:46.4710379Z   ---
quality	Run repository quality gate	2026-10-05T13:43:46.4711029Z   duration_ms: 0.356586
quality	Run repository quality gate	2026-10-05T13:43:46.4711437Z   type: 'test'
quality	Run repository quality gate	2026-10-05T13:43:46.4711788Z   ...
quality	Run repository quality gate	2026-10-05T13:43:46.4712183Z # Subtest: rejects duplicate action identifiers
quality	Run repository quality gate	2026-10-05T13:43:46.4712720Z ok 241 - rejects duplicate action identifiers
quality	Run repository quality gate	2026-10-05T13:43:46.4713208Z   ---
quality	Run repository quality gate	2026-10-05T13:43:46.4713526Z   duration_ms: 0.272219
quality	Run repository quality gate	2026-10-05T13:43:46.4713861Z   type: 'test'
quality	Run repository quality gate	2026-10-05T13:43:46.4714157Z   ...
quality	Run repository quality gate	2026-10-05T13:43:46.4714769Z # Subtest: rejects execution-state options because execution belongs to the governed runtime
quality	Run repository quality gate	2026-10-05T13:43:46.4715676Z ok 242 - rejects execution-state options because execution belongs to the governed runtime
quality	Run repository quality gate	2026-10-05T13:43:46.4716339Z   ---
quality	Run repository quality gate	2026-10-05T13:43:46.4716660Z   duration_ms: 0.145804
quality	Run repository quality gate	2026-10-05T13:43:46.4717025Z   type: 'test'
quality	Run repository quality gate	2026-10-05T13:43:46.4717329Z   ...
quality	Run repository quality gate	2026-10-05T13:43:46.4720749Z # Subtest: rejects a mutating manifest without idempotency
quality	Run repository quality gate	2026-10-05T13:43:46.4723127Z ok 243 - rejects a mutating manifest without idempotency
quality	Run repository quality gate	2026-10-05T13:43:46.4723714Z   ---
quality	Run repository quality gate	2026-10-05T13:43:46.4723998Z   duration_ms: 0.192466
quality	Run repository quality gate	2026-10-05T13:43:46.4724336Z   type: 'test'
quality	Run repository quality gate	2026-10-05T13:43:46.4724625Z   ...
quality	Run repository quality gate	2026-10-05T13:43:46.4727807Z # Subtest: rejects manifests without explicit permissions
quality	Run repository quality gate	2026-10-05T13:43:46.4729036Z ok 244 - rejects manifests without explicit permissions
quality	Run repository quality gate	2026-10-05T13:43:46.4729595Z   ---
quality	Run repository quality gate	2026-10-05T13:43:46.4729933Z   duration_ms: 0.141802
quality	Run repository quality gate	2026-10-05T13:43:46.4730321Z   type: 'test'
quality	Run repository quality gate	2026-10-05T13:43:46.4730671Z   ...
quality	Run repository quality gate	2026-10-05T13:43:46.4731124Z # Subtest: rejects unsafe retry policies for mutating actions
quality	Run repository quality gate	2026-10-05T13:43:46.4731700Z ok 245 - rejects unsafe retry policies for mutating actions
quality	Run repository quality gate	2026-10-05T13:43:46.4732223Z   ---
quality	Run repository quality gate	2026-10-05T13:43:46.4732550Z   duration_ms: 0.302889
quality	Run repository quality gate	2026-10-05T13:43:46.4732915Z   type: 'test'
quality	Run repository quality gate	2026-10-05T13:43:46.4733221Z   ...
quality	Run repository quality gate	2026-10-05T13:43:46.4746138Z # Subtest: rejects non-integer and non-finite retry configuration
quality	Run repository quality gate	2026-10-05T13:43:46.4746998Z ok 246 - rejects non-integer and non-finite retry configuration
quality	Run repository quality gate	2026-10-05T13:43:46.4747625Z   ---
quality	Run repository quality gate	2026-10-05T13:43:46.4748004Z   duration_ms: 0.6085
quality	Run repository quality gate	2026-10-05T13:43:46.4748393Z   type: 'test'
quality	Run repository quality gate	2026-10-05T13:43:46.4748884Z   ...
quality	Run repository quality gate	2026-10-05T13:43:46.4752107Z # Subtest: registerMany accepts tuple and entry forms and returns stable sorted manifests
quality	Run repository quality gate	2026-10-05T13:43:46.4753087Z ok 247 - registerMany accepts tuple and entry forms and returns stable sorted manifests
quality	Run repository quality gate	2026-10-05T13:43:46.4753613Z   ---
quality	Run repository quality gate	2026-10-05T13:43:46.4754055Z   duration_ms: 7.253826
quality	Run repository quality gate	2026-10-05T13:43:46.4754548Z   type: 'test'
quality	Run repository quality gate	2026-10-05T13:43:46.4754875Z   ...
quality	Run repository quality gate	2026-10-05T13:43:46.4755432Z # Subtest: requires own properties instead of inherited prototype properties
quality	Run repository quality gate	2026-10-05T13:43:46.4756288Z ok 248 - requires own properties instead of inherited prototype properties
quality	Run repository quality gate	2026-10-05T13:43:46.4756936Z   ---
quality	Run repository quality gate	2026-10-05T13:43:46.4757246Z   duration_ms: 0.320306
quality	Run repository quality gate	2026-10-05T13:43:46.4757616Z   type: 'test'
quality	Run repository quality gate	2026-10-05T13:43:46.4757945Z   ...
quality	Run repository quality gate	2026-10-05T13:43:46.4758405Z # Subtest: rejects unsafe JSON-schema and metadata object keys
quality	Run repository quality gate	2026-10-05T13:43:46.4759221Z ok 249 - rejects unsafe JSON-schema and metadata object keys
quality	Run repository quality gate	2026-10-05T13:43:46.4759615Z   ---
quality	Run repository quality gate	2026-10-05T13:43:46.4759816Z   duration_ms: 0.184136
quality	Run repository quality gate	2026-10-05T13:43:46.4760366Z   type: 'test'
quality	Run repository quality gate	2026-10-05T13:43:46.4760578Z   ...
quality	Run repository quality gate	2026-10-05T13:43:46.5870636Z # Subtest: executes a validated authorized action and records redacted audit events
quality	Run repository quality gate	2026-10-05T13:43:46.5872216Z ok 250 - executes a validated authorized action and records redacted audit events
quality	Run repository quality gate	2026-10-05T13:43:46.5873132Z   ---
quality	Run repository quality gate	2026-10-05T13:43:46.5873919Z   duration_ms: 4.591428
quality	Run repository quality gate	2026-10-05T13:43:46.5874365Z   type: 'test'
quality	Run repository quality gate	2026-10-05T13:43:46.5874695Z   ...
quality	Run repository quality gate	2026-10-05T13:43:46.5875149Z # Subtest: rejects tenant ownership fields at any nesting depth
quality	Run repository quality gate	2026-10-05T13:43:46.5875853Z ok 251 - rejects tenant ownership fields at any nesting depth
quality	Run repository quality gate	2026-10-05T13:43:46.5876380Z   ---
quality	Run repository quality gate	2026-10-05T13:43:46.5876702Z   duration_ms: 0.657037
quality	Run repository quality gate	2026-10-05T13:43:46.5877055Z   type: 'test'
quality	Run repository quality gate	2026-10-05T13:43:46.5877774Z   ...
quality	Run repository quality gate	2026-10-05T13:43:46.5878082Z # Subtest: rejects missing permissions and object-level authorization
quality	Run repository quality gate	2026-10-05T13:43:46.5878579Z ok 252 - rejects missing permissions and object-level authorization
quality	Run repository quality gate	2026-10-05T13:43:46.5879276Z   ---
quality	Run repository quality gate	2026-10-05T13:43:46.5879587Z   duration_ms: 0.503071
quality	Run repository quality gate	2026-10-05T13:43:46.5879958Z   type: 'test'
quality	Run repository quality gate	2026-10-05T13:43:46.5880307Z   ...
quality	Run repository quality gate	2026-10-05T13:43:46.5880817Z # Subtest: replays a completed idempotent result without executing again
quality	Run repository quality gate	2026-10-05T13:43:46.5881643Z ok 253 - replays a completed idempotent result without executing again
quality	Run repository quality gate	2026-10-05T13:43:46.5882129Z   ---
quality	Run repository quality gate	2026-10-05T13:43:46.5882325Z   duration_ms: 1.253972
quality	Run repository quality gate	2026-10-05T13:43:46.5882560Z   type: 'test'
quality	Run repository quality gate	2026-10-05T13:43:46.5882765Z   ...
quality	Run repository quality gate	2026-10-05T13:43:46.5883041Z # Subtest: rejects reuse of an idempotency key for another payload
quality	Run repository quality gate	2026-10-05T13:43:46.5883469Z ok 254 - rejects reuse of an idempotency key for another payload
quality	Run repository quality gate	2026-10-05T13:43:46.5883790Z   ---
quality	Run repository quality gate	2026-10-05T13:43:46.5883990Z   duration_ms: 1.626536
quality	Run repository quality gate	2026-10-05T13:43:46.5884216Z   type: 'test'
quality	Run repository quality gate	2026-10-05T13:43:46.5884415Z   ...
quality	Run repository quality gate	2026-10-05T13:43:46.5884775Z # Subtest: rejects changed payload after an approval failure acquired the same idempotency key
quality	Run repository quality gate	2026-10-05T13:43:46.5885388Z ok 255 - rejects changed payload after an approval failure acquired the same idempotency key
quality	Run repository quality gate	2026-10-05T13:43:46.5885815Z   ---
quality	Run repository quality gate	2026-10-05T13:43:46.5886012Z   duration_ms: 0.74132
quality	Run repository quality gate	2026-10-05T13:43:46.5886244Z   type: 'test'
quality	Run repository quality gate	2026-10-05T13:43:46.5886444Z   ...
quality	Run repository quality gate	2026-10-05T13:43:46.5919992Z # Subtest: allows only one concurrent execution for the same receipt
quality	Run repository quality gate	2026-10-05T13:43:46.5920734Z ok 256 - allows only one concurrent execution for the same receipt
quality	Run repository quality gate	2026-10-05T13:43:46.5921227Z   ---
quality	Run repository quality gate	2026-10-05T13:43:46.5921643Z   duration_ms: 7.602262
quality	Run repository quality gate	2026-10-05T13:43:46.5922201Z   type: 'test'
quality	Run repository quality gate	2026-10-05T13:43:46.5922497Z   ...
quality	Run repository quality gate	2026-10-05T13:43:46.5929920Z # Subtest: requires payload-bound tenant-bound approval for high-risk actions
quality	Run repository quality gate	2026-10-05T13:43:46.5930685Z ok 257 - requires payload-bound tenant-bound approval for high-risk actions
quality	Run repository quality gate	2026-10-05T13:43:46.5931399Z   ---
quality	Run repository quality gate	2026-10-05T13:43:46.5931735Z   duration_ms: 1.472605
quality	Run repository quality gate	2026-10-05T13:43:46.5932164Z   type: 'test'
quality	Run repository quality gate	2026-10-05T13:43:46.5932520Z   ...
quality	Run repository quality gate	2026-10-05T13:43:46.5933070Z # Subtest: rejects approval bound to another tenant or modified payload
quality	Run repository quality gate	2026-10-05T13:43:46.5933907Z ok 258 - rejects approval bound to another tenant or modified payload
quality	Run repository quality gate	2026-10-05T13:43:46.5934596Z   ---
quality	Run repository quality gate	2026-10-05T13:43:46.5935295Z   duration_ms: 0.577513
quality	Run repository quality gate	2026-10-05T13:43:46.5935728Z   type: 'test'
quality	Run repository quality gate	2026-10-05T13:43:46.5936063Z   ...
quality	Run repository quality gate	2026-10-05T13:43:46.6226695Z # Subtest: times out a non-cooperative executor and records failure
quality	Run repository quality gate	2026-10-05T13:43:46.6227540Z ok 259 - times out a non-cooperative executor and records failure
quality	Run repository quality gate	2026-10-05T13:43:46.6228041Z   ---
quality	Run repository quality gate	2026-10-05T13:43:46.6228464Z   duration_ms: 21.121989
quality	Run repository quality gate	2026-10-05T13:43:46.6228999Z   type: 'test'
quality	Run repository quality gate	2026-10-05T13:43:46.6229368Z   ...
quality	Run repository quality gate	2026-10-05T13:43:46.6229871Z # Subtest: propagates cancellation and does not retry it
quality	Run repository quality gate	2026-10-05T13:43:46.6230447Z ok 260 - propagates cancellation and does not retry it
quality	Run repository quality gate	2026-10-05T13:43:46.6230910Z   ---
quality	Run repository quality gate	2026-10-05T13:43:46.6231295Z   duration_ms: 0.463822
quality	Run repository quality gate	2026-10-05T13:43:46.6231743Z   type: 'test'
quality	Run repository quality gate	2026-10-05T13:43:46.6232569Z   ...
quality	Run repository quality gate	2026-10-05T13:43:46.6233054Z # Subtest: keeps the success receipt when the success audit write fails
quality	Run repository quality gate	2026-10-05T13:43:46.6235480Z ok 261 - keeps the success receipt when the success audit write fails
quality	Run repository quality gate	2026-10-05T13:43:46.6236019Z   ---
quality	Run repository quality gate	2026-10-05T13:43:46.6236409Z   duration_ms: 0.622983
quality	Run repository quality gate	2026-10-05T13:43:46.6236817Z   type: 'test'
quality	Run repository quality gate	2026-10-05T13:43:46.6237316Z   ...
quality	Run repository quality gate	2026-10-05T13:43:46.6248471Z # Subtest: propagates the operation digest and idempotency key to the executor
quality	Run repository quality gate	2026-10-05T13:43:46.6249435Z ok 262 - propagates the operation digest and idempotency key to the executor
quality	Run repository quality gate	2026-10-05T13:43:46.6249823Z   ---
quality	Run repository quality gate	2026-10-05T13:43:46.6250031Z   duration_ms: 0.379731
quality	Run repository quality gate	2026-10-05T13:43:46.6250263Z   type: 'test'
quality	Run repository quality gate	2026-10-05T13:43:46.6250483Z   ...
quality	Run repository quality gate	2026-10-05T13:43:46.6279555Z # Subtest: validates untrusted model input and executor output
quality	Run repository quality gate	2026-10-05T13:43:46.6316267Z ok 263 - validates untrusted model input and executor output
quality	Run repository quality gate	2026-10-05T13:43:46.6317042Z   ---
quality	Run repository quality gate	2026-10-05T13:43:46.6317460Z   duration_ms: 0.628244
quality	Run repository quality gate	2026-10-05T13:43:46.6317971Z   type: 'test'
quality	Run repository quality gate	2026-10-05T13:43:46.6318411Z   ...
quality	Run repository quality gate	2026-10-05T13:43:46.6319044Z # Subtest: rejects mutating manifests without idempotency
quality	Run repository quality gate	2026-10-05T13:43:46.6319785Z ok 264 - rejects mutating manifests without idempotency
quality	Run repository quality gate	2026-10-05T13:43:46.6320324Z   ---
quality	Run repository quality gate	2026-10-05T13:43:46.6320657Z   duration_ms: 0.163946
quality	Run repository quality gate	2026-10-05T13:43:46.6321048Z   type: 'test'
quality	Run repository quality gate	2026-10-05T13:43:46.6321407Z   ...
quality	Run repository quality gate	2026-10-05T13:43:46.6321845Z # Subtest: rejects manifests without explicit permissions
quality	Run repository quality gate	2026-10-05T13:43:46.6322535Z ok 265 - rejects manifests without explicit permissions
quality	Run repository quality gate	2026-10-05T13:43:46.6323094Z   ---
quality	Run repository quality gate	2026-10-05T13:43:46.6323445Z   duration_ms: 0.137086
quality	Run repository quality gate	2026-10-05T13:43:46.6323857Z   type: 'test'
quality	Run repository quality gate	2026-10-05T13:43:46.6324188Z   ...
quality	Run repository quality gate	2026-10-05T13:43:46.6324701Z # Subtest: rejects non-integer, non-finite and unsafe retry policies
quality	Run repository quality gate	2026-10-05T13:43:46.6325497Z ok 266 - rejects non-integer, non-finite and unsafe retry policies
quality	Run repository quality gate	2026-10-05T13:43:46.6326101Z   ---
quality	Run repository quality gate	2026-10-05T13:43:46.6326473Z   duration_ms: 0.558468
quality	Run repository quality gate	2026-10-05T13:43:46.6326865Z   type: 'test'
quality	Run repository quality gate	2026-10-05T13:43:46.6327209Z   ...
quality	Run repository quality gate	2026-10-05T13:43:46.6327821Z # Subtest: passes an immutable permission snapshot to validators, policy and executor
quality	Run repository quality gate	2026-10-05T13:43:46.6328971Z ok 267 - passes an immutable permission snapshot to validators, policy and executor
quality	Run repository quality gate	2026-10-05T13:43:46.6329698Z   ---
quality	Run repository quality gate	2026-10-05T13:43:46.6330045Z   duration_ms: 0.493913
quality	Run repository quality gate	2026-10-05T13:43:46.6330445Z   type: 'test'
quality	Run repository quality gate	2026-10-05T13:43:46.6330780Z   ...
quality	Run repository quality gate	2026-10-05T13:43:46.6331328Z # Subtest: passes immutable validated input to business validation and authorization
quality	Run repository quality gate	2026-10-05T13:43:46.6332342Z ok 268 - passes immutable validated input to business validation and authorization
quality	Run repository quality gate	2026-10-05T13:43:46.6333064Z   ---
quality	Run repository quality gate	2026-10-05T13:43:46.6333403Z   duration_ms: 0.492641
quality	Run repository quality gate	2026-10-05T13:43:46.6333825Z   type: 'test'
quality	Run repository quality gate	2026-10-05T13:43:46.6334169Z   ...
quality	Run repository quality gate	2026-10-05T13:43:46.6334692Z # Subtest: rejects invalid clock values before durable state mutation
quality	Run repository quality gate	2026-10-05T13:43:46.6335507Z ok 269 - rejects invalid clock values before durable state mutation
quality	Run repository quality gate	2026-10-05T13:43:46.6336102Z   ---
quality	Run repository quality gate	2026-10-05T13:43:46.6336419Z   duration_ms: 0.340922
quality	Run repository quality gate	2026-10-05T13:43:46.6336796Z   type: 'test'
quality	Run repository quality gate	2026-10-05T13:43:46.6337131Z   ...
quality	Run repository quality gate	2026-10-05T13:43:46.6337722Z # Subtest: rejects plain object registries that could expose prototype-backed actions
quality	Run repository quality gate	2026-10-05T13:43:46.6340536Z ok 270 - rejects plain object registries that could expose prototype-backed actions
quality	Run repository quality gate	2026-10-05T13:43:46.6341283Z   ---
quality	Run repository quality gate	2026-10-05T13:43:46.6341627Z   duration_ms: 0.176297
quality	Run repository quality gate	2026-10-05T13:43:46.6342021Z   type: 'test'
quality	Run repository quality gate	2026-10-05T13:43:46.6342363Z   ...
quality	Run repository quality gate	2026-10-05T13:43:46.6342983Z # Subtest: invalid approval expiry is rejected instead of being treated as non-expiring
quality	Run repository quality gate	2026-10-05T13:43:46.6343999Z ok 271 - invalid approval expiry is rejected instead of being treated as non-expiring
quality	Run repository quality gate	2026-10-05T13:43:46.6344723Z   ---
quality	Run repository quality gate	2026-10-05T13:43:46.6345073Z   duration_ms: 0.317835
quality	Run repository quality gate	2026-10-05T13:43:46.6345466Z   type: 'test'
quality	Run repository quality gate	2026-10-05T13:43:46.6346184Z   ...
quality	Run repository quality gate	2026-10-05T13:43:46.6346718Z # Subtest: rejects unknown request and execution-option control fields
quality	Run repository quality gate	2026-10-05T13:43:46.6347573Z ok 272 - rejects unknown request and execution-option control fields
quality	Run repository quality gate	2026-10-05T13:43:46.6348245Z   ---
quality	Run repository quality gate	2026-10-05T13:43:46.6348585Z   duration_ms: 0.317667
quality	Run repository quality gate	2026-10-05T13:43:46.6349175Z   type: 'test'
quality	Run repository quality gate	2026-10-05T13:43:46.6349502Z   ...
quality	Run repository quality gate	2026-10-05T13:43:46.6350181Z # Subtest: requires both input and output validators even for a custom registry implementation
quality	Run repository quality gate	2026-10-05T13:43:46.6351336Z ok 273 - requires both input and output validators even for a custom registry implementation
quality	Run repository quality gate	2026-10-05T13:43:46.6352097Z   ---
quality	Run repository quality gate	2026-10-05T13:43:46.6352446Z   duration_ms: 0.354832
quality	Run repository quality gate	2026-10-05T13:43:46.6352824Z   type: 'test'
quality	Run repository quality gate	2026-10-05T13:43:46.6353160Z   ...
quality	Run repository quality gate	2026-10-05T13:43:46.6353987Z # Subtest: normalizes failures from business validation, authorization and policy evaluation
quality	Run repository quality gate	2026-10-05T13:43:46.6355068Z ok 274 - normalizes failures from business validation, authorization and policy evaluation
quality	Run repository quality gate	2026-10-05T13:43:46.6355846Z   ---
quality	Run repository quality gate	2026-10-05T13:43:46.6356173Z   duration_ms: 0.575904
quality	Run repository quality gate	2026-10-05T13:43:46.6357277Z   type: 'test'
quality	Run repository quality gate	2026-10-05T13:43:46.6357623Z   ...
quality	Run repository quality gate	2026-10-05T13:43:46.6358041Z # Subtest: redacts common secret values even when the property name is generic
quality	Run repository quality gate	2026-10-05T13:43:46.6358549Z ok 275 - redacts common secret values even when the property name is generic
quality	Run repository quality gate	2026-10-05T13:43:46.6359261Z   ---
quality	Run repository quality gate	2026-10-05T13:43:46.6359505Z   duration_ms: 0.528336
quality	Run repository quality gate	2026-10-05T13:43:46.6359742Z   type: 'test'
quality	Run repository quality gate	2026-10-05T13:43:46.6359948Z   ...
quality	Run repository quality gate	2026-10-05T13:43:46.6360392Z # Subtest: memory receipt store validates its lease configuration and fails closed on lost leases
quality	Run repository quality gate	2026-10-05T13:43:46.6361329Z ok 276 - memory receipt store validates its lease configuration and fails closed on lost leases
quality	Run repository quality gate	2026-10-05T13:43:46.6362069Z   ---
quality	Run repository quality gate	2026-10-05T13:43:46.6362364Z   duration_ms: 0.184887
quality	Run repository quality gate	2026-10-05T13:43:46.6362734Z   type: 'test'
quality	Run repository quality gate	2026-10-05T13:43:46.6363065Z   ...
quality	Run repository quality gate	2026-10-05T13:43:46.6363691Z # Subtest: a pre-aborted request does not acquire a receipt, consume approval or call an executor
quality	Run repository quality gate	2026-10-05T13:43:46.6364784Z ok 277 - a pre-aborted request does not acquire a receipt, consume approval or call an executor
quality	Run repository quality gate	2026-10-05T13:43:46.6365523Z   ---
quality	Run repository quality gate	2026-10-05T13:43:46.6365854Z   duration_ms: 0.204282
quality	Run repository quality gate	2026-10-05T13:43:46.6366220Z   type: 'test'
quality	Run repository quality gate	2026-10-05T13:43:46.6366540Z   ...
quality	Run repository quality gate	2026-10-05T13:43:46.6367060Z # Subtest: canonical JSON rejects cyclic arrays and unsafe object keys
quality	Run repository quality gate	2026-10-05T13:43:46.6367869Z ok 278 - canonical JSON rejects cyclic arrays and unsafe object keys
quality	Run repository quality gate	2026-10-05T13:43:46.6368477Z   ---
quality	Run repository quality gate	2026-10-05T13:43:46.6369053Z   duration_ms: 0.32693
quality	Run repository quality gate	2026-10-05T13:43:46.6369432Z   type: 'test'
quality	Run repository quality gate	2026-10-05T13:43:46.6369772Z   ...
quality	Run repository quality gate	2026-10-05T13:43:46.6370411Z # Subtest: audit redaction stores unsafe property names without invoking prototype setters
quality	Run repository quality gate	2026-10-05T13:43:46.6371426Z ok 279 - audit redaction stores unsafe property names without invoking prototype setters
quality	Run repository quality gate	2026-10-05T13:43:46.6372099Z   ---
quality	Run repository quality gate	2026-10-05T13:43:46.6372439Z   duration_ms: 0.119372
quality	Run repository quality gate	2026-10-05T13:43:46.6372821Z   type: 'test'
quality	Run repository quality gate	2026-10-05T13:43:46.6373136Z   ...
quality	Run repository quality gate	2026-10-05T13:43:46.6373618Z # Subtest: rejects malformed trusted correlation identifiers
quality	Run repository quality gate	2026-10-05T13:43:46.6374279Z ok 280 - rejects malformed trusted correlation identifiers
quality	Run repository quality gate	2026-10-05T13:43:46.6374837Z   ---
quality	Run repository quality gate	2026-10-05T13:43:46.6375171Z   duration_ms: 0.216135
quality	Run repository quality gate	2026-10-05T13:43:46.6375541Z   type: 'test'
quality	Run repository quality gate	2026-10-05T13:43:46.6375875Z   ...
quality	Run repository quality gate	2026-10-05T13:43:46.6376363Z # Subtest: fails closed when policy approval metadata is malformed
quality	Run repository quality gate	2026-10-05T13:43:46.6377067Z ok 281 - fails closed when policy approval metadata is malformed
quality	Run repository quality gate	2026-10-05T13:43:46.6377558Z   ---
quality	Run repository quality gate	2026-10-05T13:43:46.6377755Z   duration_ms: 0.207993
quality	Run repository quality gate	2026-10-05T13:43:46.6377982Z   type: 'test'
quality	Run repository quality gate	2026-10-05T13:43:46.6378192Z   ...
quality	Run repository quality gate	2026-10-05T13:43:46.6378544Z # Subtest: rejects non-plain request objects without invoking custom serialization hooks
quality	Run repository quality gate	2026-10-05T13:43:46.6379250Z ok 282 - rejects non-plain request objects without invoking custom serialization hooks
quality	Run repository quality gate	2026-10-05T13:43:46.6379845Z   ---
quality	Run repository quality gate	2026-10-05T13:43:46.6380051Z   duration_ms: 0.173177
quality	Run repository quality gate	2026-10-05T13:43:46.6380280Z   type: 'test'
quality	Run repository quality gate	2026-10-05T13:43:46.6380493Z   ...
quality	Run repository quality gate	2026-10-05T13:43:46.6380819Z # Subtest: revalidates validator-transformed input for tenant ownership fields
quality	Run repository quality gate	2026-10-05T13:43:46.6381336Z ok 283 - revalidates validator-transformed input for tenant ownership fields
quality	Run repository quality gate	2026-10-05T13:43:46.6381717Z   ---
quality	Run repository quality gate	2026-10-05T13:43:46.6381910Z   duration_ms: 0.224453
quality	Run repository quality gate	2026-10-05T13:43:46.6382150Z   type: 'test'
quality	Run repository quality gate	2026-10-05T13:43:46.6382358Z   ...
quality	Run repository quality gate	2026-10-05T13:43:46.6382763Z # Subtest: preflight shares authorization but only requests consent: no receipt, consumption or side effects
quality	Run repository quality gate	2026-10-05T13:43:46.6383459Z ok 284 - preflight shares authorization but only requests consent: no receipt, consumption or side effects
quality	Run repository quality gate	2026-10-05T13:43:46.6383987Z   ---
quality	Run repository quality gate	2026-10-05T13:43:46.6384188Z   duration_ms: 0.51018
quality	Run repository quality gate	2026-10-05T13:43:46.6384414Z   type: 'test'
quality	Run repository quality gate	2026-10-05T13:43:46.6384618Z   ...
quality	Run repository quality gate	2026-10-05T13:43:46.6385010Z # Subtest: preflight cannot grant authority, skip policy or silently use missing approval persistence
quality	Run repository quality gate	2026-10-05T13:43:46.6385653Z ok 285 - preflight cannot grant authority, skip policy or silently use missing approval persistence
quality	Run repository quality gate	2026-10-05T13:43:46.6386107Z   ---
quality	Run repository quality gate	2026-10-05T13:43:46.6386302Z   duration_ms: 0.487138
quality	Run repository quality gate	2026-10-05T13:43:46.6386550Z   type: 'test'
quality	Run repository quality gate	2026-10-05T13:43:46.6386756Z   ...
quality	Run repository quality gate	2026-10-05T13:43:46.7527366Z # Subtest: canonical hashing rejects accessor properties without invoking them
quality	Run repository quality gate	2026-10-05T13:43:46.7528501Z ok 286 - canonical hashing rejects accessor properties without invoking them
quality	Run repository quality gate	2026-10-05T13:43:46.7529263Z   ---
quality	Run repository quality gate	2026-10-05T13:43:46.7529778Z   duration_ms: 1.174038
quality	Run repository quality gate	2026-10-05T13:43:46.7530244Z   type: 'test'
quality	Run repository quality gate	2026-10-05T13:43:46.7530687Z   ...
quality	Run repository quality gate	2026-10-05T13:43:46.7532113Z # Subtest: rejects sparse arrays so absent elements cannot alias explicit null
quality	Run repository quality gate	2026-10-05T13:43:46.7533772Z ok 287 - rejects sparse arrays so absent elements cannot alias explicit null
quality	Run repository quality gate	2026-10-05T13:43:46.7534342Z   ---
quality	Run repository quality gate	2026-10-05T13:43:46.7534751Z   duration_ms: 0.147618
quality	Run repository quality gate	2026-10-05T13:43:46.7535159Z   type: 'test'
quality	Run repository quality gate	2026-10-05T13:43:46.7535539Z   ...
quality	Run repository quality gate	2026-10-05T13:43:46.7543946Z # Subtest: rejects over-depth inputs with a bounded domain error rather than stack overflow
quality	Run repository quality gate	2026-10-05T13:43:46.7545014Z ok 288 - rejects over-depth inputs with a bounded domain error rather than stack overflow
quality	Run repository quality gate	2026-10-05T13:43:46.7545761Z   ---
quality	Run repository quality gate	2026-10-05T13:43:46.7546204Z   duration_ms: 0.409943
quality	Run repository quality gate	2026-10-05T13:43:46.7546616Z   type: 'test'
quality	Run repository quality gate	2026-10-05T13:43:46.7546960Z   ...
quality	Run repository quality gate	2026-10-05T13:43:46.7547414Z # Subtest: rejects oversized strings and excessive node counts
quality	Run repository quality gate	2026-10-05T13:43:46.7548127Z ok 289 - rejects oversized strings and excessive node counts
quality	Run repository quality gate	2026-10-05T13:43:46.7549054Z   ---
quality	Run repository quality gate	2026-10-05T13:43:46.7549420Z   duration_ms: 7.787741
quality	Run repository quality gate	2026-10-05T13:43:46.7549720Z   type: 'test'
quality	Run repository quality gate	2026-10-05T13:43:46.7550019Z   ...
quality	Run repository quality gate	2026-10-05T13:43:46.7550302Z # Subtest: input snapshot rejects a getter before execution
quality	Run repository quality gate	2026-10-05T13:43:46.7551216Z ok 290 - input snapshot rejects a getter before execution
quality	Run repository quality gate	2026-10-05T13:43:46.7551764Z   ---
quality	Run repository quality gate	2026-10-05T13:43:46.7552173Z   duration_ms: 1.243253
quality	Run repository quality gate	2026-10-05T13:43:46.7552577Z   type: 'test'
quality	Run repository quality gate	2026-10-05T13:43:46.7553021Z   ...
quality	Run repository quality gate	2026-10-05T13:43:46.7553957Z # Subtest: normal JSON digests remain stable and object undefined fields stay omitted
quality	Run repository quality gate	2026-10-05T13:43:46.7555865Z ok 291 - normal JSON digests remain stable and object undefined fields stay omitted
quality	Run repository quality gate	2026-10-05T13:43:46.7556531Z   ---
quality	Run repository quality gate	2026-10-05T13:43:46.7556835Z   duration_ms: 0.245463
quality	Run repository quality gate	2026-10-05T13:43:46.7557072Z   type: 'test'
quality	Run repository quality gate	2026-10-05T13:43:46.7557284Z   ...
quality	Run repository quality gate	2026-10-05T13:43:46.8598331Z # Subtest: unknown actions default to denial
quality	Run repository quality gate	2026-10-05T13:43:46.8599060Z ok 292 - unknown actions default to denial
quality	Run repository quality gate	2026-10-05T13:43:46.8599527Z   ---
quality	Run repository quality gate	2026-10-05T13:43:46.8599896Z   duration_ms: 0.962574
quality	Run repository quality gate	2026-10-05T13:43:46.8600237Z   type: 'test'
quality	Run repository quality gate	2026-10-05T13:43:46.8600562Z   ...
quality	Run repository quality gate	2026-10-05T13:43:46.8602553Z # Subtest: exact ALLOW rule permits only already-authorized low-risk action
quality	Run repository quality gate	2026-10-05T13:43:46.8603891Z ok 293 - exact ALLOW rule permits only already-authorized low-risk action
quality	Run repository quality gate	2026-10-05T13:43:46.8604500Z   ---
quality	Run repository quality gate	2026-10-05T13:43:46.8604799Z   duration_ms: 0.39734
quality	Run repository quality gate	2026-10-05T13:43:46.8605057Z   type: 'test'
quality	Run repository quality gate	2026-10-05T13:43:46.8605291Z   ...
quality	Run repository quality gate	2026-10-05T13:43:46.8606066Z # Subtest: high and critical risks cannot be downgraded by an ALLOW rule
quality	Run repository quality gate	2026-10-05T13:43:46.8609330Z ok 294 - high and critical risks cannot be downgraded by an ALLOW rule
quality	Run repository quality gate	2026-10-05T13:43:46.8609976Z   ---
quality	Run repository quality gate	2026-10-05T13:43:46.8610318Z   duration_ms: 0.181667
quality	Run repository quality gate	2026-10-05T13:43:46.8610711Z   type: 'test'
quality	Run repository quality gate	2026-10-05T13:43:46.8611053Z   ...
quality	Run repository quality gate	2026-10-05T13:43:46.8611560Z # Subtest: read-only overrides allow and approval for mutating actions
quality	Run repository quality gate	2026-10-05T13:43:46.8612406Z ok 295 - read-only overrides allow and approval for mutating actions
quality	Run repository quality gate	2026-10-05T13:43:46.8613260Z   ---
quality	Run repository quality gate	2026-10-05T13:43:46.8613591Z   duration_ms: 0.114319
quality	Run repository quality gate	2026-10-05T13:43:46.8613956Z   type: 'test'
quality	Run repository quality gate	2026-10-05T13:43:46.8614271Z   ...
quality	Run repository quality gate	2026-10-05T13:43:46.8614773Z # Subtest: explicit REQUIRE_APPROVAL is honored for low-risk actions
quality	Run repository quality gate	2026-10-05T13:43:46.8615506Z ok 296 - explicit REQUIRE_APPROVAL is honored for low-risk actions
quality	Run repository quality gate	2026-10-05T13:43:46.8616038Z   ---
quality	Run repository quality gate	2026-10-05T13:43:46.8616350Z   duration_ms: 0.184735
quality	Run repository quality gate	2026-10-05T13:43:46.8616718Z   type: 'test'
quality	Run repository quality gate	2026-10-05T13:43:46.8617052Z   ...
quality	Run repository quality gate	2026-10-05T13:43:46.8618147Z # Subtest: malformed rules, wildcards and getters are rejected without execution
quality	Run repository quality gate	2026-10-05T13:43:46.8619611Z ok 297 - malformed rules, wildcards and getters are rejected without execution
quality	Run repository quality gate	2026-10-05T13:43:46.8620458Z   ---
quality	Run repository quality gate	2026-10-05T13:43:46.8620997Z   duration_ms: 1.297862
quality	Run repository quality gate	2026-10-05T13:43:46.8621580Z   type: 'test'
quality	Run repository quality gate	2026-10-05T13:43:46.8622061Z   ...
quality	Run repository quality gate	2026-10-05T13:43:46.8631170Z # Subtest: malformed risk never becomes an implicitly allowed action
quality	Run repository quality gate	2026-10-05T13:43:46.8632160Z ok 298 - malformed risk never becomes an implicitly allowed action
quality	Run repository quality gate	2026-10-05T13:43:46.8632904Z   ---
quality	Run repository quality gate	2026-10-05T13:43:46.8633336Z   duration_ms: 0.167095
quality	Run repository quality gate	2026-10-05T13:43:46.8633858Z   type: 'test'
quality	Run repository quality gate	2026-10-05T13:43:46.8634211Z   ...
quality	Run repository quality gate	2026-10-05T13:43:46.8634527Z # Subtest: model-supplied policy fields have no authority
quality	Run repository quality gate	2026-10-05T13:43:46.8634961Z ok 299 - model-supplied policy fields have no authority
quality	Run repository quality gate	2026-10-05T13:43:46.8635348Z   ---
quality	Run repository quality gate	2026-10-05T13:43:46.8635598Z   duration_ms: 0.111895
quality	Run repository quality gate	2026-10-05T13:43:46.8635893Z   type: 'test'
quality	Run repository quality gate	2026-10-05T13:43:46.8636131Z   ...
quality	Run repository quality gate	2026-10-05T13:43:46.9755046Z # Subtest: receipt store atomically acquires, completes and replays
quality	Run repository quality gate	2026-10-05T13:43:46.9756209Z ok 300 - receipt store atomically acquires, completes and replays
quality	Run repository quality gate	2026-10-05T13:43:46.9757209Z   ---
quality	Run repository quality gate	2026-10-05T13:43:46.9757546Z   duration_ms: 3.319279
quality	Run repository quality gate	2026-10-05T13:43:46.9757910Z   type: 'test'
quality	Run repository quality gate	2026-10-05T13:43:46.9758208Z   ...
quality	Run repository quality gate	2026-10-05T13:43:46.9767895Z # Subtest: receipt rejects same key with another digest
quality	Run repository quality gate	2026-10-05T13:43:46.9769284Z ok 301 - receipt rejects same key with another digest
quality	Run repository quality gate	2026-10-05T13:43:46.9769905Z   ---
quality	Run repository quality gate	2026-10-05T13:43:46.9770431Z   duration_ms: 0.742218
quality	Run repository quality gate	2026-10-05T13:43:46.9770959Z   type: 'test'
quality	Run repository quality gate	2026-10-05T13:43:46.9771410Z   ...
quality	Run repository quality gate	2026-10-05T13:43:46.9779892Z # Subtest: receipt completion requires the acquired lease token
quality	Run repository quality gate	2026-10-05T13:43:46.9780674Z ok 302 - receipt completion requires the acquired lease token
quality	Run repository quality gate	2026-10-05T13:43:46.9781145Z   ---
quality	Run repository quality gate	2026-10-05T13:43:46.9781441Z   duration_ms: 0.476209
quality	Run repository quality gate	2026-10-05T13:43:46.9781768Z   type: 'test'
quality	Run repository quality gate	2026-10-05T13:43:46.9782053Z   ...
quality	Run repository quality gate	2026-10-05T13:43:46.9782552Z # Subtest: approval consumption is tenant, action, digest and expiry bound
quality	Run repository quality gate	2026-10-05T13:43:46.9783406Z ok 303 - approval consumption is tenant, action, digest and expiry bound
quality	Run repository quality gate	2026-10-05T13:43:46.9784060Z   ---
quality	Run repository quality gate	2026-10-05T13:43:46.9784396Z   duration_ms: 0.529992
quality	Run repository quality gate	2026-10-05T13:43:46.9784797Z   type: 'test'
quality	Run repository quality gate	2026-10-05T13:43:46.9785180Z   ...
quality	Run repository quality gate	2026-10-05T13:43:46.9786882Z # Subtest: audit sink redacts secret-bearing properties
quality	Run repository quality gate	2026-10-05T13:43:46.9787561Z ok 304 - audit sink redacts secret-bearing properties
quality	Run repository quality gate	2026-10-05T13:43:46.9788069Z   ---
quality	Run repository quality gate	2026-10-05T13:43:46.9788996Z   duration_ms: 0.924537
quality	Run repository quality gate	2026-10-05T13:43:46.9789380Z   type: 'test'
quality	Run repository quality gate	2026-10-05T13:43:46.9790180Z   ...
quality	Run repository quality gate	2026-10-05T13:43:46.9790861Z # Subtest: expired unsafe receipt is quarantined instead of repeating an unknown external side effect
quality	Run repository quality gate	2026-10-05T13:43:46.9791806Z ok 305 - expired unsafe receipt is quarantined instead of repeating an unknown external side effect
quality	Run repository quality gate	2026-10-05T13:43:46.9792663Z   ---
quality	Run repository quality gate	2026-10-05T13:43:46.9793031Z   duration_ms: 0.628792
quality	Run repository quality gate	2026-10-05T13:43:46.9793454Z   type: 'test'
quality	Run repository quality gate	2026-10-05T13:43:46.9793836Z   ...
quality	Run repository quality gate	2026-10-05T13:43:46.9816055Z # Subtest: expired receipt may replay only with an explicit safe adapter capability
quality	Run repository quality gate	2026-10-05T13:43:46.9816678Z ok 306 - expired receipt may replay only with an explicit safe adapter capability
quality	Run repository quality gate	2026-10-05T13:43:46.9819686Z   ---
quality	Run repository quality gate	2026-10-05T13:43:46.9819896Z   duration_ms: 0.786425
quality	Run repository quality gate	2026-10-05T13:43:46.9820137Z   type: 'test'
quality	Run repository quality gate	2026-10-05T13:43:46.9820341Z   ...
quality	Run repository quality gate	2026-10-05T13:43:46.9820658Z # Subtest: receipt lease covers the complete declared execution/retry budget
quality	Run repository quality gate	2026-10-05T13:43:46.9821158Z ok 307 - receipt lease covers the complete declared execution/retry budget
quality	Run repository quality gate	2026-10-05T13:43:46.9821523Z   ---
quality	Run repository quality gate	2026-10-05T13:43:46.9821720Z   duration_ms: 0.343033
quality	Run repository quality gate	2026-10-05T13:43:46.9821944Z   type: 'test'
quality	Run repository quality gate	2026-10-05T13:43:46.9822154Z   ...
quality	Run repository quality gate	2026-10-05T13:43:47.0878162Z # Subtest: memory reference adapter quarantines expired unsafe execution too
quality	Run repository quality gate	2026-10-05T13:43:47.0879213Z ok 308 - memory reference adapter quarantines expired unsafe execution too
quality	Run repository quality gate	2026-10-05T13:43:47.0879613Z   ---
quality	Run repository quality gate	2026-10-05T13:43:47.0879834Z   duration_ms: 1.506702
quality	Run repository quality gate	2026-10-05T13:43:47.0880073Z   type: 'test'
quality	Run repository quality gate	2026-10-05T13:43:47.0880284Z   ...
quality	Run repository quality gate	2026-10-05T13:43:47.2000595Z # Subtest: canonical JSON is stable across object key order
quality	Run repository quality gate	2026-10-05T13:43:47.2002728Z ok 309 - canonical JSON is stable across object key order
quality	Run repository quality gate	2026-10-05T13:43:47.2003284Z   ---
quality	Run repository quality gate	2026-10-05T13:43:47.2003693Z   duration_ms: 1.337754
quality	Run repository quality gate	2026-10-05T13:43:47.2004077Z   type: 'test'
quality	Run repository quality gate	2026-10-05T13:43:47.2004390Z   ...
quality	Run repository quality gate	2026-10-05T13:43:47.2004846Z # Subtest: idempotency key is deterministic and tenant scoped
quality	Run repository quality gate	2026-10-05T13:43:47.2005505Z ok 310 - idempotency key is deterministic and tenant scoped
quality	Run repository quality gate	2026-10-05T13:43:47.2006033Z   ---
quality	Run repository quality gate	2026-10-05T13:43:47.2006353Z   duration_ms: 0.700636
quality	Run repository quality gate	2026-10-05T13:43:47.2006708Z   type: 'test'
quality	Run repository quality gate	2026-10-05T13:43:47.2007023Z   ...
quality	Run repository quality gate	2026-10-05T13:43:47.2007472Z # Subtest: money avoids floating point and uses explicit rounding
quality	Run repository quality gate	2026-10-05T13:43:47.2008191Z ok 311 - money avoids floating point and uses explicit rounding
quality	Run repository quality gate	2026-10-05T13:43:47.2008891Z   ---
quality	Run repository quality gate	2026-10-05T13:43:47.2009223Z   duration_ms: 0.585245
quality	Run repository quality gate	2026-10-05T13:43:47.2009574Z   type: 'test'
quality	Run repository quality gate	2026-10-05T13:43:47.2009906Z   ...
quality	Run repository quality gate	2026-10-05T13:43:47.2010367Z # Subtest: agent policy is deny by default and approval is payload-bound
quality	Run repository quality gate	2026-10-05T13:43:47.2011170Z ok 312 - agent policy is deny by default and approval is payload-bound
quality	Run repository quality gate	2026-10-05T13:43:47.2011767Z   ---
quality	Run repository quality gate	2026-10-05T13:43:47.2012079Z   duration_ms: 0.549239
quality	Run repository quality gate	2026-10-05T13:43:47.2012434Z   type: 'test'
quality	Run repository quality gate	2026-10-05T13:43:47.2012773Z   ...
quality	Run repository quality gate	2026-10-05T13:43:47.2013239Z # Subtest: retry is bounded and uses injected deterministic sleep
quality	Run repository quality gate	2026-10-05T13:43:47.2013945Z ok 313 - retry is bounded and uses injected deterministic sleep
quality	Run repository quality gate	2026-10-05T13:43:47.2014475Z   ---
quality	Run repository quality gate	2026-10-05T13:43:47.2014785Z   duration_ms: 0.976081
quality	Run repository quality gate	2026-10-05T13:43:47.2015128Z   type: 'test'
quality	Run repository quality gate	2026-10-05T13:43:47.2015433Z   ...
quality	Run repository quality gate	2026-10-05T13:43:47.2016045Z # Subtest: integration URL policy blocks local, credential and rebinding targets
quality	Run repository quality gate	2026-10-05T13:43:47.2016924Z ok 314 - integration URL policy blocks local, credential and rebinding targets
quality	Run repository quality gate	2026-10-05T13:43:47.2017554Z   ---
quality	Run repository quality gate	2026-10-05T13:43:47.2017860Z   duration_ms: 5.193217
quality	Run repository quality gate	2026-10-05T13:43:47.2018164Z   type: 'test'
quality	Run repository quality gate	2026-10-05T13:43:47.2018462Z   ...
quality	Run repository quality gate	2026-10-05T13:43:47.2019066Z # Subtest: pipeline validates terminal semantics and transition policy
quality	Run repository quality gate	2026-10-05T13:43:47.2025599Z ok 315 - pipeline validates terminal semantics and transition policy
quality	Run repository quality gate	2026-10-05T13:43:47.2026182Z   ---
quality	Run repository quality gate	2026-10-05T13:43:47.2026738Z   duration_ms: 0.475134
quality	Run repository quality gate	2026-10-05T13:43:47.2026987Z   type: 'test'
quality	Run repository quality gate	2026-10-05T13:43:47.2027245Z   ...
quality	Run repository quality gate	2026-10-05T13:43:47.2027686Z # Subtest: deal health returns deterministic evidence factors
quality	Run repository quality gate	2026-10-05T13:43:47.2028278Z ok 316 - deal health returns deterministic evidence factors
quality	Run repository quality gate	2026-10-05T13:43:47.2028605Z   ---
quality	Run repository quality gate	2026-10-05T13:43:47.2029021Z   duration_ms: 0.369379
quality	Run repository quality gate	2026-10-05T13:43:47.2029262Z   type: 'test'
quality	Run repository quality gate	2026-10-05T13:43:47.2029478Z   ...
quality	Run repository quality gate	2026-10-05T13:43:47.2029977Z # Subtest: contact normalization supports Uzbekistan and safe mapping errors
quality	Run repository quality gate	2026-10-05T13:43:47.2030641Z ok 317 - contact normalization supports Uzbekistan and safe mapping errors
quality	Run repository quality gate	2026-10-05T13:43:47.2031049Z   ---
quality	Run repository quality gate	2026-10-05T13:43:47.2031355Z   duration_ms: 0.502834
quality	Run repository quality gate	2026-10-05T13:43:47.2031753Z   type: 'test'
quality	Run repository quality gate	2026-10-05T13:43:47.2032147Z   ...
quality	Run repository quality gate	2026-10-05T13:43:47.2032400Z # Subtest: ROI calculation uses integer arithmetic
quality	Run repository quality gate	2026-10-05T13:43:47.2032753Z ok 318 - ROI calculation uses integer arithmetic
quality	Run repository quality gate	2026-10-05T13:43:47.2033059Z   ---
quality	Run repository quality gate	2026-10-05T13:43:47.2033259Z   duration_ms: 0.462509
quality	Run repository quality gate	2026-10-05T13:43:47.2033484Z   type: 'test'
quality	Run repository quality gate	2026-10-05T13:43:47.2033690Z   ...
quality	Run repository quality gate	2026-10-05T13:43:47.2034176Z # Subtest: approval payload hash changes when action data changes
quality	Run repository quality gate	2026-10-05T13:43:47.2035356Z ok 319 - approval payload hash changes when action data changes
quality	Run repository quality gate	2026-10-05T13:43:47.2035912Z   ---
quality	Run repository quality gate	2026-10-05T13:43:47.2036213Z   duration_ms: 0.181796
quality	Run repository quality gate	2026-10-05T13:43:47.2036440Z   type: 'test'
quality	Run repository quality gate	2026-10-05T13:43:47.2036643Z   ...
quality	Run repository quality gate	2026-10-05T13:43:47.2977604Z # Subtest: decimal money input converts exactly without binary floating-point rounding
quality	Run repository quality gate	2026-10-05T13:43:47.2979238Z ok 320 - decimal money input converts exactly without binary floating-point rounding
quality	Run repository quality gate	2026-10-05T13:43:47.2980053Z   ---
quality	Run repository quality gate	2026-10-05T13:43:47.2980505Z   duration_ms: 0.951833
quality	Run repository quality gate	2026-10-05T13:43:47.2980933Z   type: 'test'
quality	Run repository quality gate	2026-10-05T13:43:47.2981192Z   ...
quality	Run repository quality gate	2026-10-05T13:43:47.2982455Z # Subtest: rejects parseFloat-style trailing junk, grouping, exponent, negative and overprecision
quality	Run repository quality gate	2026-10-05T13:43:47.2983541Z ok 321 - rejects parseFloat-style trailing junk, grouping, exponent, negative and overprecision
quality	Run repository quality gate	2026-10-05T13:43:47.2984173Z   ---
quality	Run repository quality gate	2026-10-05T13:43:47.2984378Z   duration_ms: 0.522004
quality	Run repository quality gate	2026-10-05T13:43:47.2984614Z   type: 'test'
quality	Run repository quality gate	2026-10-05T13:43:47.2984819Z   ...
quality	Run repository quality gate	2026-10-05T13:43:47.2988635Z # Subtest: maximum supported amount round trips exactly and overflow is rejected
quality	Run repository quality gate	2026-10-05T13:43:47.2990937Z ok 322 - maximum supported amount round trips exactly and overflow is rejected
quality	Run repository quality gate	2026-10-05T13:43:47.2991621Z   ---
quality	Run repository quality gate	2026-10-05T13:43:47.2991919Z   duration_ms: 0.34554
quality	Run repository quality gate	2026-10-05T13:43:47.2992261Z   type: 'test'
quality	Run repository quality gate	2026-10-05T13:43:47.2992594Z   ...
quality	Run repository quality gate	2026-10-05T13:43:47.2993045Z # Subtest: input formatter does not turn absent data into zero or accept corrupt stored cents
quality	Run repository quality gate	2026-10-05T13:43:47.2996415Z ok 323 - input formatter does not turn absent data into zero or accept corrupt stored cents
quality	Run repository quality gate	2026-10-05T13:43:47.2997380Z   ---
quality	Run repository quality gate	2026-10-05T13:43:47.2998039Z   duration_ms: 0.163355
quality	Run repository quality gate	2026-10-05T13:43:47.2998487Z   type: 'test'
quality	Run repository quality gate	2026-10-05T13:43:47.2998967Z   ...
quality	Run repository quality gate	2026-10-05T13:43:47.3937305Z # Subtest: test DB never derives a target from DATABASE_URL
quality	Run repository quality gate	2026-10-05T13:43:47.3938224Z ok 324 - test DB never derives a target from DATABASE_URL
quality	Run repository quality gate	2026-10-05T13:43:47.3939003Z   ---
quality	Run repository quality gate	2026-10-05T13:43:47.3939277Z   duration_ms: 1.18047
quality	Run repository quality gate	2026-10-05T13:43:47.3939545Z   type: 'test'
quality	Run repository quality gate	2026-10-05T13:43:47.3939965Z   ...
quality	Run repository quality gate	2026-10-05T13:43:47.3940799Z # Subtest: explicit disposable loopback target is accepted without leaking configuration
quality	Run repository quality gate	2026-10-05T13:43:47.3941817Z ok 325 - explicit disposable loopback target is accepted without leaking configuration
quality	Run repository quality gate	2026-10-05T13:43:47.3942619Z   ---
quality	Run repository quality gate	2026-10-05T13:43:47.3943032Z   duration_ms: 0.464305
quality	Run repository quality gate	2026-10-05T13:43:47.3943490Z   type: 'test'
quality	Run repository quality gate	2026-10-05T13:43:47.3943911Z   ...
quality	Run repository quality gate	2026-10-05T13:43:47.3944583Z # Subtest: same DB is rejected despite changed credentials, scheme, port default and query
quality	Run repository quality gate	2026-10-05T13:43:47.3945652Z ok 326 - same DB is rejected despite changed credentials, scheme, port default and query
quality	Run repository quality gate	2026-10-05T13:43:47.3946892Z   ---
quality	Run repository quality gate	2026-10-05T13:43:47.3947320Z   duration_ms: 0.285744
quality	Run repository quality gate	2026-10-05T13:43:47.3947748Z   type: 'test'
quality	Run repository quality gate	2026-10-05T13:43:47.3948096Z   ...
quality	Run repository quality gate	2026-10-05T13:43:47.3948663Z # Subtest: remote targets require opt-in and still reject normalized live identity
quality	Run repository quality gate	2026-10-05T13:43:47.3949847Z ok 327 - remote targets require opt-in and still reject normalized live identity
quality	Run repository quality gate	2026-10-05T13:43:47.3950485Z   ---
quality	Run repository quality gate	2026-10-05T13:43:47.3950821Z   duration_ms: 0.31929
quality	Run repository quality gate	2026-10-05T13:43:47.3951178Z   type: 'test'
quality	Run repository quality gate	2026-10-05T13:43:47.3951494Z   ...
quality	Run repository quality gate	2026-10-05T13:43:47.3951966Z # Subtest: unsafe database identifiers and ambiguous paths fail closed
quality	Run repository quality gate	2026-10-05T13:43:47.3952716Z ok 328 - unsafe database identifiers and ambiguous paths fail closed
quality	Run repository quality gate	2026-10-05T13:43:47.3953273Z   ---
quality	Run repository quality gate	2026-10-05T13:43:47.3953819Z   duration_ms: 0.37895
quality	Run repository quality gate	2026-10-05T13:43:47.3954158Z   type: 'test'
quality	Run repository quality gate	2026-10-05T13:43:47.3954481Z   ...
quality	Run repository quality gate	2026-10-05T13:43:47.3955063Z # Subtest: connection redirection, schema changes and repeated params are rejected
quality	Run repository quality gate	2026-10-05T13:43:47.3955962Z ok 329 - connection redirection, schema changes and repeated params are rejected
quality	Run repository quality gate	2026-10-05T13:43:47.3956614Z   ---
quality	Run repository quality gate	2026-10-05T13:43:47.3956921Z   duration_ms: 0.680898
quality	Run repository quality gate	2026-10-05T13:43:47.3957291Z   type: 'test'
quality	Run repository quality gate	2026-10-05T13:43:47.3957599Z   ...
quality	Run repository quality gate	2026-10-05T13:43:47.3958003Z # Subtest: invalid URLs do not echo credentials in errors
quality	Run repository quality gate	2026-10-05T13:43:47.3958619Z ok 330 - invalid URLs do not echo credentials in errors
quality	Run repository quality gate	2026-10-05T13:43:47.3959275Z   ---
quality	Run repository quality gate	2026-10-05T13:43:47.3959602Z   duration_ms: 0.294399
quality	Run repository quality gate	2026-10-05T13:43:47.3959956Z   type: 'test'
quality	Run repository quality gate	2026-10-05T13:43:47.3960273Z   ...
quality	Run repository quality gate	2026-10-05T13:43:47.3960659Z # Subtest: reset needs separate explicit consent
quality	Run repository quality gate	2026-10-05T13:43:47.3961203Z ok 331 - reset needs separate explicit consent
quality	Run repository quality gate	2026-10-05T13:43:47.3966486Z   ---
quality	Run repository quality gate	2026-10-05T13:43:47.3967192Z   duration_ms: 0.238342
quality	Run repository quality gate	2026-10-05T13:43:47.3967928Z   type: 'test'
quality	Run repository quality gate	2026-10-05T13:43:47.3968482Z   ...
quality	Run repository quality gate	2026-10-05T13:43:47.3969537Z # Subtest: test DB implementation has no implicit live fallback, auto-reset or credential printing
quality	Run repository quality gate	2026-10-05T13:43:47.3970560Z ok 332 - test DB implementation has no implicit live fallback, auto-reset or credential printing
quality	Run repository quality gate	2026-10-05T13:43:47.3971010Z   ---
quality	Run repository quality gate	2026-10-05T13:43:47.3971216Z   duration_ms: 0.561084
quality	Run repository quality gate	2026-10-05T13:43:47.3971461Z   type: 'test'
quality	Run repository quality gate	2026-10-05T13:43:47.3971668Z   ...
quality	Run repository quality gate	2026-10-05T13:43:47.5472778Z # Subtest: blocks private, loopback, link-local, metadata, documentation and multicast IP ranges
quality	Run repository quality gate	2026-10-05T13:43:47.5474379Z ok 333 - blocks private, loopback, link-local, metadata, documentation and multicast IP ranges
quality	Run repository quality gate	2026-10-05T13:43:47.5475389Z   ---
quality	Run repository quality gate	2026-10-05T13:43:47.5475723Z   duration_ms: 8.856164
quality	Run repository quality gate	2026-10-05T13:43:47.5476072Z   type: 'test'
quality	Run repository quality gate	2026-10-05T13:43:47.5476303Z   ...
quality	Run repository quality gate	2026-10-05T13:43:47.5476633Z # Subtest: rejects URL credentials and DNS rebinding to a private address
quality	Run repository quality gate	2026-10-05T13:43:47.5480240Z ok 334 - rejects URL credentials and DNS rebinding to a private address
quality	Run repository quality gate	2026-10-05T13:43:47.5481018Z   ---
quality	Run repository quality gate	2026-10-05T13:43:47.5487651Z   duration_ms: 1.570366
quality	Run repository quality gate	2026-10-05T13:43:47.5488067Z   type: 'test'
quality	Run repository quality gate	2026-10-05T13:43:47.5488485Z   ...
quality	Run repository quality gate	2026-10-05T13:43:47.5490047Z # Subtest: enforces connector host allowlists
quality	Run repository quality gate	2026-10-05T13:43:47.5490775Z ok 335 - enforces connector host allowlists
quality	Run repository quality gate	2026-10-05T13:43:47.5491252Z   ---
quality	Run repository quality gate	2026-10-05T13:43:47.5491470Z   duration_ms: 0.455816
quality	Run repository quality gate	2026-10-05T13:43:47.5491704Z   type: 'test'
quality	Run repository quality gate	2026-10-05T13:43:47.5491900Z   ...
quality	Run repository quality gate	2026-10-05T13:43:47.5602545Z # Subtest: executes a pinned bounded request and parses JSON
quality	Run repository quality gate	2026-10-05T13:43:47.5603587Z ok 336 - executes a pinned bounded request and parses JSON
quality	Run repository quality gate	2026-10-05T13:43:47.5604350Z   ---
quality	Run repository quality gate	2026-10-05T13:43:47.5604801Z   duration_ms: 25.714361
quality	Run repository quality gate	2026-10-05T13:43:47.5605334Z   type: 'test'
quality	Run repository quality gate	2026-10-05T13:43:47.5605825Z   ...
quality	Run repository quality gate	2026-10-05T13:43:47.5606212Z # Subtest: rejects mutation retry without idempotency
quality	Run repository quality gate	2026-10-05T13:43:47.5606667Z ok 337 - rejects mutation retry without idempotency
quality	Run repository quality gate	2026-10-05T13:43:47.5607053Z   ---
quality	Run repository quality gate	2026-10-05T13:43:47.5608280Z   duration_ms: 0.615153
quality	Run repository quality gate	2026-10-05T13:43:47.5609122Z   type: 'test'
quality	Run repository quality gate	2026-10-05T13:43:47.5609425Z   ...
quality	Run repository quality gate	2026-10-05T13:43:47.5720700Z # Subtest: rejects redirect to a private destination
quality	Run repository quality gate	2026-10-05T13:43:47.5722030Z ok 338 - rejects redirect to a private destination
quality	Run repository quality gate	2026-10-05T13:43:47.5722962Z   ---
quality	Run repository quality gate	2026-10-05T13:43:47.5723504Z   duration_ms: 4.721776
quality	Run repository quality gate	2026-10-05T13:43:47.5724111Z   type: 'test'
quality	Run repository quality gate	2026-10-05T13:43:47.5724646Z   ...
quality	Run repository quality gate	2026-10-05T13:43:47.5725244Z # Subtest: verifies HMAC webhooks and rejects replay
quality	Run repository quality gate	2026-10-05T13:43:47.5726116Z ok 339 - verifies HMAC webhooks and rejects replay
quality	Run repository quality gate	2026-10-05T13:43:47.5726847Z   ---
quality	Run repository quality gate	2026-10-05T13:43:47.5727370Z   duration_ms: 1.763095
quality	Run repository quality gate	2026-10-05T13:43:47.5727937Z   type: 'test'
quality	Run repository quality gate	2026-10-05T13:43:47.5728426Z   ...
quality	Run repository quality gate	2026-10-05T13:43:47.5729095Z # Subtest: rejects tampered webhook body
quality	Run repository quality gate	2026-10-05T13:43:47.5736087Z ok 340 - rejects tampered webhook body
quality	Run repository quality gate	2026-10-05T13:43:47.5736856Z   ---
quality	Run repository quality gate	2026-10-05T13:43:47.5737369Z   duration_ms: 0.674551
quality	Run repository quality gate	2026-10-05T13:43:47.5737927Z   type: 'test'
quality	Run repository quality gate	2026-10-05T13:43:47.5740074Z   ...
quality	Run repository quality gate	2026-10-05T13:43:47.5742211Z # Subtest: compiles bounded OpenAPI operations and classifies risk
quality	Run repository quality gate	2026-10-05T13:43:47.5743393Z ok 341 - compiles bounded OpenAPI operations and classifies risk
quality	Run repository quality gate	2026-10-05T13:43:47.5744173Z   ---
quality	Run repository quality gate	2026-10-05T13:43:47.5744671Z   duration_ms: 1.217541
quality	Run repository quality gate	2026-10-05T13:43:47.5745211Z   type: 'test'
quality	Run repository quality gate	2026-10-05T13:43:47.5745689Z   ...
quality	Run repository quality gate	2026-10-05T13:43:47.5746294Z # Subtest: rejects external OpenAPI references
quality	Run repository quality gate	2026-10-05T13:43:47.5748213Z ok 342 - rejects external OpenAPI references
quality	Run repository quality gate	2026-10-05T13:43:47.5748962Z   ---
quality	Run repository quality gate	2026-10-05T13:43:47.5749403Z   duration_ms: 0.529882
quality	Run repository quality gate	2026-10-05T13:43:47.5749870Z   type: 'test'
quality	Run repository quality gate	2026-10-05T13:43:47.5750264Z   ...
quality	Run repository quality gate	2026-10-05T13:43:47.5750881Z # Subtest: rejects malformed resolver results before opening a socket
quality	Run repository quality gate	2026-10-05T13:43:47.5753151Z ok 343 - rejects malformed resolver results before opening a socket
quality	Run repository quality gate	2026-10-05T13:43:47.5754008Z   ---
quality	Run repository quality gate	2026-10-05T13:43:47.5754504Z   duration_ms: 0.572523
quality	Run repository quality gate	2026-10-05T13:43:47.5755052Z   type: 'test'
quality	Run repository quality gate	2026-10-05T13:43:47.5755573Z   ...
quality	Run repository quality gate	2026-10-05T13:43:47.5756104Z # Subtest: validates the retry-delay boundary
quality	Run repository quality gate	2026-10-05T13:43:47.5757133Z ok 344 - validates the retry-delay boundary
quality	Run repository quality gate	2026-10-05T13:43:47.5757742Z   ---
quality	Run repository quality gate	2026-10-05T13:43:47.5758231Z   duration_ms: 0.398845
quality	Run repository quality gate	2026-10-05T13:43:47.5758942Z   type: 'test'
quality	Run repository quality gate	2026-10-05T13:43:47.5759442Z   ...
quality	Run repository quality gate	2026-10-05T13:43:47.6721141Z # Subtest: enforces a total request deadline even while response bytes keep arriving
quality	Run repository quality gate	2026-10-05T13:43:47.6724736Z ok 345 - enforces a total request deadline even while response bytes keep arriving
quality	Run repository quality gate	2026-10-05T13:43:47.6725205Z   ---
quality	Run repository quality gate	2026-10-05T13:43:47.6725420Z   duration_ms: 102.703726
quality	Run repository quality gate	2026-10-05T13:43:47.6725659Z   type: 'test'
quality	Run repository quality gate	2026-10-05T13:43:47.6725894Z   ...
quality	Run repository quality gate	2026-10-05T13:43:47.8350559Z # Subtest: SSRF: all mapped, expanded, reserved and transition representations are blocked
quality	Run repository quality gate	2026-10-05T13:43:47.8352257Z ok 346 - SSRF: all mapped, expanded, reserved and transition representations are blocked
quality	Run repository quality gate	2026-10-05T13:43:47.8353386Z   ---
quality	Run repository quality gate	2026-10-05T13:43:47.8354244Z   duration_ms: 7.915755
quality	Run repository quality gate	2026-10-05T13:43:47.8354765Z   type: 'test'
quality	Run repository quality gate	2026-10-05T13:43:47.8355049Z   ...
quality	Run repository quality gate	2026-10-05T13:43:47.8440610Z # Subtest: HTTP: cross-origin redirect cannot forward secrets or reach its destination
quality	Run repository quality gate	2026-10-05T13:43:47.8442064Z ok 347 - HTTP: cross-origin redirect cannot forward secrets or reach its destination
quality	Run repository quality gate	2026-10-05T13:43:47.8443071Z   ---
quality	Run repository quality gate	2026-10-05T13:43:47.8443631Z   duration_ms: 19.165505
quality	Run repository quality gate	2026-10-05T13:43:47.8444455Z   type: 'test'
quality	Run repository quality gate	2026-10-05T13:43:47.8444892Z   ...
quality	Run repository quality gate	2026-10-05T13:43:47.8486818Z # Subtest: HTTP: safe same-origin GET redirect still works
quality	Run repository quality gate	2026-10-05T13:43:47.8487836Z ok 348 - HTTP: safe same-origin GET redirect still works
quality	Run repository quality gate	2026-10-05T13:43:47.8488620Z   ---
quality	Run repository quality gate	2026-10-05T13:43:47.8489204Z   duration_ms: 4.607641
quality	Run repository quality gate	2026-10-05T13:43:47.8489998Z   type: 'test'
quality	Run repository quality gate	2026-10-05T13:43:47.8490447Z   ...
quality	Run repository quality gate	2026-10-05T13:43:47.8491192Z # Subtest: HTTP: an idempotency header alone does not prove the provider can safely retry
quality	Run repository quality gate	2026-10-05T13:43:47.8492351Z ok 349 - HTTP: an idempotency header alone does not prove the provider can safely retry
quality	Run repository quality gate	2026-10-05T13:43:47.8493580Z   ---
quality	Run repository quality gate	2026-10-05T13:43:47.8493971Z   duration_ms: 0.375623
quality	Run repository quality gate	2026-10-05T13:43:47.8494409Z   type: 'test'
quality	Run repository quality gate	2026-10-05T13:43:47.8494785Z   ...
quality	Run repository quality gate	2026-10-05T13:43:47.8498393Z # Subtest: HTTP: abort before dispatch performs no DNS lookup
quality	Run repository quality gate	2026-10-05T13:43:47.8500588Z ok 350 - HTTP: abort before dispatch performs no DNS lookup
quality	Run repository quality gate	2026-10-05T13:43:47.8501232Z   ---
quality	Run repository quality gate	2026-10-05T13:43:47.8501710Z   duration_ms: 0.244035
quality	Run repository quality gate	2026-10-05T13:43:47.8507058Z   type: 'test'
quality	Run repository quality gate	2026-10-05T13:43:47.8507469Z   ...
quality	Run repository quality gate	2026-10-05T13:43:47.9532769Z # Subtest: HTTP: deadline includes stalled DNS resolution
quality	Run repository quality gate	2026-10-05T13:43:47.9533607Z ok 351 - HTTP: deadline includes stalled DNS resolution
quality	Run repository quality gate	2026-10-05T13:43:47.9534124Z   ---
quality	Run repository quality gate	2026-10-05T13:43:47.9534910Z   duration_ms: 100.624994
quality	Run repository quality gate	2026-10-05T13:43:47.9535329Z   type: 'test'
quality	Run repository quality gate	2026-10-05T13:43:47.9535669Z   ...
quality	Run repository quality gate	2026-10-05T13:43:47.9536365Z # Subtest: Webhook: replay protection must not silently disappear
quality	Run repository quality gate	2026-10-05T13:43:47.9537619Z ok 352 - Webhook: replay protection must not silently disappear
quality	Run repository quality gate	2026-10-05T13:43:47.9538613Z   ---
quality	Run repository quality gate	2026-10-05T13:43:47.9539017Z   duration_ms: 1.289728
quality	Run repository quality gate	2026-10-05T13:43:47.9539485Z   type: 'test'
quality	Run repository quality gate	2026-10-05T13:43:47.9539922Z   ...
quality	Run repository quality gate	2026-10-05T13:43:47.9548090Z # Subtest: Webhook: ambiguous duplicate signature fields are rejected
quality	Run repository quality gate	2026-10-05T13:43:47.9549126Z ok 353 - Webhook: ambiguous duplicate signature fields are rejected
quality	Run repository quality gate	2026-10-05T13:43:47.9549719Z   ---
quality	Run repository quality gate	2026-10-05T13:43:47.9550032Z   duration_ms: 0.371732
quality	Run repository quality gate	2026-10-05T13:43:47.9550396Z   type: 'test'
quality	Run repository quality gate	2026-10-05T13:43:47.9550700Z   ...
quality	Run repository quality gate	2026-10-05T13:43:47.9551233Z # Subtest: OpenAPI: server base path is retained and schema is an immutable snapshot
quality	Run repository quality gate	2026-10-05T13:43:47.9552122Z ok 354 - OpenAPI: server base path is retained and schema is an immutable snapshot
quality	Run repository quality gate	2026-10-05T13:43:47.9552829Z   ---
quality	Run repository quality gate	2026-10-05T13:43:47.9553153Z   duration_ms: 0.903471
quality	Run repository quality gate	2026-10-05T13:43:47.9553540Z   type: 'test'
quality	Run repository quality gate	2026-10-05T13:43:47.9553878Z   ...
quality	Run repository quality gate	2026-10-05T13:43:47.9568192Z # Subtest: OpenAPI: reject host-changing and traversal paths
quality	Run repository quality gate	2026-10-05T13:43:47.9597998Z ok 355 - OpenAPI: reject host-changing and traversal paths
quality	Run repository quality gate	2026-10-05T13:43:47.9639740Z   ---
quality	Run repository quality gate	2026-10-05T13:43:47.9652090Z   duration_ms: 0.823333
quality	Run repository quality gate	2026-10-05T13:43:47.9653026Z   type: 'test'
quality	Run repository quality gate	2026-10-05T13:43:47.9653264Z   ...
quality	Run repository quality gate	2026-10-05T13:43:47.9653640Z # Subtest: OpenAPI: cyclic objects are bounded failures, not stack overflows
quality	Run repository quality gate	2026-10-05T13:43:47.9654584Z ok 356 - OpenAPI: cyclic objects are bounded failures, not stack overflows
quality	Run repository quality gate	2026-10-05T13:43:47.9655272Z   ---
quality	Run repository quality gate	2026-10-05T13:43:47.9655608Z   duration_ms: 0.210162
quality	Run repository quality gate	2026-10-05T13:43:47.9656926Z   type: 'test'
quality	Run repository quality gate	2026-10-05T13:43:47.9657269Z   ...
quality	Run repository quality gate	2026-10-05T13:43:48.0710144Z # Subtest: CSV: auto-detection works beyond the 30-row sampling boundary
quality	Run repository quality gate	2026-10-05T13:43:48.0710918Z ok 357 - CSV: auto-detection works beyond the 30-row sampling boundary
quality	Run repository quality gate	2026-10-05T13:43:48.0711716Z   ---
quality	Run repository quality gate	2026-10-05T13:43:48.0712389Z   duration_ms: 3.870271
quality	Run repository quality gate	2026-10-05T13:43:48.0713088Z   type: 'test'
quality	Run repository quality gate	2026-10-05T13:43:48.0713466Z   ...
quality	Run repository quality gate	2026-10-05T13:43:48.0732774Z # Subtest: CSV: rejects text or a second quoted string after a closing quote
quality	Run repository quality gate	2026-10-05T13:43:48.0733789Z ok 358 - CSV: rejects text or a second quoted string after a closing quote
quality	Run repository quality gate	2026-10-05T13:43:48.0734446Z   ---
quality	Run repository quality gate	2026-10-05T13:43:48.0734806Z   duration_ms: 0.588477
quality	Run repository quality gate	2026-10-05T13:43:48.0735218Z   type: 'test'
quality	Run repository quality gate	2026-10-05T13:43:48.0735574Z   ...
quality	Run repository quality gate	2026-10-05T13:43:48.0736192Z # Subtest: CSV: single-column imports are valid without explicit delimiter selection
quality	Run repository quality gate	2026-10-05T13:43:48.0737096Z ok 359 - CSV: single-column imports are valid without explicit delimiter selection
quality	Run repository quality gate	2026-10-05T13:43:48.0737649Z   ---
quality	Run repository quality gate	2026-10-05T13:43:48.0737989Z   duration_ms: 0.705288
quality	Run repository quality gate	2026-10-05T13:43:48.0738403Z   type: 'test'
quality	Run repository quality gate	2026-10-05T13:43:48.0738976Z   ...
quality	Run repository quality gate	2026-10-05T13:43:48.0739425Z # Subtest: CSV: formula escaping includes line breaks and Unicode whitespace
quality	Run repository quality gate	2026-10-05T13:43:48.0740166Z ok 360 - CSV: formula escaping includes line breaks and Unicode whitespace
quality	Run repository quality gate	2026-10-05T13:43:48.0741135Z   ---
quality	Run repository quality gate	2026-10-05T13:43:48.0741427Z   duration_ms: 0.308632
quality	Run repository quality gate	2026-10-05T13:43:48.0741752Z   type: 'test'
quality	Run repository quality gate	2026-10-05T13:43:48.0742069Z   ...
quality	Run repository quality gate	2026-10-05T13:43:48.0742473Z # Subtest: CSV: limits cannot be disabled by NaN or Infinity
quality	Run repository quality gate	2026-10-05T13:43:48.0743136Z ok 361 - CSV: limits cannot be disabled by NaN or Infinity
quality	Run repository quality gate	2026-10-05T13:43:48.0743657Z   ---
quality	Run repository quality gate	2026-10-05T13:43:48.0743980Z   duration_ms: 0.201855
quality	Run repository quality gate	2026-10-05T13:43:48.0744343Z   type: 'test'
quality	Run repository quality gate	2026-10-05T13:43:48.0744640Z   ...
quality	Run repository quality gate	2026-10-05T13:43:48.0745150Z # Subtest: CSV: source row numbers survive blank and multiline records
quality	Run repository quality gate	2026-10-05T13:43:48.0745897Z ok 362 - CSV: source row numbers survive blank and multiline records
quality	Run repository quality gate	2026-10-05T13:43:48.0746420Z   ---
quality	Run repository quality gate	2026-10-05T13:43:48.0746717Z   duration_ms: 1.555493
quality	Run repository quality gate	2026-10-05T13:43:48.0747339Z   type: 'test'
quality	Run repository quality gate	2026-10-05T13:43:48.0747641Z   ...
quality	Run repository quality gate	2026-10-05T13:43:48.0748222Z # Subtest: CSV: format detection rejects backslash paths and control characters on every OS
quality	Run repository quality gate	2026-10-05T13:43:48.0749429Z ok 363 - CSV: format detection rejects backslash paths and control characters on every OS
quality	Run repository quality gate	2026-10-05T13:43:48.0750180Z   ---
quality	Run repository quality gate	2026-10-05T13:43:48.0750520Z   duration_ms: 0.512509
quality	Run repository quality gate	2026-10-05T13:43:48.0750919Z   type: 'test'
quality	Run repository quality gate	2026-10-05T13:43:48.0751279Z   ...
quality	Run repository quality gate	2026-10-05T13:43:48.1826253Z # Subtest: rejects inherited targets instead of resolving Object.prototype
quality	Run repository quality gate	2026-10-05T13:43:48.1827470Z ok 364 - rejects inherited targets instead of resolving Object.prototype
quality	Run repository quality gate	2026-10-05T13:43:48.1828293Z   ---
quality	Run repository quality gate	2026-10-05T13:43:48.1828889Z   duration_ms: 1.400019
quality	Run repository quality gate	2026-10-05T13:43:48.1829236Z   type: 'test'
quality	Run repository quality gate	2026-10-05T13:43:48.1829519Z   ...
quality	Run repository quality gate	2026-10-05T13:43:48.1831123Z # Subtest: rejects prototype transformer names
quality	Run repository quality gate	2026-10-05T13:43:48.1833625Z ok 365 - rejects prototype transformer names
quality	Run repository quality gate	2026-10-05T13:43:48.1834181Z   ---
quality	Run repository quality gate	2026-10-05T13:43:48.1834506Z   duration_ms: 0.17436
quality	Run repository quality gate	2026-10-05T13:43:48.1834833Z   type: 'test'
quality	Run repository quality gate	2026-10-05T13:43:48.1835137Z   ...
quality	Run repository quality gate	2026-10-05T13:43:48.1839275Z # Subtest: rejects duplicate and blank headers without choosing an arbitrary column
quality	Run repository quality gate	2026-10-05T13:43:48.1841749Z ok 366 - rejects duplicate and blank headers without choosing an arbitrary column
quality	Run repository quality gate	2026-10-05T13:43:48.1842427Z   ---
quality	Run repository quality gate	2026-10-05T13:43:48.1842739Z   duration_ms: 0.170436
quality	Run repository quality gate	2026-10-05T13:43:48.1843094Z   type: 'test'
quality	Run repository quality gate	2026-10-05T13:43:48.1843411Z   ...
quality	Run repository quality gate	2026-10-05T13:43:48.1846919Z # Subtest: compiled defaults are immutable snapshots, not caller-owned objects
quality	Run repository quality gate	2026-10-05T13:43:48.1847842Z ok 367 - compiled defaults are immutable snapshots, not caller-owned objects
quality	Run repository quality gate	2026-10-05T13:43:48.1848483Z   ---
quality	Run repository quality gate	2026-10-05T13:43:48.1848910Z   duration_ms: 0.415378
quality	Run repository quality gate	2026-10-05T13:43:48.1849280Z   type: 'test'
quality	Run repository quality gate	2026-10-05T13:43:48.1849493Z   ...
quality	Run repository quality gate	2026-10-05T13:43:48.1851025Z # Subtest: accessor field definitions are rejected without invoking them
quality	Run repository quality gate	2026-10-05T13:43:48.1852918Z ok 368 - accessor field definitions are rejected without invoking them
quality	Run repository quality gate	2026-10-05T13:43:48.1853520Z   ---
quality	Run repository quality gate	2026-10-05T13:43:48.1853824Z   duration_ms: 0.163538
quality	Run repository quality gate	2026-10-05T13:43:48.1854065Z   type: 'test'
quality	Run repository quality gate	2026-10-05T13:43:48.1854280Z   ...
quality	Run repository quality gate	2026-10-05T13:43:48.1857600Z # Subtest: rejects object defaults and unsafe reserved destination fields
quality	Run repository quality gate	2026-10-05T13:43:48.1858582Z ok 369 - rejects object defaults and unsafe reserved destination fields
quality	Run repository quality gate	2026-10-05T13:43:48.1859386Z   ---
quality	Run repository quality gate	2026-10-05T13:43:48.1859799Z   duration_ms: 0.171729
quality	Run repository quality gate	2026-10-05T13:43:48.1860194Z   type: 'test'
quality	Run repository quality gate	2026-10-05T13:43:48.1860482Z   ...
quality	Run repository quality gate	2026-10-05T13:43:48.1861270Z # Subtest: rejects non-cell values rather than executing coercion hooks
quality	Run repository quality gate	2026-10-05T13:43:48.1868299Z ok 370 - rejects non-cell values rather than executing coercion hooks
quality	Run repository quality gate	2026-10-05T13:43:48.1869004Z   ---
quality	Run repository quality gate	2026-10-05T13:43:48.1869313Z   duration_ms: 0.245719
quality	Run repository quality gate	2026-10-05T13:43:48.1869663Z   type: 'test'
quality	Run repository quality gate	2026-10-05T13:43:48.1869962Z   ...
quality	Run repository quality gate	2026-10-05T13:43:48.1870576Z # Subtest: rejects unsupported entity types before creating an executable migration plan
quality	Run repository quality gate	2026-10-05T13:43:48.1871561Z ok 371 - rejects unsupported entity types before creating an executable migration plan
quality	Run repository quality gate	2026-10-05T13:43:48.1872392Z   ---
quality	Run repository quality gate	2026-10-05T13:43:48.1872659Z   duration_ms: 0.418487
quality	Run repository quality gate	2026-10-05T13:43:48.1873006Z   type: 'test'
quality	Run repository quality gate	2026-10-05T13:43:48.1873298Z   ...
quality	Run repository quality gate	2026-10-05T13:43:48.2949580Z # Subtest: parses RFC4180 quoted commas, newlines, and escaped quotes
quality	Run repository quality gate	2026-10-05T13:43:48.2950729Z ok 372 - parses RFC4180 quoted commas, newlines, and escaped quotes
quality	Run repository quality gate	2026-10-05T13:43:48.2951436Z   ---
quality	Run repository quality gate	2026-10-05T13:43:48.2952266Z   duration_ms: 1.844531
quality	Run repository quality gate	2026-10-05T13:43:48.2954842Z   type: 'test'
quality	Run repository quality gate	2026-10-05T13:43:48.2956766Z   ...
quality	Run repository quality gate	2026-10-05T13:43:48.2957281Z # Subtest: detects a semicolon delimiter
quality	Run repository quality gate	2026-10-05T13:43:48.2957915Z ok 373 - detects a semicolon delimiter
quality	Run repository quality gate	2026-10-05T13:43:48.2958475Z   ---
quality	Run repository quality gate	2026-10-05T13:43:48.2959052Z   duration_ms: 0.418935
quality	Run repository quality gate	2026-10-05T13:43:48.2959552Z   type: 'test'
quality	Run repository quality gate	2026-10-05T13:43:48.2960485Z   ...
quality	Run repository quality gate	2026-10-05T13:43:48.2960925Z # Subtest: removes UTF-8 BOM from the first header
quality	Run repository quality gate	2026-10-05T13:43:48.2961595Z ok 374 - removes UTF-8 BOM from the first header
quality	Run repository quality gate	2026-10-05T13:43:48.2962221Z   ---
quality	Run repository quality gate	2026-10-05T13:43:48.2964600Z   duration_ms: 0.135592
quality	Run repository quality gate	2026-10-05T13:43:48.2965022Z   type: 'test'
quality	Run repository quality gate	2026-10-05T13:43:48.2965364Z   ...
quality	Run repository quality gate	2026-10-05T13:43:48.2965725Z # Subtest: rejects an unclosed quote
quality	Run repository quality gate	2026-10-05T13:43:48.2966230Z ok 375 - rejects an unclosed quote
quality	Run repository quality gate	2026-10-05T13:43:48.2966672Z   ---
quality	Run repository quality gate	2026-10-05T13:43:48.2967008Z   duration_ms: 0.456784
quality	Run repository quality gate	2026-10-05T13:43:48.2967408Z   type: 'test'
quality	Run repository quality gate	2026-10-05T13:43:48.2967843Z   ...
quality	Run repository quality gate	2026-10-05T13:43:48.2968652Z # Subtest: rejects duplicate normalized headers
quality	Run repository quality gate	2026-10-05T13:43:48.2969426Z ok 376 - rejects duplicate normalized headers
quality	Run repository quality gate	2026-10-05T13:43:48.2969937Z   ---
quality	Run repository quality gate	2026-10-05T13:43:48.2970279Z   duration_ms: 0.205684
quality	Run repository quality gate	2026-10-05T13:43:48.2970679Z   type: 'test'
quality	Run repository quality gate	2026-10-05T13:43:48.2971018Z   ...
quality	Run repository quality gate	2026-10-05T13:43:48.2971372Z # Subtest: enforces row limits
quality	Run repository quality gate	2026-10-05T13:43:48.2971842Z ok 377 - enforces row limits
quality	Run repository quality gate	2026-10-05T13:43:48.2972278Z   ---
quality	Run repository quality gate	2026-10-05T13:43:48.2972605Z   duration_ms: 0.121117
quality	Run repository quality gate	2026-10-05T13:43:48.2972990Z   type: 'test'
quality	Run repository quality gate	2026-10-05T13:43:48.2973335Z   ...
quality	Run repository quality gate	2026-10-05T13:43:48.2974012Z # Subtest: neutralizes spreadsheet formulas in exported reports
quality	Run repository quality gate	2026-10-05T13:43:48.2974805Z ok 378 - neutralizes spreadsheet formulas in exported reports
quality	Run repository quality gate	2026-10-05T13:43:48.2975385Z   ---
quality	Run repository quality gate	2026-10-05T13:43:48.2975727Z   duration_ms: 0.268094
quality	Run repository quality gate	2026-10-05T13:43:48.2976114Z   type: 'test'
quality	Run repository quality gate	2026-10-05T13:43:48.2976463Z   ...
quality	Run repository quality gate	2026-10-05T13:43:48.2976923Z # Subtest: serializes error reports with formula protection
quality	Run repository quality gate	2026-10-05T13:43:48.2977630Z ok 379 - serializes error reports with formula protection
quality	Run repository quality gate	2026-10-05T13:43:48.2978203Z   ---
quality	Run repository quality gate	2026-10-05T13:43:48.2978541Z   duration_ms: 0.294967
quality	Run repository quality gate	2026-10-05T13:43:48.2979067Z   type: 'test'
quality	Run repository quality gate	2026-10-05T13:43:48.2979421Z   ...
quality	Run repository quality gate	2026-10-05T13:43:48.2979864Z # Subtest: parses money deterministically in minor units
quality	Run repository quality gate	2026-10-05T13:43:48.2980571Z ok 380 - parses money deterministically in minor units
quality	Run repository quality gate	2026-10-05T13:43:48.2981109Z   ---
quality	Run repository quality gate	2026-10-05T13:43:48.2981452Z   duration_ms: 0.510953
quality	Run repository quality gate	2026-10-05T13:43:48.2981848Z   type: 'test'
quality	Run repository quality gate	2026-10-05T13:43:48.2982250Z   ...
quality	Run repository quality gate	2026-10-05T13:43:48.2982602Z # Subtest: normalizes Uzbekistan phone numbers
quality	Run repository quality gate	2026-10-05T13:43:48.2983160Z ok 381 - normalizes Uzbekistan phone numbers
quality	Run repository quality gate	2026-10-05T13:43:48.2983659Z   ---
quality	Run repository quality gate	2026-10-05T13:43:48.2984004Z   duration_ms: 0.434699
quality	Run repository quality gate	2026-10-05T13:43:48.2984390Z   type: 'test'
quality	Run repository quality gate	2026-10-05T13:43:48.2984731Z   ...
quality	Run repository quality gate	2026-10-05T13:43:48.2985175Z # Subtest: validates extension, MIME, and XLSX ZIP signature
quality	Run repository quality gate	2026-10-05T13:43:48.2985869Z ok 382 - validates extension, MIME, and XLSX ZIP signature
quality	Run repository quality gate	2026-10-05T13:43:48.2986440Z   ---
quality	Run repository quality gate	2026-10-05T13:43:48.2986763Z   duration_ms: 0.369108
quality	Run repository quality gate	2026-10-05T13:43:48.2987151Z   type: 'test'
quality	Run repository quality gate	2026-10-05T13:43:48.2987477Z   ...
quality	Run repository quality gate	2026-10-05T13:43:48.2988021Z # Subtest: compiles deterministic mappings and validates required fields
quality	Run repository quality gate	2026-10-05T13:43:48.2989055Z ok 383 - compiles deterministic mappings and validates required fields
quality	Run repository quality gate	2026-10-05T13:43:48.2989617Z   ---
quality	Run repository quality gate	2026-10-05T13:43:48.2989929Z   duration_ms: 0.588181
quality	Run repository quality gate	2026-10-05T13:43:48.2990298Z   type: 'test'
quality	Run repository quality gate	2026-10-05T13:43:48.2991099Z   ...
quality	Run repository quality gate	2026-10-05T13:43:48.2991520Z # Subtest: creates deterministic dry-run batches and duplicate issues
quality	Run repository quality gate	2026-10-05T13:43:48.2992208Z ok 384 - creates deterministic dry-run batches and duplicate issues
quality	Run repository quality gate	2026-10-05T13:43:48.2992860Z   ---
quality	Run repository quality gate	2026-10-05T13:43:48.2993210Z   duration_ms: 1.671035
quality	Run repository quality gate	2026-10-05T13:43:48.2993556Z   type: 'test'
quality	Run repository quality gate	2026-10-05T13:43:48.2993923Z   ...
quality	Run repository quality gate	2026-10-05T13:43:48.2994580Z # Subtest: marks existing-record matches as warnings without silently dropping the row
quality	Run repository quality gate	2026-10-05T13:43:48.2995698Z ok 385 - marks existing-record matches as warnings without silently dropping the row
quality	Run repository quality gate	2026-10-05T13:43:48.2996482Z   ---
quality	Run repository quality gate	2026-10-05T13:43:48.2996843Z   duration_ms: 0.335259
quality	Run repository quality gate	2026-10-05T13:43:48.2997262Z   type: 'test'
quality	Run repository quality gate	2026-10-05T13:43:48.2997530Z   ...
quality	Run repository quality gate	2026-10-05T13:43:48.4130591Z # Subtest: migration: a stale claim cannot settle a newer lease even with the same workerId
quality	Run repository quality gate	2026-10-05T13:43:48.4131714Z ok 386 - migration: a stale claim cannot settle a newer lease even with the same workerId
quality	Run repository quality gate	2026-10-05T13:43:48.4132469Z   ---
quality	Run repository quality gate	2026-10-05T13:43:48.4132835Z   duration_ms: 9.28835
quality	Run repository quality gate	2026-10-05T13:43:48.4133215Z   type: 'test'
quality	Run repository quality gate	2026-10-05T13:43:48.4133562Z   ...
quality	Run repository quality gate	2026-10-05T13:43:48.4153435Z # Subtest: migration: process crashes consume attempts and eventually quarantine the batch
quality	Run repository quality gate	2026-10-05T13:43:48.4154522Z ok 387 - migration: process crashes consume attempts and eventually quarantine the batch
quality	Run repository quality gate	2026-10-05T13:43:48.4155196Z   ---
quality	Run repository quality gate	2026-10-05T13:43:48.4155532Z   duration_ms: 3.00055
quality	Run repository quality gate	2026-10-05T13:43:48.4155914Z   type: 'test'
quality	Run repository quality gate	2026-10-05T13:43:48.4156236Z   ...
quality	Run repository quality gate	2026-10-05T13:43:48.4177435Z # Subtest: migration: failure after cancellation cannot overwrite CANCELLED with FAILED
quality	Run repository quality gate	2026-10-05T13:43:48.4178677Z ok 388 - migration: failure after cancellation cannot overwrite CANCELLED with FAILED
quality	Run repository quality gate	2026-10-05T13:43:48.4179704Z   ---
quality	Run repository quality gate	2026-10-05T13:43:48.4180037Z   duration_ms: 1.535984
quality	Run repository quality gate	2026-10-05T13:43:48.4180443Z   type: 'test'
quality	Run repository quality gate	2026-10-05T13:43:48.4180792Z   ...
quality	Run repository quality gate	2026-10-05T13:43:48.4181264Z # Subtest: migration: invalid importer result is a terminal contract error
quality	Run repository quality gate	2026-10-05T13:43:48.4182094Z ok 389 - migration: invalid importer result is a terminal contract error
quality	Run repository quality gate	2026-10-05T13:43:48.4182731Z   ---
quality	Run repository quality gate	2026-10-05T13:43:48.4183064Z   duration_ms: 0.816724
quality	Run repository quality gate	2026-10-05T13:43:48.4183468Z   type: 'test'
quality	Run repository quality gate	2026-10-05T13:43:48.4183801Z   ...
quality	Run repository quality gate	2026-10-05T13:43:48.4190916Z # Subtest: migration: tenant/job delimiter ambiguity cannot alias storage keys
quality	Run repository quality gate	2026-10-05T13:43:48.4191963Z ok 390 - migration: tenant/job delimiter ambiguity cannot alias storage keys
quality	Run repository quality gate	2026-10-05T13:43:48.4192538Z   ---
quality	Run repository quality gate	2026-10-05T13:43:48.4193280Z   duration_ms: 0.242358
quality	Run repository quality gate	2026-10-05T13:43:48.4193772Z   type: 'test'
quality	Run repository quality gate	2026-10-05T13:43:48.4194105Z   ...
quality	Run repository quality gate	2026-10-05T13:43:48.5402619Z # Subtest: borrowed transaction hands serialization failure to its outer retry owner without querying an aborted transaction
quality	Run repository quality gate	2026-10-05T13:43:48.5412920Z ok 391 - borrowed transaction hands serialization failure to its outer retry owner without querying an aborted transaction
quality	Run repository quality gate	2026-10-05T13:43:48.5413647Z   ---
quality	Run repository quality gate	2026-10-05T13:43:48.5413871Z   duration_ms: 1.665899
quality	Run repository quality gate	2026-10-05T13:43:48.5414114Z   type: 'test'
quality	Run repository quality gate	2026-10-05T13:43:48.5414329Z   ...
quality	Run repository quality gate	2026-10-05T13:43:48.5419485Z # Subtest: owned serialization retries use fresh transaction callbacks and do not retry unknown database failures
quality	Run repository quality gate	2026-10-05T13:43:48.5421391Z ok 392 - owned serialization retries use fresh transaction callbacks and do not retry unknown database failures
quality	Run repository quality gate	2026-10-05T13:43:48.5423087Z   ---
quality	Run repository quality gate	2026-10-05T13:43:48.5423376Z   duration_ms: 0.566394
quality	Run repository quality gate	2026-10-05T13:43:48.5423715Z   type: 'test'
quality	Run repository quality gate	2026-10-05T13:43:48.5423997Z   ...
quality	Run repository quality gate	2026-10-05T13:43:48.5424489Z # Subtest: uses serializable transactions and scopes durable job reads by tenant
quality	Run repository quality gate	2026-10-05T13:43:48.5425246Z ok 393 - uses serializable transactions and scopes durable job reads by tenant
quality	Run repository quality gate	2026-10-05T13:43:48.5425871Z   ---
quality	Run repository quality gate	2026-10-05T13:43:48.5426163Z   duration_ms: 1.392057
quality	Run repository quality gate	2026-10-05T13:43:48.5426505Z   type: 'test'
quality	Run repository quality gate	2026-10-05T13:43:48.5426771Z   ...
quality	Run repository quality gate	2026-10-05T13:43:48.5427527Z # Subtest: persists batch leases, counters and optimistic versions
quality	Run repository quality gate	2026-10-05T13:43:48.5427974Z ok 394 - persists batch leases, counters and optimistic versions
quality	Run repository quality gate	2026-10-05T13:43:48.5428302Z   ---
quality	Run repository quality gate	2026-10-05T13:43:48.5428502Z   duration_ms: 1.831209
quality	Run repository quality gate	2026-10-05T13:43:48.5428913Z   type: 'test'
quality	Run repository quality gate	2026-10-05T13:43:48.5429211Z   ...
quality	Run repository quality gate	2026-10-05T13:43:48.5429710Z # Subtest: fails closed on a stale batch instead of silently losing a worker update
quality	Run repository quality gate	2026-10-05T13:43:48.5430968Z ok 395 - fails closed on a stale batch instead of silently losing a worker update
quality	Run repository quality gate	2026-10-05T13:43:48.5431562Z   ---
quality	Run repository quality gate	2026-10-05T13:43:48.5431767Z   duration_ms: 0.535822
quality	Run repository quality gate	2026-10-05T13:43:48.5431995Z   type: 'test'
quality	Run repository quality gate	2026-10-05T13:43:48.5432211Z   ...
quality	Run repository quality gate	2026-10-05T13:43:48.5432529Z # Subtest: persists an append-only runtime event with operational details
quality	Run repository quality gate	2026-10-05T13:43:48.5433502Z ok 396 - persists an append-only runtime event with operational details
quality	Run repository quality gate	2026-10-05T13:43:48.5433992Z   ---
quality	Run repository quality gate	2026-10-05T13:43:48.5434196Z   duration_ms: 0.430491
quality	Run repository quality gate	2026-10-05T13:43:48.5434445Z   type: 'test'
quality	Run repository quality gate	2026-10-05T13:43:48.5434641Z   ...
quality	Run repository quality gate	2026-10-05T13:43:48.5434978Z # Subtest: sanitizes event details to durable JSON and rejects non-serializable values
quality	Run repository quality gate	2026-10-05T13:43:48.5435544Z ok 397 - sanitizes event details to durable JSON and rejects non-serializable values
quality	Run repository quality gate	2026-10-05T13:43:48.5435932Z   ---
quality	Run repository quality gate	2026-10-05T13:43:48.5436141Z   duration_ms: 0.533057
quality	Run repository quality gate	2026-10-05T13:43:48.5436365Z   type: 'test'
quality	Run repository quality gate	2026-10-05T13:43:48.5436569Z   ...
quality	Run repository quality gate	2026-10-05T13:43:48.5436927Z # Subtest: coordinator can restart on the Prisma repository without losing durable batch state
quality	Run repository quality gate	2026-10-05T13:43:48.5438462Z ok 398 - coordinator can restart on the Prisma repository without losing durable batch state
quality	Run repository quality gate	2026-10-05T13:43:48.5439183Z   ---
quality	Run repository quality gate	2026-10-05T13:43:48.5439435Z   duration_ms: 3.167475
quality	Run repository quality gate	2026-10-05T13:43:48.5439777Z   type: 'test'
quality	Run repository quality gate	2026-10-05T13:43:48.5440036Z   ...
quality	Run repository quality gate	2026-10-05T13:43:48.6876918Z # Subtest: rejects invalid state transitions
quality	Run repository quality gate	2026-10-05T13:43:48.6878034Z ok 399 - rejects invalid state transitions
quality	Run repository quality gate	2026-10-05T13:43:48.6878871Z   ---
quality	Run repository quality gate	2026-10-05T13:43:48.6879664Z   duration_ms: 1.275068
quality	Run repository quality gate	2026-10-05T13:43:48.6880264Z   type: 'test'
quality	Run repository quality gate	2026-10-05T13:43:48.6880812Z   ...
quality	Run repository quality gate	2026-10-05T13:43:48.6881489Z # Subtest: rejects a dry-run from another tenant
quality	Run repository quality gate	2026-10-05T13:43:48.6882335Z ok 400 - rejects a dry-run from another tenant
quality	Run repository quality gate	2026-10-05T13:43:48.6883065Z   ---
quality	Run repository quality gate	2026-10-05T13:43:48.6883600Z   duration_ms: 2.183369
quality	Run repository quality gate	2026-10-05T13:43:48.6884221Z   type: 'test'
quality	Run repository quality gate	2026-10-05T13:43:48.6885142Z   ...
quality	Run repository quality gate	2026-10-05T13:43:48.6885986Z # Subtest: processes bounded batches and completes after the last checkpoint
quality	Run repository quality gate	2026-10-05T13:43:48.6887336Z ok 401 - processes bounded batches and completes after the last checkpoint
quality	Run repository quality gate	2026-10-05T13:43:48.6888371Z   ---
quality	Run repository quality gate	2026-10-05T13:43:48.6889038Z   duration_ms: 2.639762
quality	Run repository quality gate	2026-10-05T13:43:48.6889652Z   type: 'test'
quality	Run repository quality gate	2026-10-05T13:43:48.6890198Z   ...
quality	Run repository quality gate	2026-10-05T13:43:48.6936937Z # Subtest: concurrent workers claim distinct batches and never duplicate the same lease
quality	Run repository quality gate	2026-10-05T13:43:48.6938335Z ok 402 - concurrent workers claim distinct batches and never duplicate the same lease
quality	Run repository quality gate	2026-10-05T13:43:48.6939630Z   ---
quality	Run repository quality gate	2026-10-05T13:43:48.6940100Z   duration_ms: 7.193753
quality	Run repository quality gate	2026-10-05T13:43:48.6940629Z   type: 'test'
quality	Run repository quality gate	2026-10-05T13:43:48.6941078Z   ...
quality	Run repository quality gate	2026-10-05T13:43:48.7016329Z # Subtest: an expired RUNNING lease is reclaimed with the same operation identity
quality	Run repository quality gate	2026-10-05T13:43:48.7017588Z ok 403 - an expired RUNNING lease is reclaimed with the same operation identity
quality	Run repository quality gate	2026-10-05T13:43:48.7018352Z   ---
quality	Run repository quality gate	2026-10-05T13:43:48.7018901Z   duration_ms: 2.147734
quality	Run repository quality gate	2026-10-05T13:43:48.7019452Z   type: 'test'
quality	Run repository quality gate	2026-10-05T13:43:48.7020186Z   ...
quality	Run repository quality gate	2026-10-05T13:43:48.7020758Z # Subtest: retries a transient failure with the same idempotency key
quality	Run repository quality gate	2026-10-05T13:43:48.7021617Z ok 404 - retries a transient failure with the same idempotency key
quality	Run repository quality gate	2026-10-05T13:43:48.7022273Z   ---
quality	Run repository quality gate	2026-10-05T13:43:48.7022643Z   duration_ms: 1.986048
quality	Run repository quality gate	2026-10-05T13:43:48.7023041Z   type: 'test'
quality	Run repository quality gate	2026-10-05T13:43:48.7023390Z   ...
quality	Run repository quality gate	2026-10-05T13:43:48.7023923Z # Subtest: moves a poison batch and job to FAILED after bounded attempts
quality	Run repository quality gate	2026-10-05T13:43:48.7025244Z ok 405 - moves a poison batch and job to FAILED after bounded attempts
quality	Run repository quality gate	2026-10-05T13:43:48.7037046Z   ---
quality	Run repository quality gate	2026-10-05T13:43:48.7037835Z   duration_ms: 1.883314
quality	Run repository quality gate	2026-10-05T13:43:48.7038567Z   type: 'test'
quality	Run repository quality gate	2026-10-05T13:43:48.7039117Z   ...
quality	Run repository quality gate	2026-10-05T13:43:48.7039724Z # Subtest: cancellation is terminal and prevents execution
quality	Run repository quality gate	2026-10-05T13:43:48.7040640Z ok 406 - cancellation is terminal and prevents execution
quality	Run repository quality gate	2026-10-05T13:43:48.7041322Z   ---
quality	Run repository quality gate	2026-10-05T13:43:48.7041717Z   duration_ms: 0.721373
quality	Run repository quality gate	2026-10-05T13:43:48.7042202Z   type: 'test'
quality	Run repository quality gate	2026-10-05T13:43:48.7042611Z   ...
quality	Run repository quality gate	2026-10-05T13:43:48.7043177Z # Subtest: rejects a dry-run for a different entity type
quality	Run repository quality gate	2026-10-05T13:43:48.7043910Z ok 407 - rejects a dry-run for a different entity type
quality	Run repository quality gate	2026-10-05T13:43:48.7044944Z   ---
quality	Run repository quality gate	2026-10-05T13:43:48.7045363Z   duration_ms: 0.468066
quality	Run repository quality gate	2026-10-05T13:43:48.7045882Z   type: 'test'
quality	Run repository quality gate	2026-10-05T13:43:48.7046308Z   ...
quality	Run repository quality gate	2026-10-05T13:43:48.7046928Z # Subtest: rejects non-contiguous batch indexes and count drift
quality	Run repository quality gate	2026-10-05T13:43:48.7047786Z ok 408 - rejects non-contiguous batch indexes and count drift
quality	Run repository quality gate	2026-10-05T13:43:48.7048494Z   ---
quality	Run repository quality gate	2026-10-05T13:43:48.7053350Z   duration_ms: 0.961941
quality	Run repository quality gate	2026-10-05T13:43:48.7053884Z   type: 'test'
quality	Run repository quality gate	2026-10-05T13:43:48.7054323Z   ...
quality	Run repository quality gate	2026-10-05T13:43:48.7054843Z # Subtest: rejects unsafe source filenames before persistence
quality	Run repository quality gate	2026-10-05T13:43:48.7055673Z ok 409 - rejects unsafe source filenames before persistence
quality	Run repository quality gate	2026-10-05T13:43:48.7056293Z   ---
quality	Run repository quality gate	2026-10-05T13:43:48.7056739Z   duration_ms: 0.470675
quality	Run repository quality gate	2026-10-05T13:43:48.7057211Z   type: 'test'
quality	Run repository quality gate	2026-10-05T13:43:48.7057660Z   ...
quality	Run repository quality gate	2026-10-05T13:43:48.7058713Z # Subtest: fails immediately when importer counters do not reconcile to the claimed batch
quality	Run repository quality gate	2026-10-05T13:43:48.7060010Z ok 410 - fails immediately when importer counters do not reconcile to the claimed batch
quality	Run repository quality gate	2026-10-05T13:43:48.7060809Z   ---
quality	Run repository quality gate	2026-10-05T13:43:48.7061178Z   duration_ms: 1.814857
quality	Run repository quality gate	2026-10-05T13:43:48.7061614Z   type: 'test'
quality	Run repository quality gate	2026-10-05T13:43:48.7061992Z   ...
quality	Run repository quality gate	2026-10-05T13:43:48.8090829Z # Subtest: source storage refuses unsupported filesystem capabilities before publishing directories
quality	Run repository quality gate	2026-10-05T13:43:48.8094909Z ok 411 - source storage refuses unsupported filesystem capabilities before publishing directories
quality	Run repository quality gate	2026-10-05T13:43:48.8095760Z   ---
quality	Run repository quality gate	2026-10-05T13:43:48.8096101Z   duration_ms: 6.735974
quality	Run repository quality gate	2026-10-05T13:43:48.8096478Z   type: 'test'
quality	Run repository quality gate	2026-10-05T13:43:48.8096808Z   ...
quality	Run repository quality gate	2026-10-05T13:43:48.9662332Z # Subtest: real filesystem encrypted source survives a fresh process and contains no plaintext customer data
quality	Run repository quality gate	2026-10-05T13:43:48.9663412Z ok 412 - real filesystem encrypted source survives a fresh process and contains no plaintext customer data
quality	Run repository quality gate	2026-10-05T13:43:48.9664200Z   ---
quality	Run repository quality gate	2026-10-05T13:43:48.9664596Z   duration_ms: 56.590881
quality	Run repository quality gate	2026-10-05T13:43:48.9664974Z   type: 'test'
quality	Run repository quality gate	2026-10-05T13:43:48.9665291Z   ...
quality	Run repository quality gate	2026-10-05T13:43:48.9750639Z # Subtest: same source bytes can be uploaded as distinct import intents
quality	Run repository quality gate	2026-10-05T13:43:48.9751460Z ok 413 - same source bytes can be uploaded as distinct import intents
quality	Run repository quality gate	2026-10-05T13:43:48.9752003Z   ---
quality	Run repository quality gate	2026-10-05T13:43:48.9752319Z   duration_ms: 8.787608
quality	Run repository quality gate	2026-10-05T13:43:48.9752706Z   type: 'test'
quality	Run repository quality gate	2026-10-05T13:43:48.9752932Z   ...
quality	Run repository quality gate	2026-10-05T13:43:48.9838924Z # Subtest: tenant, hash and ciphertext tampering fail closed
quality	Run repository quality gate	2026-10-05T13:43:48.9840288Z ok 414 - tenant, hash and ciphertext tampering fail closed
quality	Run repository quality gate	2026-10-05T13:43:48.9840714Z   ---
quality	Run repository quality gate	2026-10-05T13:43:48.9840945Z   duration_ms: 8.669654
quality	Run repository quality gate	2026-10-05T13:43:48.9841199Z   type: 'test'
quality	Run repository quality gate	2026-10-05T13:43:48.9841419Z   ...
quality	Run repository quality gate	2026-10-05T13:43:48.9936505Z # Subtest: old source keys remain readable across active-key rotation
quality	Run repository quality gate	2026-10-05T13:43:48.9937218Z ok 415 - old source keys remain readable across active-key rotation
quality	Run repository quality gate	2026-10-05T13:43:48.9937658Z   ---
quality	Run repository quality gate	2026-10-05T13:43:48.9937876Z   duration_ms: 9.570493
quality	Run repository quality gate	2026-10-05T13:43:48.9938138Z   type: 'test'
quality	Run repository quality gate	2026-10-05T13:43:48.9938360Z   ...
quality	Run repository quality gate	2026-10-05T13:43:48.9997157Z # Subtest: opaque identifiers, file limits and symlinks cannot access arbitrary paths
quality	Run repository quality gate	2026-10-05T13:43:48.9998522Z ok 416 - opaque identifiers, file limits and symlinks cannot access arbitrary paths
quality	Run repository quality gate	2026-10-05T13:43:48.9999414Z   ---
quality	Run repository quality gate	2026-10-05T13:43:48.9999920Z   duration_ms: 6.120575
quality	Run repository quality gate	2026-10-05T13:43:49.0000335Z   type: 'test'
quality	Run repository quality gate	2026-10-05T13:43:49.0000651Z   ...
quality	Run repository quality gate	2026-10-05T13:43:49.0108505Z # Subtest: concurrent ID collision publishes exactly one source without overwriting
quality	Run repository quality gate	2026-10-05T13:43:49.0110364Z ok 417 - concurrent ID collision publishes exactly one source without overwriting
quality	Run repository quality gate	2026-10-05T13:43:49.0111066Z   ---
quality	Run repository quality gate	2026-10-05T13:43:49.0111378Z   duration_ms: 10.85135
quality	Run repository quality gate	2026-10-05T13:43:49.0111811Z   type: 'test'
quality	Run repository quality gate	2026-10-05T13:43:49.0112122Z   ...
quality	Run repository quality gate	2026-10-05T13:43:49.0212613Z # Subtest: preparation plans from reloaded persisted bytes, preserving physical source rows
quality	Run repository quality gate	2026-10-05T13:43:49.0215039Z ok 418 - preparation plans from reloaded persisted bytes, preserving physical source rows
quality	Run repository quality gate	2026-10-05T13:43:49.0216506Z   ---
quality	Run repository quality gate	2026-10-05T13:43:49.0216757Z   duration_ms: 10.103564
quality	Run repository quality gate	2026-10-05T13:43:49.0217010Z   type: 'test'
quality	Run repository quality gate	2026-10-05T13:43:49.0217265Z   ...
quality	Run repository quality gate	2026-10-05T13:43:49.0252500Z # Subtest: unsupported XLSX and invalid UTF-8 are rejected before storage side effects
quality	Run repository quality gate	2026-10-05T13:43:49.0254487Z ok 419 - unsupported XLSX and invalid UTF-8 are rejected before storage side effects
quality	Run repository quality gate	2026-10-05T13:43:49.0255160Z   ---
quality	Run repository quality gate	2026-10-05T13:43:49.0255493Z   duration_ms: 4.168228
quality	Run repository quality gate	2026-10-05T13:43:49.0255791Z   type: 'test'
quality	Run repository quality gate	2026-10-05T13:43:49.0256114Z   ...
quality	Run repository quality gate	2026-10-05T13:43:49.0271461Z # Subtest: a private root inside an attacker-writable ancestor is rejected
quality	Run repository quality gate	2026-10-05T13:43:49.0272300Z ok 420 - a private root inside an attacker-writable ancestor is rejected
quality	Run repository quality gate	2026-10-05T13:43:49.0273982Z   ---
quality	Run repository quality gate	2026-10-05T13:43:49.0274315Z   duration_ms: 1.96869
quality	Run repository quality gate	2026-10-05T13:43:49.0274729Z   type: 'test'
quality	Run repository quality gate	2026-10-05T13:43:49.0275037Z   ...
quality	Run repository quality gate	2026-10-05T13:43:49.0321910Z # Subtest: directory permissions are rechecked when an existing store is used
quality	Run repository quality gate	2026-10-05T13:43:49.0322932Z ok 421 - directory permissions are rechecked when an existing store is used
quality	Run repository quality gate	2026-10-05T13:43:49.0323551Z   ---
quality	Run repository quality gate	2026-10-05T13:43:49.0324013Z   duration_ms: 4.821009
quality	Run repository quality gate	2026-10-05T13:43:49.0324570Z   type: 'test'
quality	Run repository quality gate	2026-10-05T13:43:49.0326233Z   ...
quality	Run repository quality gate	2026-10-05T13:43:49.0405335Z # Subtest: inventory is tenant-local, bounded and ignores symlinks and unfinished uploads
quality	Run repository quality gate	2026-10-05T13:43:49.0406551Z ok 422 - inventory is tenant-local, bounded and ignores symlinks and unfinished uploads
quality	Run repository quality gate	2026-10-05T13:43:49.0407296Z   ---
quality	Run repository quality gate	2026-10-05T13:43:49.0407635Z   duration_ms: 8.342449
quality	Run repository quality gate	2026-10-05T13:43:49.0408039Z   type: 'test'
quality	Run repository quality gate	2026-10-05T13:43:49.0408345Z   ...
quality	Run repository quality gate	2026-10-05T13:43:49.0516114Z # Subtest: simultaneous physical purges are idempotent and always require an exact digest
quality	Run repository quality gate	2026-10-05T13:43:49.0517257Z ok 423 - simultaneous physical purges are idempotent and always require an exact digest
quality	Run repository quality gate	2026-10-05T13:43:49.0518504Z   ---
quality	Run repository quality gate	2026-10-05T13:43:49.0519087Z   duration_ms: 10.737477
quality	Run repository quality gate	2026-10-05T13:43:49.0519764Z   type: 'test'
quality	Run repository quality gate	2026-10-05T13:43:49.0520548Z   ...
quality	Run repository quality gate	2026-10-05T13:43:49.0580015Z # Subtest: inventory never enters a symlinked tenant directory
quality	Run repository quality gate	2026-10-05T13:43:49.0581069Z ok 424 - inventory never enters a symlinked tenant directory
quality	Run repository quality gate	2026-10-05T13:43:49.0581860Z   ---
quality	Run repository quality gate	2026-10-05T13:43:49.0582501Z   duration_ms: 6.639253
quality	Run repository quality gate	2026-10-05T13:43:49.0583179Z   type: 'test'
quality	Run repository quality gate	2026-10-05T13:43:49.0583679Z   ...
quality	Run repository quality gate	2026-10-05T13:43:49.0661892Z # Subtest: a FIFO substituted for source ciphertext is rejected instead of blocking the file reader
quality	Run repository quality gate	2026-10-05T13:43:49.0663116Z ok 425 - a FIFO substituted for source ciphertext is rejected instead of blocking the file reader
quality	Run repository quality gate	2026-10-05T13:43:49.0663732Z   ---
quality	Run repository quality gate	2026-10-05T13:43:49.0663954Z   duration_ms: 8.168098
quality	Run repository quality gate	2026-10-05T13:43:49.0664189Z   type: 'test'
quality	Run repository quality gate	2026-10-05T13:43:49.0664434Z   ...
quality	Run repository quality gate	2026-10-05T13:43:49.1674187Z # Subtest: compiles a complete deterministic legacy stage map
quality	Run repository quality gate	2026-10-05T13:43:49.1675771Z ok 426 - compiles a complete deterministic legacy stage map
quality	Run repository quality gate	2026-10-05T13:43:49.1676362Z   ---
quality	Run repository quality gate	2026-10-05T13:43:49.1677107Z   duration_ms: 4.129297
quality	Run repository quality gate	2026-10-05T13:43:49.1677531Z   type: 'test'
quality	Run repository quality gate	2026-10-05T13:43:49.1678072Z   ...
quality	Run repository quality gate	2026-10-05T13:43:49.1679982Z # Subtest: requires every legacy stage to be mapped
quality	Run repository quality gate	2026-10-05T13:43:49.1680936Z ok 427 - requires every legacy stage to be mapped
quality	Run repository quality gate	2026-10-05T13:43:49.1681434Z   ---
quality	Run repository quality gate	2026-10-05T13:43:49.1681820Z   duration_ms: 0.548419
quality	Run repository quality gate	2026-10-05T13:43:49.1682210Z   type: 'test'
quality	Run repository quality gate	2026-10-05T13:43:49.1682541Z   ...
quality	Run repository quality gate	2026-10-05T13:43:49.1686170Z # Subtest: rejects semantic mismatch between legacy outcome and pipeline stage type
quality	Run repository quality gate	2026-10-05T13:43:49.1688552Z ok 428 - rejects semantic mismatch between legacy outcome and pipeline stage type
quality	Run repository quality gate	2026-10-05T13:43:49.1689835Z   ---
quality	Run repository quality gate	2026-10-05T13:43:49.1690391Z   duration_ms: 0.20953
quality	Run repository quality gate	2026-10-05T13:43:49.1691014Z   type: 'test'
quality	Run repository quality gate	2026-10-05T13:43:49.1691556Z   ...
quality	Run repository quality gate	2026-10-05T13:43:49.1691945Z # Subtest: reconciliation reports missing, wrong and orphan assignments deterministically
quality	Run repository quality gate	2026-10-05T13:43:49.1692548Z ok 429 - reconciliation reports missing, wrong and orphan assignments deterministically
quality	Run repository quality gate	2026-10-05T13:43:49.1692979Z   ---
quality	Run repository quality gate	2026-10-05T13:43:49.1693178Z   duration_ms: 1.156227
quality	Run repository quality gate	2026-10-05T13:43:49.1693411Z   type: 'test'
quality	Run repository quality gate	2026-10-05T13:43:49.1693611Z   ...
quality	Run repository quality gate	2026-10-05T13:43:49.2750153Z # Subtest: normalizes a safe pipeline slug
quality	Run repository quality gate	2026-10-05T13:43:49.2751341Z ok 430 - normalizes a safe pipeline slug
quality	Run repository quality gate	2026-10-05T13:43:49.2752067Z   ---
quality	Run repository quality gate	2026-10-05T13:43:49.2753091Z   duration_ms: 1.202548
quality	Run repository quality gate	2026-10-05T13:43:49.2753558Z   type: 'test'
quality	Run repository quality gate	2026-10-05T13:43:49.2753904Z   ...
quality	Run repository quality gate	2026-10-05T13:43:49.2754298Z # Subtest: accepts a complete pipeline definition
quality	Run repository quality gate	2026-10-05T13:43:49.2754869Z ok 431 - accepts a complete pipeline definition
quality	Run repository quality gate	2026-10-05T13:43:49.2755377Z   ---
quality	Run repository quality gate	2026-10-05T13:43:49.2755704Z   duration_ms: 0.846465
quality	Run repository quality gate	2026-10-05T13:43:49.2756152Z   type: 'test'
quality	Run repository quality gate	2026-10-05T13:43:49.2756485Z   ...
quality	Run repository quality gate	2026-10-05T13:43:49.2756916Z # Subtest: rejects duplicate stage IDs
quality	Run repository quality gate	2026-10-05T13:43:49.2757540Z ok 432 - rejects duplicate stage IDs
quality	Run repository quality gate	2026-10-05T13:43:49.2758028Z   ---
quality	Run repository quality gate	2026-10-05T13:43:49.2758462Z   duration_ms: 0.490943
quality	Run repository quality gate	2026-10-05T13:43:49.2759065Z   type: 'test'
quality	Run repository quality gate	2026-10-05T13:43:49.2759538Z   ...
quality	Run repository quality gate	2026-10-05T13:43:49.2771988Z # Subtest: rejects non-contiguous positions
quality	Run repository quality gate	2026-10-05T13:43:49.2772603Z ok 433 - rejects non-contiguous positions
quality	Run repository quality gate	2026-10-05T13:43:49.2773080Z   ---
quality	Run repository quality gate	2026-10-05T13:43:49.2773439Z   duration_ms: 0.334893
quality	Run repository quality gate	2026-10-05T13:43:49.2773813Z   type: 'test'
quality	Run repository quality gate	2026-10-05T13:43:49.2774165Z   ...
quality	Run repository quality gate	2026-10-05T13:43:49.2774556Z # Subtest: rejects invalid terminal probability
quality	Run repository quality gate	2026-10-05T13:43:49.2775151Z ok 434 - rejects invalid terminal probability
quality	Run repository quality gate	2026-10-05T13:43:49.2775650Z   ---
quality	Run repository quality gate	2026-10-05T13:43:49.2775993Z   duration_ms: 0.184728
quality	Run repository quality gate	2026-10-05T13:43:49.2776400Z   type: 'test'
quality	Run repository quality gate	2026-10-05T13:43:49.2776750Z   ...
quality	Run repository quality gate	2026-10-05T13:43:49.2777169Z # Subtest: rejects an archived default pipeline
quality	Run repository quality gate	2026-10-05T13:43:49.2777752Z ok 435 - rejects an archived default pipeline
quality	Run repository quality gate	2026-10-05T13:43:49.2778246Z   ---
quality	Run repository quality gate	2026-10-05T13:43:49.2778599Z   duration_ms: 0.211858
quality	Run repository quality gate	2026-10-05T13:43:49.2779107Z   type: 'test'
quality	Run repository quality gate	2026-10-05T13:43:49.2779477Z   ...
quality	Run repository quality gate	2026-10-05T13:43:49.2780001Z # Subtest: plans an allowed transition with optimistic version increment
quality	Run repository quality gate	2026-10-05T13:43:49.2780837Z ok 436 - plans an allowed transition with optimistic version increment
quality	Run repository quality gate	2026-10-05T13:43:49.2781483Z   ---
quality	Run repository quality gate	2026-10-05T13:43:49.2781829Z   duration_ms: 0.42398
quality	Run repository quality gate	2026-10-05T13:43:49.2782233Z   type: 'test'
quality	Run repository quality gate	2026-10-05T13:43:49.2782575Z   ...
quality	Run repository quality gate	2026-10-05T13:43:49.2783004Z # Subtest: treats same-stage movement as idempotent
quality	Run repository quality gate	2026-10-05T13:43:49.2783635Z ok 437 - treats same-stage movement as idempotent
quality	Run repository quality gate	2026-10-05T13:43:49.2784156Z   ---
quality	Run repository quality gate	2026-10-05T13:43:49.2784502Z   duration_ms: 0.167177
quality	Run repository quality gate	2026-10-05T13:43:49.2784900Z   type: 'test'
quality	Run repository quality gate	2026-10-05T13:43:49.2785239Z   ...
quality	Run repository quality gate	2026-10-05T13:43:49.2785690Z # Subtest: rejects a transition that violates stage rules
quality	Run repository quality gate	2026-10-05T13:43:49.2786275Z ok 438 - rejects a transition that violates stage rules
quality	Run repository quality gate	2026-10-05T13:43:49.2786749Z   ---
quality	Run repository quality gate	2026-10-05T13:43:49.2787054Z   duration_ms: 0.330097
quality	Run repository quality gate	2026-10-05T13:43:49.2787829Z   type: 'test'
quality	Run repository quality gate	2026-10-05T13:43:49.2788175Z   ...
quality	Run repository quality gate	2026-10-05T13:43:49.2788541Z # Subtest: rejects stale optimistic version
quality	Run repository quality gate	2026-10-05T13:43:49.2789201Z ok 439 - rejects stale optimistic version
quality	Run repository quality gate	2026-10-05T13:43:49.2789636Z   ---
quality	Run repository quality gate	2026-10-05T13:43:49.2789964Z   duration_ms: 0.425264
quality	Run repository quality gate	2026-10-05T13:43:49.2790343Z   type: 'test'
quality	Run repository quality gate	2026-10-05T13:43:49.2790670Z   ...
quality	Run repository quality gate	2026-10-05T13:43:49.2791086Z # Subtest: rejects cross-tenant assignment
quality	Run repository quality gate	2026-10-05T13:43:49.2791600Z ok 440 - rejects cross-tenant assignment
quality	Run repository quality gate	2026-10-05T13:43:49.2792042Z   ---
quality	Run repository quality gate	2026-10-05T13:43:49.2792371Z   duration_ms: 0.185947
quality	Run repository quality gate	2026-10-05T13:43:49.2792746Z   type: 'test'
quality	Run repository quality gate	2026-10-05T13:43:49.2793084Z   ...
quality	Run repository quality gate	2026-10-05T13:43:49.2793547Z # Subtest: requires explicit permission to reopen a terminal deal
quality	Run repository quality gate	2026-10-05T13:43:49.2794499Z ok 441 - requires explicit permission to reopen a terminal deal
quality	Run repository quality gate	2026-10-05T13:43:49.2795074Z   ---
quality	Run repository quality gate	2026-10-05T13:43:49.2795381Z   duration_ms: 0.145377
quality	Run repository quality gate	2026-10-05T13:43:49.2795742Z   type: 'test'
quality	Run repository quality gate	2026-10-05T13:43:49.2796057Z   ...
quality	Run repository quality gate	2026-10-05T13:43:49.2796486Z # Subtest: allows an explicitly authorized terminal reopen
quality	Run repository quality gate	2026-10-05T13:43:49.2797072Z ok 442 - allows an explicitly authorized terminal reopen
quality	Run repository quality gate	2026-10-05T13:43:49.2797485Z   ---
quality	Run repository quality gate	2026-10-05T13:43:49.2797718Z   duration_ms: 0.143444
quality	Run repository quality gate	2026-10-05T13:43:49.2797964Z   type: 'test'
quality	Run repository quality gate	2026-10-05T13:43:49.2798205Z   ...
quality	Run repository quality gate	2026-10-05T13:43:49.2801047Z # Subtest: builds deterministic legacy assignments
quality	Run repository quality gate	2026-10-05T13:43:49.2801723Z ok 443 - builds deterministic legacy assignments
quality	Run repository quality gate	2026-10-05T13:43:49.2802260Z   ---
quality	Run repository quality gate	2026-10-05T13:43:49.2802742Z   duration_ms: 0.82219
quality	Run repository quality gate	2026-10-05T13:43:49.2803237Z   type: 'test'
quality	Run repository quality gate	2026-10-05T13:43:49.2803659Z   ...
quality	Run repository quality gate	2026-10-05T13:43:49.2804182Z # Subtest: fails closed when a legacy stage has no mapping
quality	Run repository quality gate	2026-10-05T13:43:49.2804665Z ok 444 - fails closed when a legacy stage has no mapping
quality	Run repository quality gate	2026-10-05T13:43:49.2805010Z   ---
quality	Run repository quality gate	2026-10-05T13:43:49.2805230Z   duration_ms: 0.283259
quality	Run repository quality gate	2026-10-05T13:43:49.2805475Z   type: 'test'
quality	Run repository quality gate	2026-10-05T13:43:49.2805724Z   ...
quality	Run repository quality gate	2026-10-05T13:43:49.2806053Z # Subtest: calculates exact minor-unit analytics without floating point
quality	Run repository quality gate	2026-10-05T13:43:49.2806553Z ok 445 - calculates exact minor-unit analytics without floating point
quality	Run repository quality gate	2026-10-05T13:43:49.2807014Z   ---
quality	Run repository quality gate	2026-10-05T13:43:49.2807299Z   duration_ms: 0.644511
quality	Run repository quality gate	2026-10-05T13:43:49.2807602Z   type: 'test'
quality	Run repository quality gate	2026-10-05T13:43:49.2807822Z   ...
quality	Run repository quality gate	2026-10-05T13:43:49.3969610Z # Subtest: maps Prisma pipeline rows into the domain shape
quality	Run repository quality gate	2026-10-05T13:43:49.3970462Z ok 446 - maps Prisma pipeline rows into the domain shape
quality	Run repository quality gate	2026-10-05T13:43:49.3970948Z   ---
quality	Run repository quality gate	2026-10-05T13:43:49.3971261Z   duration_ms: 2.392645
quality	Run repository quality gate	2026-10-05T13:43:49.3971611Z   type: 'test'
quality	Run repository quality gate	2026-10-05T13:43:49.3971919Z   ...
quality	Run repository quality gate	2026-10-05T13:43:49.3972401Z # Subtest: scopes every pipeline read by workspace and bounds the list
quality	Run repository quality gate	2026-10-05T13:43:49.3973070Z ok 447 - scopes every pipeline read by workspace and bounds the list
quality	Run repository quality gate	2026-10-05T13:43:49.3973485Z   ---
quality	Run repository quality gate	2026-10-05T13:43:49.3973755Z   duration_ms: 1.035969
quality	Run repository quality gate	2026-10-05T13:43:49.3974090Z   type: 'test'
quality	Run repository quality gate	2026-10-05T13:43:49.3974360Z   ...
quality	Run repository quality gate	2026-10-05T13:43:49.3977188Z # Subtest: uses serializable interactive transactions
quality	Run repository quality gate	2026-10-05T13:43:49.3977925Z ok 448 - uses serializable interactive transactions
quality	Run repository quality gate	2026-10-05T13:43:49.3978602Z   ---
quality	Run repository quality gate	2026-10-05T13:43:49.3979192Z   duration_ms: 0.373829
quality	Run repository quality gate	2026-10-05T13:43:49.3980026Z   type: 'test'
quality	Run repository quality gate	2026-10-05T13:43:49.3980468Z   ...
quality	Run repository quality gate	2026-10-05T13:43:49.3980975Z # Subtest: retries only bounded Prisma serialization conflicts
quality	Run repository quality gate	2026-10-05T13:43:49.3984393Z ok 449 - retries only bounded Prisma serialization conflicts
quality	Run repository quality gate	2026-10-05T13:43:49.3984987Z   ---
quality	Run repository quality gate	2026-10-05T13:43:49.3985371Z   duration_ms: 0.382715
quality	Run repository quality gate	2026-10-05T13:43:49.3985767Z   type: 'test'
quality	Run repository quality gate	2026-10-05T13:43:49.3986138Z   ...
quality	Run repository quality gate	2026-10-05T13:43:49.4013076Z # Subtest: does not retry permanent Prisma errors
quality	Run repository quality gate	2026-10-05T13:43:49.4013856Z ok 450 - does not retry permanent Prisma errors
quality	Run repository quality gate	2026-10-05T13:43:49.4014381Z   ---
quality	Run repository quality gate	2026-10-05T13:43:49.4014711Z   duration_ms: 0.338642
quality	Run repository quality gate	2026-10-05T13:43:49.4015093Z   type: 'test'
quality	Run repository quality gate	2026-10-05T13:43:49.4015858Z   ...
quality	Run repository quality gate	2026-10-05T13:43:49.4016345Z # Subtest: maps exhausted serialization retries to a stable runtime error
quality	Run repository quality gate	2026-10-05T13:43:49.4017172Z ok 451 - maps exhausted serialization retries to a stable runtime error
quality	Run repository quality gate	2026-10-05T13:43:49.4017792Z   ---
quality	Run repository quality gate	2026-10-05T13:43:49.4018115Z   duration_ms: 0.55191
quality	Run repository quality gate	2026-10-05T13:43:49.4018440Z   type: 'test'
quality	Run repository quality gate	2026-10-05T13:43:49.4018910Z   ...
quality	Run repository quality gate	2026-10-05T13:43:49.4019344Z # Subtest: rejects an invalid retry jitter source before sleeping
quality	Run repository quality gate	2026-10-05T13:43:49.4019804Z ok 452 - rejects an invalid retry jitter source before sleeping
quality	Run repository quality gate	2026-10-05T13:43:49.4020148Z   ---
quality	Run repository quality gate	2026-10-05T13:43:49.4020362Z   duration_ms: 1.100886
quality	Run repository quality gate	2026-10-05T13:43:49.4020598Z   type: 'test'
quality	Run repository quality gate	2026-10-05T13:43:49.4020873Z   ...
quality	Run repository quality gate	2026-10-05T13:43:49.4021364Z # Subtest: persists command receipts and audit events using workspace-owned fields
quality	Run repository quality gate	2026-10-05T13:43:49.4022447Z ok 453 - persists command receipts and audit events using workspace-owned fields
quality	Run repository quality gate	2026-10-05T13:43:49.4023091Z   ---
quality	Run repository quality gate	2026-10-05T13:43:49.4023396Z   duration_ms: 0.421777
quality	Run repository quality gate	2026-10-05T13:43:49.4023653Z   type: 'test'
quality	Run repository quality gate	2026-10-05T13:43:49.4023864Z   ...
quality	Run repository quality gate	2026-10-05T13:43:49.4024171Z # Subtest: enforces the maximum number of pipelines inside the transaction
quality	Run repository quality gate	2026-10-05T13:43:49.4024657Z ok 454 - enforces the maximum number of pipelines inside the transaction
quality	Run repository quality gate	2026-10-05T13:43:49.4025010Z   ---
quality	Run repository quality gate	2026-10-05T13:43:49.4025262Z   duration_ms: 0.801238
quality	Run repository quality gate	2026-10-05T13:43:49.4025501Z   type: 'test'
quality	Run repository quality gate	2026-10-05T13:43:49.4025789Z   ...
quality	Run repository quality gate	2026-10-05T13:43:49.4026219Z # Subtest: atomically hands off the default during pipeline creation
quality	Run repository quality gate	2026-10-05T13:43:49.4026928Z ok 455 - atomically hands off the default during pipeline creation
quality	Run repository quality gate	2026-10-05T13:43:49.4027492Z   ---
quality	Run repository quality gate	2026-10-05T13:43:49.4027801Z   duration_ms: 0.775682
quality	Run repository quality gate	2026-10-05T13:43:49.4028166Z   type: 'test'
quality	Run repository quality gate	2026-10-05T13:43:49.4028466Z   ...
quality	Run repository quality gate	2026-10-05T13:43:49.4028954Z # Subtest: maps a duplicate slug to a stable domain error
quality	Run repository quality gate	2026-10-05T13:43:49.4029546Z ok 456 - maps a duplicate slug to a stable domain error
quality	Run repository quality gate	2026-10-05T13:43:49.4030015Z   ---
quality	Run repository quality gate	2026-10-05T13:43:49.4030306Z   duration_ms: 0.362708
quality	Run repository quality gate	2026-10-05T13:43:49.4030702Z   type: 'test'
quality	Run repository quality gate	2026-10-05T13:43:49.4031001Z   ...
quality	Run repository quality gate	2026-10-05T13:43:49.4031519Z # Subtest: neutralizes stage keys and positions before an ordered replacement
quality	Run repository quality gate	2026-10-05T13:43:49.4032304Z ok 457 - neutralizes stage keys and positions before an ordered replacement
quality	Run repository quality gate	2026-10-05T13:43:49.4032900Z   ---
quality	Run repository quality gate	2026-10-05T13:43:49.4033183Z   duration_ms: 1.456241
quality	Run repository quality gate	2026-10-05T13:43:49.4033489Z   type: 'test'
quality	Run repository quality gate	2026-10-05T13:43:49.4033780Z   ...
quality	Run repository quality gate	2026-10-05T13:43:49.4034177Z # Subtest: blocks removal of a stage that already owns assignments
quality	Run repository quality gate	2026-10-05T13:43:49.4034857Z ok 458 - blocks removal of a stage that already owns assignments
quality	Run repository quality gate	2026-10-05T13:43:49.4035367Z   ---
quality	Run repository quality gate	2026-10-05T13:43:49.4035664Z   duration_ms: 0.42314
quality	Run repository quality gate	2026-10-05T13:43:49.4036005Z   type: 'test'
quality	Run repository quality gate	2026-10-05T13:43:49.4036303Z   ...
quality	Run repository quality gate	2026-10-05T13:43:49.4036733Z # Subtest: maps a foreign-key race during stage deletion to STAGE_IN_USE
quality	Run repository quality gate	2026-10-05T13:43:49.4037411Z ok 459 - maps a foreign-key race during stage deletion to STAGE_IN_USE
quality	Run repository quality gate	2026-10-05T13:43:49.4037920Z   ---
quality	Run repository quality gate	2026-10-05T13:43:49.4038208Z   duration_ms: 0.465399
quality	Run repository quality gate	2026-10-05T13:43:49.4038544Z   type: 'test'
quality	Run repository quality gate	2026-10-05T13:43:49.4039028Z   ...
quality	Run repository quality gate	2026-10-05T13:43:49.4043084Z # Subtest: sets the default pipeline with an optimistic version predicate
quality	Run repository quality gate	2026-10-05T13:43:49.4043858Z ok 460 - sets the default pipeline with an optimistic version predicate
quality	Run repository quality gate	2026-10-05T13:43:49.4046825Z   ---
quality	Run repository quality gate	2026-10-05T13:43:49.4047465Z   duration_ms: 0.37407
quality	Run repository quality gate	2026-10-05T13:43:49.4047966Z   type: 'test'
quality	Run repository quality gate	2026-10-05T13:43:49.4048444Z   ...
quality	Run repository quality gate	2026-10-05T13:43:49.4049447Z # Subtest: rejects a stale default-pipeline request before changing any defaults
quality	Run repository quality gate	2026-10-05T13:43:49.4050053Z ok 461 - rejects a stale default-pipeline request before changing any defaults
quality	Run repository quality gate	2026-10-05T13:43:49.4050470Z   ---
quality	Run repository quality gate	2026-10-05T13:43:49.4050677Z   duration_ms: 0.193759
quality	Run repository quality gate	2026-10-05T13:43:49.4050915Z   type: 'test'
quality	Run repository quality gate	2026-10-05T13:43:49.4051120Z   ...
quality	Run repository quality gate	2026-10-05T13:43:49.5782867Z # Subtest: creates an idempotent pipeline and writes one audit event
quality	Run repository quality gate	2026-10-05T13:43:49.5784139Z ok 462 - creates an idempotent pipeline and writes one audit event
quality	Run repository quality gate	2026-10-05T13:43:49.5784945Z   ---
quality	Run repository quality gate	2026-10-05T13:43:49.5785442Z   duration_ms: 6.143639
quality	Run repository quality gate	2026-10-05T13:43:49.5785963Z   type: 'test'
quality	Run repository quality gate	2026-10-05T13:43:49.5786427Z   ...
quality	Run repository quality gate	2026-10-05T13:43:49.5787181Z # Subtest: forces the first pipeline to default even when the caller does not request it
quality	Run repository quality gate	2026-10-05T13:43:49.5788311Z ok 463 - forces the first pipeline to default even when the caller does not request it
quality	Run repository quality gate	2026-10-05T13:43:49.5789515Z   ---
quality	Run repository quality gate	2026-10-05T13:43:49.5789995Z   duration_ms: 0.774853
quality	Run repository quality gate	2026-10-05T13:43:49.5790503Z   type: 'test'
quality	Run repository quality gate	2026-10-05T13:43:49.5790960Z   ...
quality	Run repository quality gate	2026-10-05T13:43:49.5791738Z # Subtest: atomically promotes an explicitly default second pipeline during creation
quality	Run repository quality gate	2026-10-05T13:43:49.5793345Z ok 464 - atomically promotes an explicitly default second pipeline during creation
quality	Run repository quality gate	2026-10-05T13:43:49.5794184Z   ---
quality	Run repository quality gate	2026-10-05T13:43:49.5794664Z   duration_ms: 8.459894
quality	Run repository quality gate	2026-10-05T13:43:49.5795192Z   type: 'test'
quality	Run repository quality gate	2026-10-05T13:43:49.5795663Z   ...
quality	Run repository quality gate	2026-10-05T13:43:49.5796331Z # Subtest: keeps an explicitly non-default later pipeline non-default
quality	Run repository quality gate	2026-10-05T13:43:49.5797287Z ok 465 - keeps an explicitly non-default later pipeline non-default
quality	Run repository quality gate	2026-10-05T13:43:49.5798027Z   ---
quality	Run repository quality gate	2026-10-05T13:43:49.5798495Z   duration_ms: 1.230413
quality	Run repository quality gate	2026-10-05T13:43:49.5799154Z   type: 'test'
quality	Run repository quality gate	2026-10-05T13:43:49.5799624Z   ...
quality	Run repository quality gate	2026-10-05T13:43:49.5800359Z # Subtest: replays a concurrently committed command after a deterministic mutation race
quality	Run repository quality gate	2026-10-05T13:43:49.5801514Z ok 466 - replays a concurrently committed command after a deterministic mutation race
quality	Run repository quality gate	2026-10-05T13:43:49.5802394Z   ---
quality	Run repository quality gate	2026-10-05T13:43:49.5802869Z   duration_ms: 1.015385
quality	Run repository quality gate	2026-10-05T13:43:49.5803407Z   type: 'test'
quality	Run repository quality gate	2026-10-05T13:43:49.5803848Z   ...
quality	Run repository quality gate	2026-10-05T13:43:49.5804465Z # Subtest: canonical payload hashing never invokes object or array accessors
quality	Run repository quality gate	2026-10-05T13:43:49.5805457Z ok 467 - canonical payload hashing never invokes object or array accessors
quality	Run repository quality gate	2026-10-05T13:43:49.5806225Z   ---
quality	Run repository quality gate	2026-10-05T13:43:49.5806639Z   duration_ms: 0.558414
quality	Run repository quality gate	2026-10-05T13:43:49.5807056Z   type: 'test'
quality	Run repository quality gate	2026-10-05T13:43:49.5807450Z   ...
quality	Run repository quality gate	2026-10-05T13:43:49.5808191Z # Subtest: canonical payload hashing rejects cycles, sparse arrays and custom serialization
quality	Run repository quality gate	2026-10-05T13:43:49.5809501Z ok 468 - canonical payload hashing rejects cycles, sparse arrays and custom serialization
quality	Run repository quality gate	2026-10-05T13:43:49.5810309Z   ---
quality	Run repository quality gate	2026-10-05T13:43:49.5810752Z   duration_ms: 0.280503
quality	Run repository quality gate	2026-10-05T13:43:49.5811226Z   type: 'test'
quality	Run repository quality gate	2026-10-05T13:43:49.5811637Z   ...
quality	Run repository quality gate	2026-10-05T13:43:49.5812294Z # Subtest: replays a command by its stable API payload before service-side reads
quality	Run repository quality gate	2026-10-05T13:43:49.5813263Z ok 469 - replays a command by its stable API payload before service-side reads
quality	Run repository quality gate	2026-10-05T13:43:49.5813980Z   ---
quality	Run repository quality gate	2026-10-05T13:43:49.5814410Z   duration_ms: 1.053896
quality	Run repository quality gate	2026-10-05T13:43:49.5814890Z   type: 'test'
quality	Run repository quality gate	2026-10-05T13:43:49.5815321Z   ...
quality	Run repository quality gate	2026-10-05T13:43:49.5816913Z # Subtest: rejects an idempotency key reused with another payload
quality	Run repository quality gate	2026-10-05T13:43:49.5823575Z ok 470 - rejects an idempotency key reused with another payload
quality	Run repository quality gate	2026-10-05T13:43:49.5824205Z   ---
quality	Run repository quality gate	2026-10-05T13:43:49.5824498Z   duration_ms: 1.123576
quality	Run repository quality gate	2026-10-05T13:43:49.5824848Z   type: 'test'
quality	Run repository quality gate	2026-10-05T13:43:49.5825146Z   ...
quality	Run repository quality gate	2026-10-05T13:43:49.5825559Z # Subtest: rejects tenant ownership supplied for another tenant
quality	Run repository quality gate	2026-10-05T13:43:49.5826235Z ok 471 - rejects tenant ownership supplied for another tenant
quality	Run repository quality gate	2026-10-05T13:43:49.5826769Z   ---
quality	Run repository quality gate	2026-10-05T13:43:49.5827102Z   duration_ms: 0.489653
quality	Run repository quality gate	2026-10-05T13:43:49.5827488Z   type: 'test'
quality	Run repository quality gate	2026-10-05T13:43:49.5827834Z   ...
quality	Run repository quality gate	2026-10-05T13:43:49.5828423Z # Subtest: normalizes pipeline-domain validation failures at the runtime boundary
quality	Run repository quality gate	2026-10-05T13:43:49.5829614Z ok 472 - normalizes pipeline-domain validation failures at the runtime boundary
quality	Run repository quality gate	2026-10-05T13:43:49.5830320Z   ---
quality	Run repository quality gate	2026-10-05T13:43:49.5830656Z   duration_ms: 0.360158
quality	Run repository quality gate	2026-10-05T13:43:49.5831425Z   type: 'test'
quality	Run repository quality gate	2026-10-05T13:43:49.5831769Z   ...
quality	Run repository quality gate	2026-10-05T13:43:49.5832220Z # Subtest: enforces action permission at the operation boundary
quality	Run repository quality gate	2026-10-05T13:43:49.5832840Z ok 473 - enforces action permission at the operation boundary
quality	Run repository quality gate	2026-10-05T13:43:49.5833412Z   ---
quality	Run repository quality gate	2026-10-05T13:43:49.5833729Z   duration_ms: 0.248302
quality	Run repository quality gate	2026-10-05T13:43:49.5834105Z   type: 'test'
quality	Run repository quality gate	2026-10-05T13:43:49.5834434Z   ...
quality	Run repository quality gate	2026-10-05T13:43:49.5834914Z # Subtest: transitions a seeded deal with optimistic concurrency
quality	Run repository quality gate	2026-10-05T13:43:49.5835665Z ok 474 - transitions a seeded deal with optimistic concurrency
quality	Run repository quality gate	2026-10-05T13:43:49.5836249Z   ---
quality	Run repository quality gate	2026-10-05T13:43:49.5836571Z   duration_ms: 2.710404
quality	Run repository quality gate	2026-10-05T13:43:49.5836951Z   type: 'test'
quality	Run repository quality gate	2026-10-05T13:43:49.5837289Z   ...
quality	Run repository quality gate	2026-10-05T13:43:49.5840924Z # Subtest: serializes two concurrent transitions so only one stale version wins
quality	Run repository quality gate	2026-10-05T13:43:49.5842567Z ok 475 - serializes two concurrent transitions so only one stale version wins
quality	Run repository quality gate	2026-10-05T13:43:49.5849127Z   ---
quality	Run repository quality gate	2026-10-05T13:43:49.5849669Z   duration_ms: 1.140936
quality	Run repository quality gate	2026-10-05T13:43:49.5850215Z   type: 'test'
quality	Run repository quality gate	2026-10-05T13:43:49.5850668Z   ...
quality	Run repository quality gate	2026-10-05T13:43:49.5851324Z # Subtest: prevents deleting a stage that still owns a deal assignment
quality	Run repository quality gate	2026-10-05T13:43:49.5852164Z ok 476 - prevents deleting a stage that still owns a deal assignment
quality	Run repository quality gate	2026-10-05T13:43:49.5852755Z   ---
quality	Run repository quality gate	2026-10-05T13:43:49.5853179Z   duration_ms: 1.162794
quality	Run repository quality gate	2026-10-05T13:43:49.5853689Z   type: 'test'
quality	Run repository quality gate	2026-10-05T13:43:49.5854146Z   ...
quality	Run repository quality gate	2026-10-05T13:43:49.5854841Z # Subtest: atomically switches the default pipeline with optimistic concurrency
quality	Run repository quality gate	2026-10-05T13:43:49.5855988Z ok 477 - atomically switches the default pipeline with optimistic concurrency
quality	Run repository quality gate	2026-10-05T13:43:49.5856831Z   ---
quality	Run repository quality gate	2026-10-05T13:43:49.5857299Z   duration_ms: 1.517724
quality	Run repository quality gate	2026-10-05T13:43:49.5857833Z   type: 'test'
quality	Run repository quality gate	2026-10-05T13:43:49.5858314Z   ...
quality	Run repository quality gate	2026-10-05T13:43:49.5859156Z # Subtest: restore requires its own permission rather than archive permission
quality	Run repository quality gate	2026-10-05T13:43:49.5860252Z ok 478 - restore requires its own permission rather than archive permission
quality	Run repository quality gate	2026-10-05T13:43:49.5861070Z   ---
quality	Run repository quality gate	2026-10-05T13:43:49.5861543Z   duration_ms: 1.62978
quality	Run repository quality gate	2026-10-05T13:43:49.5862104Z   type: 'test'
quality	Run repository quality gate	2026-10-05T13:43:49.5862574Z   ...
quality	Run repository quality gate	2026-10-05T13:43:49.5863290Z # Subtest: in-memory keys do not collide when tenant and entity IDs contain colons
quality	Run repository quality gate	2026-10-05T13:43:49.5864391Z ok 479 - in-memory keys do not collide when tenant and entity IDs contain colons
quality	Run repository quality gate	2026-10-05T13:43:49.5865075Z   ---
quality	Run repository quality gate	2026-10-05T13:43:49.5865393Z   duration_ms: 0.328951
quality	Run repository quality gate	2026-10-05T13:43:49.5865706Z   type: 'test'
quality	Run repository quality gate	2026-10-05T13:43:49.5865980Z   ...
quality	Run repository quality gate	2026-10-05T13:43:49.5866277Z # Subtest: enforces the bounded pipeline count
quality	Run repository quality gate	2026-10-05T13:43:49.5866681Z ok 480 - enforces the bounded pipeline count
quality	Run repository quality gate	2026-10-05T13:43:49.5867032Z   ---
quality	Run repository quality gate	2026-10-05T13:43:49.5867316Z   duration_ms: 12.121751
quality	Run repository quality gate	2026-10-05T13:43:49.5867622Z   type: 'test'
quality	Run repository quality gate	2026-10-05T13:43:49.5867896Z   ...
quality	Run repository quality gate	2026-10-05T13:43:49.6920292Z # Subtest: givenPlainCredential_whenSealingAndOpening_thenReturnsValidatedPlaintext
quality	Run repository quality gate	2026-10-05T13:43:49.6930291Z ok 481 - givenPlainCredential_whenSealingAndOpening_thenReturnsValidatedPlaintext
quality	Run repository quality gate	2026-10-05T13:43:49.6930893Z   ---
quality	Run repository quality gate	2026-10-05T13:43:49.6931113Z   duration_ms: 4.595459
quality	Run repository quality gate	2026-10-05T13:43:49.6931385Z   type: 'test'
quality	Run repository quality gate	2026-10-05T13:43:49.6931607Z   ...
quality	Run repository quality gate	2026-10-05T13:43:49.6931981Z # Subtest: givenLegacyPlaintextAndStrictMode_whenOpening_thenRejects
quality	Run repository quality gate	2026-10-05T13:43:49.6932566Z ok 482 - givenLegacyPlaintextAndStrictMode_whenOpening_thenRejects
quality	Run repository quality gate	2026-10-05T13:43:49.6932989Z   ---
quality	Run repository quality gate	2026-10-05T13:43:49.6933206Z   duration_ms: 0.608126
quality	Run repository quality gate	2026-10-05T13:43:49.6933456Z   type: 'test'
quality	Run repository quality gate	2026-10-05T13:43:49.6933681Z   ...
quality	Run repository quality gate	2026-10-05T13:43:49.6934119Z # Subtest: givenLegacyPlaintextAndMigrationMode_whenOpening_thenMarksMigrationRequired
quality	Run repository quality gate	2026-10-05T13:43:49.6934905Z ok 483 - givenLegacyPlaintextAndMigrationMode_whenOpening_thenMarksMigrationRequired
quality	Run repository quality gate	2026-10-05T13:43:49.6935417Z   ---
quality	Run repository quality gate	2026-10-05T13:43:49.6935619Z   duration_ms: 0.491784
quality	Run repository quality gate	2026-10-05T13:43:49.6936226Z   type: 'test'
quality	Run repository quality gate	2026-10-05T13:43:49.6936808Z   ...
quality	Run repository quality gate	2026-10-05T13:43:49.6937149Z # Subtest: givenEncryptedValue_whenSealingAgain_thenPreventsDoubleEncryption
quality	Run repository quality gate	2026-10-05T13:43:49.6937689Z ok 484 - givenEncryptedValue_whenSealingAgain_thenPreventsDoubleEncryption
quality	Run repository quality gate	2026-10-05T13:43:49.6938074Z   ---
quality	Run repository quality gate	2026-10-05T13:43:49.6938282Z   duration_ms: 0.455724
quality	Run repository quality gate	2026-10-05T13:43:49.6938515Z   type: 'test'
quality	Run repository quality gate	2026-10-05T13:43:49.6938949Z   ...
quality	Run repository quality gate	2026-10-05T13:43:49.8010254Z # Subtest: givenValidContext_whenEncryptingAndDecrypting_thenRoundTripsWithoutPlaintextLeakage
quality	Run repository quality gate	2026-10-05T13:43:49.8011941Z ok 485 - givenValidContext_whenEncryptingAndDecrypting_thenRoundTripsWithoutPlaintextLeakage
quality	Run repository quality gate	2026-10-05T13:43:49.8012752Z   ---
quality	Run repository quality gate	2026-10-05T13:43:49.8013077Z   duration_ms: 3.954771
quality	Run repository quality gate	2026-10-05T13:43:49.8013411Z   type: 'test'
quality	Run repository quality gate	2026-10-05T13:43:49.8013969Z   ...
quality	Run repository quality gate	2026-10-05T13:43:49.8014361Z # Subtest: givenSamePlaintext_whenEncryptedTwice_thenRandomIvProducesDifferentEnvelopes
quality	Run repository quality gate	2026-10-05T13:43:49.8024233Z ok 486 - givenSamePlaintext_whenEncryptedTwice_thenRandomIvProducesDifferentEnvelopes
quality	Run repository quality gate	2026-10-05T13:43:49.8025093Z   ---
quality	Run repository quality gate	2026-10-05T13:43:49.8025417Z   duration_ms: 0.784581
quality	Run repository quality gate	2026-10-05T13:43:49.8025786Z   type: 'test'
quality	Run repository quality gate	2026-10-05T13:43:49.8026105Z   ...
quality	Run repository quality gate	2026-10-05T13:43:49.8026592Z # Subtest: givenWrongTenantContext_whenDecrypting_thenAuthenticationFails
quality	Run repository quality gate	2026-10-05T13:43:49.8027390Z ok 487 - givenWrongTenantContext_whenDecrypting_thenAuthenticationFails
quality	Run repository quality gate	2026-10-05T13:43:49.8027990Z   ---
quality	Run repository quality gate	2026-10-05T13:43:49.8028288Z   duration_ms: 0.807719
quality	Run repository quality gate	2026-10-05T13:43:49.8028638Z   type: 'test'
quality	Run repository quality gate	2026-10-05T13:43:49.8029101Z   ...
quality	Run repository quality gate	2026-10-05T13:43:49.8029651Z # Subtest: givenTamperedCiphertext_whenDecrypting_thenAuthenticationFails
quality	Run repository quality gate	2026-10-05T13:43:49.8030499Z ok 488 - givenTamperedCiphertext_whenDecrypting_thenAuthenticationFails
quality	Run repository quality gate	2026-10-05T13:43:49.8031105Z   ---
quality	Run repository quality gate	2026-10-05T13:43:49.8031424Z   duration_ms: 0.565673
quality	Run repository quality gate	2026-10-05T13:43:49.8031780Z   type: 'test'
quality	Run repository quality gate	2026-10-05T13:43:49.8032106Z   ...
quality	Run repository quality gate	2026-10-05T13:43:49.8032500Z # Subtest: givenMissingHistoricalKey_whenDecrypting_thenFailsWithoutLeakingSecret
quality	Run repository quality gate	2026-10-05T13:43:49.8033318Z ok 489 - givenMissingHistoricalKey_whenDecrypting_thenFailsWithoutLeakingSecret
quality	Run repository quality gate	2026-10-05T13:43:49.8033925Z   ---
quality	Run repository quality gate	2026-10-05T13:43:49.8034209Z   duration_ms: 0.620925
quality	Run repository quality gate	2026-10-05T13:43:49.8034565Z   type: 'test'
quality	Run repository quality gate	2026-10-05T13:43:49.8034861Z   ...
quality	Run repository quality gate	2026-10-05T13:43:49.8035402Z # Subtest: givenHistoricalKeyAndNewActiveKey_whenRotating_thenReencryptsWithNewKey
quality	Run repository quality gate	2026-10-05T13:43:49.8040281Z ok 490 - givenHistoricalKeyAndNewActiveKey_whenRotating_thenReencryptsWithNewKey
quality	Run repository quality gate	2026-10-05T13:43:49.8041296Z   ---
quality	Run repository quality gate	2026-10-05T13:43:49.8041800Z   duration_ms: 0.828848
quality	Run repository quality gate	2026-10-05T13:43:49.8042343Z   type: 'test'
quality	Run repository quality gate	2026-10-05T13:43:49.8042825Z   ...
quality	Run repository quality gate	2026-10-05T13:43:49.8043528Z # Subtest: givenPlaintext_whenDecrypting_thenRejectsImplicitLegacyFallback
quality	Run repository quality gate	2026-10-05T13:43:49.8044658Z ok 491 - givenPlaintext_whenDecrypting_thenRejectsImplicitLegacyFallback
quality	Run repository quality gate	2026-10-05T13:43:49.8045485Z   ---
quality	Run repository quality gate	2026-10-05T13:43:49.8045982Z   duration_ms: 0.310467
quality	Run repository quality gate	2026-10-05T13:43:49.8046508Z   type: 'test'
quality	Run repository quality gate	2026-10-05T13:43:49.8047000Z   ...
quality	Run repository quality gate	2026-10-05T13:43:49.8047676Z # Subtest: givenInvalidKeyLength_whenCreatingProvider_thenFailsFast
quality	Run repository quality gate	2026-10-05T13:43:49.8048649Z ok 492 - givenInvalidKeyLength_whenCreatingProvider_thenFailsFast
quality	Run repository quality gate	2026-10-05T13:43:49.8049735Z   ---
quality	Run repository quality gate	2026-10-05T13:43:49.8050199Z   duration_ms: 0.200284
quality	Run repository quality gate	2026-10-05T13:43:49.8050727Z   type: 'test'
quality	Run repository quality gate	2026-10-05T13:43:49.8051204Z   ...
quality	Run repository quality gate	2026-10-05T13:43:49.8066550Z # Subtest: givenEnvironmentKeyring_whenCreatingProvider_thenValidatesAndDecrypts
quality	Run repository quality gate	2026-10-05T13:43:49.8067589Z ok 493 - givenEnvironmentKeyring_whenCreatingProvider_thenValidatesAndDecrypts
quality	Run repository quality gate	2026-10-05T13:43:49.8068102Z   ---
quality	Run repository quality gate	2026-10-05T13:43:49.8068328Z   duration_ms: 0.717895
quality	Run repository quality gate	2026-10-05T13:43:49.8068564Z   type: 'test'
quality	Run repository quality gate	2026-10-05T13:43:49.8068916Z   ...
quality	Run repository quality gate	2026-10-05T13:43:49.8069288Z # Subtest: givenEnvelope_whenRedactingAndFingerprinting_thenNeverReturnsPlaintext
quality	Run repository quality gate	2026-10-05T13:43:49.8069854Z ok 494 - givenEnvelope_whenRedactingAndFingerprinting_thenNeverReturnsPlaintext
quality	Run repository quality gate	2026-10-05T13:43:49.8070646Z   ---
quality	Run repository quality gate	2026-10-05T13:43:49.8070849Z   duration_ms: 1.034024
quality	Run repository quality gate	2026-10-05T13:43:49.8071088Z   type: 'test'
quality	Run repository quality gate	2026-10-05T13:43:49.8071296Z   ...
quality	Run repository quality gate	2026-10-05T13:43:49.8071626Z # Subtest: givenOversizedPlaintext_whenEncrypting_thenRejectsBeforeEncryption
quality	Run repository quality gate	2026-10-05T13:43:49.8072163Z ok 495 - givenOversizedPlaintext_whenEncrypting_thenRejectsBeforeEncryption
quality	Run repository quality gate	2026-10-05T13:43:49.8072547Z   ---
quality	Run repository quality gate	2026-10-05T13:43:49.8072752Z   duration_ms: 0.264868
quality	Run repository quality gate	2026-10-05T13:43:49.8072982Z   type: 'test'
quality	Run repository quality gate	2026-10-05T13:43:49.8073252Z   ...
quality	Run repository quality gate	2026-10-05T13:43:49.9085285Z # Subtest: givenUnscopedWhere_whenScoping_thenInjectsActiveTenant
quality	Run repository quality gate	2026-10-05T13:43:49.9086368Z ok 496 - givenUnscopedWhere_whenScoping_thenInjectsActiveTenant
quality	Run repository quality gate	2026-10-05T13:43:49.9087099Z   ---
quality	Run repository quality gate	2026-10-05T13:43:49.9087450Z   duration_ms: 2.201615
quality	Run repository quality gate	2026-10-05T13:43:49.9088275Z   type: 'test'
quality	Run repository quality gate	2026-10-05T13:43:49.9088600Z   ...
quality	Run repository quality gate	2026-10-05T13:43:49.9089189Z # Subtest: givenCrossTenantSelector_whenScoping_thenRejects
quality	Run repository quality gate	2026-10-05T13:43:49.9089914Z ok 497 - givenCrossTenantSelector_whenScoping_thenRejects
quality	Run repository quality gate	2026-10-05T13:43:49.9090419Z   ---
quality	Run repository quality gate	2026-10-05T13:43:49.9090742Z   duration_ms: 0.440059
quality	Run repository quality gate	2026-10-05T13:43:49.9091114Z   type: 'test'
quality	Run repository quality gate	2026-10-05T13:43:49.9091404Z   ...
quality	Run repository quality gate	2026-10-05T13:43:49.9109840Z # Subtest: givenCreatePayloadForAnotherTenant_whenScoping_thenRejects
quality	Run repository quality gate	2026-10-05T13:43:49.9110611Z ok 498 - givenCreatePayloadForAnotherTenant_whenScoping_thenRejects
quality	Run repository quality gate	2026-10-05T13:43:49.9110991Z   ---
quality	Run repository quality gate	2026-10-05T13:43:49.9111208Z   duration_ms: 0.186599
quality	Run repository quality gate	2026-10-05T13:43:49.9111461Z   type: 'test'
quality	Run repository quality gate	2026-10-05T13:43:49.9111669Z   ...
quality	Run repository quality gate	2026-10-05T13:43:49.9111989Z # Subtest: givenAttemptedTenantReassignment_whenUpdating_thenRejects
quality	Run repository quality gate	2026-10-05T13:43:49.9112474Z ok 499 - givenAttemptedTenantReassignment_whenUpdating_thenRejects
quality	Run repository quality gate	2026-10-05T13:43:49.9112834Z   ---
quality	Run repository quality gate	2026-10-05T13:43:49.9113054Z   duration_ms: 0.262741
quality	Run repository quality gate	2026-10-05T13:43:49.9113283Z   type: 'test'
quality	Run repository quality gate	2026-10-05T13:43:49.9113494Z   ...
quality	Run repository quality gate	2026-10-05T13:43:49.9113828Z # Subtest: givenUniqueSelector_whenScoping_thenKeepsUniqueFieldAndAddsTenant
quality	Run repository quality gate	2026-10-05T13:43:49.9114383Z ok 500 - givenUniqueSelector_whenScoping_thenKeepsUniqueFieldAndAddsTenant
quality	Run repository quality gate	2026-10-05T13:43:49.9114773Z   ---
quality	Run repository quality gate	2026-10-05T13:43:49.9114973Z   duration_ms: 0.22927
quality	Run repository quality gate	2026-10-05T13:43:49.9115209Z   type: 'test'
quality	Run repository quality gate	2026-10-05T13:43:49.9115411Z   ...
quality	Run repository quality gate	2026-10-05T13:43:49.9115804Z # Subtest: givenSameOperationInDifferentTenants_whenBuildingIdempotencyKey_thenKeysDiffer
quality	Run repository quality gate	2026-10-05T13:43:49.9116439Z ok 501 - givenSameOperationInDifferentTenants_whenBuildingIdempotencyKey_thenKeysDiffer
quality	Run repository quality gate	2026-10-05T13:43:49.9116881Z   ---
quality	Run repository quality gate	2026-10-05T13:43:49.9117089Z   duration_ms: 0.70835
quality	Run repository quality gate	2026-10-05T13:43:49.9117311Z   type: 'test'
quality	Run repository quality gate	2026-10-05T13:43:49.9117526Z   ...
quality	Run repository quality gate	2026-10-05T13:43:49.9126747Z # Subtest: givenTenantScopedDelegate_whenReading_thenAlwaysInjectsTenantAndValidatesResults
quality	Run repository quality gate	2026-10-05T13:43:49.9128178Z ok 502 - givenTenantScopedDelegate_whenReading_thenAlwaysInjectsTenantAndValidatesResults
quality	Run repository quality gate	2026-10-05T13:43:49.9129181Z   ---
quality	Run repository quality gate	2026-10-05T13:43:49.9129562Z   duration_ms: 0.511594
quality	Run repository quality gate	2026-10-05T13:43:49.9130045Z   type: 'test'
quality	Run repository quality gate	2026-10-05T13:43:49.9130477Z   ...
quality	Run repository quality gate	2026-10-05T13:43:49.9137086Z # Subtest: givenCompromisedDelegateReturningAnotherTenant_whenReading_thenFailsClosed
quality	Run repository quality gate	2026-10-05T13:43:49.9137935Z ok 503 - givenCompromisedDelegateReturningAnotherTenant_whenReading_thenFailsClosed
quality	Run repository quality gate	2026-10-05T13:43:49.9138421Z   ---
quality	Run repository quality gate	2026-10-05T13:43:49.9138639Z   duration_ms: 0.339594
quality	Run repository quality gate	2026-10-05T13:43:49.9139074Z   type: 'test'
quality	Run repository quality gate	2026-10-05T13:43:49.9139298Z   ...
quality	Run repository quality gate	2026-10-05T13:43:49.9139686Z # Subtest: givenScopedMutation_whenUpdating_thenScopesWhereAndForbidsOwnershipChange
quality	Run repository quality gate	2026-10-05T13:43:49.9140476Z ok 504 - givenScopedMutation_whenUpdating_thenScopesWhereAndForbidsOwnershipChange
quality	Run repository quality gate	2026-10-05T13:43:49.9141190Z   ---
quality	Run repository quality gate	2026-10-05T13:43:49.9141520Z   duration_ms: 0.485093
quality	Run repository quality gate	2026-10-05T13:43:49.9141907Z   type: 'test'
quality	Run repository quality gate	2026-10-05T13:43:49.9142206Z   ...
quality	Run repository quality gate	2026-10-05T13:43:49.9142690Z # Subtest: givenPrototypePollutionKey_whenScoping_thenRejectsInput
quality	Run repository quality gate	2026-10-05T13:43:49.9143357Z ok 505 - givenPrototypePollutionKey_whenScoping_thenRejectsInput
quality	Run repository quality gate	2026-10-05T13:43:49.9144026Z   ---
quality	Run repository quality gate	2026-10-05T13:43:49.9144220Z   duration_ms: 0.404953
quality	Run repository quality gate	2026-10-05T13:43:49.9144483Z   type: 'test'
quality	Run repository quality gate	2026-10-05T13:43:49.9144753Z   ...
quality	Run repository quality gate	2026-10-05T13:43:49.9145360Z # Subtest: givenCallerSelectExcludesTenantField_whenReading_thenVerifiesInternallyAndRestoresRequestedShape
quality	Run repository quality gate	2026-10-05T13:43:49.9146161Z ok 506 - givenCallerSelectExcludesTenantField_whenReading_thenVerifiesInternallyAndRestoresRequestedShape
quality	Run repository quality gate	2026-10-05T13:43:49.9146669Z   ---
quality	Run repository quality gate	2026-10-05T13:43:49.9146870Z   duration_ms: 0.304408
quality	Run repository quality gate	2026-10-05T13:43:49.9147091Z   type: 'test'
quality	Run repository quality gate	2026-10-05T13:43:49.9147287Z   ...
quality	Run repository quality gate	2026-10-05T13:43:50.0166473Z # Subtest: graphite/light: semantic text and controls meet contrast thresholds
quality	Run repository quality gate	2026-10-05T13:43:50.0168022Z ok 507 - graphite/light: semantic text and controls meet contrast thresholds
quality	Run repository quality gate	2026-10-05T13:43:50.0169558Z   ---
quality	Run repository quality gate	2026-10-05T13:43:50.0170049Z   duration_ms: 1.414907
quality	Run repository quality gate	2026-10-05T13:43:50.0170606Z   type: 'test'
quality	Run repository quality gate	2026-10-05T13:43:50.0171074Z   ...
quality	Run repository quality gate	2026-10-05T13:43:50.0171774Z # Subtest: graphite/dark: semantic text and controls meet contrast thresholds
quality	Run repository quality gate	2026-10-05T13:43:50.0172845Z ok 508 - graphite/dark: semantic text and controls meet contrast thresholds
quality	Run repository quality gate	2026-10-05T13:43:50.0173648Z   ---
quality	Run repository quality gate	2026-10-05T13:43:50.0174084Z   duration_ms: 0.349155
quality	Run repository quality gate	2026-10-05T13:43:50.0174575Z   type: 'test'
quality	Run repository quality gate	2026-10-05T13:43:50.0175045Z   ...
quality	Run repository quality gate	2026-10-05T13:43:50.0175706Z # Subtest: grove/light: semantic text and controls meet contrast thresholds
quality	Run repository quality gate	2026-10-05T13:43:50.0176704Z ok 509 - grove/light: semantic text and controls meet contrast thresholds
quality	Run repository quality gate	2026-10-05T13:43:50.0177462Z   ---
quality	Run repository quality gate	2026-10-05T13:43:50.0177941Z   duration_ms: 0.898249
quality	Run repository quality gate	2026-10-05T13:43:50.0178459Z   type: 'test'
quality	Run repository quality gate	2026-10-05T13:43:50.0179102Z   ...
quality	Run repository quality gate	2026-10-05T13:43:50.0179798Z # Subtest: grove/dark: semantic text and controls meet contrast thresholds
quality	Run repository quality gate	2026-10-05T13:43:50.0180804Z ok 510 - grove/dark: semantic text and controls meet contrast thresholds
quality	Run repository quality gate	2026-10-05T13:43:50.0181575Z   ---
quality	Run repository quality gate	2026-10-05T13:43:50.0182038Z   duration_ms: 0.185513
quality	Run repository quality gate	2026-10-05T13:43:50.0182572Z   type: 'test'
quality	Run repository quality gate	2026-10-05T13:43:50.0183045Z   ...
quality	Run repository quality gate	2026-10-05T13:43:50.0183661Z # Subtest: sand/light: semantic text and controls meet contrast thresholds
quality	Run repository quality gate	2026-10-05T13:43:50.0184583Z ok 511 - sand/light: semantic text and controls meet contrast thresholds
quality	Run repository quality gate	2026-10-05T13:43:50.0185244Z   ---
quality	Run repository quality gate	2026-10-05T13:43:50.0185686Z   duration_ms: 0.239475
quality	Run repository quality gate	2026-10-05T13:43:50.0190851Z   type: 'test'
quality	Run repository quality gate	2026-10-05T13:43:50.0191447Z   ...
quality	Run repository quality gate	2026-10-05T13:43:50.0192101Z # Subtest: sand/dark: semantic text and controls meet contrast thresholds
quality	Run repository quality gate	2026-10-05T13:43:50.0193022Z ok 512 - sand/dark: semantic text and controls meet contrast thresholds
quality	Run repository quality gate	2026-10-05T13:43:50.0193761Z   ---
quality	Run repository quality gate	2026-10-05T13:43:50.0194227Z   duration_ms: 0.165634
quality	Run repository quality gate	2026-10-05T13:43:50.0194742Z   type: 'test'
quality	Run repository quality gate	2026-10-05T13:43:50.0195232Z   ...
quality	Run repository quality gate	2026-10-05T13:43:50.0196004Z # Subtest: indigo/light: semantic text and controls meet contrast thresholds
quality	Run repository quality gate	2026-10-05T13:43:50.0197020Z ok 513 - indigo/light: semantic text and controls meet contrast thresholds
quality	Run repository quality gate	2026-10-05T13:43:50.0197804Z   ---
quality	Run repository quality gate	2026-10-05T13:43:50.0198277Z   duration_ms: 0.145124
quality	Run repository quality gate	2026-10-05T13:43:50.0198926Z   type: 'test'
quality	Run repository quality gate	2026-10-05T13:43:50.0199413Z   ...
quality	Run repository quality gate	2026-10-05T13:43:50.0200096Z # Subtest: indigo/dark: semantic text and controls meet contrast thresholds
quality	Run repository quality gate	2026-10-05T13:43:50.0201084Z ok 514 - indigo/dark: semantic text and controls meet contrast thresholds
quality	Run repository quality gate	2026-10-05T13:43:50.0260165Z   ---
quality	Run repository quality gate	2026-10-05T13:43:50.0260787Z   duration_ms: 0.165058
quality	Run repository quality gate	2026-10-05T13:43:50.0261215Z   type: 'test'
quality	Run repository quality gate	2026-10-05T13:43:50.0261557Z   ...
quality	Run repository quality gate	2026-10-05T13:43:50.0262109Z # Subtest: invalid, oversized or future-version stored preferences fall back safely
quality	Run repository quality gate	2026-10-05T13:43:50.0262683Z ok 515 - invalid, oversized or future-version stored preferences fall back safely
quality	Run repository quality gate	2026-10-05T13:43:50.0263101Z   ---
quality	Run repository quality gate	2026-10-05T13:43:50.0263314Z   duration_ms: 0.986381
quality	Run repository quality gate	2026-10-05T13:43:50.0263544Z   type: 'test'
quality	Run repository quality gate	2026-10-05T13:43:50.0263757Z   ...
quality	Run repository quality gate	2026-10-05T13:43:50.0279974Z # Subtest: whitelisted preferences survive parsing and DOM application; unrelated attributes remain
quality	Run repository quality gate	2026-10-05T13:43:50.0281997Z ok 516 - whitelisted preferences survive parsing and DOM application; unrelated attributes remain
quality	Run repository quality gate	2026-10-05T13:43:50.0283210Z   ---
quality	Run repository quality gate	2026-10-05T13:43:50.0283565Z   duration_ms: 0.440594
quality	Run repository quality gate	2026-10-05T13:43:50.0283963Z   type: 'test'
quality	Run repository quality gate	2026-10-05T13:43:50.0284310Z   ...
quality	Run repository quality gate	2026-10-05T13:43:50.0284914Z # Subtest: pre-paint bootstrap and parser agree, including unavailable storage
quality	Run repository quality gate	2026-10-05T13:43:50.0285894Z ok 517 - pre-paint bootstrap and parser agree, including unavailable storage
quality	Run repository quality gate	2026-10-05T13:43:50.0286571Z   ---
quality	Run repository quality gate	2026-10-05T13:43:50.0286839Z   duration_ms: 3.216453
quality	Run repository quality gate	2026-10-05T13:43:50.0287163Z   type: 'test'
quality	Run repository quality gate	2026-10-05T13:43:50.0287448Z   ...
quality	Run repository quality gate	2026-10-05T13:43:50.0319807Z # Subtest: generated CSS is exactly derived from the tested token registry
quality	Run repository quality gate	2026-10-05T13:43:50.0321140Z ok 518 - generated CSS is exactly derived from the tested token registry
quality	Run repository quality gate	2026-10-05T13:43:50.0321759Z   ---
quality	Run repository quality gate	2026-10-05T13:43:50.0322071Z   duration_ms: 18.863063
quality	Run repository quality gate	2026-10-05T13:43:50.0322454Z   type: 'test'
quality	Run repository quality gate	2026-10-05T13:43:50.0322752Z   ...
quality	Run repository quality gate	2026-10-05T13:43:50.0323179Z # Subtest: palette contracts are immutable and equally capable
quality	Run repository quality gate	2026-10-05T13:43:50.0323824Z ok 519 - palette contracts are immutable and equally capable
quality	Run repository quality gate	2026-10-05T13:43:50.0324309Z   ---
quality	Run repository quality gate	2026-10-05T13:43:50.0324632Z   duration_ms: 0.640694
quality	Run repository quality gate	2026-10-05T13:43:50.0324989Z   type: 'test'
quality	Run repository quality gate	2026-10-05T13:43:50.0325316Z   ...
quality	Run repository quality gate	2026-10-05T13:43:50.1194115Z # Subtest: semantic check-types is mandatory, not an absent typecheck alias
quality	Run repository quality gate	2026-10-05T13:43:50.1195570Z ok 520 - semantic check-types is mandatory, not an absent typecheck alias
quality	Run repository quality gate	2026-10-05T13:43:50.1196481Z   ---
quality	Run repository quality gate	2026-10-05T13:43:50.1196959Z   duration_ms: 1.465216
quality	Run repository quality gate	2026-10-05T13:43:50.1197356Z   type: 'test'
quality	Run repository quality gate	2026-10-05T13:43:50.1197783Z   ...
quality	Run repository quality gate	2026-10-05T13:43:50.1198302Z # Subtest: a full quality gate cannot silently skip build
quality	Run repository quality gate	2026-10-05T13:43:50.1200249Z ok 521 - a full quality gate cannot silently skip build
quality	Run repository quality gate	2026-10-05T13:43:50.1200776Z   ---
quality	Run repository quality gate	2026-10-05T13:43:50.1201072Z   duration_ms: 0.154587
quality	Run repository quality gate	2026-10-05T13:43:50.1201431Z   type: 'test'
quality	Run repository quality gate	2026-10-05T13:43:50.1201764Z   ...
quality	Run repository quality gate	2026-10-05T13:43:50.2155431Z # Subtest: given clean repository when audited then returns no findings
quality	Run repository quality gate	2026-10-05T13:43:50.2156655Z ok 522 - given clean repository when audited then returns no findings
quality	Run repository quality gate	2026-10-05T13:43:50.2157232Z   ---
quality	Run repository quality gate	2026-10-05T13:43:50.2157939Z   duration_ms: 8.386302
quality	Run repository quality gate	2026-10-05T13:43:50.2158403Z   type: 'test'
quality	Run repository quality gate	2026-10-05T13:43:50.2158719Z   ...
quality	Run repository quality gate	2026-10-05T13:43:50.2179385Z # Subtest: given UTF-8 BOM package manifest when audited then reports JSON_BOM
quality	Run repository quality gate	2026-10-05T13:43:50.2180473Z ok 523 - given UTF-8 BOM package manifest when audited then reports JSON_BOM
quality	Run repository quality gate	2026-10-05T13:43:50.2181121Z   ---
quality	Run repository quality gate	2026-10-05T13:43:50.2181461Z   duration_ms: 2.508238
quality	Run repository quality gate	2026-10-05T13:43:50.2181873Z   type: 'test'
quality	Run repository quality gate	2026-10-05T13:43:50.2182124Z   ...
quality	Run repository quality gate	2026-10-05T13:43:50.2204763Z # Subtest: given legacy identity in source when audited then reports it
quality	Run repository quality gate	2026-10-05T13:43:50.2205497Z ok 524 - given legacy identity in source when audited then reports it
quality	Run repository quality gate	2026-10-05T13:43:50.2205955Z   ---
quality	Run repository quality gate	2026-10-05T13:43:50.2206178Z   duration_ms: 2.332514
quality	Run repository quality gate	2026-10-05T13:43:50.2206605Z   type: 'test'
quality	Run repository quality gate	2026-10-05T13:43:50.2206857Z   ...
quality	Run repository quality gate	2026-10-05T13:43:50.2222866Z # Subtest: given secret-like token in source when audited then reports without exposing token
quality	Run repository quality gate	2026-10-05T13:43:50.2223692Z ok 525 - given secret-like token in source when audited then reports without exposing token
quality	Run repository quality gate	2026-10-05T13:43:50.2224252Z   ---
quality	Run repository quality gate	2026-10-05T13:43:50.2224603Z   duration_ms: 1.817991
quality	Run repository quality gate	2026-10-05T13:43:50.2224868Z   type: 'test'
quality	Run repository quality gate	2026-10-05T13:43:50.2225148Z   ...
quality	Run repository quality gate	2026-10-05T13:43:50.2241663Z # Subtest: given secret placeholder in .env.example when audited then does not treat it as committed secret
quality	Run repository quality gate	2026-10-05T13:43:50.2242844Z ok 526 - given secret placeholder in .env.example when audited then does not treat it as committed secret
quality	Run repository quality gate	2026-10-05T13:43:50.2243692Z   ---
quality	Run repository quality gate	2026-10-05T13:43:50.2244165Z   duration_ms: 1.814562
quality	Run repository quality gate	2026-10-05T13:43:50.2244680Z   type: 'test'
quality	Run repository quality gate	2026-10-05T13:43:50.2245229Z   ...
quality	Run repository quality gate	2026-10-05T13:43:50.3199650Z # Subtest: worker once processes one tick and returns without claiming an asynchronous promise
quality	Run repository quality gate	2026-10-05T13:43:50.3201437Z ok 527 - worker once processes one tick and returns without claiming an asynchronous promise
quality	Run repository quality gate	2026-10-05T13:43:50.3202193Z   ---
quality	Run repository quality gate	2026-10-05T13:43:50.3202528Z   duration_ms: 1.075206
quality	Run repository quality gate	2026-10-05T13:43:50.3202915Z   type: 'test'
quality	Run repository quality gate	2026-10-05T13:43:50.3203259Z   ...
quality	Run repository quality gate	2026-10-05T13:43:50.3205599Z # Subtest: worker shutdown drains the current tick and does not start a replacement tick
quality	Run repository quality gate	2026-10-05T13:43:50.3208265Z ok 528 - worker shutdown drains the current tick and does not start a replacement tick
quality	Run repository quality gate	2026-10-05T13:43:50.3209176Z   ---
quality	Run repository quality gate	2026-10-05T13:43:50.3209516Z   duration_ms: 0.778512
quality	Run repository quality gate	2026-10-05T13:43:50.3210329Z   type: 'test'
quality	Run repository quality gate	2026-10-05T13:43:50.3210662Z   ...
quality	Run repository quality gate	2026-10-05T13:43:50.3212934Z # Subtest: worker exits for review on once failure and emits no raw credentials
quality	Run repository quality gate	2026-10-05T13:43:50.3215919Z ok 529 - worker exits for review on once failure and emits no raw credentials
quality	Run repository quality gate	2026-10-05T13:43:50.3216619Z   ---
quality	Run repository quality gate	2026-10-05T13:43:50.3216901Z   duration_ms: 0.547222
quality	Run repository quality gate	2026-10-05T13:43:50.3217247Z   type: 'test'
quality	Run repository quality gate	2026-10-05T13:43:50.3217564Z   ...
quality	Run repository quality gate	2026-10-05T13:43:50.3220778Z # Subtest: worker validates poll bounds and honors already-aborted signal
quality	Run repository quality gate	2026-10-05T13:43:50.3221826Z ok 530 - worker validates poll bounds and honors already-aborted signal
quality	Run repository quality gate	2026-10-05T13:43:50.3222432Z   ---
quality	Run repository quality gate	2026-10-05T13:43:50.3222726Z   duration_ms: 0.212806
quality	Run repository quality gate	2026-10-05T13:43:50.3223060Z   type: 'test'
quality	Run repository quality gate	2026-10-05T13:43:50.3223432Z   ...
quality	Run repository quality gate	2026-10-05T13:43:50.6263367Z # Subtest: operator upload and a new-process plan recover the same encrypted source
quality	Run repository quality gate	2026-10-05T13:43:50.6264368Z ok 531 - operator upload and a new-process plan recover the same encrypted source
quality	Run repository quality gate	2026-10-05T13:43:50.6265071Z   ---
quality	Run repository quality gate	2026-10-05T13:43:50.6265395Z   duration_ms: 212.421137
quality	Run repository quality gate	2026-10-05T13:43:50.6265804Z   type: 'test'
quality	Run repository quality gate	2026-10-05T13:43:50.6266137Z   ...
quality	Run repository quality gate	2026-10-05T13:43:50.8287520Z # Subtest: operator preparation fails without keys and never overwrites a report
quality	Run repository quality gate	2026-10-05T13:43:50.8288375Z ok 532 - operator preparation fails without keys and never overwrites a report
quality	Run repository quality gate	2026-10-05T13:43:50.8290312Z   ---
quality	Run repository quality gate	2026-10-05T13:43:50.8290666Z   duration_ms: 202.161012
quality	Run repository quality gate	2026-10-05T13:43:50.8291029Z   type: 'test'
quality	Run repository quality gate	2026-10-05T13:43:50.8291238Z   ...
quality	Run repository quality gate	2026-10-05T13:43:50.9268410Z # Subtest: unsupported files fail before any CRM write or success report
quality	Run repository quality gate	2026-10-05T13:43:50.9269257Z ok 533 - unsupported files fail before any CRM write or success report
quality	Run repository quality gate	2026-10-05T13:43:50.9269656Z   ---
quality	Run repository quality gate	2026-10-05T13:43:50.9269869Z   duration_ms: 98.217447
quality	Run repository quality gate	2026-10-05T13:43:50.9270115Z   type: 'test'
quality	Run repository quality gate	2026-10-05T13:43:50.9270324Z   ...
quality	Run repository quality gate	2026-10-05T13:43:51.0320343Z # Subtest: accepts the single governed executor boundary
quality	Run repository quality gate	2026-10-05T13:43:51.0320921Z ok 534 - accepts the single governed executor boundary
quality	Run repository quality gate	2026-10-05T13:43:51.0321247Z   ---
quality	Run repository quality gate	2026-10-05T13:43:51.0321472Z   duration_ms: 12.527725
quality	Run repository quality gate	2026-10-05T13:43:51.0321714Z   type: 'test'
quality	Run repository quality gate	2026-10-05T13:43:51.0321951Z   ...
quality	Run repository quality gate	2026-10-05T13:43:51.0420881Z # Subtest: reports direct catalog execution in production source
quality	Run repository quality gate	2026-10-05T13:43:51.0421631Z ok 535 - reports direct catalog execution in production source
quality	Run repository quality gate	2026-10-05T13:43:51.0422085Z   ---
quality	Run repository quality gate	2026-10-05T13:43:51.0422445Z   duration_ms: 10.095964
quality	Run repository quality gate	2026-10-05T13:43:51.0422789Z   type: 'test'
quality	Run repository quality gate	2026-10-05T13:43:51.0423099Z   ...
quality	Run repository quality gate	2026-10-05T13:43:51.0449663Z # Subtest: reports the removed parallel execution API
quality	Run repository quality gate	2026-10-05T13:43:51.0451478Z ok 536 - reports the removed parallel execution API
quality	Run repository quality gate	2026-10-05T13:43:51.0452111Z   ---
quality	Run repository quality gate	2026-10-05T13:43:51.0452596Z   duration_ms: 2.861787
quality	Run repository quality gate	2026-10-05T13:43:51.0453111Z   type: 'test'
quality	Run repository quality gate	2026-10-05T13:43:51.0453466Z   ...
quality	Run repository quality gate	2026-10-05T13:43:51.0490562Z # Subtest: reports direct executor calls outside the governed runtime
quality	Run repository quality gate	2026-10-05T13:43:51.0491560Z ok 537 - reports direct executor calls outside the governed runtime
quality	Run repository quality gate	2026-10-05T13:43:51.0492156Z   ---
quality	Run repository quality gate	2026-10-05T13:43:51.0492449Z   duration_ms: 4.071506
quality	Run repository quality gate	2026-10-05T13:43:51.0492768Z   type: 'test'
quality	Run repository quality gate	2026-10-05T13:43:51.0493362Z   ...
quality	Run repository quality gate	2026-10-05T13:43:51.0544751Z # Subtest: reports direct executor calls reached through a catalog lookup
quality	Run repository quality gate	2026-10-05T13:43:51.0546008Z ok 538 - reports direct executor calls reached through a catalog lookup
quality	Run repository quality gate	2026-10-05T13:43:51.0546916Z   ---
quality	Run repository quality gate	2026-10-05T13:43:51.0547824Z   duration_ms: 5.126031
quality	Run repository quality gate	2026-10-05T13:43:51.0549054Z   type: 'test'
quality	Run repository quality gate	2026-10-05T13:43:51.0549408Z   ...
quality	Run repository quality gate	2026-10-05T13:43:51.0575371Z # Subtest: excludes test and fixture paths from production findings
quality	Run repository quality gate	2026-10-05T13:43:51.0576167Z ok 539 - excludes test and fixture paths from production findings
quality	Run repository quality gate	2026-10-05T13:43:51.0576741Z   ---
quality	Run repository quality gate	2026-10-05T13:43:51.0577266Z   duration_ms: 3.13589
quality	Run repository quality gate	2026-10-05T13:43:51.0577652Z   type: 'test'
quality	Run repository quality gate	2026-10-05T13:43:51.0577998Z   ...
quality	Run repository quality gate	2026-10-05T13:43:51.0616048Z # Subtest: classifies the existing legacy dispatch as migration work instead of a hidden success
quality	Run repository quality gate	2026-10-05T13:43:51.0617329Z ok 540 - classifies the existing legacy dispatch as migration work instead of a hidden success
quality	Run repository quality gate	2026-10-05T13:43:51.0618192Z   ---
quality	Run repository quality gate	2026-10-05T13:43:51.0618859Z   duration_ms: 3.924061
quality	Run repository quality gate	2026-10-05T13:43:51.0619600Z   type: 'test'
quality	Run repository quality gate	2026-10-05T13:43:51.0619880Z   ...
quality	Run repository quality gate	2026-10-05T13:43:51.0655344Z # Subtest: accepts low-level run side effects only inside the governed bridge
quality	Run repository quality gate	2026-10-05T13:43:51.0656325Z ok 541 - accepts low-level run side effects only inside the governed bridge
quality	Run repository quality gate	2026-10-05T13:43:51.0656994Z   ---
quality	Run repository quality gate	2026-10-05T13:43:51.0657590Z   duration_ms: 3.820562
quality	Run repository quality gate	2026-10-05T13:43:51.0658386Z   type: 'test'
quality	Run repository quality gate	2026-10-05T13:43:51.0658925Z   ...
quality	Run repository quality gate	2026-10-05T13:43:51.0685105Z # Subtest: reports direct run side-effect calls outside the governed bridge
quality	Run repository quality gate	2026-10-05T13:43:51.0686102Z ok 542 - reports direct run side-effect calls outside the governed bridge
quality	Run repository quality gate	2026-10-05T13:43:51.0686848Z   ---
quality	Run repository quality gate	2026-10-05T13:43:51.0687392Z   duration_ms: 2.776884
quality	Run repository quality gate	2026-10-05T13:43:51.0687818Z   type: 'test'
quality	Run repository quality gate	2026-10-05T13:43:51.0688098Z   ...
quality	Run repository quality gate	2026-10-05T13:43:51.0713026Z # Subtest: reports removed direct run-action entrypoints as migration work
quality	Run repository quality gate	2026-10-05T13:43:51.0713904Z ok 543 - reports removed direct run-action entrypoints as migration work
quality	Run repository quality gate	2026-10-05T13:43:51.0714549Z   ---
quality	Run repository quality gate	2026-10-05T13:43:51.0714883Z   duration_ms: 2.931082
quality	Run repository quality gate	2026-10-05T13:43:51.0715268Z   type: 'test'
quality	Run repository quality gate	2026-10-05T13:43:51.0715609Z   ...
quality	Run repository quality gate	2026-10-05T13:43:51.1720389Z # Subtest: deal create and stage changes invoke strict sidecar synchronization inside the CRM transaction
quality	Run repository quality gate	2026-10-05T13:43:51.1721988Z ok 544 - deal create and stage changes invoke strict sidecar synchronization inside the CRM transaction
quality	Run repository quality gate	2026-10-05T13:43:51.1723018Z   ---
quality	Run repository quality gate	2026-10-05T13:43:51.1723527Z   duration_ms: 5.250383
quality	Run repository quality gate	2026-10-05T13:43:51.1724342Z   type: 'test'
quality	Run repository quality gate	2026-10-05T13:43:51.1724724Z   ...
quality	Run repository quality gate	2026-10-05T13:43:51.1757832Z # Subtest: legacy reads remain authoritative in this checkpoint
quality	Run repository quality gate	2026-10-05T13:43:51.1761527Z ok 545 - legacy reads remain authoritative in this checkpoint
quality	Run repository quality gate	2026-10-05T13:43:51.1762123Z   ---
quality	Run repository quality gate	2026-10-05T13:43:51.1762460Z   duration_ms: 3.547221
quality	Run repository quality gate	2026-10-05T13:43:51.1762855Z   type: 'test'
quality	Run repository quality gate	2026-10-05T13:43:51.1763223Z   ...
quality	Run repository quality gate	2026-10-05T13:43:51.1773558Z # Subtest: strict dual-write is opt-in and the example environment leaves it off
quality	Run repository quality gate	2026-10-05T13:43:51.1774453Z ok 546 - strict dual-write is opt-in and the example environment leaves it off
quality	Run repository quality gate	2026-10-05T13:43:51.1775021Z   ---
quality	Run repository quality gate	2026-10-05T13:43:51.1775397Z   duration_ms: 1.869411
quality	Run repository quality gate	2026-10-05T13:43:51.1775775Z   type: 'test'
quality	Run repository quality gate	2026-10-05T13:43:51.1776089Z   ...
quality	Run repository quality gate	2026-10-05T13:43:51.1789605Z # Subtest: the additive migration never removes or rewrites legacy deal.stage
quality	Run repository quality gate	2026-10-05T13:43:51.1790345Z ok 547 - the additive migration never removes or rewrites legacy deal.stage
quality	Run repository quality gate	2026-10-05T13:43:51.1790950Z   ---
quality	Run repository quality gate	2026-10-05T13:43:51.1791170Z   duration_ms: 1.592877
quality	Run repository quality gate	2026-10-05T13:43:51.1791494Z   type: 'test'
quality	Run repository quality gate	2026-10-05T13:43:51.1791705Z   ...
quality	Run repository quality gate	2026-10-05T13:43:51.1798338Z # Subtest: strict mode guards default-pipeline handoff until every mapping is migrated
quality	Run repository quality gate	2026-10-05T13:43:51.1801041Z ok 548 - strict mode guards default-pipeline handoff until every mapping is migrated
quality	Run repository quality gate	2026-10-05T13:43:51.1802598Z   ---
quality	Run repository quality gate	2026-10-05T13:43:51.1803156Z   duration_ms: 0.815575
quality	Run repository quality gate	2026-10-05T13:43:51.1803751Z   type: 'test'
quality	Run repository quality gate	2026-10-05T13:43:51.1804248Z   ...
quality	Run repository quality gate	2026-10-05T13:43:51.1811083Z # Subtest: mapped stage removal or outcome-type mutation is blocked before runtime update
quality	Run repository quality gate	2026-10-05T13:43:51.1812056Z ok 549 - mapped stage removal or outcome-type mutation is blocked before runtime update
quality	Run repository quality gate	2026-10-05T13:43:51.1812596Z   ---
quality	Run repository quality gate	2026-10-05T13:43:51.1812839Z   duration_ms: 1.009473
quality	Run repository quality gate	2026-10-05T13:43:51.1813132Z   type: 'test'
quality	Run repository quality gate	2026-10-05T13:43:51.1813416Z   ...
quality	Run repository quality gate	2026-10-05T13:43:51.1834313Z # Subtest: same-stage repair preserves the legacy stageChangedAt timestamp
quality	Run repository quality gate	2026-10-05T13:43:51.1835353Z ok 550 - same-stage repair preserves the legacy stageChangedAt timestamp
quality	Run repository quality gate	2026-10-05T13:43:51.1836304Z   ---
quality	Run repository quality gate	2026-10-05T13:43:51.1836612Z   duration_ms: 2.279851
quality	Run repository quality gate	2026-10-05T13:43:51.1836999Z   type: 'test'
quality	Run repository quality gate	2026-10-05T13:43:51.1837259Z   ...
quality	Run repository quality gate	2026-10-05T13:43:51.2773650Z # Subtest: migration persistence is tenant scoped and transactionally durable
quality	Run repository quality gate	2026-10-05T13:43:51.2774547Z ok 551 - migration persistence is tenant scoped and transactionally durable
quality	Run repository quality gate	2026-10-05T13:43:51.2775167Z   ---
quality	Run repository quality gate	2026-10-05T13:43:51.2775403Z   duration_ms: 3.742945
quality	Run repository quality gate	2026-10-05T13:43:51.2775660Z   type: 'test'
quality	Run repository quality gate	2026-10-05T13:43:51.2775881Z   ...
quality	Run repository quality gate	2026-10-05T13:43:51.2789366Z # Subtest: migration schema permits intentional reuse of the same source file
quality	Run repository quality gate	2026-10-05T13:43:51.2790076Z ok 552 - migration schema permits intentional reuse of the same source file
quality	Run repository quality gate	2026-10-05T13:43:51.2790615Z   ---
quality	Run repository quality gate	2026-10-05T13:43:51.2790901Z   duration_ms: 1.517245
quality	Run repository quality gate	2026-10-05T13:43:51.2791285Z   type: 'test'
quality	Run repository quality gate	2026-10-05T13:43:51.2791634Z   ...
quality	Run repository quality gate	2026-10-05T13:43:51.2806481Z # Subtest: migration coordinator validates source identity and final accounting
quality	Run repository quality gate	2026-10-05T13:43:51.2809585Z ok 553 - migration coordinator validates source identity and final accounting
quality	Run repository quality gate	2026-10-05T13:43:51.2810277Z   ---
quality	Run repository quality gate	2026-10-05T13:43:51.2810501Z   duration_ms: 1.943737
quality	Run repository quality gate	2026-10-05T13:43:51.2810747Z   type: 'test'
quality	Run repository quality gate	2026-10-05T13:43:51.2810982Z   ...
quality	Run repository quality gate	2026-10-05T13:43:51.3784236Z # Subtest: both new routers enforce authenticated interactive sessions
quality	Run repository quality gate	2026-10-05T13:43:51.3784827Z ok 554 - both new routers enforce authenticated interactive sessions
quality	Run repository quality gate	2026-10-05T13:43:51.3785202Z   ---
quality	Run repository quality gate	2026-10-05T13:43:51.3785420Z   duration_ms: 6.200606
quality	Run repository quality gate	2026-10-05T13:43:51.3785665Z   type: 'test'
quality	Run repository quality gate	2026-10-05T13:43:51.3785873Z   ...
quality	Run repository quality gate	2026-10-05T13:43:51.3802162Z # Subtest: mutation input contracts cannot select tenant, actor, raw CRM rows or role
quality	Run repository quality gate	2026-10-05T13:43:51.3804778Z ok 555 - mutation input contracts cannot select tenant, actor, raw CRM rows or role
quality	Run repository quality gate	2026-10-05T13:43:51.3805461Z   ---
quality	Run repository quality gate	2026-10-05T13:43:51.3805727Z   duration_ms: 1.883171
quality	Run repository quality gate	2026-10-05T13:43:51.3805968Z   type: 'test'
quality	Run repository quality gate	2026-10-05T13:43:51.3806188Z   ...
quality	Run repository quality gate	2026-10-05T13:43:51.3815783Z # Subtest: operator API contains no public approval request or direct provider execute endpoint
quality	Run repository quality gate	2026-10-05T13:43:51.3816845Z ok 556 - operator API contains no public approval request or direct provider execute endpoint
quality	Run repository quality gate	2026-10-05T13:43:51.3817398Z   ---
quality	Run repository quality gate	2026-10-05T13:43:51.3817631Z   duration_ms: 1.472747
quality	Run repository quality gate	2026-10-05T13:43:51.3817889Z   type: 'test'
quality	Run repository quality gate	2026-10-05T13:43:51.3818183Z   ...
quality	Run repository quality gate	2026-10-05T13:43:51.3825020Z # Subtest: new writes and approval storage are opt-in in the example environment
quality	Run repository quality gate	2026-10-05T13:43:51.3826016Z ok 557 - new writes and approval storage are opt-in in the example environment
quality	Run repository quality gate	2026-10-05T13:43:51.3826684Z   ---
quality	Run repository quality gate	2026-10-05T13:43:51.3826976Z   duration_ms: 0.921586
quality	Run repository quality gate	2026-10-05T13:43:51.3827276Z   type: 'test'
quality	Run repository quality gate	2026-10-05T13:43:51.3827553Z   ...
quality	Run repository quality gate	2026-10-05T13:43:51.3834327Z # Subtest: operator body bounds run before Nest initialization without globally consuming webhook bodies
quality	Run repository quality gate	2026-10-05T13:43:51.3835543Z ok 558 - operator body bounds run before Nest initialization without globally consuming webhook bodies
quality	Run repository quality gate	2026-10-05T13:43:51.3836199Z   ---
quality	Run repository quality gate	2026-10-05T13:43:51.3836410Z   duration_ms: 0.856657
quality	Run repository quality gate	2026-10-05T13:43:51.3836638Z   type: 'test'
quality	Run repository quality gate	2026-10-05T13:43:51.3836841Z   ...
quality	Run repository quality gate	2026-10-05T13:43:51.3853670Z # Subtest: additive operations schema preserves legacy data and composite source isolation
quality	Run repository quality gate	2026-10-05T13:43:51.3854827Z ok 559 - additive operations schema preserves legacy data and composite source isolation
quality	Run repository quality gate	2026-10-05T13:43:51.3855559Z   ---
quality	Run repository quality gate	2026-10-05T13:43:51.3856235Z   duration_ms: 1.69377
quality	Run repository quality gate	2026-10-05T13:43:51.3857510Z   type: 'test'
quality	Run repository quality gate	2026-10-05T13:43:51.3857969Z   ...
quality	Run repository quality gate	2026-10-05T13:43:51.3872760Z # Subtest: real operations DB acceptance is explicit and never replaced by local doubles
quality	Run repository quality gate	2026-10-05T13:43:51.3873855Z ok 560 - real operations DB acceptance is explicit and never replaced by local doubles
quality	Run repository quality gate	2026-10-05T13:43:51.3874585Z   ---
quality	Run repository quality gate	2026-10-05T13:43:51.3874909Z   duration_ms: 1.980568
quality	Run repository quality gate	2026-10-05T13:43:51.3875306Z   type: 'test'
quality	Run repository quality gate	2026-10-05T13:43:51.3875653Z   ...
quality	Run repository quality gate	2026-10-05T13:43:51.4810069Z # Subtest: pipeline router is registered and requires authenticated interactive sessions
quality	Run repository quality gate	2026-10-05T13:43:51.4821862Z ok 561 - pipeline router is registered and requires authenticated interactive sessions
quality	Run repository quality gate	2026-10-05T13:43:51.4822626Z   ---
quality	Run repository quality gate	2026-10-05T13:43:51.4822855Z   duration_ms: 5.060804
quality	Run repository quality gate	2026-10-05T13:43:51.4823127Z   type: 'test'
quality	Run repository quality gate	2026-10-05T13:43:51.4823348Z   ...
quality	Run repository quality gate	2026-10-05T13:43:51.4836770Z # Subtest: pipeline mutations replay stable commands before reading mutable state
quality	Run repository quality gate	2026-10-05T13:43:51.4837707Z ok 562 - pipeline mutations replay stable commands before reading mutable state
quality	Run repository quality gate	2026-10-05T13:43:51.4838408Z   ---
quality	Run repository quality gate	2026-10-05T13:43:51.4838835Z   duration_ms: 2.843612
quality	Run repository quality gate	2026-10-05T13:43:51.4839241Z   type: 'test'
quality	Run repository quality gate	2026-10-05T13:43:51.4839568Z   ...
quality	Run repository quality gate	2026-10-05T13:43:51.4846859Z # Subtest: public pipeline contracts are strict and expose no tenant selector
quality	Run repository quality gate	2026-10-05T13:43:51.4847975Z ok 563 - public pipeline contracts are strict and expose no tenant selector
quality	Run repository quality gate	2026-10-05T13:43:51.4848475Z   ---
quality	Run repository quality gate	2026-10-05T13:43:51.4848718Z   duration_ms: 1.117171
quality	Run repository quality gate	2026-10-05T13:43:51.4849262Z   type: 'test'
quality	Run repository quality gate	2026-10-05T13:43:51.4849493Z   ...
quality	Run repository quality gate	2026-10-05T13:43:51.4860907Z # Subtest: pipeline persistence uses bounded reads and serializable optimistic mutations
quality	Run repository quality gate	2026-10-05T13:43:51.4862047Z ok 564 - pipeline persistence uses bounded reads and serializable optimistic mutations
quality	Run repository quality gate	2026-10-05T13:43:51.4862966Z   ---
quality	Run repository quality gate	2026-10-05T13:43:51.4863267Z   duration_ms: 0.855841
quality	Run repository quality gate	2026-10-05T13:43:51.4863562Z   type: 'test'
quality	Run repository quality gate	2026-10-05T13:43:51.4863818Z   ...
quality	Run repository quality gate	2026-10-05T13:43:51.4872077Z # Subtest: HTTP 412 remains a precondition failure at the tRPC error boundary
quality	Run repository quality gate	2026-10-05T13:43:51.4873121Z ok 565 - HTTP 412 remains a precondition failure at the tRPC error boundary
quality	Run repository quality gate	2026-10-05T13:43:51.4873805Z   ---
quality	Run repository quality gate	2026-10-05T13:43:51.4874154Z   duration_ms: 1.215542
quality	Run repository quality gate	2026-10-05T13:43:51.4874585Z   type: 'test'
quality	Run repository quality gate	2026-10-05T13:43:51.4874921Z   ...
quality	Run repository quality gate	2026-10-05T13:43:51.4891094Z # Subtest: generated client and accessible settings UI are connected without unsafe casts
quality	Run repository quality gate	2026-10-05T13:43:51.4892217Z ok 566 - generated client and accessible settings UI are connected without unsafe casts
quality	Run repository quality gate	2026-10-05T13:43:51.4893023Z   ---
quality	Run repository quality gate	2026-10-05T13:43:51.4893352Z   duration_ms: 1.950786
quality	Run repository quality gate	2026-10-05T13:43:51.4893717Z   type: 'test'
quality	Run repository quality gate	2026-10-05T13:43:51.4894018Z   ...
quality	Run repository quality gate	2026-10-05T13:43:51.5929639Z # Subtest: PostgreSQL gate refuses implicit or production database targets
quality	Run repository quality gate	2026-10-05T13:43:51.5931158Z ok 567 - PostgreSQL gate refuses implicit or production database targets
quality	Run repository quality gate	2026-10-05T13:43:51.5932067Z   ---
quality	Run repository quality gate	2026-10-05T13:43:51.5932511Z   duration_ms: 3.685952
quality	Run repository quality gate	2026-10-05T13:43:51.5932999Z   type: 'test'
quality	Run repository quality gate	2026-10-05T13:43:51.5933441Z   ...
quality	Run repository quality gate	2026-10-05T13:43:51.5940887Z # Subtest: PostgreSQL integration spec exercises row locking, rollback and simultaneous writers
quality	Run repository quality gate	2026-10-05T13:43:51.5943676Z ok 568 - PostgreSQL integration spec exercises row locking, rollback and simultaneous writers
quality	Run repository quality gate	2026-10-05T13:43:51.5944221Z   ---
quality	Run repository quality gate	2026-10-05T13:43:51.5944444Z   duration_ms: 1.19931
quality	Run repository quality gate	2026-10-05T13:43:51.5944708Z   type: 'test'
quality	Run repository quality gate	2026-10-05T13:43:51.5944914Z   ...
quality	Run repository quality gate	2026-10-05T13:43:51.6885338Z # Subtest: acceptance evidence removes configured keys, key ring and database credentials
quality	Run repository quality gate	2026-10-05T13:43:51.6886687Z ok 569 - acceptance evidence removes configured keys, key ring and database credentials
quality	Run repository quality gate	2026-10-05T13:43:51.6887850Z   ---
quality	Run repository quality gate	2026-10-05T13:43:51.6888072Z   duration_ms: 1.607725
quality	Run repository quality gate	2026-10-05T13:43:51.6888315Z   type: 'test'
quality	Run repository quality gate	2026-10-05T13:43:51.6888526Z   ...
quality	Run repository quality gate	2026-10-05T13:43:51.6890669Z # Subtest: evidence redaction handles absent or invalid key-ring configuration without losing diagnostics
quality	Run repository quality gate	2026-10-05T13:43:51.6893539Z ok 570 - evidence redaction handles absent or invalid key-ring configuration without losing diagnostics
quality	Run repository quality gate	2026-10-05T13:43:51.6894341Z   ---
quality	Run repository quality gate	2026-10-05T13:43:51.6894599Z   duration_ms: 0.181889
quality	Run repository quality gate	2026-10-05T13:43:51.6894836Z   type: 'test'
quality	Run repository quality gate	2026-10-05T13:43:51.6895052Z   ...
quality	Run repository quality gate	2026-10-05T13:43:51.7798010Z # Subtest: public migration routes expose consent, not unrestricted worker execution
quality	Run repository quality gate	2026-10-05T13:43:51.7799553Z ok 571 - public migration routes expose consent, not unrestricted worker execution
quality	Run repository quality gate	2026-10-05T13:43:51.7800046Z   ---
quality	Run repository quality gate	2026-10-05T13:43:51.7800345Z   duration_ms: 4.136069
quality	Run repository quality gate	2026-10-05T13:43:51.7800595Z   type: 'test'
quality	Run repository quality gate	2026-10-05T13:43:51.7800823Z   ...
quality	Run repository quality gate	2026-10-05T13:43:51.7814012Z # Subtest: source lifecycle schema expands data and preserves receipt/source foreign keys
quality	Run repository quality gate	2026-10-05T13:43:51.7814987Z ok 572 - source lifecycle schema expands data and preserves receipt/source foreign keys
quality	Run repository quality gate	2026-10-05T13:43:51.7815417Z   ---
quality	Run repository quality gate	2026-10-05T13:43:51.7815627Z   duration_ms: 1.513504
quality	Run repository quality gate	2026-10-05T13:43:51.7815862Z   type: 'test'
quality	Run repository quality gate	2026-10-05T13:43:51.7816093Z   ...
quality	Run repository quality gate	2026-10-05T13:43:51.7834376Z # Subtest: source cleanup and worker CLIs use deployment workspace and never embed a credential
quality	Run repository quality gate	2026-10-05T13:43:51.7836016Z ok 573 - source cleanup and worker CLIs use deployment workspace and never embed a credential
quality	Run repository quality gate	2026-10-05T13:43:51.7836639Z   ---
quality	Run repository quality gate	2026-10-05T13:43:51.7836844Z   duration_ms: 2.324439
quality	Run repository quality gate	2026-10-05T13:43:51.7837123Z   type: 'test'
quality	Run repository quality gate	2026-10-05T13:43:51.7837326Z   ...
quality	Run repository quality gate	2026-10-05T13:43:51.8912008Z # Subtest: Bun acceptance requires positive totals, all passing and no skipped or todo cases
quality	Run repository quality gate	2026-10-05T13:43:51.8922056Z ok 574 - Bun acceptance requires positive totals, all passing and no skipped or todo cases
quality	Run repository quality gate	2026-10-05T13:43:51.8922732Z   ---
quality	Run repository quality gate	2026-10-05T13:43:51.8923143Z   duration_ms: 1.709833
quality	Run repository quality gate	2026-10-05T13:43:51.8923704Z   type: 'test'
quality	Run repository quality gate	2026-10-05T13:43:51.8924105Z   ...
quality	Run repository quality gate	2026-10-05T13:43:51.8924733Z # Subtest: release test evidence accepts a complete TAP summary on LF and Windows CRLF
quality	Run repository quality gate	2026-10-05T13:43:51.8925477Z ok 575 - release test evidence accepts a complete TAP summary on LF and Windows CRLF
quality	Run repository quality gate	2026-10-05T13:43:51.8926171Z   ---
quality	Run repository quality gate	2026-10-05T13:43:51.8926459Z   duration_ms: 1.231069
quality	Run repository quality gate	2026-10-05T13:43:51.8926767Z   type: 'test'
quality	Run repository quality gate	2026-10-05T13:43:51.8927065Z   ...
quality	Run repository quality gate	2026-10-05T13:43:51.8927683Z # Subtest: release test evidence cannot turn missing, skipped, cancelled or failed coverage green
quality	Run repository quality gate	2026-10-05T13:43:51.8928319Z ok 576 - release test evidence cannot turn missing, skipped, cancelled or failed coverage green
quality	Run repository quality gate	2026-10-05T13:43:51.8928883Z   ---
quality	Run repository quality gate	2026-10-05T13:43:51.8929209Z   duration_ms: 0.399005
quality	Run repository quality gate	2026-10-05T13:43:51.8929458Z   type: 'test'
quality	Run repository quality gate	2026-10-05T13:43:51.8929670Z   ...
quality	Run repository quality gate	2026-10-05T13:43:51.8930038Z # Subtest: release test evidence uses the final TAP summary rather than an earlier passing run
quality	Run repository quality gate	2026-10-05T13:43:51.8930625Z ok 577 - release test evidence uses the final TAP summary rather than an earlier passing run
quality	Run repository quality gate	2026-10-05T13:43:51.8931029Z   ---
quality	Run repository quality gate	2026-10-05T13:43:51.8931227Z   duration_ms: 0.779407
quality	Run repository quality gate	2026-10-05T13:43:51.8931449Z   type: 'test'
quality	Run repository quality gate	2026-10-05T13:43:51.8931645Z   ...
quality	Run repository quality gate	2026-10-05T13:43:52.1047051Z # Subtest: JSONC parser preserves quoted URLs and comment-like strings
quality	Run repository quality gate	2026-10-05T13:43:52.1047972Z ok 578 - JSONC parser preserves quoted URLs and comment-like strings
quality	Run repository quality gate	2026-10-05T13:43:52.1048578Z   ---
quality	Run repository quality gate	2026-10-05T13:43:52.1049033Z   duration_ms: 1.516961
quality	Run repository quality gate	2026-10-05T13:43:52.1049421Z   type: 'test'
quality	Run repository quality gate	2026-10-05T13:43:52.1049778Z   ...
quality	Run repository quality gate	2026-10-05T13:43:52.1053711Z # Subtest: every declared workspace and local dependency is represented in lock metadata
quality	Run repository quality gate	2026-10-05T13:43:52.1055465Z ok 579 - every declared workspace and local dependency is represented in lock metadata
quality	Run repository quality gate	2026-10-05T13:43:52.1056627Z   ---
quality	Run repository quality gate	2026-10-05T13:43:52.1056967Z   duration_ms: 71.342424
quality	Run repository quality gate	2026-10-05T13:43:52.1057375Z   type: 'test'
quality	Run repository quality gate	2026-10-05T13:43:52.1057680Z   ...
quality	Run repository quality gate	2026-10-05T13:43:52.1058444Z # Subtest: missing or stale workspace metadata is a failing finding, not a baseline exemption
quality	Run repository quality gate	2026-10-05T13:43:52.1060788Z ok 580 - missing or stale workspace metadata is a failing finding, not a baseline exemption
quality	Run repository quality gate	2026-10-05T13:43:52.1061482Z   ---
quality	Run repository quality gate	2026-10-05T13:43:52.1061826Z   duration_ms: 41.108441
quality	Run repository quality gate	2026-10-05T13:43:52.1062221Z   type: 'test'
quality	Run repository quality gate	2026-10-05T13:43:52.1062558Z   ...
quality	Run repository quality gate	2026-10-05T13:43:52.1250554Z 1..580
quality	Run repository quality gate	2026-10-05T13:43:52.1250987Z # tests 580
quality	Run repository quality gate	2026-10-05T13:43:52.1251322Z # suites 0
quality	Run repository quality gate	2026-10-05T13:43:52.1251537Z # pass 580
quality	Run repository quality gate	2026-10-05T13:43:52.1251746Z # fail 0
quality	Run repository quality gate	2026-10-05T13:43:52.1252277Z # cancelled 0
quality	Run repository quality gate	2026-10-05T13:43:52.1252498Z # skipped 0
quality	Run repository quality gate	2026-10-05T13:43:52.1252709Z # todo 0
quality	Run repository quality gate	2026-10-05T13:43:52.1252919Z # duration_ms 9796.888592
quality	Run repository quality gate	2026-10-05T13:43:52.1360899Z
quality	Run repository quality gate	2026-10-05T13:43:52.1361645Z > /usr/local/bin/node scripts/verify-manifests.mjs
quality	Run repository quality gate	2026-10-05T13:43:52.2185929Z Verified 20 package.json manifest(s).
quality	Run repository quality gate	2026-10-05T13:43:52.2220811Z
quality	Run repository quality gate	2026-10-05T13:43:52.2221704Z > /usr/local/bin/node tools/quality/verify-workspace-lock.mjs
quality	Run repository quality gate	2026-10-05T13:43:52.3181277Z {
quality	Run repository quality gate	2026-10-05T13:43:52.3182091Z   "scope": "Workspace metadata only; not a Bun frozen install or registry integrity check",
quality	Run repository quality gate	2026-10-05T13:43:52.3182859Z   "findings": []
quality	Run repository quality gate	2026-10-05T13:43:52.3183208Z }
quality	Run repository quality gate	2026-10-05T13:43:52.3242029Z
quality	Run repository quality gate	2026-10-05T13:43:52.3242576Z > /usr/local/bin/node tools/quality/generate-appearance.mjs --check
quality	Run repository quality gate	2026-10-05T13:43:52.3597904Z
quality	Run repository quality gate	2026-10-05T13:43:52.3598437Z > /usr/local/bin/node scripts/repository-audit.mjs
quality	Run repository quality gate	2026-10-05T13:43:53.0712990Z Repository audit passed: no critical identity, secret, BOM, or manifest findings.
quality	Run repository quality gate	2026-10-05T13:43:53.0749705Z
quality	Run repository quality gate	2026-10-05T13:43:53.0750253Z > bun run format:check
quality	Run repository quality gate	2026-10-05T13:43:53.0776622Z $ biome format .
quality	Run repository quality gate	2026-10-05T13:43:53.6420194Z Checked 1108 files in 523ms. No fixes applied.
quality	Run repository quality gate	2026-10-05T13:43:53.6835479Z
quality	Run repository quality gate	2026-10-05T13:43:53.6836068Z > bun run lint
quality	Run repository quality gate	2026-10-05T13:43:53.6861530Z $ turbo run lint
quality	Run repository quality gate	2026-10-05T13:43:53.7198237Z
quality	Run repository quality gate	2026-10-05T13:43:53.7199967Z Attention:
quality	Run repository quality gate	2026-10-05T13:43:53.7201566Z Turborepo now collects completely anonymous telemetry regarding usage.
quality	Run repository quality gate	2026-10-05T13:43:53.7202704Z This information is used to shape the Turborepo roadmap and prioritize features.
quality	Run repository quality gate	2026-10-05T13:43:53.7204223Z You can learn more, including how to opt-out if you'd not like to participate in this anonymous program, by visiting the following URL:
quality	Run repository quality gate	2026-10-05T13:43:53.7205613Z https://turborepo.dev/docs/telemetry
quality	Run repository quality gate	2026-10-05T13:43:53.7206292Z
quality	Run repository quality gate	2026-10-05T13:43:53.7860605Z
quality	Run repository quality gate	2026-10-05T13:43:53.7864208Z    • Packages in scope: @crm/action-registry, @crm/agent-action-runtime, @crm/auth, @crm/db, @crm/env, @crm/integration-runtime, @crm/migration-core, @crm/migration-runtime, @crm/pipeline-core, @crm/pipeline-runtime, @crm/security-core, @crm/telemetry, @crm/typescript-config, @crm/ui, @crm/validation, agent, api, app
quality	Run repository quality gate	2026-10-05T13:43:53.7867510Z    • Running lint in 18 packages
quality	Run repository quality gate	2026-10-05T13:43:53.7880060Z    • Remote caching disabled
quality	Run repository quality gate	2026-10-05T13:43:53.7880679Z
quality	Run repository quality gate	2026-10-05T13:43:54.0660660Z ##[group]@crm/validation:lint
quality	Run repository quality gate	2026-10-05T13:43:54.0809976Z cache miss, executing c0d8b7b4ef3a6d38
quality	Run repository quality gate	2026-10-05T13:43:54.1005168Z $ biome check .
quality	Run repository quality gate	2026-10-05T13:43:54.1189923Z Checked 16 files in 81ms. No fixes applied.
quality	Run repository quality gate	2026-10-05T13:43:54.1280500Z ##[endgroup]
quality	Run repository quality gate	2026-10-05T13:43:54.1365739Z ##[group]@crm/env:lint
quality	Run repository quality gate	2026-10-05T13:43:54.1459836Z cache miss, executing 3e708beaa7ca6d0e
quality	Run repository quality gate	2026-10-05T13:43:54.1587147Z $ biome check .
quality	Run repository quality gate	2026-10-05T13:43:54.1664343Z Checked 6 files in 79ms. No fixes applied.
quality	Run repository quality gate	2026-10-05T13:43:54.1780397Z ##[endgroup]
quality	Run repository quality gate	2026-10-05T13:43:54.1905678Z ##[group]@crm/telemetry:lint
quality	Run repository quality gate	2026-10-05T13:43:54.1969769Z cache miss, executing c96070edf98bf18d
quality	Run repository quality gate	2026-10-05T13:43:54.2059816Z $ biome check .
quality	Run repository quality gate	2026-10-05T13:43:54.2149892Z Checked 15 files in 153ms. No fixes applied.
quality	Run repository quality gate	2026-10-05T13:43:54.2240850Z src/index.ts:1:1 lint/performance/noBarrelFile ━━━━━━━━━━━━━━━━━━━━━━━━━━━━━━━━━━━━━━━━━━━━━━━━━━━━━
quality	Run repository quality gate	2026-10-05T13:43:54.2329326Z
quality	Run repository quality gate	2026-10-05T13:43:54.2389715Z Found 1 warning.
quality	Run repository quality gate	2026-10-05T13:43:54.2470290Z   ! Avoid barrel files, they slow down performance, and cause large module graphs with modules that go unused.
quality	Run repository quality gate	2026-10-05T13:43:54.2559650Z
quality	Run repository quality gate	2026-10-05T13:43:54.2650030Z    > 1 │ export {
quality	Run repository quality gate	2026-10-05T13:43:54.2700234Z        │ ^^^^^^^^
quality	Run repository quality gate	2026-10-05T13:43:54.2791496Z    > 2 │ 	AGENT_TOOLS,
quality	Run repository quality gate	2026-10-05T13:43:54.2874210Z    > 3 │ 	ALLOWED_PROPERTIES,
quality	Run repository quality gate	2026-10-05T13:43:54.2930030Z    > 4 │ 	type AllowedProperty,
quality	Run repository quality gate	2026-10-05T13:43:54.3002328Z         ...
quality	Run repository quality gate	2026-10-05T13:43:54.3081659Z   > 21 │ 	SYNC_SOURCES,
quality	Run repository quality gate	2026-10-05T13:43:54.3092986Z   > 22 │ } from "./allowlist";
quality	Run repository quality gate	2026-10-05T13:43:54.3129996Z        │ ^^^^^^^^^^^^^^^^^^^^^
quality	Run repository quality gate	2026-10-05T13:43:54.3191120Z     23 │ export {
quality	Run repository quality gate	2026-10-05T13:43:54.3219662Z     24 │ 	capture,
quality	Run repository quality gate	2026-10-05T13:43:54.3309554Z
quality	Run repository quality gate	2026-10-05T13:43:54.3310308Z   i Check this thorough explanation to better understand the context.
quality	Run repository quality gate	2026-10-05T13:43:54.3369528Z
quality	Run repository quality gate	2026-10-05T13:43:54.3369870Z
quality	Run repository quality gate	2026-10-05T13:43:54.3430151Z ##[endgroup]
quality	Run repository quality gate	2026-10-05T13:43:54.3490271Z ##[group]@crm/auth:lint
quality	Run repository quality gate	2026-10-05T13:43:54.3553359Z cache miss, executing 6cf4c3aaeb70e3c7
quality	Run repository quality gate	2026-10-05T13:43:54.3575619Z $ biome check .
quality	Run repository quality gate	2026-10-05T13:43:54.3610355Z src/index.ts:1:1 lint/performance/noBarrelFile ━━━━━━━━━━━━━━━━━━━━━━━━━━━━━━━━━━━━━━━━━━━━━━━━━━━━━
quality	Run repository quality gate	2026-10-05T13:43:54.3669181Z
quality	Run repository quality gate	2026-10-05T13:43:54.3700108Z   ! Avoid barrel files, they slow down performance, and cause large module graphs with modules that go unused.
quality	Run repository quality gate	2026-10-05T13:43:54.3749559Z
quality	Run repository quality gate	2026-10-05T13:43:54.3792842Z   > 1 │ export {
quality	Run repository quality gate	2026-10-05T13:43:54.3820407Z       │ ^^^^^^^^
quality	Run repository quality gate	2026-10-05T13:43:54.3880087Z   > 2 │ 	API_KEY_EXPIRATION,
quality	Run repository quality gate	2026-10-05T13:43:54.3939941Z   > 3 │ 	API_KEY_HEADER,
quality	Run repository quality gate	2026-10-05T13:43:54.3970062Z   > 4 │ 	API_KEY_PREFIX,
quality	Run repository quality gate	2026-10-05T13:43:54.3999852Z   > 5 │ 	DAY_SECONDS,
quality	Run repository quality gate	2026-10-05T13:43:54.4059974Z   > 6 │ } from "./api-keys";
quality	Run repository quality gate	2026-10-05T13:43:54.4089825Z       │ ^^^^^^^^^^^^^^^^^^^^
quality	Run repository quality gate	2026-10-05T13:43:54.4150230Z     7 │ export { type Auth, auth, type Session, type SessionUser } from "./auth";
quality	Run repository quality gate	2026-10-05T13:43:54.4151361Z     8 │ export { AUTH_COOKIE_PREFIX, SESSION_COOKIE_NAME } from "./cookies";
quality	Run repository quality gate	2026-10-05T13:43:54.4152035Z
quality	Run repository quality gate	2026-10-05T13:43:54.4152529Z   i Check this thorough explanation to better understand the context.
quality	Run repository quality gate	2026-10-05T13:43:54.4153134Z
quality	Run repository quality gate	2026-10-05T13:43:54.4153330Z
quality	Run repository quality gate	2026-10-05T13:43:54.4153562Z Checked 24 files in 153ms. No fixes applied.
quality	Run repository quality gate	2026-10-05T13:43:54.4154106Z Found 1 warning.
quality	Run repository quality gate	2026-10-05T13:43:54.4154970Z ##[endgroup]
quality	Run repository quality gate	2026-10-05T13:43:54.4155635Z ##[group]@crm/db:lint
quality	Run repository quality gate	2026-10-05T13:43:54.4156132Z cache miss, executing fbfd0d5f68e96f39
quality	Run repository quality gate	2026-10-05T13:43:54.4179626Z $ biome check .
quality	Run repository quality gate	2026-10-05T13:43:54.4180899Z test/test-database.test.mjs:73:3 lint/style/useTemplate  FIXABLE  ━━━━━━━━━━━━━━━━━━━━━━━━━━━━━━━━━━
quality	Run repository quality gate	2026-10-05T13:43:54.4209061Z
quality	Run repository quality gate	2026-10-05T13:43:54.4239705Z   i Template literals are preferred over string concatenation.
quality	Run repository quality gate	2026-10-05T13:43:54.4269464Z
quality	Run repository quality gate	2026-10-05T13:43:54.4299765Z     71 │ 		"a%00_test",
quality	Run repository quality gate	2026-10-05T13:43:54.4329709Z     72 │ 		"_test",
quality	Run repository quality gate	2026-10-05T13:43:54.4359663Z   > 73 │ 		"a".repeat(59) + "_test",
quality	Run repository quality gate	2026-10-05T13:43:54.4389611Z        │ 		^^^^^^^^^^^^^^^^^^^^^^^^
quality	Run repository quality gate	2026-10-05T13:43:54.4419576Z     74 │ 		"app-test",
quality	Run repository quality gate	2026-10-05T13:43:54.4449756Z     75 │ 		"app_test/",
quality	Run repository quality gate	2026-10-05T13:43:54.4479323Z
quality	Run repository quality gate	2026-10-05T13:43:54.4509412Z   i Unsafe fix: Use a template literal.
quality	Run repository quality gate	2026-10-05T13:43:54.4539287Z
quality	Run repository quality gate	2026-10-05T13:43:54.4599743Z      71  71 │       "a%00_test",
quality	Run repository quality gate	2026-10-05T13:43:54.4629676Z      72  72 │       "_test",
quality	Run repository quality gate	2026-10-05T13:43:54.4660243Z      73     │ - → → "a".repeat(59)·+·"_test",
quality	Run repository quality gate	2026-10-05T13:43:54.4689715Z          73 │ + → → `${"a".repeat(59)}_test`,
quality	Run repository quality gate	2026-10-05T13:43:54.4719671Z      74  74 │       "app-test",
quality	Run repository quality gate	2026-10-05T13:43:54.4749646Z      75  75 │       "app_test/",
quality	Run repository quality gate	2026-10-05T13:43:54.4779370Z
quality	Run repository quality gate	2026-10-05T13:43:54.4809068Z
quality	Run repository quality gate	2026-10-05T13:43:54.4840333Z scripts/test-db.ts:35:11 lint/correctness/noUnusedVariables  FIXABLE  ━━━━━━━━━━━━━━━━━━━━━━━━━━━━━━
quality	Run repository quality gate	2026-10-05T13:43:54.4869082Z
quality	Run repository quality gate	2026-10-05T13:43:54.4899496Z   ! This variable error is unused.
quality	Run repository quality gate	2026-10-05T13:43:54.4929402Z
quality	Run repository quality gate	2026-10-05T13:43:54.4959647Z     33 │ 	try {
quality	Run repository quality gate	2026-10-05T13:43:54.4989812Z     34 │ 		await client.connect();
quality	Run repository quality gate	2026-10-05T13:43:54.4990512Z   > 35 │ 	} catch (error) {
quality	Run repository quality gate	2026-10-05T13:43:54.4991005Z        │ 	         ^^^^^
quality	Run repository quality gate	2026-10-05T13:43:54.4991464Z     36 │ 		fail([
quality	Run repository quality gate	2026-10-05T13:43:54.4992126Z     37 │ 			`Could not reach the server at ${new URL(target).host}.`,
quality	Run repository quality gate	2026-10-05T13:43:54.4992744Z
quality	Run repository quality gate	2026-10-05T13:43:54.4993434Z   i Unused variables are often the result of typos, incomplete refactors, or other sources of bugs.
quality	Run repository quality gate	2026-10-05T13:43:54.4994247Z
quality	Run repository quality gate	2026-10-05T13:43:54.4994758Z   i Unsafe fix: If this is intentional, prepend error with an underscore.
quality	Run repository quality gate	2026-10-05T13:43:54.4995803Z
quality	Run repository quality gate	2026-10-05T13:43:54.4996166Z      33  33 │     try {
quality	Run repository quality gate	2026-10-05T13:43:54.4996670Z      34  34 │       await client.connect();
quality	Run repository quality gate	2026-10-05T13:43:54.4997383Z      35     │ - → }·catch·(error)·{
quality	Run repository quality gate	2026-10-05T13:43:54.4997967Z          35 │ + → }·catch·(_error)·{
quality	Run repository quality gate	2026-10-05T13:43:54.4998488Z      36  36 │       fail([
quality	Run repository quality gate	2026-10-05T13:43:54.4999379Z      37  37 │         `Could not reach the server at ${new URL(target).host}.`,
quality	Run repository quality gate	2026-10-05T13:43:54.5029378Z
quality	Run repository quality gate	2026-10-05T13:43:54.5059030Z
quality	Run repository quality gate	2026-10-05T13:43:54.5090451Z src/blob.ts:5:1 lint/performance/noBarrelFile ━━━━━━━━━━━━━━━━━━━━━━━━━━━━━━━━━━━━━━━━━━━━━━━━━━━━━━
quality	Run repository quality gate	2026-10-05T13:43:54.5179166Z
quality	Run repository quality gate	2026-10-05T13:43:54.5210376Z   ! Avoid barrel files, they slow down performance, and cause large module graphs with modules that go unused.
quality	Run repository quality gate	2026-10-05T13:43:54.5269525Z
quality	Run repository quality gate	2026-10-05T13:43:54.5335283Z     3 │ import { safeFetch } from "./safe-fetch";
quality	Run repository quality gate	2026-10-05T13:43:54.5379726Z     4 │
quality	Run repository quality gate	2026-10-05T13:43:54.5470081Z   > 5 │ export { isMirrored, isOptimizable } from "./images";
quality	Run repository quality gate	2026-10-05T13:43:54.5494088Z       │ ^^^^^^^^^^^^^^^^^^^^^^^^^^^^^^^^^^^^^^^^^^^^^^^^^^^^^
quality	Run repository quality gate	2026-10-05T13:43:54.5559712Z     6 │
quality	Run repository quality gate	2026-10-05T13:43:54.5649932Z     7 │ const MAX_BYTES = 3 * 1024 * 1024;
quality	Run repository quality gate	2026-10-05T13:43:54.5679421Z
quality	Run repository quality gate	2026-10-05T13:43:54.5769802Z   i Check this thorough explanation to better understand the context.
quality	Run repository quality gate	2026-10-05T13:43:54.5829518Z
quality	Run repository quality gate	2026-10-05T13:43:54.5859075Z
quality	Run repository quality gate	2026-10-05T13:43:54.5920373Z src/fields.ts:18:1 lint/performance/noBarrelFile ━━━━━━━━━━━━━━━━━━━━━━━━━━━━━━━━━━━━━━━━━━━━━━━━━━━
quality	Run repository quality gate	2026-10-05T13:43:54.5949077Z
quality	Run repository quality gate	2026-10-05T13:43:54.5979990Z   ! Avoid barrel files, they slow down performance, and cause large module graphs with modules that go unused.
quality	Run repository quality gate	2026-10-05T13:43:54.6009427Z
quality	Run repository quality gate	2026-10-05T13:43:54.6035894Z     16 │ } from "./generated/prisma/models";
quality	Run repository quality gate	2026-10-05T13:43:54.6063903Z     17 │
quality	Run repository quality gate	2026-10-05T13:43:54.6129943Z   > 18 │ export * from "./fields-shape";
quality	Run repository quality gate	2026-10-05T13:43:54.6219969Z        │ ^^^^^^^^^^^^^^^^^^^^^^^^^^^^^^^
quality	Run repository quality gate	2026-10-05T13:43:54.6259849Z     19 │
quality	Run repository quality gate	2026-10-05T13:43:54.6310232Z     20 │ export type FieldDefinitionWithOptions = FieldDefinitionModel & {
quality	Run repository quality gate	2026-10-05T13:43:54.6369603Z
quality	Run repository quality gate	2026-10-05T13:43:54.6409797Z   i Check this thorough explanation to better understand the context.
quality	Run repository quality gate	2026-10-05T13:43:54.6439485Z
quality	Run repository quality gate	2026-10-05T13:43:54.6499146Z
quality	Run repository quality gate	2026-10-05T13:43:54.6520442Z src/fields.ts:18:8 lint/performance/noReExportAll ━━━━━━━━━━━━━━━━━━━━━━━━━━━━━━━━━━━━━━━━━━━━━━━━━━
quality	Run repository quality gate	2026-10-05T13:43:54.6579144Z
quality	Run repository quality gate	2026-10-05T13:43:54.6619711Z   ! Do not use export all ( export * from ... ).
quality	Run repository quality gate	2026-10-05T13:43:54.6639409Z
quality	Run repository quality gate	2026-10-05T13:43:54.6679848Z     16 │ } from "./generated/prisma/models";
quality	Run repository quality gate	2026-10-05T13:43:54.6729763Z     17 │
quality	Run repository quality gate	2026-10-05T13:43:54.6790016Z   > 18 │ export * from "./fields-shape";
quality	Run repository quality gate	2026-10-05T13:43:54.6829862Z        │        ^^^^^^^^^^^^^^^^^^^^^^^^
quality	Run repository quality gate	2026-10-05T13:43:54.6849665Z     19 │
quality	Run repository quality gate	2026-10-05T13:43:54.6910105Z     20 │ export type FieldDefinitionWithOptions = FieldDefinitionModel & {
quality	Run repository quality gate	2026-10-05T13:43:54.6949511Z
quality	Run repository quality gate	2026-10-05T13:43:54.6969587Z   i Use named export instead.
quality	Run repository quality gate	2026-10-05T13:43:54.7039601Z
quality	Run repository quality gate	2026-10-05T13:43:54.7059128Z
quality	Run repository quality gate	2026-10-05T13:43:54.7130448Z src/fields.ts:3:2 lint/correctness/noUnusedImports  FIXABLE  ━━━━━━━━━━━━━━━━━━━━━━━━━━━━━━━━━━━━━━━
quality	Run repository quality gate	2026-10-05T13:43:54.7159133Z
quality	Run repository quality gate	2026-10-05T13:43:54.7224716Z   ! Several of these imports are unused.
quality	Run repository quality gate	2026-10-05T13:43:54.7235354Z
quality	Run repository quality gate	2026-10-05T13:43:54.7289742Z     1 │ import {
quality	Run repository quality gate	2026-10-05T13:43:54.7351262Z     2 │ 	columnFor,
quality	Run repository quality gate	2026-10-05T13:43:54.7419924Z   > 3 │ 	type FieldValueColumn,
quality	Run repository quality gate	2026-10-05T13:43:54.7464056Z       │ 	^^^^^^^^^^^^^^^^^^^^^
quality	Run repository quality gate	2026-10-05T13:43:54.7539954Z     4 │ 	FieldValueError,
quality	Run repository quality gate	2026-10-05T13:43:54.7599924Z     5 │ 	type FieldValueJson,
quality	Run repository quality gate	2026-10-05T13:43:54.7629567Z
quality	Run repository quality gate	2026-10-05T13:43:54.7659778Z   i Unused imports might be the result of an incomplete refactoring.
quality	Run repository quality gate	2026-10-05T13:43:54.7689489Z
quality	Run repository quality gate	2026-10-05T13:43:54.7749639Z   i Unsafe fix: Remove the unused imports.
quality	Run repository quality gate	2026-10-05T13:43:54.7779439Z
quality	Run repository quality gate	2026-10-05T13:43:54.7839845Z       1   1 │   import {
quality	Run repository quality gate	2026-10-05T13:43:54.7869801Z       2   2 │     columnFor,
quality	Run repository quality gate	2026-10-05T13:43:54.7929907Z       3     │ - → type·FieldValueColumn,
quality	Run repository quality gate	2026-10-05T13:43:54.7959746Z       4   3 │     FieldValueError,
quality	Run repository quality gate	2026-10-05T13:43:54.8019749Z       5   4 │     type FieldValueJson,
quality	Run repository quality gate	2026-10-05T13:43:54.8079426Z
quality	Run repository quality gate	2026-10-05T13:43:54.8109047Z
quality	Run repository quality gate	2026-10-05T13:43:54.8140188Z src/index.ts:1:1 lint/performance/noBarrelFile ━━━━━━━━━━━━━━━━━━━━━━━━━━━━━━━━━━━━━━━━━━━━━━━━━━━━━
quality	Run repository quality gate	2026-10-05T13:43:54.8169025Z
quality	Run repository quality gate	2026-10-05T13:43:54.8229927Z   ! Avoid barrel files, they slow down performance, and cause large module graphs with modules that go unused.
quality	Run repository quality gate	2026-10-05T13:43:54.8259373Z
quality	Run repository quality gate	2026-10-05T13:43:54.8319636Z   > 1 │ export {
quality	Run repository quality gate	2026-10-05T13:43:54.8349626Z       │ ^^^^^^^^
quality	Run repository quality gate	2026-10-05T13:43:54.8409692Z   > 2 │ 	type Db,
quality	Run repository quality gate	2026-10-05T13:43:54.8439625Z   > 3 │ 	db,
quality	Run repository quality gate	2026-10-05T13:43:54.8469692Z   > 4 │ 	type PrismaLogRecord,
quality	Run repository quality gate	2026-10-05T13:43:54.8529648Z   > 5 │ 	type PrismaLogSink,
quality	Run repository quality gate	2026-10-05T13:43:54.8583518Z   > 6 │ 	setPrismaLogSink,
quality	Run repository quality gate	2026-10-05T13:43:54.8619773Z   > 7 │ } from "./client";
quality	Run repository quality gate	2026-10-05T13:43:54.8620417Z       │ ^^^^^^^^^^^^^^^^^^
quality	Run repository quality gate	2026-10-05T13:43:54.8700172Z     8 │ export { Prisma, PrismaClient } from "./generated/prisma/client";
quality	Run repository quality gate	2026-10-05T13:43:54.8760085Z     9 │ export * from "./generated/prisma/enums";
quality	Run repository quality gate	2026-10-05T13:43:54.8805475Z
quality	Run repository quality gate	2026-10-05T13:43:54.8879794Z   i Check this thorough explanation to better understand the context.
quality	Run repository quality gate	2026-10-05T13:43:54.8939588Z
quality	Run repository quality gate	2026-10-05T13:43:54.8999142Z
quality	Run repository quality gate	2026-10-05T13:43:54.9030409Z src/index.ts:9:8 lint/performance/noReExportAll ━━━━━━━━━━━━━━━━━━━━━━━━━━━━━━━━━━━━━━━━━━━━━━━━━━━━
quality	Run repository quality gate	2026-10-05T13:43:54.9059175Z
quality	Run repository quality gate	2026-10-05T13:43:54.9119787Z   ! Do not use export all ( export * from ... ).
quality	Run repository quality gate	2026-10-05T13:43:54.9179603Z
quality	Run repository quality gate	2026-10-05T13:43:54.9269918Z      7 │ } from "./client";
quality	Run repository quality gate	2026-10-05T13:43:54.9290384Z Checked 43 files in 318ms. No fixes applied.
quality	Run repository quality gate	2026-10-05T13:43:54.9329551Z Found 7 warnings.
quality	Run repository quality gate	2026-10-05T13:43:54.9359549Z Found 1 info.
quality	Run repository quality gate	2026-10-05T13:43:54.9450183Z      8 │ export { Prisma, PrismaClient } from "./generated/prisma/client";
quality	Run repository quality gate	2026-10-05T13:43:54.9479869Z    > 9 │ export * from "./generated/prisma/enums";
quality	Run repository quality gate	2026-10-05T13:43:54.9539923Z        │        ^^^^^^^^^^^^^^^^^^^^^^^^^^^^^^^^^^
quality	Run repository quality gate	2026-10-05T13:43:54.9630067Z     10 │ export type * from "./generated/prisma/models";
quality	Run repository quality gate	2026-10-05T13:43:54.9659824Z     11 │ export type {
quality	Run repository quality gate	2026-10-05T13:43:54.9709610Z
quality	Run repository quality gate	2026-10-05T13:43:54.9739626Z   i Use named export instead.
quality	Run repository quality gate	2026-10-05T13:43:54.9769409Z
quality	Run repository quality gate	2026-10-05T13:43:54.9829150Z
quality	Run repository quality gate	2026-10-05T13:43:54.9900187Z ##[endgroup]
quality	Run repository quality gate	2026-10-05T13:43:54.9950533Z ##[group]@crm/ui:lint
quality	Run repository quality gate	2026-10-05T13:43:55.0029807Z cache miss, executing 2fa5dc9079dc8d2d
quality	Run repository quality gate	2026-10-05T13:43:55.0049554Z $ biome check .
quality	Run repository quality gate	2026-10-05T13:43:55.0110586Z src/theme/appearance.mjs:260:3 lint/style/useTemplate  FIXABLE  ━━━━━━━━━━━━━━━━━━━━━━━━━━━━━━━━━━━━
quality	Run repository quality gate	2026-10-05T13:43:55.0169229Z
quality	Run repository quality gate	2026-10-05T13:43:55.0219818Z   i Template literals are preferred over string concatenation.
quality	Run repository quality gate	2026-10-05T13:43:55.0235741Z
quality	Run repository quality gate	2026-10-05T13:43:55.0299906Z     258 │ export function generateAppearanceCss() {
quality	Run repository quality gate	2026-10-05T13:43:55.0359776Z     259 │ 	return (
quality	Run repository quality gate	2026-10-05T13:43:55.0389871Z   > 260 │ 		Object.entries(THEME_TOKENS)
quality	Run repository quality gate	2026-10-05T13:43:55.0419710Z         │ 		^^^^^^^^^^^^^^^^^^^^^^^^^^^^
quality	Run repository quality gate	2026-10-05T13:43:55.0490053Z   > 261 │ 			.flatMap(([palette, modes]) =>
quality	Run repository quality gate	2026-10-05T13:43:55.0519676Z          ...
quality	Run repository quality gate	2026-10-05T13:43:55.0520343Z   > 274 │ 			)
quality	Run repository quality gate	2026-10-05T13:43:55.0520797Z   > 275 │ 			.join("\n\n") + "\n"
quality	Run repository quality gate	2026-10-05T13:43:55.0521328Z         │ 			^^^^^^^^^^^^^^^^^^^^
quality	Run repository quality gate	2026-10-05T13:43:55.0521817Z     276 │ 	);
quality	Run repository quality gate	2026-10-05T13:43:55.0522204Z     277 │ }
quality	Run repository quality gate	2026-10-05T13:43:55.0522527Z
quality	Run repository quality gate	2026-10-05T13:43:55.0522871Z   i Unsafe fix: Use a template literal.
quality	Run repository quality gate	2026-10-05T13:43:55.0523264Z
quality	Run repository quality gate	2026-10-05T13:43:55.0523786Z     258 258 │   export function generateAppearanceCss() {
quality	Run repository quality gate	2026-10-05T13:43:55.0524426Z     259 259 │     return (
quality	Run repository quality gate	2026-10-05T13:43:55.0524995Z     260     │ - → → Object.entries(THEME_TOKENS)
quality	Run repository quality gate	2026-10-05T13:43:55.0525625Z         260 │ + → → `${Object.entries(THEME_TOKENS)
quality	Run repository quality gate	2026-10-05T13:43:55.0526369Z     261 261 │         .flatMap(([palette, modes]) =>
quality	Run repository quality gate	2026-10-05T13:43:55.0527024Z     262 262 │           Object.entries(modes).map(([mode, vars]) => {
quality	Run repository quality gate	2026-10-05T13:43:55.0527698Z     ······· │
quality	Run repository quality gate	2026-10-05T13:43:55.0528113Z     273 273 │           }),
quality	Run repository quality gate	2026-10-05T13:43:55.0528571Z     274 274 │         )
quality	Run repository quality gate	2026-10-05T13:43:55.0529234Z     275     │ - → → → .join("\n\n")·+·"\n"
quality	Run repository quality gate	2026-10-05T13:43:55.0529794Z         275 │ + → → → .join("\n\n")}\n`
quality	Run repository quality gate	2026-10-05T13:43:55.0530314Z     276 276 │     );
quality	Run repository quality gate	2026-10-05T13:43:55.0530727Z     277 277 │   }
quality	Run repository quality gate	2026-10-05T13:43:55.0531090Z
quality	Run repository quality gate	2026-10-05T13:43:55.0531267Z
quality	Run repository quality gate	2026-10-05T13:43:55.0531981Z src/styles/globals.css:881:19 lint/complexity/noImportantStyles  FIXABLE  ━━━━━━━━━━━━━━━━━━━━━━━━━━
quality	Run repository quality gate	2026-10-05T13:43:55.0532714Z
quality	Run repository quality gate	2026-10-05T13:43:55.0532914Z   ! Avoid the use of the !important style.
quality	Run repository quality gate	2026-10-05T13:43:55.0533406Z
quality	Run repository quality gate	2026-10-05T13:43:55.0540876Z     879 │ 	.link-hover::before,
quality	Run repository quality gate	2026-10-05T13:43:55.0541847Z     880 │ 	.link-hover::after {
quality	Run repository quality gate	2026-10-05T13:43:55.0542657Z   > 881 │ 		animation: none !important;
quality	Run repository quality gate	2026-10-05T13:43:55.0543505Z         │ 		                ^^^^^^^^^^
quality	Run repository quality gate	2026-10-05T13:43:55.0544499Z     882 │ 		transition-duration: 0.01ms !important;
quality	Run repository quality gate	2026-10-05T13:43:55.0545260Z     883 │ 	}
quality	Run repository quality gate	2026-10-05T13:43:55.0545577Z
quality	Run repository quality gate	2026-10-05T13:43:55.0546760Z   i This style reverses the cascade logic, and precedence is reversed. This could lead to having styles with higher specificity being overridden by styles with lower specificity.
quality	Run repository quality gate	2026-10-05T13:43:55.0609642Z
quality	Run repository quality gate	2026-10-05T13:43:55.0639894Z   i Unsafe fix: Remove the style.
quality	Run repository quality gate	2026-10-05T13:43:55.0640435Z
quality	Run repository quality gate	2026-10-05T13:43:55.0641085Z     881 │ → → animation:·none·!important;
quality	Run repository quality gate	2026-10-05T13:43:55.0641679Z         │                    -----------
quality	Run repository quality gate	2026-10-05T13:43:55.0641965Z
quality	Run repository quality gate	2026-10-05T13:43:55.0642627Z src/styles/globals.css:882:31 lint/complexity/noImportantStyles  FIXABLE  ━━━━━━━━━━━━━━━━━━━━━━━━━━
quality	Run repository quality gate	2026-10-05T13:43:55.0643354Z
quality	Run repository quality gate	2026-10-05T13:43:55.0643609Z   ! Avoid the use of the !important style.
quality	Run repository quality gate	2026-10-05T13:43:55.0644072Z
quality	Run repository quality gate	2026-10-05T13:43:55.0644651Z     880 │ 	.link-hover::after {
quality	Run repository quality gate	2026-10-05T13:43:55.0645201Z     881 │ 		animation: none !important;
quality	Run repository quality gate	2026-10-05T13:43:55.0646553Z   > 882 │ 		transition-duration: 0.01ms !important;
quality	Run repository quality gate	2026-10-05T13:43:55.0729952Z         │ 		                            ^^^^^^^^^^
quality	Run repository quality gate	2026-10-05T13:43:55.0759728Z     883 │ 	}
quality	Run repository quality gate	2026-10-05T13:43:55.0789722Z     884 │ }
quality	Run repository quality gate	2026-10-05T13:43:55.0849517Z
quality	Run repository quality gate	2026-10-05T13:43:55.0910513Z   i This style reverses the cascade logic, and precedence is reversed. This could lead to having styles with higher specificity being overridden by styles with lower specificity.
quality	Run repository quality gate	2026-10-05T13:43:55.0939473Z
quality	Run repository quality gate	2026-10-05T13:43:55.0939951Z   i Unsafe fix: Remove the style.
quality	Run repository quality gate	2026-10-05T13:43:55.0999903Z
quality	Run repository quality gate	2026-10-05T13:43:55.1060157Z     882 │ → → transition-duration:·0.01ms·!important;
quality	Run repository quality gate	2026-10-05T13:43:55.1104499Z         │                                -----------
quality	Run repository quality gate	2026-10-05T13:43:55.1129205Z
quality	Run repository quality gate	2026-10-05T13:43:55.1220494Z src/styles/globals.css:1510:25 lint/complexity/noImportantStyles  FIXABLE  ━━━━━━━━━━━━━━━━━━━━━━━━━
quality	Run repository quality gate	2026-10-05T13:43:55.1299183Z
quality	Run repository quality gate	2026-10-05T13:43:55.1359713Z   ! Avoid the use of the !important style.
quality	Run repository quality gate	2026-10-05T13:43:55.1449616Z
quality	Run repository quality gate	2026-10-05T13:43:55.1540089Z     1508 │ 	*::before,
quality	Run repository quality gate	2026-10-05T13:43:55.1600112Z     1509 │ 	*::after {
quality	Run repository quality gate	2026-10-05T13:43:55.1629971Z   > 1510 │ 		scroll-behavior: auto !important;
quality	Run repository quality gate	2026-10-05T13:43:55.1689979Z          │ 		                      ^^^^^^^^^^
quality	Run repository quality gate	2026-10-05T13:43:55.1740095Z     1511 │ 		animation-duration: 0.01ms !important;
quality	Run repository quality gate	2026-10-05T13:43:55.1779974Z     1512 │ 		animation-iteration-count: 1 !important;
quality	Run repository quality gate	2026-10-05T13:43:55.1839597Z
quality	Run repository quality gate	2026-10-05T13:43:55.1841029Z   i This style reverses the cascade logic, and precedence is reversed. This could lead to having styles with higher specificity being overridden by styles with lower specificity.
quality	Run repository quality gate	2026-10-05T13:43:55.1842226Z
quality	Run repository quality gate	2026-10-05T13:43:55.1842560Z   i Unsafe fix: Remove the style.
quality	Run repository quality gate	2026-10-05T13:43:55.1929637Z
quality	Run repository quality gate	2026-10-05T13:43:55.1959953Z     1510 │ → → scroll-behavior:·auto·!important;
quality	Run repository quality gate	2026-10-05T13:43:55.1989909Z          │                          -----------
quality	Run repository quality gate	2026-10-05T13:43:55.2049130Z
quality	Run repository quality gate	2026-10-05T13:43:55.2080377Z src/styles/globals.css:1511:30 lint/complexity/noImportantStyles  FIXABLE  ━━━━━━━━━━━━━━━━━━━━━━━━━
quality	Run repository quality gate	2026-10-05T13:43:55.2139158Z
quality	Run repository quality gate	2026-10-05T13:43:55.2169598Z   ! Avoid the use of the !important style.
quality	Run repository quality gate	2026-10-05T13:43:55.2229561Z
quality	Run repository quality gate	2026-10-05T13:43:55.2260000Z     1509 │ 	*::after {
quality	Run repository quality gate	2026-10-05T13:43:55.2349950Z     1510 │ 		scroll-behavior: auto !important;
quality	Run repository quality gate	2026-10-05T13:43:55.2410005Z   > 1511 │ 		animation-duration: 0.01ms !important;
quality	Run repository quality gate	2026-10-05T13:43:55.2459984Z          │ 		                           ^^^^^^^^^^
quality	Run repository quality gate	2026-10-05T13:43:55.2530200Z     1512 │ 		animation-iteration-count: 1 !important;
quality	Run repository quality gate	2026-10-05T13:43:55.2626076Z     1513 │ 		transition-duration: 0.01ms !important;
quality	Run repository quality gate	2026-10-05T13:43:55.2649695Z
quality	Run repository quality gate	2026-10-05T13:43:55.2698552Z   i This style reverses the cascade logic, and precedence is reversed. This could lead to having styles with higher specificity being overridden by styles with lower specificity.
quality	Run repository quality gate	2026-10-05T13:43:55.2739612Z
quality	Run repository quality gate	2026-10-05T13:43:55.2769587Z   i Unsafe fix: Remove the style.
quality	Run repository quality gate	2026-10-05T13:43:55.2829557Z
quality	Run repository quality gate	2026-10-05T13:43:55.2860004Z     1511 │ → → animation-duration:·0.01ms·!important;
quality	Run repository quality gate	2026-10-05T13:43:55.2889908Z          │                               -----------
quality	Run repository quality gate	2026-10-05T13:43:55.2949131Z
quality	Run repository quality gate	2026-10-05T13:43:55.2980409Z src/styles/globals.css:1512:32 lint/complexity/noImportantStyles  FIXABLE  ━━━━━━━━━━━━━━━━━━━━━━━━━
quality	Run repository quality gate	2026-10-05T13:43:55.3009146Z
quality	Run repository quality gate	2026-10-05T13:43:55.3087411Z   ! Avoid the use of the !important style.
quality	Run repository quality gate	2026-10-05T13:43:55.3099413Z
quality	Run repository quality gate	2026-10-05T13:43:55.3119940Z     1510 │ 		scroll-behavior: auto !important;
quality	Run repository quality gate	2026-10-05T13:43:55.3149844Z     1511 │ 		animation-duration: 0.01ms !important;
quality	Run repository quality gate	2026-10-05T13:43:55.3179933Z   > 1512 │ 		animation-iteration-count: 1 !important;
quality	Run repository quality gate	2026-10-05T13:43:55.3189700Z          │ 		                             ^^^^^^^^^^
quality	Run repository quality gate	2026-10-05T13:43:55.3209693Z     1513 │ 		transition-duration: 0.01ms !important;
quality	Run repository quality gate	2026-10-05T13:43:55.3239445Z     1514 │ 	}
quality	Run repository quality gate	2026-10-05T13:43:55.3269365Z
quality	Run repository quality gate	2026-10-05T13:43:55.3280276Z   i This style reverses the cascade logic, and precedence is reversed. This could lead to having styles with higher specificity being overridden by styles with lower specificity.
quality	Run repository quality gate	2026-10-05T13:43:55.3299356Z
quality	Run repository quality gate	2026-10-05T13:43:55.3329381Z   i Unsafe fix: Remove the style.
quality	Run repository quality gate	2026-10-05T13:43:55.3339273Z
quality	Run repository quality gate	2026-10-05T13:43:55.3360714Z     1512 │ → → animation-iteration-count:·1·!important;
quality	Run repository quality gate	2026-10-05T13:43:55.3361844Z          │                                 -----------
quality	Run repository quality gate	2026-10-05T13:43:55.3362391Z
quality	Run repository quality gate	2026-10-05T13:43:55.3363201Z src/styles/globals.css:1513:31 lint/complexity/noImportantStyles  FIXABLE  ━━━━━━━━━━━━━━━━━━━━━━━━━
quality	Run repository quality gate	2026-10-05T13:43:55.3363985Z
quality	Run repository quality gate	2026-10-05T13:43:55.3364304Z   ! Avoid the use of the !important style.
quality	Run repository quality gate	2026-10-05T13:43:55.3364890Z
quality	Run repository quality gate	2026-10-05T13:43:55.3365514Z     1511 │ 		animation-duration: 0.01ms !important;
quality	Run repository quality gate	2026-10-05T13:43:55.3366769Z     1512 │ 		animation-iteration-count: 1 !important;
quality	Run repository quality gate	2026-10-05T13:43:55.3367630Z   > 1513 │ 		transition-duration: 0.01ms !important;
quality	Run repository quality gate	2026-10-05T13:43:55.3368406Z          │ 		                            ^^^^^^^^^^
quality	Run repository quality gate	2026-10-05T13:43:55.3369285Z     1514 │ 	}
quality	Run repository quality gate	2026-10-05T13:43:55.3369765Z     1515 │ }
quality	Run repository quality gate	2026-10-05T13:43:55.3370243Z
quality	Run repository quality gate	2026-10-05T13:43:55.3371727Z   i This style reverses the cascade logic, and precedence is reversed. This could lead to having styles with higher specificity being overridden by styles with lower specificity.
quality	Run repository quality gate	2026-10-05T13:43:55.3373248Z
quality	Run repository quality gate	2026-10-05T13:43:55.3373710Z   i Unsafe fix: Remove the style.
quality	Run repository quality gate	2026-10-05T13:43:55.3374206Z
quality	Run repository quality gate	2026-10-05T13:43:55.3374658Z Checked 16 files in 293ms. No fixes applied.
quality	Run repository quality gate	2026-10-05T13:43:55.3375231Z Found 6 warnings.
quality	Run repository quality gate	2026-10-05T13:43:55.3375654Z Found 1 info.
quality	Run repository quality gate	2026-10-05T13:43:55.3376348Z     1513 │ → → transition-duration:·0.01ms·!important;
quality	Run repository quality gate	2026-10-05T13:43:55.3377100Z          │                                -----------
quality	Run repository quality gate	2026-10-05T13:43:55.3377603Z
quality	Run repository quality gate	2026-10-05T13:43:55.3378282Z ##[endgroup]
quality	Run repository quality gate	2026-10-05T13:43:55.3379173Z ##[group]agent:lint
quality	Run repository quality gate	2026-10-05T13:43:55.3379718Z cache miss, executing 032857f3c8fde123
quality	Run repository quality gate	2026-10-05T13:43:55.3380305Z $ biome check .
quality	Run repository quality gate	2026-10-05T13:43:55.3381369Z agent/lib/run-runtime.ts:262:6 lint/complexity/useOptionalChain  FIXABLE  ━━━━━━━━━━━━━━━━━━━━━━━━━━
quality	Run repository quality gate	2026-10-05T13:43:55.3382151Z
quality	Run repository quality gate	2026-10-05T13:43:55.3382441Z   ! Change to an optional chain.
quality	Run repository quality gate	2026-10-05T13:43:55.3382952Z
quality	Run repository quality gate	2026-10-05T13:43:55.3383446Z     260 │ 		},
quality	Run repository quality gate	2026-10-05T13:43:55.3383918Z     261 │ 	});
quality	Run repository quality gate	2026-10-05T13:43:55.3384591Z   > 262 │ 	if (!run || run.status !== "RUNNING") return false;
quality	Run repository quality gate	2026-10-05T13:43:55.3385362Z         │ 	    ^^^^^^^^^^^^^^^^^^^^^^^^^^^^^^^^
quality	Run repository quality gate	2026-10-05T13:43:55.3386002Z     263 │
quality	Run repository quality gate	2026-10-05T13:43:55.3386479Z     264 │ 	try {
quality	Run repository quality gate	2026-10-05T13:43:55.3386940Z
quality	Run repository quality gate	2026-10-05T13:43:55.3387402Z   i Unsafe fix: Change to an optional chain.
quality	Run repository quality gate	2026-10-05T13:43:55.3388017Z
quality	Run repository quality gate	2026-10-05T13:43:55.3388523Z      260  260 │       },
quality	Run repository quality gate	2026-10-05T13:43:55.3389270Z      261  261 │     });
quality	Run repository quality gate	2026-10-05T13:43:55.3390710Z      262      │ - → if·(!run·||·run.status·!==·"RUNNING")·return·false;
quality	Run repository quality gate	2026-10-05T13:43:55.3391784Z           262 │ + → if·(run?.status·!==·"RUNNING")·return·false;
quality	Run repository quality gate	2026-10-05T13:43:55.3392424Z      263  263 │
quality	Run repository quality gate	2026-10-05T13:43:55.3392857Z      264  264 │     try {
quality	Run repository quality gate	2026-10-05T13:43:55.3393251Z
quality	Run repository quality gate	2026-10-05T13:43:55.3393446Z
quality	Run repository quality gate	2026-10-05T13:43:55.3394150Z agent/lib/run-runtime.ts:286:6 lint/complexity/useOptionalChain  FIXABLE  ━━━━━━━━━━━━━━━━━━━━━━━━━━
quality	Run repository quality gate	2026-10-05T13:43:55.3394865Z
quality	Run repository quality gate	2026-10-05T13:43:55.3395055Z   ! Change to an optional chain.
quality	Run repository quality gate	2026-10-05T13:43:55.3395497Z
quality	Run repository quality gate	2026-10-05T13:43:55.3395898Z     284 │ 		},
quality	Run repository quality gate	2026-10-05T13:43:55.3396303Z     285 │ 	});
quality	Run repository quality gate	2026-10-05T13:43:55.3396863Z   > 286 │ 	if (!run || run.status !== "RUNNING") return false;
quality	Run repository quality gate	2026-10-05T13:43:55.3397556Z         │ 	    ^^^^^^^^^^^^^^^^^^^^^^^^^^^^^^^^
quality	Run repository quality gate	2026-10-05T13:43:55.3398081Z     287 │
quality	Run repository quality gate	2026-10-05T13:43:55.3398517Z     288 │ 	try {
quality	Run repository quality gate	2026-10-05T13:43:55.3399005Z
quality	Run repository quality gate	2026-10-05T13:43:55.3399407Z   i Unsafe fix: Change to an optional chain.
quality	Run repository quality gate	2026-10-05T13:43:55.3399923Z
quality	Run repository quality gate	2026-10-05T13:43:55.3408885Z      284  284 │       },
quality	Run repository quality gate	2026-10-05T13:43:55.3409960Z      285  285 │     });
quality	Run repository quality gate	2026-10-05T13:43:55.3410777Z      286      │ - → if·(!run·||·run.status·!==·"RUNNING")·return·false;
quality	Run repository quality gate	2026-10-05T13:43:55.3411832Z           286 │ + → if·(run?.status·!==·"RUNNING")·return·false;
quality	Run repository quality gate	2026-10-05T13:43:55.3412539Z      287  287 │
quality	Run repository quality gate	2026-10-05T13:43:55.3412990Z      288  288 │     try {
quality	Run repository quality gate	2026-10-05T13:43:55.3413390Z
quality	Run repository quality gate	2026-10-05T13:43:55.3413577Z
quality	Run repository quality gate	2026-10-05T13:43:55.3414291Z agent/lib/tasks.ts:29:1 lint/performance/noBarrelFile ━━━━━━━━━━━━━━━━━━━━━━━━━━━━━━━━━━━━━━━━━━━━━━
quality	Run repository quality gate	2026-10-05T13:43:55.3414971Z
quality	Run repository quality gate	2026-10-05T13:43:55.3415546Z   ! Avoid barrel files, they slow down performance, and cause large module graphs with modules that go unused.
quality	Run repository quality gate	2026-10-05T13:43:55.3416429Z
quality	Run repository quality gate	2026-10-05T13:43:55.3416917Z     27 │ const LEASE_MS = DISPATCH.task.leaseMs;
quality	Run repository quality gate	2026-10-05T13:43:55.3417682Z     28 │
quality	Run repository quality gate	2026-10-05T13:43:55.3418331Z   > 29 │ export { DIRECT_KINDS, MAX_ATTEMPTS } from "@crm/db/agent-tasks";
quality	Run repository quality gate	2026-10-05T13:43:55.3419300Z        │ ^^^^^^^^^^^^^^^^^^^^^^^^^^^^^^^^^^^^^^^^^^^^^^^^^^^^^^^^^^^^^^^^^
quality	Run repository quality gate	2026-10-05T13:43:55.3419903Z     30 │
quality	Run repository quality gate	2026-10-05T13:43:55.3420358Z     31 │ export async function claimDue(
quality	Run repository quality gate	2026-10-05T13:43:55.3420828Z
quality	Run repository quality gate	2026-10-05T13:43:55.3421344Z   i Check this thorough explanation to better understand the context.
quality	Run repository quality gate	2026-10-05T13:43:55.3421967Z
quality	Run repository quality gate	2026-10-05T13:43:55.3422148Z
quality	Run repository quality gate	2026-10-05T13:43:55.3422864Z src/governed-run-action-runtime.mjs:156:7 lint/complexity/useOptionalChain  FIXABLE  ━━━━━━━━━━━━━━━
quality	Run repository quality gate	2026-10-05T13:43:55.3423613Z
quality	Run repository quality gate	2026-10-05T13:43:55.3423792Z   ! Change to an optional chain.
quality	Run repository quality gate	2026-10-05T13:43:55.3424308Z Checked 192 files in 1151ms. No fixes applied.
quality	Run repository quality gate	2026-10-05T13:43:55.3424850Z Found 5 warnings.
quality	Run repository quality gate	2026-10-05T13:43:55.3425207Z
quality	Run repository quality gate	2026-10-05T13:43:55.3425586Z     154 │ 		}
quality	Run repository quality gate	2026-10-05T13:43:55.3426269Z     155 │ 		const descriptor = Object.getOwnPropertyDescriptor(source, key);
quality	Run repository quality gate	2026-10-05T13:43:55.3427330Z   > 156 │ 		if (!descriptor || !descriptor.enumerable || !("value" in descriptor)) {
quality	Run repository quality gate	2026-10-05T13:43:55.3428174Z         │ 		    ^^^^^^^^^^^^^^^^^^^^^^^^^^^^^^^^^^^^^
quality	Run repository quality gate	2026-10-05T13:43:55.3428923Z     157 │ 			throw new TypeError(
quality	Run repository quality gate	2026-10-05T13:43:55.3429620Z     158 │ 				`${field}.${key} must be an enumerable data property`,
quality	Run repository quality gate	2026-10-05T13:43:55.3430215Z
quality	Run repository quality gate	2026-10-05T13:43:55.3430593Z   i Unsafe fix: Change to an optional chain.
quality	Run repository quality gate	2026-10-05T13:43:55.3431064Z
quality	Run repository quality gate	2026-10-05T13:43:55.3431428Z     154 154 │       }
quality	Run repository quality gate	2026-10-05T13:43:55.3432168Z     155 155 │       const descriptor = Object.getOwnPropertyDescriptor(source, key);
quality	Run repository quality gate	2026-10-05T13:43:55.3433329Z     156     │ - → → if·(!descriptor·||·!descriptor.enumerable·||·!("value"·in·descriptor))·{
quality	Run repository quality gate	2026-10-05T13:43:55.3434401Z         156 │ + → → if·(!descriptor?.enumerable·||·!("value"·in·descriptor))·{
quality	Run repository quality gate	2026-10-05T13:43:55.3435130Z     157 157 │         throw new TypeError(
quality	Run repository quality gate	2026-10-05T13:43:55.3435924Z     158 158 │           `${field}.${key} must be an enumerable data property`,
quality	Run repository quality gate	2026-10-05T13:43:55.3436575Z
quality	Run repository quality gate	2026-10-05T13:43:55.3436765Z
quality	Run repository quality gate	2026-10-05T13:43:55.3437476Z src/run-execution-budget.mjs:15:3 lint/complexity/useOptionalChain  FIXABLE  ━━━━━━━━━━━━━━━━━━━━━━━
quality	Run repository quality gate	2026-10-05T13:43:55.3438511Z
quality	Run repository quality gate	2026-10-05T13:43:55.3438713Z   ! Change to an optional chain.
quality	Run repository quality gate	2026-10-05T13:43:55.3439315Z
quality	Run repository quality gate	2026-10-05T13:43:55.3439876Z     13 │ 		throw new TypeError("Invalid execution timeout configuration");
quality	Run repository quality gate	2026-10-05T13:43:55.3440577Z     14 │ 	if (
quality	Run repository quality gate	2026-10-05T13:43:55.3440969Z   > 15 │ 		!run ||
quality	Run repository quality gate	2026-10-05T13:43:55.3441344Z        │ 		^^^^^^^
quality	Run repository quality gate	2026-10-05T13:43:55.3441797Z   > 16 │ 		run.status !== "RUNNING" ||
quality	Run repository quality gate	2026-10-05T13:43:55.3442353Z        │ 		^^^^^^^^^^^^^^^^^^^^^^^^
quality	Run repository quality gate	2026-10-05T13:43:55.3442859Z     17 │ 		!run.sessionId ||
quality	Run repository quality gate	2026-10-05T13:43:55.3443366Z     18 │ 		run.cancelRequestedAt
quality	Run repository quality gate	2026-10-05T13:43:55.3443808Z
quality	Run repository quality gate	2026-10-05T13:43:55.3444183Z   i Unsafe fix: Change to an optional chain.
quality	Run repository quality gate	2026-10-05T13:43:55.3444882Z
quality	Run repository quality gate	2026-10-05T13:43:55.3445521Z     13 13 │       throw new TypeError("Invalid execution timeout configuration");
quality	Run repository quality gate	2026-10-05T13:43:55.3446255Z     14 14 │     if (
quality	Run repository quality gate	2026-10-05T13:43:55.3446748Z     15    │ - → → !run·||
quality	Run repository quality gate	2026-10-05T13:43:55.3447288Z     16    │ - → → run.status·!==·"RUNNING"·||
quality	Run repository quality gate	2026-10-05T13:43:55.3447936Z        15 │ + → → run?.status·!==·"RUNNING"·||
quality	Run repository quality gate	2026-10-05T13:43:55.3448534Z     17 16 │       !run.sessionId ||
quality	Run repository quality gate	2026-10-05T13:43:55.3449249Z     18 17 │       run.cancelRequestedAt
quality	Run repository quality gate	2026-10-05T13:43:55.3449743Z
quality	Run repository quality gate	2026-10-05T13:43:55.3449934Z
quality	Run repository quality gate	2026-10-05T13:43:55.3450577Z ##[endgroup]
quality	Run repository quality gate	2026-10-05T13:43:55.3451253Z ##[group]app:lint
quality	Run repository quality gate	2026-10-05T13:43:55.3451671Z cache miss, executing 9a128d56da923c87
quality	Run repository quality gate	2026-10-05T13:43:55.3452175Z $ biome check .
quality	Run repository quality gate	2026-10-05T13:43:55.3453142Z app/(app)/[slug]/settings/pipelines/pipeline-settings.tsx:418:11 lint/style/useTemplate  FIXABLE  ━━━━━━━━━━
quality	Run repository quality gate	2026-10-05T13:43:55.3454110Z Checked 299 files in 1272ms. No fixes applied.
quality	Run repository quality gate	2026-10-05T13:43:55.3454667Z Found 1 warning.
quality	Run repository quality gate	2026-10-05T13:43:55.3455031Z Found 1 info.
quality	Run repository quality gate	2026-10-05T13:43:55.3455247Z
quality	Run repository quality gate	2026-10-05T13:43:55.3455555Z   i Template literals are preferred over string concatenation.
quality	Run repository quality gate	2026-10-05T13:43:55.3456174Z
quality	Run repository quality gate	2026-10-05T13:43:55.3456743Z     416 │ 									expectedVersion: archiveCandidate.version,
quality	Run repository quality gate	2026-10-05T13:43:55.3457467Z     417 │ 									idempotencyKey: commandKey(
quality	Run repository quality gate	2026-10-05T13:43:55.3458207Z   > 418 │ 										"pipeline-archive:" + archiveCandidate.id,
quality	Run repository quality gate	2026-10-05T13:43:55.3459026Z         │ 										^^^^^^^^^^^^^^^^^^^^^^^^^^^^^^^^^^^^^^^^^
quality	Run repository quality gate	2026-10-05T13:43:55.3459604Z     419 │ 										{
quality	Run repository quality gate	2026-10-05T13:43:55.3460130Z     420 │ 											id: archiveCandidate.id,
quality	Run repository quality gate	2026-10-05T13:43:55.3460619Z
quality	Run repository quality gate	2026-10-05T13:43:55.3460990Z   i Unsafe fix: Use a template literal.
quality	Run repository quality gate	2026-10-05T13:43:55.3461457Z
quality	Run repository quality gate	2026-10-05T13:43:55.3462047Z     416 416 │                     expectedVersion: archiveCandidate.version,
quality	Run repository quality gate	2026-10-05T13:43:55.3462876Z     417 417 │                     idempotencyKey: commandKey(
quality	Run repository quality gate	2026-10-05T13:43:55.3463739Z     418     │ - → → → → → → → → → → "pipeline-archive:"·+·archiveCandidate.id,
quality	Run repository quality gate	2026-10-05T13:43:55.3464830Z         418 │ + → → → → → → → → → → `pipeline-archive:${archiveCandidate.id}`,
quality	Run repository quality gate	2026-10-05T13:43:55.3465563Z     419 419 │                       {
quality	Run repository quality gate	2026-10-05T13:43:55.3466208Z     420 420 │                         id: archiveCandidate.id,
quality	Run repository quality gate	2026-10-05T13:43:55.3466757Z
quality	Run repository quality gate	2026-10-05T13:43:55.3466942Z
quality	Run repository quality gate	2026-10-05T13:43:55.3467653Z postcss.config.mjs:1:1 lint/performance/noBarrelFile ━━━━━━━━━━━━━━━━━━━━━━━━━━━━━━━━━━━━━━━━━━━━━━━
quality	Run repository quality gate	2026-10-05T13:43:55.3468383Z
quality	Run repository quality gate	2026-10-05T13:43:55.3469079Z   ! Avoid barrel files, they slow down performance, and cause large module graphs with modules that go unused.
quality	Run repository quality gate	2026-10-05T13:43:55.3469974Z
quality	Run repository quality gate	2026-10-05T13:43:55.3470518Z   > 1 │ export { default } from "@crm/ui/postcss.config";
quality	Run repository quality gate	2026-10-05T13:43:55.3471204Z       │ ^^^^^^^^^^^^^^^^^^^^^^^^^^^^^^^^^^^^^^^^^^^^^^^^^
quality	Run repository quality gate	2026-10-05T13:43:55.3471733Z     2 │
quality	Run repository quality gate	2026-10-05T13:43:55.3472097Z
quality	Run repository quality gate	2026-10-05T13:43:55.3472599Z   i Check this thorough explanation to better understand the context.
quality	Run repository quality gate	2026-10-05T13:43:55.3473246Z
quality	Run repository quality gate	2026-10-05T13:43:55.3473434Z
quality	Run repository quality gate	2026-10-05T13:43:55.3473989Z ##[endgroup]
quality	Run repository quality gate	2026-10-05T13:43:55.3810847Z ##[group]api:lint
quality	Run repository quality gate	2026-10-05T13:43:55.3811348Z cache miss, executing 3a522d1d65a0bb7a
quality	Run repository quality gate	2026-10-05T13:43:55.3811751Z $ biome check .
quality	Run repository quality gate	2026-10-05T13:43:55.3812706Z src/operations/operations-core.mjs:274:13 lint/complexity/noExtraBooleanCast  FIXABLE  ━━━━━━━━━━━━━
quality	Run repository quality gate	2026-10-05T13:43:55.3815549Z
quality	Run repository quality gate	2026-10-05T13:43:55.3815798Z   i Avoid redundant `Boolean` call
quality	Run repository quality gate	2026-10-05T13:43:55.3816243Z
quality	Run repository quality gate	2026-10-05T13:43:55.3816809Z     272 │ 						agentId: row.agentId,
quality	Run repository quality gate	2026-10-05T13:43:55.3817524Z     273 │ 						agentName: names.get(row.agentId) ?? row.agentId,
quality	Run repository quality gate	2026-10-05T13:43:55.3818290Z   > 274 │ 						type: Boolean(receiptFor(row))
quality	Run repository quality gate	2026-10-05T13:43:55.3819421Z         │ 						      ^^^^^^^^^^^^^^^^^^^^^^^^
quality	Run repository quality gate	2026-10-05T13:43:55.3819990Z     275 │ 							? "AMBIGUOUS_OUTCOME"
quality	Run repository quality gate	2026-10-05T13:43:55.3820852Z     276 │ 							: "ACTION_FAILED",
quality	Run repository quality gate	2026-10-05T13:43:55.3821214Z
quality	Run repository quality gate	2026-10-05T13:43:55.3821743Z   i It is not necessary to use `Boolean` call when a value will already be coerced to a boolean.
quality	Run repository quality gate	2026-10-05T13:43:55.3822397Z
quality	Run repository quality gate	2026-10-05T13:43:55.3822733Z   i Safe fix: Remove redundant `Boolean` call
quality	Run repository quality gate	2026-10-05T13:43:55.3823189Z
quality	Run repository quality gate	2026-10-05T13:43:55.3823663Z     274 │ → → → → → → type:·Boolean(receiptFor(row))
quality	Run repository quality gate	2026-10-05T13:43:55.3824297Z         │                   --------              -
quality	Run repository quality gate	2026-10-05T13:43:55.3824618Z
quality	Run repository quality gate	2026-10-05T13:43:55.3825267Z src/deals/deals.contracts.ts:10:1 lint/performance/noBarrelFile ━━━━━━━━━━━━━━━━━━━━━━━━━━━━━━━━━━━━
quality	Run repository quality gate	2026-10-05T13:43:55.3825917Z
quality	Run repository quality gate	2026-10-05T13:43:55.3826433Z   ! Avoid barrel files, they slow down performance, and cause large module graphs with modules that go unused.
quality	Run repository quality gate	2026-10-05T13:43:55.3827227Z
quality	Run repository quality gate	2026-10-05T13:43:55.3827680Z      8 │ import { listInput } from "../trpc/list-input";
quality	Run repository quality gate	2026-10-05T13:43:55.3828199Z      9 │
quality	Run repository quality gate	2026-10-05T13:43:55.3828667Z   > 10 │ export { MAX_AMOUNT_CENTS } from "@crm/db/money-input";
quality	Run repository quality gate	2026-10-05T13:43:55.3829423Z        │ ^^^^^^^^^^^^^^^^^^^^^^^^^^^^^^^^^^^^^^^^^^^^^^^^^^^^^^^
quality	Run repository quality gate	2026-10-05T13:43:55.3829849Z     11 │
quality	Run repository quality gate	2026-10-05T13:43:55.3830208Z     12 │ const amountCents = z
quality	Run repository quality gate	2026-10-05T13:43:55.3830544Z
quality	Run repository quality gate	2026-10-05T13:43:55.3830944Z   i Check this thorough explanation to better understand the context.
quality	Run repository quality gate	2026-10-05T13:43:55.3831438Z
quality	Run repository quality gate	2026-10-05T13:43:55.3831569Z
quality	Run repository quality gate	2026-10-05T13:43:55.3832103Z src/google/google.constants.ts:1:1 lint/performance/noBarrelFile ━━━━━━━━━━━━━━━━━━━━━━━━━━━━━━━━━━━
quality	Run repository quality gate	2026-10-05T13:43:55.3832638Z
quality	Run repository quality gate	2026-10-05T13:43:55.3833074Z   ! Avoid barrel files, they slow down performance, and cause large module graphs with modules that go unused.
quality	Run repository quality gate	2026-10-05T13:43:55.3833740Z
quality	Run repository quality gate	2026-10-05T13:43:55.3834062Z    > 1 │ export {
quality	Run repository quality gate	2026-10-05T13:43:55.3834394Z        │ ^^^^^^^^
quality	Run repository quality gate	2026-10-05T13:43:55.3834732Z    > 2 │ 	CALENDAR_SCOPE,
quality	Run repository quality gate	2026-10-05T13:43:55.3835106Z    > 3 │ 	GMAIL_SCOPE,
quality	Run repository quality gate	2026-10-05T13:43:55.3835498Z    > 4 │ 	GOOGLE_PROVIDER_ID,
quality	Run repository quality gate	2026-10-05T13:43:55.3835900Z    > 5 │ 	GOOGLE_SYNC_SOURCES,
quality	Run repository quality gate	2026-10-05T13:43:55.3836303Z    > 6 │ 	type GoogleSyncSource,
quality	Run repository quality gate	2026-10-05T13:43:55.3836713Z    > 7 │ 	SCOPE_FOR_SOURCE,
quality	Run repository quality gate	2026-10-05T13:43:55.3837107Z    > 8 │ 	SYNC_SCOPES,
quality	Run repository quality gate	2026-10-05T13:43:55.3837532Z    > 9 │ } from "../mailbox/mailbox.constants";
quality	Run repository quality gate	2026-10-05T13:43:55.3838017Z        │ ^^^^^^^^^^^^^^^^^^^^^^^^^^^^^^^^^^^^^^
quality	Run repository quality gate	2026-10-05T13:43:55.3838400Z     10 │
quality	Run repository quality gate	2026-10-05T13:43:55.3838653Z
quality	Run repository quality gate	2026-10-05T13:43:55.3839179Z   i Check this thorough explanation to better understand the context.
quality	Run repository quality gate	2026-10-05T13:43:55.3839679Z
quality	Run repository quality gate	2026-10-05T13:43:55.3839827Z
quality	Run repository quality gate	2026-10-05T13:43:55.3840386Z src/mailbox/mailbox.constants.ts:10:1 lint/performance/noBarrelFile ━━━━━━━━━━━━━━━━━━━━━━━━━━━━━━━━
quality	Run repository quality gate	2026-10-05T13:43:55.3840973Z
quality	Run repository quality gate	2026-10-05T13:43:55.3841432Z   ! Avoid barrel files, they slow down performance, and cause large module graphs with modules that go unused.
quality	Run repository quality gate	2026-10-05T13:43:55.3842110Z
quality	Run repository quality gate	2026-10-05T13:43:55.3842454Z      8 │ } from "@crm/auth";
quality	Run repository quality gate	2026-10-05T13:43:55.3842745Z      9 │
quality	Run repository quality gate	2026-10-05T13:43:55.3842982Z   > 10 │ export {
quality	Run repository quality gate	2026-10-05T13:43:55.3843239Z        │ ^^^^^^^^
quality	Run repository quality gate	2026-10-05T13:43:55.3843484Z   > 11 │ 	CALENDAR_SCOPE,
quality	Run repository quality gate	2026-10-05T13:43:55.3844107Z         ...
quality	Run repository quality gate	2026-10-05T13:43:55.3844456Z   > 18 │ 	SYNC_SCOPES,
quality	Run repository quality gate	2026-10-05T13:43:55.3844829Z   > 19 │ } from "@crm/auth";
quality	Run repository quality gate	2026-10-05T13:43:55.3845189Z        │ ^^^^^^^^^^^^^^^^^^^
quality	Run repository quality gate	2026-10-05T13:43:55.3845527Z     20 │
quality	Run repository quality gate	2026-10-05T13:43:55.3846072Z     21 │ export const SYNC_SOURCES = ["calendar", "gmail", "outlook"] as const;
quality	Run repository quality gate	2026-10-05T13:43:55.3846630Z
quality	Run repository quality gate	2026-10-05T13:43:55.3847099Z   i Check this thorough explanation to better understand the context.
quality	Run repository quality gate	2026-10-05T13:43:55.3847702Z
quality	Run repository quality gate	2026-10-05T13:43:55.3847853Z
quality	Run repository quality gate	2026-10-05T13:43:55.3848500Z src/microsoft/microsoft.constants.ts:1:1 lint/performance/noBarrelFile ━━━━━━━━━━━━━━━━━━━━━━━━━━━━━
quality	Run repository quality gate	2026-10-05T13:43:55.3849479Z
quality	Run repository quality gate	2026-10-05T13:43:55.3850034Z   ! Avoid barrel files, they slow down performance, and cause large module graphs with modules that go unused.
quality	Run repository quality gate	2026-10-05T13:43:55.3850750Z
quality	Run repository quality gate	2026-10-05T13:43:55.3851113Z   > 1 │ export {
quality	Run repository quality gate	2026-10-05T13:43:55.3851505Z       │ ^^^^^^^^
quality	Run repository quality gate	2026-10-05T13:43:55.3851857Z   > 2 │ 	MICROSOFT_PROVIDER_ID,
quality	Run repository quality gate	2026-10-05T13:43:55.3852300Z   > 3 │ 	MICROSOFT_SYNC_SCOPES,
quality	Run repository quality gate	2026-10-05T13:43:55.3852724Z   > 4 │ 	MICROSOFT_SYNC_SOURCES,
quality	Run repository quality gate	2026-10-05T13:43:55.3853137Z   > 5 │ 	type MicrosoftSyncSource,
quality	Run repository quality gate	2026-10-05T13:43:55.3853566Z   > 6 │ 	OUTLOOK_MAIL_SCOPE,
quality	Run repository quality gate	2026-10-05T13:43:55.3853937Z   > 7 │ 	SCOPE_FOR_SOURCE,
quality	Run repository quality gate	2026-10-05T13:43:55.3854257Z   > 8 │ } from "../mailbox/mailbox.constants";
quality	Run repository quality gate	2026-10-05T13:43:55.3854923Z       │ ^^^^^^^^^^^^^^^^^^^^^^^^^^^^^^^^^^^^^^
quality	Run repository quality gate	2026-10-05T13:43:55.3855238Z     9 │
quality	Run repository quality gate	2026-10-05T13:43:55.3855820Z
quality	Run repository quality gate	2026-10-05T13:43:55.3856121Z   i Check this thorough explanation to better understand the context.
quality	Run repository quality gate	2026-10-05T13:43:55.3856476Z
quality	Run repository quality gate	2026-10-05T13:43:55.3856580Z
quality	Run repository quality gate	2026-10-05T13:43:55.3857065Z src/migrations/background-import.mjs:75:6 lint/complexity/useOptionalChain  FIXABLE  ━━━━━━━━━━━━━━━
quality	Run repository quality gate	2026-10-05T13:43:55.3857683Z
quality	Run repository quality gate	2026-10-05T13:43:55.3857866Z   ! Change to an optional chain.
quality	Run repository quality gate	2026-10-05T13:43:55.3858178Z
quality	Run repository quality gate	2026-10-05T13:43:55.3858420Z     73 │ 				});
quality	Run repository quality gate	2026-10-05T13:43:55.3858981Z     74 │ 				if (
quality	Run repository quality gate	2026-10-05T13:43:55.3859377Z   > 75 │ 					!row ||
quality	Run repository quality gate	2026-10-05T13:43:55.3859674Z        │ 					^^^^^^^
quality	Run repository quality gate	2026-10-05T13:43:55.3859988Z   > 76 │ 					!row.backgroundEnabled ||
quality	Run repository quality gate	2026-10-05T13:43:55.3860371Z        │ 					^^^^^^^^^^^^^^^^^^^^^^
quality	Run repository quality gate	2026-10-05T13:43:55.3860731Z     77 │ 					row.backgroundVersion !== claim.version
quality	Run repository quality gate	2026-10-05T13:43:55.3861090Z     78 │ 				)
quality	Run repository quality gate	2026-10-05T13:43:55.3861303Z
quality	Run repository quality gate	2026-10-05T13:43:55.3861543Z   i Unsafe fix: Change to an optional chain.
quality	Run repository quality gate	2026-10-05T13:43:55.3861869Z
quality	Run repository quality gate	2026-10-05T13:43:55.3862187Z      73  73 │           });
quality	Run repository quality gate	2026-10-05T13:43:55.3862502Z      74  74 │           if (
quality	Run repository quality gate	2026-10-05T13:43:55.3862828Z      75     │ - → → → → → !row·||
quality	Run repository quality gate	2026-10-05T13:43:55.3863169Z      76     │ - → → → → → !row.backgroundEnabled·||
quality	Run repository quality gate	2026-10-05T13:43:55.3863561Z          75 │ + → → → → → !row?.backgroundEnabled·||
quality	Run repository quality gate	2026-10-05T13:43:55.3864007Z      77  76 │             row.backgroundVersion !== claim.version
quality	Run repository quality gate	2026-10-05T13:43:55.3864355Z      78  77 │           )
quality	Run repository quality gate	2026-10-05T13:43:55.3864587Z
quality	Run repository quality gate	2026-10-05T13:43:55.3864700Z
quality	Run repository quality gate	2026-10-05T13:43:55.3865070Z src/tracking/tracking.service.ts:40:2 lint/correctness/noUnusedImports  FIXABLE  ━━━━━━━━━━━━━━━━━━━
quality	Run repository quality gate	2026-10-05T13:43:55.3865447Z
quality	Run repository quality gate	2026-10-05T13:43:55.3865564Z   ! Several of these imports are unused.
quality	Run repository quality gate	2026-10-05T13:43:55.3865827Z
quality	Run repository quality gate	2026-10-05T13:43:55.3866056Z     38 │ 	TrackingSettings,
quality	Run repository quality gate	2026-10-05T13:43:55.3866344Z     39 │ 	VerifyResult,
quality	Run repository quality gate	2026-10-05T13:43:55.3866601Z   > 40 │ 	VisitedPage,
quality	Run repository quality gate	2026-10-05T13:43:55.3866852Z        │ 	^^^^^^^^^^^
quality	Run repository quality gate	2026-10-05T13:43:55.3867102Z     41 │ 	WebsiteActivity,
quality	Run repository quality gate	2026-10-05T13:43:55.3867395Z     42 │ } from "./tracking.contracts";
quality	Run repository quality gate	2026-10-05T13:43:55.3867662Z
quality	Run repository quality gate	2026-10-05T13:43:55.3867970Z   i Unused imports might be the result of an incomplete refactoring.
quality	Run repository quality gate	2026-10-05T13:43:55.3868330Z
quality	Run repository quality gate	2026-10-05T13:43:55.3868562Z   i Unsafe fix: Remove the unused imports.
quality	Run repository quality gate	2026-10-05T13:43:55.3868975Z
quality	Run repository quality gate	2026-10-05T13:43:55.3869248Z      38  38 │     TrackingSettings,
quality	Run repository quality gate	2026-10-05T13:43:55.3869556Z      39  39 │     VerifyResult,
quality	Run repository quality gate	2026-10-05T13:43:55.3870051Z      40     │ - → VisitedPage,
quality	Run repository quality gate	2026-10-05T13:43:55.3870350Z      41  40 │     WebsiteActivity,
quality	Run repository quality gate	2026-10-05T13:43:55.3870676Z      42  41 │   } from "./tracking.contracts";
quality	Run repository quality gate	2026-10-05T13:43:55.3870969Z
quality	Run repository quality gate	2026-10-05T13:43:55.3871075Z
quality	Run repository quality gate	2026-10-05T13:43:55.3871468Z test/operations-postgres.integration.spec.ts:320:17 lint/style/noNonNullAssertion ━━━━━━━━━━━━━━━━━━
quality	Run repository quality gate	2026-10-05T13:43:55.3871868Z
quality	Run repository quality gate	2026-10-05T13:43:55.3871981Z   ! Forbidden non-null assertion.
quality	Run repository quality gate	2026-10-05T13:43:55.3872233Z
quality	Run repository quality gate	2026-10-05T13:43:55.3872441Z     318 │ 		});
quality	Run repository quality gate	2026-10-05T13:43:55.3872716Z     319 │ 		await db.contact.update({
quality	Run repository quality gate	2026-10-05T13:43:55.3873062Z   > 320 │ 			where: { id: receipts[0]!.entityId! },
quality	Run repository quality gate	2026-10-05T13:43:55.3873424Z         │ 			             ^^^^^^^^^^^^^^^^^^^^^^
quality	Run repository quality gate	2026-10-05T13:43:55.3873853Z     321 │ 			data: {
quality	Run repository quality gate	2026-10-05T13:43:55.3874141Z     322 │ 				title: "Edited after import",
quality	Run repository quality gate	2026-10-05T13:43:55.3874412Z
quality	Run repository quality gate	2026-10-05T13:43:55.3874523Z
quality	Run repository quality gate	2026-10-05T13:43:55.3874910Z test/operations-postgres.integration.spec.ts:320:17 lint/style/noNonNullAssertion  FIXABLE  ━━━━━━━━━━
quality	Run repository quality gate	2026-10-05T13:43:55.3875319Z
quality	Run repository quality gate	2026-10-05T13:43:55.3875433Z   ! Forbidden non-null assertion.
quality	Run repository quality gate	2026-10-05T13:43:55.3875687Z
quality	Run repository quality gate	2026-10-05T13:43:55.3875916Z     318 │ 		});
quality	Run repository quality gate	2026-10-05T13:43:55.3876195Z     319 │ 		await db.contact.update({
quality	Run repository quality gate	2026-10-05T13:43:55.3876540Z   > 320 │ 			where: { id: receipts[0]!.entityId! },
quality	Run repository quality gate	2026-10-05T13:43:55.3876876Z         │ 			             ^^^^^^^^^^^^
quality	Run repository quality gate	2026-10-05T13:43:55.3877157Z     321 │ 			data: {
quality	Run repository quality gate	2026-10-05T13:43:55.3877441Z     322 │ 				title: "Edited after import",
quality	Run repository quality gate	2026-10-05T13:43:55.3877708Z
quality	Run repository quality gate	2026-10-05T13:43:55.3878257Z   i Unsafe fix: Replace with optional chain operator ?. This operator includes runtime checks, so it is safer than the compile-only non-null assertion operator
quality	Run repository quality gate	2026-10-05T13:43:55.3879156Z
quality	Run repository quality gate	2026-10-05T13:43:55.3879387Z     318 318 │       });
quality	Run repository quality gate	2026-10-05T13:43:55.3879802Z     319 319 │       await db.contact.update({
quality	Run repository quality gate	2026-10-05T13:43:55.3880197Z     320     │ - → → → where:·{·id:·receipts[0]!.entityId!·},
quality	Run repository quality gate	2026-10-05T13:43:55.3880631Z         320 │ + → → → where:·{·id:·receipts[0]?.entityId!·},
quality	Run repository quality gate	2026-10-05T13:43:55.3880978Z     321 321 │         data: {
quality	Run repository quality gate	2026-10-05T13:43:55.3881290Z     322 322 │           title: "Edited after import",
quality	Run repository quality gate	2026-10-05T13:43:55.3881577Z
quality	Run repository quality gate	2026-10-05T13:43:55.3881682Z
quality	Run repository quality gate	2026-10-05T13:43:55.3882052Z test/operations-postgres.integration.spec.ts:340:19 lint/style/noNonNullAssertion ━━━━━━━━━━━━━━━━━━
quality	Run repository quality gate	2026-10-05T13:43:55.3882438Z
quality	Run repository quality gate	2026-10-05T13:43:55.3882544Z   ! Forbidden non-null assertion.
quality	Run repository quality gate	2026-10-05T13:43:55.3882788Z
quality	Run repository quality gate	2026-10-05T13:43:55.3882999Z     338 │ 			(
quality	Run repository quality gate	2026-10-05T13:43:55.3883290Z     339 │ 				await db.contact.findUniqueOrThrow({
quality	Run repository quality gate	2026-10-05T13:43:55.3883661Z   > 340 │ 					where: { id: receipts[0]!.entityId! },
quality	Run repository quality gate	2026-10-05T13:43:55.3884039Z         │ 					             ^^^^^^^^^^^^^^^^^^^^^^
quality	Run repository quality gate	2026-10-05T13:43:55.3884330Z     341 │ 				})
quality	Run repository quality gate	2026-10-05T13:43:55.3884580Z     342 │ 			).archivedAt,
quality	Run repository quality gate	2026-10-05T13:43:55.3884808Z
quality	Run repository quality gate	2026-10-05T13:43:55.3885042Z
quality	Run repository quality gate	2026-10-05T13:43:55.3885422Z test/operations-postgres.integration.spec.ts:340:19 lint/style/noNonNullAssertion  FIXABLE  ━━━━━━━━━━
quality	Run repository quality gate	2026-10-05T13:43:55.3885823Z
quality	Run repository quality gate	2026-10-05T13:43:55.3885932Z   ! Forbidden non-null assertion.
quality	Run repository quality gate	2026-10-05T13:43:55.3886188Z
quality	Run repository quality gate	2026-10-05T13:43:55.3886402Z     338 │ 			(
quality	Run repository quality gate	2026-10-05T13:43:55.3886692Z     339 │ 				await db.contact.findUniqueOrThrow({
quality	Run repository quality gate	2026-10-05T13:43:55.3887173Z   > 340 │ 					where: { id: receipts[0]!.entityId! },
quality	Run repository quality gate	2026-10-05T13:43:55.3887667Z         │ 					             ^^^^^^^^^^^^
quality	Run repository quality gate	2026-10-05T13:43:55.3888114Z     341 │ 				})
quality	Run repository quality gate	2026-10-05T13:43:55.3888611Z     342 │ 			).archivedAt,
quality	Run repository quality gate	2026-10-05T13:43:55.3889058Z
quality	Run repository quality gate	2026-10-05T13:43:55.3889969Z   i Unsafe fix: Replace with optional chain operator ?. This operator includes runtime checks, so it is safer than the compile-only non-null assertion operator
quality	Run repository quality gate	2026-10-05T13:43:55.3890949Z
quality	Run repository quality gate	2026-10-05T13:43:55.3891215Z     338 338 │         (
quality	Run repository quality gate	2026-10-05T13:43:55.3891566Z     339 339 │           await db.contact.findUniqueOrThrow({
quality	Run repository quality gate	2026-10-05T13:43:55.3892030Z     340     │ - → → → → → where:·{·id:·receipts[0]!.entityId!·},
quality	Run repository quality gate	2026-10-05T13:43:55.3892472Z         340 │ + → → → → → where:·{·id:·receipts[0]?.entityId!·},
quality	Run repository quality gate	2026-10-05T13:43:55.3892820Z     341 341 │           })
quality	Run repository quality gate	2026-10-05T13:43:55.3893091Z     342 342 │         ).archivedAt,
quality	Run repository quality gate	2026-10-05T13:43:55.3893347Z
quality	Run repository quality gate	2026-10-05T13:43:55.3893454Z
quality	Run repository quality gate	2026-10-05T13:43:55.3893835Z test/operations-postgres.integration.spec.ts:564:17 lint/style/noNonNullAssertion ━━━━━━━━━━━━━━━━━━
quality	Run repository quality gate	2026-10-05T13:43:55.3894230Z
quality	Run repository quality gate	2026-10-05T13:43:55.3894341Z   ! Forbidden non-null assertion.
quality	Run repository quality gate	2026-10-05T13:43:55.3894594Z
quality	Run repository quality gate	2026-10-05T13:43:55.3894806Z     562 │ 		]);
quality	Run repository quality gate	2026-10-05T13:43:55.3895119Z     563 │ 		expect(claims.filter(Boolean).length).toBe(1);
quality	Run repository quality gate	2026-10-05T13:43:55.3895516Z   > 564 │ 		const claim = claims.find(Boolean)!;
quality	Run repository quality gate	2026-10-05T13:43:55.3895863Z         │ 		              ^^^^^^^^^^^^^^^^^^^^^
quality	Run repository quality gate	2026-10-05T13:43:55.3896454Z     565 │ 		expect(claim.sessionId).toBe(f.identity.sessionId);
quality	Run repository quality gate	2026-10-05T13:43:55.3897270Z     566 │ 		expect(claim.rootSessionId).not.toBe(claim.sessionId);
quality	Run repository quality gate	2026-10-05T13:43:55.3897874Z
quality	Run repository quality gate	2026-10-05T13:43:55.3898047Z
quality	Run repository quality gate	2026-10-05T13:43:55.3898846Z test/operations-postgres.integration.spec.ts:575:17 lint/style/noNonNullAssertion ━━━━━━━━━━━━━━━━━━
quality	Run repository quality gate	2026-10-05T13:43:55.3899539Z
quality	Run repository quality gate	2026-10-05T13:43:55.3899712Z   ! Forbidden non-null assertion.
quality	Run repository quality gate	2026-10-05T13:43:55.3900129Z
quality	Run repository quality gate	2026-10-05T13:43:55.3900981Z     573 │ 	it("one-time transport admission and exact request binding survive new store instances", async () => {
quality	Run repository quality gate	2026-10-05T13:43:55.3901922Z     574 │ 		const f = await fixture("admit");
quality	Run repository quality gate	2026-10-05T13:43:55.3902595Z   > 575 │ 		const claim = (await f.store.claim(f.ticket.id))!;
quality	Run repository quality gate	2026-10-05T13:43:55.3903238Z         │ 		              ^^^^^^^^^^^^^^^^^^^^^^^^^^^^^^^^^^^
quality	Run repository quality gate	2026-10-05T13:43:55.3903703Z     576 │ 		expect(
quality	Run repository quality gate	2026-10-05T13:43:55.3904292Z     577 │ 			await f.store.admitDelivery({ ...claim, sessionId: "different-child" }),
quality	Run repository quality gate	2026-10-05T13:43:55.3904857Z
quality	Run repository quality gate	2026-10-05T13:43:55.3905015Z
quality	Run repository quality gate	2026-10-05T13:43:55.3905196Z Checked 277 files in 1399ms. No fixes applied.
quality	Run repository quality gate	2026-10-05T13:43:55.3905650Z Found 12 warnings.
quality	Run repository quality gate	2026-10-05T13:43:55.3905991Z Found 1 info.
quality	Run repository quality gate	2026-10-05T13:43:55.3906695Z ##[endgroup]
quality	Run repository quality gate	2026-10-05T13:43:55.3906942Z
quality	Run repository quality gate	2026-10-05T13:43:55.3907106Z  Tasks:    9 successful, 9 total
quality	Run repository quality gate	2026-10-05T13:43:55.3907564Z Cached:    0 cached, 9 total
quality	Run repository quality gate	2026-10-05T13:43:55.3907978Z   Time:    1.662s
quality	Run repository quality gate	2026-10-05T13:43:55.3908186Z
quality	Run repository quality gate	2026-10-05T13:43:55.3918267Z
quality	Run repository quality gate	2026-10-05T13:43:55.3918681Z > bun run check-types
quality	Run repository quality gate	2026-10-05T13:43:55.3945296Z $ turbo run check-types
quality	Run repository quality gate	2026-10-05T13:43:55.4821569Z
quality	Run repository quality gate	2026-10-05T13:43:55.4881938Z    • Packages in scope: @crm/action-registry, @crm/agent-action-runtime, @crm/auth, @crm/db, @crm/env, @crm/integration-runtime, @crm/migration-core, @crm/migration-runtime, @crm/pipeline-core, @crm/pipeline-runtime, @crm/security-core, @crm/telemetry, @crm/typescript-config, @crm/ui, @crm/validation, agent, api, app
quality	Run repository quality gate	2026-10-05T13:43:55.4883366Z    • Running check-types in 18 packages
quality	Run repository quality gate	2026-10-05T13:43:55.4883980Z    • Remote caching disabled
quality	Run repository quality gate	2026-10-05T13:43:55.4884153Z
quality	Run repository quality gate	2026-10-05T13:43:56.0380553Z ##[group]app:typegen
quality	Run repository quality gate	2026-10-05T13:43:56.0408492Z cache miss, executing 170ade75f117e6ab
quality	Run repository quality gate	2026-10-05T13:43:56.0460321Z $ next typegen
quality	Run repository quality gate	2026-10-05T13:43:56.0469476Z Generating route types...
quality	Run repository quality gate	2026-10-05T13:43:56.0497893Z ✓ Types generated successfully
quality	Run repository quality gate	2026-10-05T13:43:56.0499704Z ##[endgroup]
quality	Run repository quality gate	2026-10-05T13:43:56.9311670Z ##[group]@crm/env:check-types
quality	Run repository quality gate	2026-10-05T13:43:56.9312627Z cache miss, executing fb1dc4bf623bb611
quality	Run repository quality gate	2026-10-05T13:43:56.9313317Z $ tsc --noEmit
quality	Run repository quality gate	2026-10-05T13:43:56.9314086Z ##[endgroup]
quality	Run repository quality gate	2026-10-05T13:43:57.9478557Z ##[group]@crm/db:build
quality	Run repository quality gate	2026-10-05T13:43:57.9479246Z cache miss, executing f32aef66dd795f14
quality	Run repository quality gate	2026-10-05T13:43:57.9479697Z $ prisma generate
quality	Run repository quality gate	2026-10-05T13:43:57.9480373Z Loaded Prisma config from prisma.config.ts.
quality	Run repository quality gate	2026-10-05T13:43:57.9480690Z
quality	Run repository quality gate	2026-10-05T13:43:57.9480906Z Prisma schema loaded from prisma/schema.prisma.
quality	Run repository quality gate	2026-10-05T13:43:57.9481288Z
quality	Run repository quality gate	2026-10-05T13:43:57.9482001Z ✔ Generated Prisma Client (7.9.1) to ./src/generated/prisma in 699ms
quality	Run repository quality gate	2026-10-05T13:43:57.9482535Z
quality	Run repository quality gate	2026-10-05T13:43:57.9483076Z ##[endgroup]
quality	Run repository quality gate	2026-10-05T13:43:58.1604881Z ##[group]api:build
quality	Run repository quality gate	2026-10-05T13:43:58.1605658Z cache miss, executing b234471102def6cc
quality	Run repository quality gate	2026-10-05T13:43:58.1701769Z $ bun build src/main.ts --target=bun --outdir dist --packages=external --sourcemap
quality	Run repository quality gate	2026-10-05T13:43:58.1759777Z Bundled 206 modules in 173ms
quality	Run repository quality gate	2026-10-05T13:43:58.1849168Z
quality	Run repository quality gate	2026-10-05T13:43:58.1919680Z   main.js      0.84 MB  (entry point)
quality	Run repository quality gate	2026-10-05T13:43:58.1969880Z   main.js.map  1.49 MB  (source map)
quality	Run repository quality gate	2026-10-05T13:43:58.2029205Z
quality	Run repository quality gate	2026-10-05T13:43:58.2100306Z ##[endgroup]
quality	Run repository quality gate	2026-10-05T13:44:02.7750332Z ##[group]api:trpc:generate
quality	Run repository quality gate	2026-10-05T13:44:02.7820016Z cache miss, executing 79737ef6c3677a6c
quality	Run repository quality gate	2026-10-05T13:44:02.7884284Z $ nestjs-trpc generate -e src/app.module.ts -r "**/*.router.ts" -o src/generated
quality	Run repository quality gate	2026-10-05T13:44:02.8020477Z ✓ Generated server.ts successfully!
quality	Run repository quality gate	2026-10-05T13:44:02.8139226Z
quality	Run repository quality gate	2026-10-05T13:44:02.8179988Z   Output:     /home/runner/work/tayvero/tayvero/apps/api/src/generated/server.ts
quality	Run repository quality gate	2026-10-05T13:44:02.8329878Z   Routers:    24
quality	Run repository quality gate	2026-10-05T13:44:02.8389711Z   Procedures: 185
quality	Run repository quality gate	2026-10-05T13:44:02.8609465Z
quality	Run repository quality gate	2026-10-05T13:44:02.8636896Z ##[endgroup]
quality	Run repository quality gate	2026-10-05T13:44:04.4710315Z ##[group]@crm/validation:check-types
quality	Run repository quality gate	2026-10-05T13:44:04.4829759Z cache miss, executing c18ff211bc1e7aa0
quality	Run repository quality gate	2026-10-05T13:44:04.4859895Z $ tsc --noEmit
quality	Run repository quality gate	2026-10-05T13:44:04.4930094Z ##[endgroup]
quality	Run repository quality gate	2026-10-05T13:44:07.8140457Z ##[group]@crm/telemetry:check-types
quality	Run repository quality gate	2026-10-05T13:44:07.8230062Z cache miss, executing 13627bf1de7b2a0f
quality	Run repository quality gate	2026-10-05T13:44:07.8259665Z $ tsc --noEmit
quality	Run repository quality gate	2026-10-05T13:44:07.8275285Z ##[endgroup]
quality	Run repository quality gate	2026-10-05T13:44:12.5099307Z ##[group]@crm/db:check-types
quality	Run repository quality gate	2026-10-05T13:44:12.5180171Z cache miss, executing 91834af49e2e0a1f
quality	Run repository quality gate	2026-10-05T13:44:12.5228440Z $ tsc --noEmit
quality	Run repository quality gate	2026-10-05T13:44:12.5280207Z ##[endgroup]
quality	Run repository quality gate	2026-10-05T13:44:15.1682089Z ##[group]@crm/auth:check-types
quality	Run repository quality gate	2026-10-05T13:44:15.1709534Z cache miss, executing 6d59191514b1bd18
quality	Run repository quality gate	2026-10-05T13:44:15.1710189Z $ tsc --noEmit
quality	Run repository quality gate	2026-10-05T13:44:15.1769924Z ##[endgroup]
quality	Run repository quality gate	2026-10-05T13:44:18.4174024Z ##[group]@crm/ui:check-types
quality	Run repository quality gate	2026-10-05T13:44:18.4198310Z cache miss, executing 25f53c395780cb77
quality	Run repository quality gate	2026-10-05T13:44:18.4199324Z $ tsc --noEmit
quality	Run repository quality gate	2026-10-05T13:44:18.4200169Z ##[endgroup]
quality	Run repository quality gate	2026-10-05T13:44:18.4380565Z ##[group]agent:check-types
quality	Run repository quality gate	2026-10-05T13:44:18.4399742Z cache miss, executing 0a6692a684e2c731
quality	Run repository quality gate	2026-10-05T13:44:18.4400783Z $ tsc --noEmit
quality	Run repository quality gate	2026-10-05T13:44:18.4401690Z ##[endgroup]
quality	Run repository quality gate	2026-10-05T13:44:28.9032769Z ##[group]api:check-types
quality	Run repository quality gate	2026-10-05T13:44:28.9033699Z cache miss, executing 990e4238b50ff3c8
quality	Run repository quality gate	2026-10-05T13:44:28.9034424Z $ tsc --noEmit
quality	Run repository quality gate	2026-10-05T13:44:28.9035579Z ##[endgroup]
quality	Run repository quality gate	2026-10-05T13:44:34.3950025Z ##[group]app:check-types
quality	Run repository quality gate	2026-10-05T13:44:34.3950674Z cache miss, executing 2e341a9c532dcdde
quality	Run repository quality gate	2026-10-05T13:44:34.3951134Z $ tsc --noEmit
quality	Run repository quality gate	2026-10-05T13:44:34.3951791Z ##[endgroup]
quality	Run repository quality gate	2026-10-05T13:44:34.3955246Z
quality	Run repository quality gate	2026-10-05T13:44:34.3955743Z  Tasks:    13 successful, 13 total
quality	Run repository quality gate	2026-10-05T13:44:34.3956312Z Cached:    0 cached, 13 total
quality	Run repository quality gate	2026-10-05T13:44:34.3956582Z   Time:    38.966s
quality	Run repository quality gate	2026-10-05T13:44:34.3956721Z
quality	Run repository quality gate	2026-10-05T13:44:34.4088018Z
quality	Run repository quality gate	2026-10-05T13:44:34.4088525Z > bun run test
quality	Run repository quality gate	2026-10-05T13:44:34.4116242Z $ turbo run test --concurrency=1
quality	Run repository quality gate	2026-10-05T13:44:34.5154179Z
quality	Run repository quality gate	2026-10-05T13:44:34.5157195Z    • Packages in scope: @crm/action-registry, @crm/agent-action-runtime, @crm/auth, @crm/db, @crm/env, @crm/integration-runtime, @crm/migration-core, @crm/migration-runtime, @crm/pipeline-core, @crm/pipeline-runtime, @crm/security-core, @crm/telemetry, @crm/typescript-config, @crm/ui, @crm/validation, agent, api, app
quality	Run repository quality gate	2026-10-05T13:44:34.5162632Z    • Running test in 18 packages
quality	Run repository quality gate	2026-10-05T13:44:34.5163501Z    • Remote caching disabled
quality	Run repository quality gate	2026-10-05T13:44:34.5164528Z
quality	Run repository quality gate	2026-10-05T13:44:34.8554145Z ##[group]@crm/integration-runtime:test
quality	Run repository quality gate	2026-10-05T13:44:34.8554844Z cache miss, executing d17142f1015cdaa6
quality	Run repository quality gate	2026-10-05T13:44:34.8555765Z $ node --test ./test/*.test.mjs
quality	Run repository quality gate	2026-10-05T13:44:34.8556518Z TAP version 13
quality	Run repository quality gate	2026-10-05T13:44:34.8557752Z # Subtest: blocks private, loopback, link-local, metadata, documentation and multicast IP ranges
quality	Run repository quality gate	2026-10-05T13:44:34.8568703Z ok 1 - blocks private, loopback, link-local, metadata, documentation and multicast IP ranges
quality	Run repository quality gate	2026-10-05T13:44:34.8571707Z   ---
quality	Run repository quality gate	2026-10-05T13:44:34.8572293Z   duration_ms: 6.000179
quality	Run repository quality gate	2026-10-05T13:44:34.8574398Z   type: 'test'
quality	Run repository quality gate	2026-10-05T13:44:34.8574750Z   ...
quality	Run repository quality gate	2026-10-05T13:44:34.8575119Z # Subtest: rejects URL credentials and DNS rebinding to a private address
quality	Run repository quality gate	2026-10-05T13:44:34.8575606Z ok 2 - rejects URL credentials and DNS rebinding to a private address
quality	Run repository quality gate	2026-10-05T13:44:34.8575959Z   ---
quality	Run repository quality gate	2026-10-05T13:44:34.8576161Z   duration_ms: 0.909256
quality	Run repository quality gate	2026-10-05T13:44:34.8576415Z   type: 'test'
quality	Run repository quality gate	2026-10-05T13:44:34.8576658Z   ...
quality	Run repository quality gate	2026-10-05T13:44:34.8576886Z # Subtest: enforces connector host allowlists
quality	Run repository quality gate	2026-10-05T13:44:34.8577221Z ok 3 - enforces connector host allowlists
quality	Run repository quality gate	2026-10-05T13:44:34.8577489Z   ---
quality	Run repository quality gate	2026-10-05T13:44:34.8577682Z   duration_ms: 0.28409
quality	Run repository quality gate	2026-10-05T13:44:34.8577934Z   type: 'test'
quality	Run repository quality gate	2026-10-05T13:44:34.8578135Z   ...
quality	Run repository quality gate	2026-10-05T13:44:34.8578413Z # Subtest: executes a pinned bounded request and parses JSON
quality	Run repository quality gate	2026-10-05T13:44:34.8578961Z ok 4 - executes a pinned bounded request and parses JSON
quality	Run repository quality gate	2026-10-05T13:44:34.8579487Z   ---
quality	Run repository quality gate	2026-10-05T13:44:34.8579705Z   duration_ms: 22.270634
quality	Run repository quality gate	2026-10-05T13:44:34.8579930Z   type: 'test'
quality	Run repository quality gate	2026-10-05T13:44:34.8580131Z   ...
quality	Run repository quality gate	2026-10-05T13:44:34.8580371Z # Subtest: rejects mutation retry without idempotency
quality	Run repository quality gate	2026-10-05T13:44:34.8581853Z ok 5 - rejects mutation retry without idempotency
quality	Run repository quality gate	2026-10-05T13:44:34.8582158Z   ---
quality	Run repository quality gate	2026-10-05T13:44:34.8582353Z   duration_ms: 0.713297
quality	Run repository quality gate	2026-10-05T13:44:34.8582592Z   type: 'test'
quality	Run repository quality gate	2026-10-05T13:44:34.8582788Z   ...
quality	Run repository quality gate	2026-10-05T13:44:34.8583019Z # Subtest: rejects redirect to a private destination
quality	Run repository quality gate	2026-10-05T13:44:34.8583390Z ok 6 - rejects redirect to a private destination
quality	Run repository quality gate	2026-10-05T13:44:34.8583681Z   ---
quality	Run repository quality gate	2026-10-05T13:44:34.8583881Z   duration_ms: 8.787323
quality	Run repository quality gate	2026-10-05T13:44:34.8584116Z   type: 'test'
quality	Run repository quality gate	2026-10-05T13:44:34.8584316Z   ...
quality	Run repository quality gate	2026-10-05T13:44:34.8584557Z # Subtest: verifies HMAC webhooks and rejects replay
quality	Run repository quality gate	2026-10-05T13:44:34.8584893Z ok 7 - verifies HMAC webhooks and rejects replay
quality	Run repository quality gate	2026-10-05T13:44:34.8585181Z   ---
quality	Run repository quality gate	2026-10-05T13:44:34.8585374Z   duration_ms: 1.970489
quality	Run repository quality gate	2026-10-05T13:44:34.8585595Z   type: 'test'
quality	Run repository quality gate	2026-10-05T13:44:34.8585802Z   ...
quality	Run repository quality gate	2026-10-05T13:44:34.8586021Z # Subtest: rejects tampered webhook body
quality	Run repository quality gate	2026-10-05T13:44:34.8586320Z ok 8 - rejects tampered webhook body
quality	Run repository quality gate	2026-10-05T13:44:34.8586695Z   ---
quality	Run repository quality gate	2026-10-05T13:44:34.8586939Z   duration_ms: 0.711337
quality	Run repository quality gate	2026-10-05T13:44:34.8587172Z   type: 'test'
quality	Run repository quality gate	2026-10-05T13:44:34.8587378Z   ...
quality	Run repository quality gate	2026-10-05T13:44:34.8587669Z # Subtest: compiles bounded OpenAPI operations and classifies risk
quality	Run repository quality gate	2026-10-05T13:44:34.8588101Z ok 9 - compiles bounded OpenAPI operations and classifies risk
quality	Run repository quality gate	2026-10-05T13:44:34.8588428Z   ---
quality	Run repository quality gate	2026-10-05T13:44:34.8588634Z   duration_ms: 1.27538
quality	Run repository quality gate	2026-10-05T13:44:34.8589027Z   type: 'test'
quality	Run repository quality gate	2026-10-05T13:44:34.8589501Z   ...
quality	Run repository quality gate	2026-10-05T13:44:34.8589747Z # Subtest: rejects external OpenAPI references
quality	Run repository quality gate	2026-10-05T13:44:34.8590093Z ok 10 - rejects external OpenAPI references
quality	Run repository quality gate	2026-10-05T13:44:34.8590397Z   ---
quality	Run repository quality gate	2026-10-05T13:44:34.8590609Z   duration_ms: 0.57613
quality	Run repository quality gate	2026-10-05T13:44:34.8590848Z   type: 'test'
quality	Run repository quality gate	2026-10-05T13:44:34.8591064Z   ...
quality	Run repository quality gate	2026-10-05T13:44:34.8591360Z # Subtest: rejects malformed resolver results before opening a socket
quality	Run repository quality gate	2026-10-05T13:44:34.8591838Z ok 11 - rejects malformed resolver results before opening a socket
quality	Run repository quality gate	2026-10-05T13:44:34.8592184Z   ---
quality	Run repository quality gate	2026-10-05T13:44:34.8592392Z   duration_ms: 0.617918
quality	Run repository quality gate	2026-10-05T13:44:34.8592635Z   type: 'test'
quality	Run repository quality gate	2026-10-05T13:44:34.8592837Z   ...
quality	Run repository quality gate	2026-10-05T13:44:34.8593078Z # Subtest: validates the retry-delay boundary
quality	Run repository quality gate	2026-10-05T13:44:34.8593511Z ok 12 - validates the retry-delay boundary
quality	Run repository quality gate	2026-10-05T13:44:34.8593799Z   ---
quality	Run repository quality gate	2026-10-05T13:44:34.8594003Z   duration_ms: 0.424872
quality	Run repository quality gate	2026-10-05T13:44:34.8594235Z   type: 'test'
quality	Run repository quality gate	2026-10-05T13:44:34.8594449Z   ...
quality	Run repository quality gate	2026-10-05T13:44:34.8594799Z # Subtest: enforces a total request deadline even while response bytes keep arriving
quality	Run repository quality gate	2026-10-05T13:44:34.8595351Z ok 13 - enforces a total request deadline even while response bytes keep arriving
quality	Run repository quality gate	2026-10-05T13:44:34.8595741Z   ---
quality	Run repository quality gate	2026-10-05T13:44:34.8595951Z   duration_ms: 102.580073
quality	Run repository quality gate	2026-10-05T13:44:34.8596197Z   type: 'test'
quality	Run repository quality gate	2026-10-05T13:44:34.8596401Z   ...
quality	Run repository quality gate	2026-10-05T13:44:34.8596756Z # Subtest: SSRF: all mapped, expanded, reserved and transition representations are blocked
quality	Run repository quality gate	2026-10-05T13:44:34.8597336Z ok 14 - SSRF: all mapped, expanded, reserved and transition representations are blocked
quality	Run repository quality gate	2026-10-05T13:44:34.8597749Z   ---
quality	Run repository quality gate	2026-10-05T13:44:34.8597952Z   duration_ms: 8.760787
quality	Run repository quality gate	2026-10-05T13:44:34.8598187Z   type: 'test'
quality	Run repository quality gate	2026-10-05T13:44:34.8598400Z   ...
quality	Run repository quality gate	2026-10-05T13:44:34.8598896Z # Subtest: HTTP: cross-origin redirect cannot forward secrets or reach its destination
quality	Run repository quality gate	2026-10-05T13:44:34.8599635Z ok 15 - HTTP: cross-origin redirect cannot forward secrets or reach its destination
quality	Run repository quality gate	2026-10-05T13:44:34.8600076Z   ---
quality	Run repository quality gate	2026-10-05T13:44:34.8600302Z   duration_ms: 33.23201
quality	Run repository quality gate	2026-10-05T13:44:34.8600558Z   type: 'test'
quality	Run repository quality gate	2026-10-05T13:44:34.8600783Z   ...
quality	Run repository quality gate	2026-10-05T13:44:34.8601052Z # Subtest: HTTP: safe same-origin GET redirect still works
quality	Run repository quality gate	2026-10-05T13:44:34.8601431Z ok 16 - HTTP: safe same-origin GET redirect still works
quality	Run repository quality gate	2026-10-05T13:44:34.8601738Z   ---
quality	Run repository quality gate	2026-10-05T13:44:34.8601939Z   duration_ms: 8.075507
quality	Run repository quality gate	2026-10-05T13:44:34.8602164Z   type: 'test'
quality	Run repository quality gate	2026-10-05T13:44:34.8602375Z   ...
quality	Run repository quality gate	2026-10-05T13:44:34.8602727Z # Subtest: HTTP: an idempotency header alone does not prove the provider can safely retry
quality	Run repository quality gate	2026-10-05T13:44:34.8603281Z ok 17 - HTTP: an idempotency header alone does not prove the provider can safely retry
quality	Run repository quality gate	2026-10-05T13:44:34.8603683Z   ---
quality	Run repository quality gate	2026-10-05T13:44:34.8603887Z   duration_ms: 0.374383
quality	Run repository quality gate	2026-10-05T13:44:34.8604116Z   type: 'test'
quality	Run repository quality gate	2026-10-05T13:44:34.8604314Z   ...
quality	Run repository quality gate	2026-10-05T13:44:34.8604582Z # Subtest: HTTP: abort before dispatch performs no DNS lookup
quality	Run repository quality gate	2026-10-05T13:44:34.8604990Z ok 18 - HTTP: abort before dispatch performs no DNS lookup
quality	Run repository quality gate	2026-10-05T13:44:34.8605297Z   ---
quality	Run repository quality gate	2026-10-05T13:44:34.8605505Z   duration_ms: 0.249502
quality	Run repository quality gate	2026-10-05T13:44:34.8605726Z   type: 'test'
quality	Run repository quality gate	2026-10-05T13:44:34.8605931Z   ...
quality	Run repository quality gate	2026-10-05T13:44:34.8606187Z # Subtest: HTTP: deadline includes stalled DNS resolution
quality	Run repository quality gate	2026-10-05T13:44:34.8606557Z ok 19 - HTTP: deadline includes stalled DNS resolution
quality	Run repository quality gate	2026-10-05T13:44:34.8606864Z   ---
quality	Run repository quality gate	2026-10-05T13:44:34.8607061Z   duration_ms: 101.361905
quality	Run repository quality gate	2026-10-05T13:44:34.8607291Z   type: 'test'
quality	Run repository quality gate	2026-10-05T13:44:34.8607503Z   ...
quality	Run repository quality gate	2026-10-05T13:44:34.8607780Z # Subtest: Webhook: replay protection must not silently disappear
quality	Run repository quality gate	2026-10-05T13:44:34.8608208Z ok 20 - Webhook: replay protection must not silently disappear
quality	Run repository quality gate	2026-10-05T13:44:34.8608527Z   ---
quality	Run repository quality gate	2026-10-05T13:44:34.8609067Z   duration_ms: 2.210213
quality	Run repository quality gate	2026-10-05T13:44:34.8609321Z   type: 'test'
quality	Run repository quality gate	2026-10-05T13:44:34.8609581Z   ...
quality	Run repository quality gate	2026-10-05T13:44:34.8609922Z # Subtest: Webhook: ambiguous duplicate signature fields are rejected
quality	Run repository quality gate	2026-10-05T13:44:34.8610564Z ok 21 - Webhook: ambiguous duplicate signature fields are rejected
quality	Run repository quality gate	2026-10-05T13:44:34.8610907Z   ---
quality	Run repository quality gate	2026-10-05T13:44:34.8611117Z   duration_ms: 0.448173
quality	Run repository quality gate	2026-10-05T13:44:34.8611359Z   type: 'test'
quality	Run repository quality gate	2026-10-05T13:44:34.8611583Z   ...
quality	Run repository quality gate	2026-10-05T13:44:34.8611921Z # Subtest: OpenAPI: server base path is retained and schema is an immutable snapshot
quality	Run repository quality gate	2026-10-05T13:44:34.8612444Z ok 22 - OpenAPI: server base path is retained and schema is an immutable snapshot
quality	Run repository quality gate	2026-10-05T13:44:34.8612818Z   ---
quality	Run repository quality gate	2026-10-05T13:44:34.8613010Z   duration_ms: 1.147638
quality	Run repository quality gate	2026-10-05T13:44:34.8613240Z   type: 'test'
quality	Run repository quality gate	2026-10-05T13:44:34.8613441Z   ...
quality	Run repository quality gate	2026-10-05T13:44:34.8613706Z # Subtest: OpenAPI: reject host-changing and traversal paths
quality	Run repository quality gate	2026-10-05T13:44:34.8614133Z ok 23 - OpenAPI: reject host-changing and traversal paths
quality	Run repository quality gate	2026-10-05T13:44:34.8614521Z   ---
quality	Run repository quality gate	2026-10-05T13:44:34.8614726Z   duration_ms: 0.735183
quality	Run repository quality gate	2026-10-05T13:44:34.8614951Z   type: 'test'
quality	Run repository quality gate	2026-10-05T13:44:34.8615161Z   ...
quality	Run repository quality gate	2026-10-05T13:44:34.8615475Z # Subtest: OpenAPI: cyclic objects are bounded failures, not stack overflows
quality	Run repository quality gate	2026-10-05T13:44:34.8615949Z ok 24 - OpenAPI: cyclic objects are bounded failures, not stack overflows
quality	Run repository quality gate	2026-10-05T13:44:34.8616306Z   ---
quality	Run repository quality gate	2026-10-05T13:44:34.8616503Z   duration_ms: 0.176555
quality	Run repository quality gate	2026-10-05T13:44:34.8616735Z   type: 'test'
quality	Run repository quality gate	2026-10-05T13:44:34.8616931Z   ...
quality	Run repository quality gate	2026-10-05T13:44:34.8617113Z 1..24
quality	Run repository quality gate	2026-10-05T13:44:34.8617311Z # tests 24
quality	Run repository quality gate	2026-10-05T13:44:34.8617512Z # suites 0
quality	Run repository quality gate	2026-10-05T13:44:34.8617716Z # pass 24
quality	Run repository quality gate	2026-10-05T13:44:34.8617909Z # fail 0
quality	Run repository quality gate	2026-10-05T13:44:34.8618107Z # cancelled 0
quality	Run repository quality gate	2026-10-05T13:44:34.8618326Z # skipped 0
quality	Run repository quality gate	2026-10-05T13:44:34.8618526Z # todo 0
quality	Run repository quality gate	2026-10-05T13:44:34.8618879Z # duration_ms 280.872811
quality	Run repository quality gate	2026-10-05T13:44:34.8619453Z ##[endgroup]
quality	Run repository quality gate	2026-10-05T13:44:35.0035709Z ##[group]@crm/migration-core:test
quality	Run repository quality gate	2026-10-05T13:44:35.0036282Z cache miss, executing 7ca4c3b1f4984773
quality	Run repository quality gate	2026-10-05T13:44:35.0042834Z $ node --test ./test/*.test.mjs
quality	Run repository quality gate	2026-10-05T13:44:35.0043279Z TAP version 13
quality	Run repository quality gate	2026-10-05T13:44:35.0043870Z # Subtest: CSV: auto-detection works beyond the 30-row sampling boundary
quality	Run repository quality gate	2026-10-05T13:44:35.0044733Z ok 1 - CSV: auto-detection works beyond the 30-row sampling boundary
quality	Run repository quality gate	2026-10-05T13:44:35.0045285Z   ---
quality	Run repository quality gate	2026-10-05T13:44:35.0045641Z   duration_ms: 7.632303
quality	Run repository quality gate	2026-10-05T13:44:35.0046002Z   type: 'test'
quality	Run repository quality gate	2026-10-05T13:44:35.0046246Z   ...
quality	Run repository quality gate	2026-10-05T13:44:35.0046558Z # Subtest: CSV: rejects text or a second quoted string after a closing quote
quality	Run repository quality gate	2026-10-05T13:44:35.0047167Z ok 2 - CSV: rejects text or a second quoted string after a closing quote
quality	Run repository quality gate	2026-10-05T13:44:35.0047516Z   ---
quality	Run repository quality gate	2026-10-05T13:44:35.0047710Z   duration_ms: 0.997014
quality	Run repository quality gate	2026-10-05T13:44:35.0047936Z   type: 'test'
quality	Run repository quality gate	2026-10-05T13:44:35.0048147Z   ...
quality	Run repository quality gate	2026-10-05T13:44:35.0048483Z # Subtest: CSV: single-column imports are valid without explicit delimiter selection
quality	Run repository quality gate	2026-10-05T13:44:35.0049217Z ok 3 - CSV: single-column imports are valid without explicit delimiter selection
quality	Run repository quality gate	2026-10-05T13:44:35.0049596Z   ---
quality	Run repository quality gate	2026-10-05T13:44:35.0049795Z   duration_ms: 3.04166
quality	Run repository quality gate	2026-10-05T13:44:35.0050040Z   type: 'test'
quality	Run repository quality gate	2026-10-05T13:44:35.0050243Z   ...
quality	Run repository quality gate	2026-10-05T13:44:35.0050559Z # Subtest: CSV: formula escaping includes line breaks and Unicode whitespace
quality	Run repository quality gate	2026-10-05T13:44:35.0051024Z ok 4 - CSV: formula escaping includes line breaks and Unicode whitespace
quality	Run repository quality gate	2026-10-05T13:44:35.0051368Z   ---
quality	Run repository quality gate	2026-10-05T13:44:35.0051567Z   duration_ms: 0.33209
quality	Run repository quality gate	2026-10-05T13:44:35.0051790Z   type: 'test'
quality	Run repository quality gate	2026-10-05T13:44:35.0052002Z   ...
quality	Run repository quality gate	2026-10-05T13:44:35.0052265Z # Subtest: CSV: limits cannot be disabled by NaN or Infinity
quality	Run repository quality gate	2026-10-05T13:44:35.0052647Z ok 5 - CSV: limits cannot be disabled by NaN or Infinity
quality	Run repository quality gate	2026-10-05T13:44:35.0052962Z   ---
quality	Run repository quality gate	2026-10-05T13:44:35.0053165Z   duration_ms: 0.300699
quality	Run repository quality gate	2026-10-05T13:44:35.0053399Z   type: 'test'
quality	Run repository quality gate	2026-10-05T13:44:35.0053603Z   ...
quality	Run repository quality gate	2026-10-05T13:44:35.0053892Z # Subtest: CSV: source row numbers survive blank and multiline records
quality	Run repository quality gate	2026-10-05T13:44:35.0054333Z ok 6 - CSV: source row numbers survive blank and multiline records
quality	Run repository quality gate	2026-10-05T13:44:35.0054867Z   ---
quality	Run repository quality gate	2026-10-05T13:44:35.0055078Z   duration_ms: 2.468934
quality	Run repository quality gate	2026-10-05T13:44:35.0055312Z   type: 'test'
quality	Run repository quality gate	2026-10-05T13:44:35.0055517Z   ...
quality	Run repository quality gate	2026-10-05T13:44:35.0055887Z # Subtest: CSV: format detection rejects backslash paths and control characters on every OS
quality	Run repository quality gate	2026-10-05T13:44:35.0056468Z ok 7 - CSV: format detection rejects backslash paths and control characters on every OS
quality	Run repository quality gate	2026-10-05T13:44:35.0056877Z   ---
quality	Run repository quality gate	2026-10-05T13:44:35.0057071Z   duration_ms: 0.533376
quality	Run repository quality gate	2026-10-05T13:44:35.0057302Z   type: 'test'
quality	Run repository quality gate	2026-10-05T13:44:35.0057500Z   ...
quality	Run repository quality gate	2026-10-05T13:44:35.0057805Z # Subtest: rejects inherited targets instead of resolving Object.prototype
quality	Run repository quality gate	2026-10-05T13:44:35.0058294Z ok 8 - rejects inherited targets instead of resolving Object.prototype
quality	Run repository quality gate	2026-10-05T13:44:35.0058643Z   ---
quality	Run repository quality gate	2026-10-05T13:44:35.0059150Z   duration_ms: 1.496571
quality	Run repository quality gate	2026-10-05T13:44:35.0059466Z   type: 'test'
quality	Run repository quality gate	2026-10-05T13:44:35.0059746Z   ...
quality	Run repository quality gate	2026-10-05T13:44:35.0060096Z # Subtest: rejects prototype transformer names
quality	Run repository quality gate	2026-10-05T13:44:35.0060458Z ok 9 - rejects prototype transformer names
quality	Run repository quality gate	2026-10-05T13:44:35.0060742Z   ---
quality	Run repository quality gate	2026-10-05T13:44:35.0060940Z   duration_ms: 0.185314
quality	Run repository quality gate	2026-10-05T13:44:35.0061157Z   type: 'test'
quality	Run repository quality gate	2026-10-05T13:44:35.0061362Z   ...
quality	Run repository quality gate	2026-10-05T13:44:35.0061687Z # Subtest: rejects duplicate and blank headers without choosing an arbitrary column
quality	Run repository quality gate	2026-10-05T13:44:35.0062211Z ok 10 - rejects duplicate and blank headers without choosing an arbitrary column
quality	Run repository quality gate	2026-10-05T13:44:35.0062586Z   ---
quality	Run repository quality gate	2026-10-05T13:44:35.0062779Z   duration_ms: 0.151927
quality	Run repository quality gate	2026-10-05T13:44:35.0063010Z   type: 'test'
quality	Run repository quality gate	2026-10-05T13:44:35.0063212Z   ...
quality	Run repository quality gate	2026-10-05T13:44:35.0063537Z # Subtest: compiled defaults are immutable snapshots, not caller-owned objects
quality	Run repository quality gate	2026-10-05T13:44:35.0064029Z ok 11 - compiled defaults are immutable snapshots, not caller-owned objects
quality	Run repository quality gate	2026-10-05T13:44:35.0064399Z   ---
quality	Run repository quality gate	2026-10-05T13:44:35.0064612Z   duration_ms: 0.376006
quality	Run repository quality gate	2026-10-05T13:44:35.0064838Z   type: 'test'
quality	Run repository quality gate	2026-10-05T13:44:35.0065054Z   ...
quality	Run repository quality gate	2026-10-05T13:44:35.0065353Z # Subtest: accessor field definitions are rejected without invoking them
quality	Run repository quality gate	2026-10-05T13:44:35.0065815Z ok 12 - accessor field definitions are rejected without invoking them
quality	Run repository quality gate	2026-10-05T13:44:35.0066169Z   ---
quality	Run repository quality gate	2026-10-05T13:44:35.0066370Z   duration_ms: 0.239447
quality	Run repository quality gate	2026-10-05T13:44:35.0066606Z   type: 'test'
quality	Run repository quality gate	2026-10-05T13:44:35.0066806Z   ...
quality	Run repository quality gate	2026-10-05T13:44:35.0067108Z # Subtest: rejects object defaults and unsafe reserved destination fields
quality	Run repository quality gate	2026-10-05T13:44:35.0067572Z ok 13 - rejects object defaults and unsafe reserved destination fields
quality	Run repository quality gate	2026-10-05T13:44:35.0067920Z   ---
quality	Run repository quality gate	2026-10-05T13:44:35.0068126Z   duration_ms: 0.204234
quality	Run repository quality gate	2026-10-05T13:44:35.0068349Z   type: 'test'
quality	Run repository quality gate	2026-10-05T13:44:35.0068549Z   ...
quality	Run repository quality gate	2026-10-05T13:44:35.0069003Z # Subtest: rejects non-cell values rather than executing coercion hooks
quality	Run repository quality gate	2026-10-05T13:44:35.0069463Z ok 14 - rejects non-cell values rather than executing coercion hooks
quality	Run repository quality gate	2026-10-05T13:44:35.0069809Z   ---
quality	Run repository quality gate	2026-10-05T13:44:35.0070006Z   duration_ms: 0.288659
quality	Run repository quality gate	2026-10-05T13:44:35.0070249Z   type: 'test'
quality	Run repository quality gate	2026-10-05T13:44:35.0070474Z   ...
quality	Run repository quality gate	2026-10-05T13:44:35.0070829Z # Subtest: rejects unsupported entity types before creating an executable migration plan
quality	Run repository quality gate	2026-10-05T13:44:35.0071394Z ok 15 - rejects unsupported entity types before creating an executable migration plan
quality	Run repository quality gate	2026-10-05T13:44:35.0071789Z   ---
quality	Run repository quality gate	2026-10-05T13:44:35.0071989Z   duration_ms: 1.58703
quality	Run repository quality gate	2026-10-05T13:44:35.0072206Z   type: 'test'
quality	Run repository quality gate	2026-10-05T13:44:35.0072406Z   ...
quality	Run repository quality gate	2026-10-05T13:44:35.0072698Z # Subtest: parses RFC4180 quoted commas, newlines, and escaped quotes
quality	Run repository quality gate	2026-10-05T13:44:35.0073125Z ok 16 - parses RFC4180 quoted commas, newlines, and escaped quotes
quality	Run repository quality gate	2026-10-05T13:44:35.0073460Z   ---
quality	Run repository quality gate	2026-10-05T13:44:35.0073651Z   duration_ms: 3.023419
quality	Run repository quality gate	2026-10-05T13:44:35.0073870Z   type: 'test'
quality	Run repository quality gate	2026-10-05T13:44:35.0074190Z   ...
quality	Run repository quality gate	2026-10-05T13:44:35.0074426Z # Subtest: detects a semicolon delimiter
quality	Run repository quality gate	2026-10-05T13:44:35.0074729Z ok 17 - detects a semicolon delimiter
quality	Run repository quality gate	2026-10-05T13:44:35.0074986Z   ---
quality	Run repository quality gate	2026-10-05T13:44:35.0075186Z   duration_ms: 0.506732
quality	Run repository quality gate	2026-10-05T13:44:35.0075678Z   type: 'test'
quality	Run repository quality gate	2026-10-05T13:44:35.0075895Z   ...
quality	Run repository quality gate	2026-10-05T13:44:35.0076142Z # Subtest: removes UTF-8 BOM from the first header
quality	Run repository quality gate	2026-10-05T13:44:35.0076481Z ok 18 - removes UTF-8 BOM from the first header
quality	Run repository quality gate	2026-10-05T13:44:35.0076771Z   ---
quality	Run repository quality gate	2026-10-05T13:44:35.0076981Z   duration_ms: 0.907461
quality	Run repository quality gate	2026-10-05T13:44:35.0077210Z   type: 'test'
quality	Run repository quality gate	2026-10-05T13:44:35.0077418Z   ...
quality	Run repository quality gate	2026-10-05T13:44:35.0077628Z # Subtest: rejects an unclosed quote
quality	Run repository quality gate	2026-10-05T13:44:35.0077911Z ok 19 - rejects an unclosed quote
quality	Run repository quality gate	2026-10-05T13:44:35.0078167Z   ---
quality	Run repository quality gate	2026-10-05T13:44:35.0078367Z   duration_ms: 0.690983
quality	Run repository quality gate	2026-10-05T13:44:35.0078595Z   type: 'test'
quality	Run repository quality gate	2026-10-05T13:44:35.0079194Z   ...
quality	Run repository quality gate	2026-10-05T13:44:35.0079522Z # Subtest: rejects duplicate normalized headers
quality	Run repository quality gate	2026-10-05T13:44:35.0080019Z ok 20 - rejects duplicate normalized headers
quality	Run repository quality gate	2026-10-05T13:44:35.0080441Z   ---
quality	Run repository quality gate	2026-10-05T13:44:35.0080653Z   duration_ms: 0.523405
quality	Run repository quality gate	2026-10-05T13:44:35.0080878Z   type: 'test'
quality	Run repository quality gate	2026-10-05T13:44:35.0081083Z   ...
quality	Run repository quality gate	2026-10-05T13:44:35.0081305Z # Subtest: enforces row limits
quality	Run repository quality gate	2026-10-05T13:44:35.0081567Z ok 21 - enforces row limits
quality	Run repository quality gate	2026-10-05T13:44:35.0081812Z   ---
quality	Run repository quality gate	2026-10-05T13:44:35.0082009Z   duration_ms: 2.049703
quality	Run repository quality gate	2026-10-05T13:44:35.0082231Z   type: 'test'
quality	Run repository quality gate	2026-10-05T13:44:35.0082432Z   ...
quality	Run repository quality gate	2026-10-05T13:44:35.0082704Z # Subtest: neutralizes spreadsheet formulas in exported reports
quality	Run repository quality gate	2026-10-05T13:44:35.0083122Z ok 22 - neutralizes spreadsheet formulas in exported reports
quality	Run repository quality gate	2026-10-05T13:44:35.0083437Z   ---
quality	Run repository quality gate	2026-10-05T13:44:35.0083626Z   duration_ms: 0.381964
quality	Run repository quality gate	2026-10-05T13:44:35.0083856Z   type: 'test'
quality	Run repository quality gate	2026-10-05T13:44:35.0084059Z   ...
quality	Run repository quality gate	2026-10-05T13:44:35.0084324Z # Subtest: serializes error reports with formula protection
quality	Run repository quality gate	2026-10-05T13:44:35.0084707Z ok 23 - serializes error reports with formula protection
quality	Run repository quality gate	2026-10-05T13:44:35.0085013Z   ---
quality	Run repository quality gate	2026-10-05T13:44:35.0085215Z   duration_ms: 0.516239
quality	Run repository quality gate	2026-10-05T13:44:35.0085440Z   type: 'test'
quality	Run repository quality gate	2026-10-05T13:44:35.0085647Z   ...
quality	Run repository quality gate	2026-10-05T13:44:35.0085901Z # Subtest: parses money deterministically in minor units
quality	Run repository quality gate	2026-10-05T13:44:35.0086272Z ok 24 - parses money deterministically in minor units
quality	Run repository quality gate	2026-10-05T13:44:35.0086577Z   ---
quality	Run repository quality gate	2026-10-05T13:44:35.0086772Z   duration_ms: 0.66978
quality	Run repository quality gate	2026-10-05T13:44:35.0087008Z   type: 'test'
quality	Run repository quality gate	2026-10-05T13:44:35.0087211Z   ...
quality	Run repository quality gate	2026-10-05T13:44:35.0087434Z # Subtest: normalizes Uzbekistan phone numbers
quality	Run repository quality gate	2026-10-05T13:44:35.0087763Z ok 25 - normalizes Uzbekistan phone numbers
quality	Run repository quality gate	2026-10-05T13:44:35.0088040Z   ---
quality	Run repository quality gate	2026-10-05T13:44:35.0088245Z   duration_ms: 0.558917
quality	Run repository quality gate	2026-10-05T13:44:35.0088503Z   type: 'test'
quality	Run repository quality gate	2026-10-05T13:44:35.0088704Z   ...
quality	Run repository quality gate	2026-10-05T13:44:35.0089148Z # Subtest: validates extension, MIME, and XLSX ZIP signature
quality	Run repository quality gate	2026-10-05T13:44:35.0089558Z ok 26 - validates extension, MIME, and XLSX ZIP signature
quality	Run repository quality gate	2026-10-05T13:44:35.0089887Z   ---
quality	Run repository quality gate	2026-10-05T13:44:35.0090097Z   duration_ms: 0.648207
quality	Run repository quality gate	2026-10-05T13:44:35.0090328Z   type: 'test'
quality	Run repository quality gate	2026-10-05T13:44:35.0090546Z   ...
quality	Run repository quality gate	2026-10-05T13:44:35.0090853Z # Subtest: compiles deterministic mappings and validates required fields
quality	Run repository quality gate	2026-10-05T13:44:35.0091321Z ok 27 - compiles deterministic mappings and validates required fields
quality	Run repository quality gate	2026-10-05T13:44:35.0091668Z   ---
quality	Run repository quality gate	2026-10-05T13:44:35.0091863Z   duration_ms: 0.614452
quality	Run repository quality gate	2026-10-05T13:44:35.0092092Z   type: 'test'
quality	Run repository quality gate	2026-10-05T13:44:35.0092291Z   ...
quality	Run repository quality gate	2026-10-05T13:44:35.0092582Z # Subtest: creates deterministic dry-run batches and duplicate issues
quality	Run repository quality gate	2026-10-05T13:44:35.0093014Z ok 28 - creates deterministic dry-run batches and duplicate issues
quality	Run repository quality gate	2026-10-05T13:44:35.0093345Z   ---
quality	Run repository quality gate	2026-10-05T13:44:35.0093541Z   duration_ms: 1.821396
quality	Run repository quality gate	2026-10-05T13:44:35.0093762Z   type: 'test'
quality	Run repository quality gate	2026-10-05T13:44:35.0093972Z   ...
quality	Run repository quality gate	2026-10-05T13:44:35.0094313Z # Subtest: marks existing-record matches as warnings without silently dropping the row
quality	Run repository quality gate	2026-10-05T13:44:35.0094855Z ok 29 - marks existing-record matches as warnings without silently dropping the row
quality	Run repository quality gate	2026-10-05T13:44:35.0095262Z   ---
quality	Run repository quality gate	2026-10-05T13:44:35.0095462Z   duration_ms: 0.365887
quality	Run repository quality gate	2026-10-05T13:44:35.0095695Z   type: 'test'
quality	Run repository quality gate	2026-10-05T13:44:35.0096053Z   ...
quality	Run repository quality gate	2026-10-05T13:44:35.0096249Z 1..29
quality	Run repository quality gate	2026-10-05T13:44:35.0096454Z # tests 29
quality	Run repository quality gate	2026-10-05T13:44:35.0096654Z # suites 0
quality	Run repository quality gate	2026-10-05T13:44:35.0096865Z # pass 29
quality	Run repository quality gate	2026-10-05T13:44:35.0097063Z # fail 0
quality	Run repository quality gate	2026-10-05T13:44:35.0097263Z # cancelled 0
quality	Run repository quality gate	2026-10-05T13:44:35.0097487Z # skipped 0
quality	Run repository quality gate	2026-10-05T13:44:35.0097687Z # todo 0
quality	Run repository quality gate	2026-10-05T13:44:35.0097896Z # duration_ms 111.455408
quality	Run repository quality gate	2026-10-05T13:44:35.0098432Z ##[endgroup]
quality	Run repository quality gate	2026-10-05T13:44:35.1324759Z ##[group]@crm/pipeline-core:test
quality	Run repository quality gate	2026-10-05T13:44:35.1325190Z cache miss, executing 81d1422094ab62ee
quality	Run repository quality gate	2026-10-05T13:44:35.1325500Z $ node --test ./test/*.test.mjs
quality	Run repository quality gate	2026-10-05T13:44:35.1325784Z TAP version 13
quality	Run repository quality gate	2026-10-05T13:44:35.1326087Z # Subtest: compiles a complete deterministic legacy stage map
quality	Run repository quality gate	2026-10-05T13:44:35.1326509Z ok 1 - compiles a complete deterministic legacy stage map
quality	Run repository quality gate	2026-10-05T13:44:35.1327110Z   ---
quality	Run repository quality gate	2026-10-05T13:44:35.1327324Z   duration_ms: 2.448697
quality	Run repository quality gate	2026-10-05T13:44:35.1327568Z   type: 'test'
quality	Run repository quality gate	2026-10-05T13:44:35.1327779Z   ...
quality	Run repository quality gate	2026-10-05T13:44:35.1328034Z # Subtest: requires every legacy stage to be mapped
quality	Run repository quality gate	2026-10-05T13:44:35.1328381Z ok 2 - requires every legacy stage to be mapped
quality	Run repository quality gate	2026-10-05T13:44:35.1328662Z   ---
quality	Run repository quality gate	2026-10-05T13:44:35.1329084Z   duration_ms: 0.654873
quality	Run repository quality gate	2026-10-05T13:44:35.1329352Z   type: 'test'
quality	Run repository quality gate	2026-10-05T13:44:35.1329551Z   ...
quality	Run repository quality gate	2026-10-05T13:44:35.1329978Z # Subtest: rejects semantic mismatch between legacy outcome and pipeline stage type
quality	Run repository quality gate	2026-10-05T13:44:35.1330593Z ok 3 - rejects semantic mismatch between legacy outcome and pipeline stage type
quality	Run repository quality gate	2026-10-05T13:44:35.1330978Z   ---
quality	Run repository quality gate	2026-10-05T13:44:35.1331300Z   duration_ms: 0.264976
quality	Run repository quality gate	2026-10-05T13:44:35.1331669Z   type: 'test'
quality	Run repository quality gate	2026-10-05T13:44:35.1331958Z   ...
quality	Run repository quality gate	2026-10-05T13:44:35.1332544Z # Subtest: reconciliation reports missing, wrong and orphan assignments deterministically
quality	Run repository quality gate	2026-10-05T13:44:35.1333386Z ok 4 - reconciliation reports missing, wrong and orphan assignments deterministically
quality	Run repository quality gate	2026-10-05T13:44:35.1333800Z   ---
quality	Run repository quality gate	2026-10-05T13:44:35.1334003Z   duration_ms: 1.218837
quality	Run repository quality gate	2026-10-05T13:44:35.1334269Z   type: 'test'
quality	Run repository quality gate	2026-10-05T13:44:35.1334534Z   ...
quality	Run repository quality gate	2026-10-05T13:44:35.1334858Z # Subtest: normalizes a safe pipeline slug
quality	Run repository quality gate	2026-10-05T13:44:35.1335302Z ok 5 - normalizes a safe pipeline slug
quality	Run repository quality gate	2026-10-05T13:44:35.1335683Z   ---
quality	Run repository quality gate	2026-10-05T13:44:35.1335982Z   duration_ms: 1.17401
quality	Run repository quality gate	2026-10-05T13:44:35.1336243Z   type: 'test'
quality	Run repository quality gate	2026-10-05T13:44:35.1336457Z   ...
quality	Run repository quality gate	2026-10-05T13:44:35.1336693Z # Subtest: accepts a complete pipeline definition
quality	Run repository quality gate	2026-10-05T13:44:35.1337031Z ok 6 - accepts a complete pipeline definition
quality	Run repository quality gate	2026-10-05T13:44:35.1337319Z   ---
quality	Run repository quality gate	2026-10-05T13:44:35.1337517Z   duration_ms: 0.880913
quality	Run repository quality gate	2026-10-05T13:44:35.1337755Z   type: 'test'
quality	Run repository quality gate	2026-10-05T13:44:35.1337955Z   ...
quality	Run repository quality gate	2026-10-05T13:44:35.1338164Z # Subtest: rejects duplicate stage IDs
quality	Run repository quality gate	2026-10-05T13:44:35.1338467Z ok 7 - rejects duplicate stage IDs
quality	Run repository quality gate	2026-10-05T13:44:35.1338970Z   ---
quality	Run repository quality gate	2026-10-05T13:44:35.1339199Z   duration_ms: 0.915312
quality	Run repository quality gate	2026-10-05T13:44:35.1339427Z   type: 'test'
quality	Run repository quality gate	2026-10-05T13:44:35.1339637Z   ...
quality	Run repository quality gate	2026-10-05T13:44:35.1339873Z # Subtest: rejects non-contiguous positions
quality	Run repository quality gate	2026-10-05T13:44:35.1340193Z ok 8 - rejects non-contiguous positions
quality	Run repository quality gate	2026-10-05T13:44:35.1340478Z   ---
quality	Run repository quality gate	2026-10-05T13:44:35.1340678Z   duration_ms: 0.434812
quality	Run repository quality gate	2026-10-05T13:44:35.1340900Z   type: 'test'
quality	Run repository quality gate	2026-10-05T13:44:35.1341110Z   ...
quality	Run repository quality gate	2026-10-05T13:44:35.1341342Z # Subtest: rejects invalid terminal probability
quality	Run repository quality gate	2026-10-05T13:44:35.1341672Z ok 9 - rejects invalid terminal probability
quality	Run repository quality gate	2026-10-05T13:44:35.1341943Z   ---
quality	Run repository quality gate	2026-10-05T13:44:35.1342138Z   duration_ms: 0.343094
quality	Run repository quality gate	2026-10-05T13:44:35.1342373Z   type: 'test'
quality	Run repository quality gate	2026-10-05T13:44:35.1342574Z   ...
quality	Run repository quality gate	2026-10-05T13:44:35.1342807Z # Subtest: rejects an archived default pipeline
quality	Run repository quality gate	2026-10-05T13:44:35.1343133Z ok 10 - rejects an archived default pipeline
quality	Run repository quality gate	2026-10-05T13:44:35.1343414Z   ---
quality	Run repository quality gate	2026-10-05T13:44:35.1343623Z   duration_ms: 2.027204
quality	Run repository quality gate	2026-10-05T13:44:35.1343848Z   type: 'test'
quality	Run repository quality gate	2026-10-05T13:44:35.1344057Z   ...
quality	Run repository quality gate	2026-10-05T13:44:35.1344354Z # Subtest: plans an allowed transition with optimistic version increment
quality	Run repository quality gate	2026-10-05T13:44:35.1345043Z ok 11 - plans an allowed transition with optimistic version increment
quality	Run repository quality gate	2026-10-05T13:44:35.1345403Z   ---
quality	Run repository quality gate	2026-10-05T13:44:35.1345601Z   duration_ms: 0.688487
quality	Run repository quality gate	2026-10-05T13:44:35.1345839Z   type: 'test'
quality	Run repository quality gate	2026-10-05T13:44:35.1346048Z   ...
quality	Run repository quality gate	2026-10-05T13:44:35.1346286Z # Subtest: treats same-stage movement as idempotent
quality	Run repository quality gate	2026-10-05T13:44:35.1346640Z ok 12 - treats same-stage movement as idempotent
quality	Run repository quality gate	2026-10-05T13:44:35.1346932Z   ---
quality	Run repository quality gate	2026-10-05T13:44:35.1347144Z   duration_ms: 0.284196
quality	Run repository quality gate	2026-10-05T13:44:35.1347370Z   type: 'test'
quality	Run repository quality gate	2026-10-05T13:44:35.1347580Z   ...
quality	Run repository quality gate	2026-10-05T13:44:35.1347843Z # Subtest: rejects a transition that violates stage rules
quality	Run repository quality gate	2026-10-05T13:44:35.1348221Z ok 13 - rejects a transition that violates stage rules
quality	Run repository quality gate	2026-10-05T13:44:35.1348536Z   ---
quality	Run repository quality gate	2026-10-05T13:44:35.1348983Z   duration_ms: 0.583497
quality	Run repository quality gate	2026-10-05T13:44:35.1349215Z   type: 'test'
quality	Run repository quality gate	2026-10-05T13:44:35.1349431Z   ...
quality	Run repository quality gate	2026-10-05T13:44:35.1349652Z # Subtest: rejects stale optimistic version
quality	Run repository quality gate	2026-10-05T13:44:35.1349980Z ok 14 - rejects stale optimistic version
quality	Run repository quality gate	2026-10-05T13:44:35.1350257Z   ---
quality	Run repository quality gate	2026-10-05T13:44:35.1350457Z   duration_ms: 0.730457
quality	Run repository quality gate	2026-10-05T13:44:35.1350697Z   type: 'test'
quality	Run repository quality gate	2026-10-05T13:44:35.1350895Z   ...
quality	Run repository quality gate	2026-10-05T13:44:35.1351118Z # Subtest: rejects cross-tenant assignment
quality	Run repository quality gate	2026-10-05T13:44:35.1351415Z ok 15 - rejects cross-tenant assignment
quality	Run repository quality gate	2026-10-05T13:44:35.1351682Z   ---
quality	Run repository quality gate	2026-10-05T13:44:35.1351883Z   duration_ms: 0.345739
quality	Run repository quality gate	2026-10-05T13:44:35.1352101Z   type: 'test'
quality	Run repository quality gate	2026-10-05T13:44:35.1352302Z   ...
quality	Run repository quality gate	2026-10-05T13:44:35.1352582Z # Subtest: requires explicit permission to reopen a terminal deal
quality	Run repository quality gate	2026-10-05T13:44:35.1353000Z ok 16 - requires explicit permission to reopen a terminal deal
quality	Run repository quality gate	2026-10-05T13:44:35.1353332Z   ---
quality	Run repository quality gate	2026-10-05T13:44:35.1353535Z   duration_ms: 0.292818
quality	Run repository quality gate	2026-10-05T13:44:35.1353769Z   type: 'test'
quality	Run repository quality gate	2026-10-05T13:44:35.1353974Z   ...
quality	Run repository quality gate	2026-10-05T13:44:35.1354232Z # Subtest: allows an explicitly authorized terminal reopen
quality	Run repository quality gate	2026-10-05T13:44:35.1354619Z ok 17 - allows an explicitly authorized terminal reopen
quality	Run repository quality gate	2026-10-05T13:44:35.1354934Z   ---
quality	Run repository quality gate	2026-10-05T13:44:35.1355139Z   duration_ms: 0.164696
quality	Run repository quality gate	2026-10-05T13:44:35.1355362Z   type: 'test'
quality	Run repository quality gate	2026-10-05T13:44:35.1355562Z   ...
quality	Run repository quality gate	2026-10-05T13:44:35.1355805Z # Subtest: builds deterministic legacy assignments
quality	Run repository quality gate	2026-10-05T13:44:35.1356141Z ok 18 - builds deterministic legacy assignments
quality	Run repository quality gate	2026-10-05T13:44:35.1356435Z   ---
quality	Run repository quality gate	2026-10-05T13:44:35.1356631Z   duration_ms: 1.07664
quality	Run repository quality gate	2026-10-05T13:44:35.1356857Z   type: 'test'
quality	Run repository quality gate	2026-10-05T13:44:35.1357064Z   ...
quality	Run repository quality gate	2026-10-05T13:44:35.1357316Z # Subtest: fails closed when a legacy stage has no mapping
quality	Run repository quality gate	2026-10-05T13:44:35.1365482Z ok 19 - fails closed when a legacy stage has no mapping
quality	Run repository quality gate	2026-10-05T13:44:35.1365895Z   ---
quality	Run repository quality gate	2026-10-05T13:44:35.1366132Z   duration_ms: 0.446321
quality	Run repository quality gate	2026-10-05T13:44:35.1366397Z   type: 'test'
quality	Run repository quality gate	2026-10-05T13:44:35.1366662Z   ...
quality	Run repository quality gate	2026-10-05T13:44:35.1367016Z # Subtest: calculates exact minor-unit analytics without floating point
quality	Run repository quality gate	2026-10-05T13:44:35.1367584Z ok 20 - calculates exact minor-unit analytics without floating point
quality	Run repository quality gate	2026-10-05T13:44:35.1368030Z   ---
quality	Run repository quality gate	2026-10-05T13:44:35.1368248Z   duration_ms: 0.889106
quality	Run repository quality gate	2026-10-05T13:44:35.1368511Z   type: 'test'
quality	Run repository quality gate	2026-10-05T13:44:35.1368934Z   ...
quality	Run repository quality gate	2026-10-05T13:44:35.1369199Z 1..20
quality	Run repository quality gate	2026-10-05T13:44:35.1369420Z # tests 20
quality	Run repository quality gate	2026-10-05T13:44:35.1369637Z # suites 0
quality	Run repository quality gate	2026-10-05T13:44:35.1369846Z # pass 20
quality	Run repository quality gate	2026-10-05T13:44:35.1370061Z # fail 0
quality	Run repository quality gate	2026-10-05T13:44:35.1370279Z # cancelled 0
quality	Run repository quality gate	2026-10-05T13:44:35.1370505Z # skipped 0
quality	Run repository quality gate	2026-10-05T13:44:35.1370720Z # todo 0
quality	Run repository quality gate	2026-10-05T13:44:35.1370932Z # duration_ms 88.00133
quality	Run repository quality gate	2026-10-05T13:44:35.1371461Z ##[endgroup]
quality	Run repository quality gate	2026-10-05T13:44:35.3544407Z ##[group]@crm/agent-action-runtime:test
quality	Run repository quality gate	2026-10-05T13:44:35.3545088Z cache miss, executing 81f8af0d02b88a25
quality	Run repository quality gate	2026-10-05T13:44:35.3545571Z $ node --test test/*.test.mjs
quality	Run repository quality gate	2026-10-05T13:44:35.3546043Z TAP version 13
quality	Run repository quality gate	2026-10-05T13:44:35.3546587Z # Subtest: executes a validated authorized action and records redacted audit events
quality	Run repository quality gate	2026-10-05T13:44:35.3547173Z ok 1 - executes a validated authorized action and records redacted audit events
quality	Run repository quality gate	2026-10-05T13:44:35.3548048Z   ---
quality	Run repository quality gate	2026-10-05T13:44:35.3548357Z   duration_ms: 7.385895
quality	Run repository quality gate	2026-10-05T13:44:35.3548886Z   type: 'test'
quality	Run repository quality gate	2026-10-05T13:44:35.3549211Z   ...
quality	Run repository quality gate	2026-10-05T13:44:35.3549645Z # Subtest: rejects tenant ownership fields at any nesting depth
quality	Run repository quality gate	2026-10-05T13:44:35.3550322Z ok 2 - rejects tenant ownership fields at any nesting depth
quality	Run repository quality gate	2026-10-05T13:44:35.3550823Z   ---
quality	Run repository quality gate	2026-10-05T13:44:35.3551165Z   duration_ms: 0.934101
quality	Run repository quality gate	2026-10-05T13:44:35.3551497Z   type: 'test'
quality	Run repository quality gate	2026-10-05T13:44:35.3551789Z   ...
quality	Run repository quality gate	2026-10-05T13:44:35.3552218Z # Subtest: rejects missing permissions and object-level authorization
quality	Run repository quality gate	2026-10-05T13:44:35.3552953Z ok 3 - rejects missing permissions and object-level authorization
quality	Run repository quality gate	2026-10-05T13:44:35.3553574Z   ---
quality	Run repository quality gate	2026-10-05T13:44:35.3554148Z   duration_ms: 0.831289
quality	Run repository quality gate	2026-10-05T13:44:35.3554525Z   type: 'test'
quality	Run repository quality gate	2026-10-05T13:44:35.3554864Z   ...
quality	Run repository quality gate	2026-10-05T13:44:35.3555430Z # Subtest: replays a completed idempotent result without executing again
quality	Run repository quality gate	2026-10-05T13:44:35.3556313Z ok 4 - replays a completed idempotent result without executing again
quality	Run repository quality gate	2026-10-05T13:44:35.3556889Z   ---
quality	Run repository quality gate	2026-10-05T13:44:35.3557220Z   duration_ms: 2.013205
quality	Run repository quality gate	2026-10-05T13:44:35.3557595Z   type: 'test'
quality	Run repository quality gate	2026-10-05T13:44:35.3557935Z   ...
quality	Run repository quality gate	2026-10-05T13:44:35.3558423Z # Subtest: rejects reuse of an idempotency key for another payload
quality	Run repository quality gate	2026-10-05T13:44:35.3559465Z ok 5 - rejects reuse of an idempotency key for another payload
quality	Run repository quality gate	2026-10-05T13:44:35.3560060Z   ---
quality	Run repository quality gate	2026-10-05T13:44:35.3560378Z   duration_ms: 1.551376
quality	Run repository quality gate	2026-10-05T13:44:35.3560725Z   type: 'test'
quality	Run repository quality gate	2026-10-05T13:44:35.3561069Z   ...
quality	Run repository quality gate	2026-10-05T13:44:35.3561654Z # Subtest: rejects changed payload after an approval failure acquired the same idempotency key
quality	Run repository quality gate	2026-10-05T13:44:35.3562608Z ok 6 - rejects changed payload after an approval failure acquired the same idempotency key
quality	Run repository quality gate	2026-10-05T13:44:35.3563329Z   ---
quality	Run repository quality gate	2026-10-05T13:44:35.3563651Z   duration_ms: 1.280712
quality	Run repository quality gate	2026-10-05T13:44:35.3564032Z   type: 'test'
quality	Run repository quality gate	2026-10-05T13:44:35.3564329Z   ...
quality	Run repository quality gate	2026-10-05T13:44:35.3564846Z # Subtest: allows only one concurrent execution for the same receipt
quality	Run repository quality gate	2026-10-05T13:44:35.3565559Z ok 7 - allows only one concurrent execution for the same receipt
quality	Run repository quality gate	2026-10-05T13:44:35.3566115Z   ---
quality	Run repository quality gate	2026-10-05T13:44:35.3566492Z   duration_ms: 15.077906
quality	Run repository quality gate	2026-10-05T13:44:35.3566914Z   type: 'test'
quality	Run repository quality gate	2026-10-05T13:44:35.3567262Z   ...
quality	Run repository quality gate	2026-10-05T13:44:35.3567801Z # Subtest: requires payload-bound tenant-bound approval for high-risk actions
quality	Run repository quality gate	2026-10-05T13:44:35.3568666Z ok 8 - requires payload-bound tenant-bound approval for high-risk actions
quality	Run repository quality gate	2026-10-05T13:44:35.3569514Z   ---
quality	Run repository quality gate	2026-10-05T13:44:35.3569833Z   duration_ms: 2.197622
quality	Run repository quality gate	2026-10-05T13:44:35.3570237Z   type: 'test'
quality	Run repository quality gate	2026-10-05T13:44:35.3570563Z   ...
quality	Run repository quality gate	2026-10-05T13:44:35.3571090Z # Subtest: rejects approval bound to another tenant or modified payload
quality	Run repository quality gate	2026-10-05T13:44:35.3571938Z ok 9 - rejects approval bound to another tenant or modified payload
quality	Run repository quality gate	2026-10-05T13:44:35.3572521Z   ---
quality	Run repository quality gate	2026-10-05T13:44:35.3572874Z   duration_ms: 1.043402
quality	Run repository quality gate	2026-10-05T13:44:35.3573263Z   type: 'test'
quality	Run repository quality gate	2026-10-05T13:44:35.3573594Z   ...
quality	Run repository quality gate	2026-10-05T13:44:35.3574056Z # Subtest: times out a non-cooperative executor and records failure
quality	Run repository quality gate	2026-10-05T13:44:35.3574788Z ok 10 - times out a non-cooperative executor and records failure
quality	Run repository quality gate	2026-10-05T13:44:35.3575330Z   ---
quality	Run repository quality gate	2026-10-05T13:44:35.3575629Z   duration_ms: 21.361989
quality	Run repository quality gate	2026-10-05T13:44:35.3575914Z   type: 'test'
quality	Run repository quality gate	2026-10-05T13:44:35.3576136Z   ...
quality	Run repository quality gate	2026-10-05T13:44:35.3576412Z # Subtest: propagates cancellation and does not retry it
quality	Run repository quality gate	2026-10-05T13:44:35.3576822Z ok 11 - propagates cancellation and does not retry it
quality	Run repository quality gate	2026-10-05T13:44:35.3577232Z   ---
quality	Run repository quality gate	2026-10-05T13:44:35.3577517Z   duration_ms: 0.842639
quality	Run repository quality gate	2026-10-05T13:44:35.3577767Z   type: 'test'
quality	Run repository quality gate	2026-10-05T13:44:35.3577987Z   ...
quality	Run repository quality gate	2026-10-05T13:44:35.3578329Z # Subtest: keeps the success receipt when the success audit write fails
quality	Run repository quality gate	2026-10-05T13:44:35.3578998Z ok 12 - keeps the success receipt when the success audit write fails
quality	Run repository quality gate	2026-10-05T13:44:35.3579378Z   ---
quality	Run repository quality gate	2026-10-05T13:44:35.3579779Z   duration_ms: 1.105098
quality	Run repository quality gate	2026-10-05T13:44:35.3580027Z   type: 'test'
quality	Run repository quality gate	2026-10-05T13:44:35.3580268Z   ...
quality	Run repository quality gate	2026-10-05T13:44:35.3580605Z # Subtest: propagates the operation digest and idempotency key to the executor
quality	Run repository quality gate	2026-10-05T13:44:35.3581140Z ok 13 - propagates the operation digest and idempotency key to the executor
quality	Run repository quality gate	2026-10-05T13:44:35.3581529Z   ---
quality	Run repository quality gate	2026-10-05T13:44:35.3581745Z   duration_ms: 0.676562
quality	Run repository quality gate	2026-10-05T13:44:35.3582010Z   type: 'test'
quality	Run repository quality gate	2026-10-05T13:44:35.3582227Z   ...
quality	Run repository quality gate	2026-10-05T13:44:35.3582532Z # Subtest: validates untrusted model input and executor output
quality	Run repository quality gate	2026-10-05T13:44:35.3582949Z ok 14 - validates untrusted model input and executor output
quality	Run repository quality gate	2026-10-05T13:44:35.3583285Z   ---
quality	Run repository quality gate	2026-10-05T13:44:35.3583518Z   duration_ms: 1.054922
quality	Run repository quality gate	2026-10-05T13:44:35.3583763Z   type: 'test'
quality	Run repository quality gate	2026-10-05T13:44:35.3584094Z   ...
quality	Run repository quality gate	2026-10-05T13:44:35.3584367Z # Subtest: rejects mutating manifests without idempotency
quality	Run repository quality gate	2026-10-05T13:44:35.3584758Z ok 15 - rejects mutating manifests without idempotency
quality	Run repository quality gate	2026-10-05T13:44:35.3585104Z   ---
quality	Run repository quality gate	2026-10-05T13:44:35.3585317Z   duration_ms: 0.283636
quality	Run repository quality gate	2026-10-05T13:44:35.3585575Z   type: 'test'
quality	Run repository quality gate	2026-10-05T13:44:35.3585793Z   ...
quality	Run repository quality gate	2026-10-05T13:44:35.3586063Z # Subtest: rejects manifests without explicit permissions
quality	Run repository quality gate	2026-10-05T13:44:35.3586469Z ok 16 - rejects manifests without explicit permissions
quality	Run repository quality gate	2026-10-05T13:44:35.3586793Z   ---
quality	Run repository quality gate	2026-10-05T13:44:35.3587025Z   duration_ms: 0.271493
quality	Run repository quality gate	2026-10-05T13:44:35.3587272Z   type: 'test'
quality	Run repository quality gate	2026-10-05T13:44:35.3587490Z   ...
quality	Run repository quality gate	2026-10-05T13:44:35.3587810Z # Subtest: rejects non-integer, non-finite and unsafe retry policies
quality	Run repository quality gate	2026-10-05T13:44:35.3588264Z ok 17 - rejects non-integer, non-finite and unsafe retry policies
quality	Run repository quality gate	2026-10-05T13:44:35.3588634Z   ---
quality	Run repository quality gate	2026-10-05T13:44:35.3589005Z   duration_ms: 2.578588
quality	Run repository quality gate	2026-10-05T13:44:35.3589257Z   type: 'test'
quality	Run repository quality gate	2026-10-05T13:44:35.3589494Z   ...
quality	Run repository quality gate	2026-10-05T13:44:35.3589850Z # Subtest: passes an immutable permission snapshot to validators, policy and executor
quality	Run repository quality gate	2026-10-05T13:44:35.3590420Z ok 18 - passes an immutable permission snapshot to validators, policy and executor
quality	Run repository quality gate	2026-10-05T13:44:35.3590830Z   ---
quality	Run repository quality gate	2026-10-05T13:44:35.3591064Z   duration_ms: 0.827718
quality	Run repository quality gate	2026-10-05T13:44:35.3591309Z   type: 'test'
quality	Run repository quality gate	2026-10-05T13:44:35.3591531Z   ...
quality	Run repository quality gate	2026-10-05T13:44:35.3591904Z # Subtest: passes immutable validated input to business validation and authorization
quality	Run repository quality gate	2026-10-05T13:44:35.3592455Z ok 19 - passes immutable validated input to business validation and authorization
quality	Run repository quality gate	2026-10-05T13:44:35.3592878Z   ---
quality	Run repository quality gate	2026-10-05T13:44:35.3593092Z   duration_ms: 0.758313
quality	Run repository quality gate	2026-10-05T13:44:35.3593335Z   type: 'test'
quality	Run repository quality gate	2026-10-05T13:44:35.3593572Z   ...
quality	Run repository quality gate	2026-10-05T13:44:35.3593875Z # Subtest: rejects invalid clock values before durable state mutation
quality	Run repository quality gate	2026-10-05T13:44:35.3594342Z ok 20 - rejects invalid clock values before durable state mutation
quality	Run repository quality gate	2026-10-05T13:44:35.3594694Z   ---
quality	Run repository quality gate	2026-10-05T13:44:35.3594909Z   duration_ms: 0.634765
quality	Run repository quality gate	2026-10-05T13:44:35.3595167Z   type: 'test'
quality	Run repository quality gate	2026-10-05T13:44:35.3595385Z   ...
quality	Run repository quality gate	2026-10-05T13:44:35.3595758Z # Subtest: rejects plain object registries that could expose prototype-backed actions
quality	Run repository quality gate	2026-10-05T13:44:35.3596313Z ok 21 - rejects plain object registries that could expose prototype-backed actions
quality	Run repository quality gate	2026-10-05T13:44:35.3596715Z   ---
quality	Run repository quality gate	2026-10-05T13:44:35.3596946Z   duration_ms: 0.254499
quality	Run repository quality gate	2026-10-05T13:44:35.3597187Z   type: 'test'
quality	Run repository quality gate	2026-10-05T13:44:35.3597421Z   ...
quality	Run repository quality gate	2026-10-05T13:44:35.3597777Z # Subtest: invalid approval expiry is rejected instead of being treated as non-expiring
quality	Run repository quality gate	2026-10-05T13:44:35.3598354Z ok 22 - invalid approval expiry is rejected instead of being treated as non-expiring
quality	Run repository quality gate	2026-10-05T13:44:35.3598901Z   ---
quality	Run repository quality gate	2026-10-05T13:44:35.3599208Z   duration_ms: 0.462071
quality	Run repository quality gate	2026-10-05T13:44:35.3599551Z   type: 'test'
quality	Run repository quality gate	2026-10-05T13:44:35.3599880Z   ...
quality	Run repository quality gate	2026-10-05T13:44:35.3600258Z # Subtest: rejects unknown request and execution-option control fields
quality	Run repository quality gate	2026-10-05T13:44:35.3600740Z ok 23 - rejects unknown request and execution-option control fields
quality	Run repository quality gate	2026-10-05T13:44:35.3601094Z   ---
quality	Run repository quality gate	2026-10-05T13:44:35.3601308Z   duration_ms: 1.339221
quality	Run repository quality gate	2026-10-05T13:44:35.3601713Z   type: 'test'
quality	Run repository quality gate	2026-10-05T13:44:35.3601941Z   ...
quality	Run repository quality gate	2026-10-05T13:44:35.3602340Z # Subtest: requires both input and output validators even for a custom registry implementation
quality	Run repository quality gate	2026-10-05T13:44:35.3602949Z ok 24 - requires both input and output validators even for a custom registry implementation
quality	Run repository quality gate	2026-10-05T13:44:35.3603386Z   ---
quality	Run repository quality gate	2026-10-05T13:44:35.3603624Z   duration_ms: 0.503093
quality	Run repository quality gate	2026-10-05T13:44:35.3603868Z   type: 'test'
quality	Run repository quality gate	2026-10-05T13:44:35.3604108Z   ...
quality	Run repository quality gate	2026-10-05T13:44:35.3604489Z # Subtest: normalizes failures from business validation, authorization and policy evaluation
quality	Run repository quality gate	2026-10-05T13:44:35.3605098Z ok 25 - normalizes failures from business validation, authorization and policy evaluation
quality	Run repository quality gate	2026-10-05T13:44:35.3605548Z   ---
quality	Run repository quality gate	2026-10-05T13:44:35.3605841Z   duration_ms: 0.888606
quality	Run repository quality gate	2026-10-05T13:44:35.3606099Z   type: 'test'
quality	Run repository quality gate	2026-10-05T13:44:35.3606316Z   ...
quality	Run repository quality gate	2026-10-05T13:44:35.3606643Z # Subtest: redacts common secret values even when the property name is generic
quality	Run repository quality gate	2026-10-05T13:44:35.3607158Z ok 26 - redacts common secret values even when the property name is generic
quality	Run repository quality gate	2026-10-05T13:44:35.3607531Z   ---
quality	Run repository quality gate	2026-10-05T13:44:35.3607759Z   duration_ms: 0.611715
quality	Run repository quality gate	2026-10-05T13:44:35.3607998Z   type: 'test'
quality	Run repository quality gate	2026-10-05T13:44:35.3608231Z   ...
quality	Run repository quality gate	2026-10-05T13:44:35.3608621Z # Subtest: memory receipt store validates its lease configuration and fails closed on lost leases
quality	Run repository quality gate	2026-10-05T13:44:35.3609784Z ok 27 - memory receipt store validates its lease configuration and fails closed on lost leases
quality	Run repository quality gate	2026-10-05T13:44:35.3610259Z   ---
quality	Run repository quality gate	2026-10-05T13:44:35.3610477Z   duration_ms: 0.26651
quality	Run repository quality gate	2026-10-05T13:44:35.3610741Z   type: 'test'
quality	Run repository quality gate	2026-10-05T13:44:35.3610965Z   ...
quality	Run repository quality gate	2026-10-05T13:44:35.3611353Z # Subtest: a pre-aborted request does not acquire a receipt, consume approval or call an executor
quality	Run repository quality gate	2026-10-05T13:44:35.3611992Z ok 28 - a pre-aborted request does not acquire a receipt, consume approval or call an executor
quality	Run repository quality gate	2026-10-05T13:44:35.3612422Z   ---
quality	Run repository quality gate	2026-10-05T13:44:35.3612656Z   duration_ms: 0.308314
quality	Run repository quality gate	2026-10-05T13:44:35.3612905Z   type: 'test'
quality	Run repository quality gate	2026-10-05T13:44:35.3613124Z   ...
quality	Run repository quality gate	2026-10-05T13:44:35.3613446Z # Subtest: canonical JSON rejects cyclic arrays and unsafe object keys
quality	Run repository quality gate	2026-10-05T13:44:35.3613910Z ok 29 - canonical JSON rejects cyclic arrays and unsafe object keys
quality	Run repository quality gate	2026-10-05T13:44:35.3614283Z   ---
quality	Run repository quality gate	2026-10-05T13:44:35.3614500Z   duration_ms: 1.214435
quality	Run repository quality gate	2026-10-05T13:44:35.3614758Z   type: 'test'
quality	Run repository quality gate	2026-10-05T13:44:35.3614978Z   ...
quality	Run repository quality gate	2026-10-05T13:44:35.3615351Z # Subtest: audit redaction stores unsafe property names without invoking prototype setters
quality	Run repository quality gate	2026-10-05T13:44:35.3615951Z ok 30 - audit redaction stores unsafe property names without invoking prototype setters
quality	Run repository quality gate	2026-10-05T13:44:35.3616370Z   ---
quality	Run repository quality gate	2026-10-05T13:44:35.3616601Z   duration_ms: 0.22243
quality	Run repository quality gate	2026-10-05T13:44:35.3616845Z   type: 'test'
quality	Run repository quality gate	2026-10-05T13:44:35.3617070Z   ...
quality	Run repository quality gate	2026-10-05T13:44:35.3617371Z # Subtest: rejects malformed trusted correlation identifiers
quality	Run repository quality gate	2026-10-05T13:44:35.3617780Z ok 31 - rejects malformed trusted correlation identifiers
quality	Run repository quality gate	2026-10-05T13:44:35.3618124Z   ---
quality	Run repository quality gate	2026-10-05T13:44:35.3618339Z   duration_ms: 0.356987
quality	Run repository quality gate	2026-10-05T13:44:35.3618583Z   type: 'test'
quality	Run repository quality gate	2026-10-05T13:44:35.3618964Z   ...
quality	Run repository quality gate	2026-10-05T13:44:35.3619317Z # Subtest: fails closed when policy approval metadata is malformed
quality	Run repository quality gate	2026-10-05T13:44:35.3619778Z ok 32 - fails closed when policy approval metadata is malformed
quality	Run repository quality gate	2026-10-05T13:44:35.3620123Z   ---
quality	Run repository quality gate	2026-10-05T13:44:35.3620339Z   duration_ms: 0.490603
quality	Run repository quality gate	2026-10-05T13:44:35.3620597Z   type: 'test'
quality	Run repository quality gate	2026-10-05T13:44:35.3620817Z   ...
quality	Run repository quality gate	2026-10-05T13:44:35.3621194Z # Subtest: rejects non-plain request objects without invoking custom serialization hooks
quality	Run repository quality gate	2026-10-05T13:44:35.3621761Z ok 33 - rejects non-plain request objects without invoking custom serialization hooks
quality	Run repository quality gate	2026-10-05T13:44:35.3622168Z   ---
quality	Run repository quality gate	2026-10-05T13:44:35.3622405Z   duration_ms: 0.311899
quality	Run repository quality gate	2026-10-05T13:44:35.3622646Z   type: 'test'
quality	Run repository quality gate	2026-10-05T13:44:35.3622884Z   ...
quality	Run repository quality gate	2026-10-05T13:44:35.3623224Z # Subtest: revalidates validator-transformed input for tenant ownership fields
quality	Run repository quality gate	2026-10-05T13:44:35.3623912Z ok 34 - revalidates validator-transformed input for tenant ownership fields
quality	Run repository quality gate	2026-10-05T13:44:35.3624319Z   ---
quality	Run repository quality gate	2026-10-05T13:44:35.3624537Z   duration_ms: 0.353683
quality	Run repository quality gate	2026-10-05T13:44:35.3624796Z   type: 'test'
quality	Run repository quality gate	2026-10-05T13:44:35.3625015Z   ...
quality	Run repository quality gate	2026-10-05T13:44:35.3625445Z # Subtest: preflight shares authorization but only requests consent: no receipt, consumption or side effects
quality	Run repository quality gate	2026-10-05T13:44:35.3626161Z ok 35 - preflight shares authorization but only requests consent: no receipt, consumption or side effects
quality	Run repository quality gate	2026-10-05T13:44:35.3626644Z   ---
quality	Run repository quality gate	2026-10-05T13:44:35.3626872Z   duration_ms: 0.963529
quality	Run repository quality gate	2026-10-05T13:44:35.3627113Z   type: 'test'
quality	Run repository quality gate	2026-10-05T13:44:35.3627349Z   ...
quality	Run repository quality gate	2026-10-05T13:44:35.3627755Z # Subtest: preflight cannot grant authority, skip policy or silently use missing approval persistence
quality	Run repository quality gate	2026-10-05T13:44:35.3628489Z ok 36 - preflight cannot grant authority, skip policy or silently use missing approval persistence
quality	Run repository quality gate	2026-10-05T13:44:35.3629157Z   ---
quality	Run repository quality gate	2026-10-05T13:44:35.3629385Z   duration_ms: 0.782369
quality	Run repository quality gate	2026-10-05T13:44:35.3629680Z   type: 'test'
quality	Run repository quality gate	2026-10-05T13:44:35.3629994Z   ...
quality	Run repository quality gate	2026-10-05T13:44:35.3630393Z # Subtest: canonical hashing rejects accessor properties without invoking them
quality	Run repository quality gate	2026-10-05T13:44:35.3630926Z ok 37 - canonical hashing rejects accessor properties without invoking them
quality	Run repository quality gate	2026-10-05T13:44:35.3631309Z   ---
quality	Run repository quality gate	2026-10-05T13:44:35.3631541Z   duration_ms: 1.336233
quality	Run repository quality gate	2026-10-05T13:44:35.3631786Z   type: 'test'
quality	Run repository quality gate	2026-10-05T13:44:35.3632006Z   ...
quality	Run repository quality gate	2026-10-05T13:44:35.3632351Z # Subtest: rejects sparse arrays so absent elements cannot alias explicit null
quality	Run repository quality gate	2026-10-05T13:44:35.3632848Z ok 38 - rejects sparse arrays so absent elements cannot alias explicit null
quality	Run repository quality gate	2026-10-05T13:44:35.3633240Z   ---
quality	Run repository quality gate	2026-10-05T13:44:35.3633453Z   duration_ms: 0.217812
quality	Run repository quality gate	2026-10-05T13:44:35.3633793Z   type: 'test'
quality	Run repository quality gate	2026-10-05T13:44:35.3634009Z   ...
quality	Run repository quality gate	2026-10-05T13:44:35.3634391Z # Subtest: rejects over-depth inputs with a bounded domain error rather than stack overflow
quality	Run repository quality gate	2026-10-05T13:44:35.3634974Z ok 39 - rejects over-depth inputs with a bounded domain error rather than stack overflow
quality	Run repository quality gate	2026-10-05T13:44:35.3635403Z   ---
quality	Run repository quality gate	2026-10-05T13:44:35.3635614Z   duration_ms: 1.41857
quality	Run repository quality gate	2026-10-05T13:44:35.3635856Z   type: 'test'
quality	Run repository quality gate	2026-10-05T13:44:35.3636085Z   ...
quality	Run repository quality gate	2026-10-05T13:44:35.3636366Z # Subtest: rejects oversized strings and excessive node counts
quality	Run repository quality gate	2026-10-05T13:44:35.3636787Z ok 40 - rejects oversized strings and excessive node counts
quality	Run repository quality gate	2026-10-05T13:44:35.3637114Z   ---
quality	Run repository quality gate	2026-10-05T13:44:35.3637344Z   duration_ms: 8.322476
quality	Run repository quality gate	2026-10-05T13:44:35.3637586Z   type: 'test'
quality	Run repository quality gate	2026-10-05T13:44:35.3637809Z   ...
quality	Run repository quality gate	2026-10-05T13:44:35.3638138Z # Subtest: input snapshot rejects a getter before execution
quality	Run repository quality gate	2026-10-05T13:44:35.3638811Z ok 41 - input snapshot rejects a getter before execution
quality	Run repository quality gate	2026-10-05T13:44:35.3639238Z   ---
quality	Run repository quality gate	2026-10-05T13:44:35.3639490Z   duration_ms: 1.341356
quality	Run repository quality gate	2026-10-05T13:44:35.3639734Z   type: 'test'
quality	Run repository quality gate	2026-10-05T13:44:35.3640040Z   ...
quality	Run repository quality gate	2026-10-05T13:44:35.3640407Z # Subtest: normal JSON digests remain stable and object undefined fields stay omitted
quality	Run repository quality gate	2026-10-05T13:44:35.3641054Z ok 42 - normal JSON digests remain stable and object undefined fields stay omitted
quality	Run repository quality gate	2026-10-05T13:44:35.3641452Z   ---
quality	Run repository quality gate	2026-10-05T13:44:35.3641738Z   duration_ms: 0.284092
quality	Run repository quality gate	2026-10-05T13:44:35.3642003Z   type: 'test'
quality	Run repository quality gate	2026-10-05T13:44:35.3642225Z   ...
quality	Run repository quality gate	2026-10-05T13:44:35.3642552Z # Subtest: unknown actions default to denial
quality	Run repository quality gate	2026-10-05T13:44:35.3642880Z ok 43 - unknown actions default to denial
quality	Run repository quality gate	2026-10-05T13:44:35.3643238Z   ---
quality	Run repository quality gate	2026-10-05T13:44:35.3643472Z   duration_ms: 1.535616
quality	Run repository quality gate	2026-10-05T13:44:35.3643712Z   type: 'test'
quality	Run repository quality gate	2026-10-05T13:44:35.3643979Z   ...
quality	Run repository quality gate	2026-10-05T13:44:35.3644340Z # Subtest: exact ALLOW rule permits only already-authorized low-risk action
quality	Run repository quality gate	2026-10-05T13:44:35.3644914Z ok 44 - exact ALLOW rule permits only already-authorized low-risk action
quality	Run repository quality gate	2026-10-05T13:44:35.3645308Z   ---
quality	Run repository quality gate	2026-10-05T13:44:35.3645546Z   duration_ms: 0.651064
quality	Run repository quality gate	2026-10-05T13:44:35.3645859Z   type: 'test'
quality	Run repository quality gate	2026-10-05T13:44:35.3646077Z   ...
quality	Run repository quality gate	2026-10-05T13:44:35.3646650Z # Subtest: high and critical risks cannot be downgraded by an ALLOW rule
quality	Run repository quality gate	2026-10-05T13:44:35.3647175Z ok 45 - high and critical risks cannot be downgraded by an ALLOW rule
quality	Run repository quality gate	2026-10-05T13:44:35.3647583Z   ---
quality	Run repository quality gate	2026-10-05T13:44:35.3647803Z   duration_ms: 0.308066
quality	Run repository quality gate	2026-10-05T13:44:35.3648135Z   type: 'test'
quality	Run repository quality gate	2026-10-05T13:44:35.3648359Z   ...
quality	Run repository quality gate	2026-10-05T13:44:35.3648692Z # Subtest: read-only overrides allow and approval for mutating actions
quality	Run repository quality gate	2026-10-05T13:44:35.3649300Z ok 46 - read-only overrides allow and approval for mutating actions
quality	Run repository quality gate	2026-10-05T13:44:35.3649731Z   ---
quality	Run repository quality gate	2026-10-05T13:44:35.3649969Z   duration_ms: 0.293164
quality	Run repository quality gate	2026-10-05T13:44:35.3650217Z   type: 'test'
quality	Run repository quality gate	2026-10-05T13:44:35.3650525Z   ...
quality	Run repository quality gate	2026-10-05T13:44:35.3650834Z # Subtest: explicit REQUIRE_APPROVAL is honored for low-risk actions
quality	Run repository quality gate	2026-10-05T13:44:35.3651450Z ok 47 - explicit REQUIRE_APPROVAL is honored for low-risk actions
quality	Run repository quality gate	2026-10-05T13:44:35.3651818Z   ---
quality	Run repository quality gate	2026-10-05T13:44:35.3652103Z   duration_ms: 0.222203
quality	Run repository quality gate	2026-10-05T13:44:35.3652373Z   type: 'test'
quality	Run repository quality gate	2026-10-05T13:44:35.3652599Z   ...
quality	Run repository quality gate	2026-10-05T13:44:35.3653023Z # Subtest: malformed rules, wildcards and getters are rejected without execution
quality	Run repository quality gate	2026-10-05T13:44:35.3653592Z ok 48 - malformed rules, wildcards and getters are rejected without execution
quality	Run repository quality gate	2026-10-05T13:44:35.3654037Z   ---
quality	Run repository quality gate	2026-10-05T13:44:35.3654266Z   duration_ms: 0.532381
quality	Run repository quality gate	2026-10-05T13:44:35.3654584Z   type: 'test'
quality	Run repository quality gate	2026-10-05T13:44:35.3654809Z   ...
quality	Run repository quality gate	2026-10-05T13:44:35.3655129Z # Subtest: malformed risk never becomes an implicitly allowed action
quality	Run repository quality gate	2026-10-05T13:44:35.3655666Z ok 49 - malformed risk never becomes an implicitly allowed action
quality	Run repository quality gate	2026-10-05T13:44:35.3656101Z   ---
quality	Run repository quality gate	2026-10-05T13:44:35.3656322Z   duration_ms: 0.312964
quality	Run repository quality gate	2026-10-05T13:44:35.3656566Z   type: 'test'
quality	Run repository quality gate	2026-10-05T13:44:35.3656856Z   ...
quality	Run repository quality gate	2026-10-05T13:44:35.3657166Z # Subtest: model-supplied policy fields have no authority
quality	Run repository quality gate	2026-10-05T13:44:35.3657603Z ok 50 - model-supplied policy fields have no authority
quality	Run repository quality gate	2026-10-05T13:44:35.3657980Z   ---
quality	Run repository quality gate	2026-10-05T13:44:35.3658202Z   duration_ms: 0.208071
quality	Run repository quality gate	2026-10-05T13:44:35.3658533Z   type: 'test'
quality	Run repository quality gate	2026-10-05T13:44:35.3658929Z   ...
quality	Run repository quality gate	2026-10-05T13:44:35.3659336Z # Subtest: receipt store atomically acquires, completes and replays
quality	Run repository quality gate	2026-10-05T13:44:35.3659793Z ok 51 - receipt store atomically acquires, completes and replays
quality	Run repository quality gate	2026-10-05T13:44:35.3660212Z   ---
quality	Run repository quality gate	2026-10-05T13:44:35.3660450Z   duration_ms: 4.187231
quality	Run repository quality gate	2026-10-05T13:44:35.3660696Z   type: 'test'
quality	Run repository quality gate	2026-10-05T13:44:35.3661002Z   ...
quality	Run repository quality gate	2026-10-05T13:44:35.3661268Z # Subtest: receipt rejects same key with another digest
quality	Run repository quality gate	2026-10-05T13:44:35.3661706Z ok 52 - receipt rejects same key with another digest
quality	Run repository quality gate	2026-10-05T13:44:35.3662043Z   ---
quality	Run repository quality gate	2026-10-05T13:44:35.3662257Z   duration_ms: 0.74701
quality	Run repository quality gate	2026-10-05T13:44:35.3662582Z   type: 'test'
quality	Run repository quality gate	2026-10-05T13:44:35.3662808Z   ...
quality	Run repository quality gate	2026-10-05T13:44:35.3663102Z # Subtest: receipt completion requires the acquired lease token
quality	Run repository quality gate	2026-10-05T13:44:35.3663638Z ok 53 - receipt completion requires the acquired lease token
quality	Run repository quality gate	2026-10-05T13:44:35.3663984Z   ---
quality	Run repository quality gate	2026-10-05T13:44:35.3664285Z   duration_ms: 0.431087
quality	Run repository quality gate	2026-10-05T13:44:35.3664527Z   type: 'test'
quality	Run repository quality gate	2026-10-05T13:44:35.3664753Z   ...
quality	Run repository quality gate	2026-10-05T13:44:35.3665164Z # Subtest: approval consumption is tenant, action, digest and expiry bound
quality	Run repository quality gate	2026-10-05T13:44:35.3665717Z ok 54 - approval consumption is tenant, action, digest and expiry bound
quality	Run repository quality gate	2026-10-05T13:44:35.3666112Z   ---
quality	Run repository quality gate	2026-10-05T13:44:35.3666331Z   duration_ms: 0.413197
quality	Run repository quality gate	2026-10-05T13:44:35.3666662Z   type: 'test'
quality	Run repository quality gate	2026-10-05T13:44:35.3666887Z   ...
quality	Run repository quality gate	2026-10-05T13:44:35.3667157Z # Subtest: audit sink redacts secret-bearing properties
quality	Run repository quality gate	2026-10-05T13:44:35.3667638Z ok 55 - audit sink redacts secret-bearing properties
quality	Run repository quality gate	2026-10-05T13:44:35.3667951Z   ---
quality	Run repository quality gate	2026-10-05T13:44:35.3668250Z   duration_ms: 1.120466
quality	Run repository quality gate	2026-10-05T13:44:35.3668496Z   type: 'test'
quality	Run repository quality gate	2026-10-05T13:44:35.3668839Z   ...
quality	Run repository quality gate	2026-10-05T13:44:35.3669310Z # Subtest: expired unsafe receipt is quarantined instead of repeating an unknown external side effect
quality	Run repository quality gate	2026-10-05T13:44:35.3670027Z ok 56 - expired unsafe receipt is quarantined instead of repeating an unknown external side effect
quality	Run repository quality gate	2026-10-05T13:44:35.3670803Z   ---
quality	Run repository quality gate	2026-10-05T13:44:35.3671021Z   duration_ms: 0.573198
quality	Run repository quality gate	2026-10-05T13:44:35.3671340Z   type: 'test'
quality	Run repository quality gate	2026-10-05T13:44:35.3671586Z   ...
quality	Run repository quality gate	2026-10-05T13:44:35.3671933Z # Subtest: expired receipt may replay only with an explicit safe adapter capability
quality	Run repository quality gate	2026-10-05T13:44:35.3672569Z ok 57 - expired receipt may replay only with an explicit safe adapter capability
quality	Run repository quality gate	2026-10-05T13:44:35.3673033Z   ---
quality	Run repository quality gate	2026-10-05T13:44:35.3673249Z   duration_ms: 0.74921
quality	Run repository quality gate	2026-10-05T13:44:35.3673507Z   type: 'test'
quality	Run repository quality gate	2026-10-05T13:44:35.3673794Z   ...
quality	Run repository quality gate	2026-10-05T13:44:35.3674138Z # Subtest: receipt lease covers the complete declared execution/retry budget
quality	Run repository quality gate	2026-10-05T13:44:35.3674715Z ok 58 - receipt lease covers the complete declared execution/retry budget
quality	Run repository quality gate	2026-10-05T13:44:35.3675173Z   ---
quality	Run repository quality gate	2026-10-05T13:44:35.3675481Z   duration_ms: 0.301663
quality	Run repository quality gate	2026-10-05T13:44:35.3675724Z   type: 'test'
quality	Run repository quality gate	2026-10-05T13:44:35.3675964Z   ...
quality	Run repository quality gate	2026-10-05T13:44:35.3676368Z # Subtest: memory reference adapter quarantines expired unsafe execution too
quality	Run repository quality gate	2026-10-05T13:44:35.3676925Z ok 59 - memory reference adapter quarantines expired unsafe execution too
quality	Run repository quality gate	2026-10-05T13:44:35.3677338Z   ---
quality	Run repository quality gate	2026-10-05T13:44:35.3677560Z   duration_ms: 2.229161
quality	Run repository quality gate	2026-10-05T13:44:35.3677892Z   type: 'test'
quality	Run repository quality gate	2026-10-05T13:44:35.3678114Z   ...
quality	Run repository quality gate	2026-10-05T13:44:35.3678321Z 1..59
quality	Run repository quality gate	2026-10-05T13:44:35.3678609Z # tests 59
quality	Run repository quality gate	2026-10-05T13:44:35.3678904Z # suites 0
quality	Run repository quality gate	2026-10-05T13:44:35.3679139Z # pass 59
quality	Run repository quality gate	2026-10-05T13:44:35.3679359Z # fail 0
quality	Run repository quality gate	2026-10-05T13:44:35.3679642Z # cancelled 0
quality	Run repository quality gate	2026-10-05T13:44:35.3679892Z # skipped 0
quality	Run repository quality gate	2026-10-05T13:44:35.3680110Z # todo 0
quality	Run repository quality gate	2026-10-05T13:44:35.3680346Z # duration_ms 181.351575
quality	Run repository quality gate	2026-10-05T13:44:35.3681100Z ##[endgroup]
quality	Run repository quality gate	2026-10-05T13:44:35.4965547Z ##[group]@crm/security-core:test
quality	Run repository quality gate	2026-10-05T13:44:35.4966189Z cache miss, executing 872edcc676c10eab
quality	Run repository quality gate	2026-10-05T13:44:35.4966628Z $ node --test test/*.test.mjs
quality	Run repository quality gate	2026-10-05T13:44:35.4966987Z TAP version 13
quality	Run repository quality gate	2026-10-05T13:44:35.4967629Z # Subtest: givenPlainCredential_whenSealingAndOpening_thenReturnsValidatedPlaintext
quality	Run repository quality gate	2026-10-05T13:44:35.4969192Z ok 1 - givenPlainCredential_whenSealingAndOpening_thenReturnsValidatedPlaintext
quality	Run repository quality gate	2026-10-05T13:44:35.4969836Z   ---
quality	Run repository quality gate	2026-10-05T13:44:35.4970130Z   duration_ms: 5.606189
quality	Run repository quality gate	2026-10-05T13:44:35.4970527Z   type: 'test'
quality	Run repository quality gate	2026-10-05T13:44:35.4970883Z   ...
quality	Run repository quality gate	2026-10-05T13:44:35.4971400Z # Subtest: givenLegacyPlaintextAndStrictMode_whenOpening_thenRejects
quality	Run repository quality gate	2026-10-05T13:44:35.4972221Z ok 2 - givenLegacyPlaintextAndStrictMode_whenOpening_thenRejects
quality	Run repository quality gate	2026-10-05T13:44:35.4972804Z   ---
quality	Run repository quality gate	2026-10-05T13:44:35.4973152Z   duration_ms: 0.957054
quality	Run repository quality gate	2026-10-05T13:44:35.4973518Z   type: 'test'
quality	Run repository quality gate	2026-10-05T13:44:35.4973836Z   ...
quality	Run repository quality gate	2026-10-05T13:44:35.4974420Z # Subtest: givenLegacyPlaintextAndMigrationMode_whenOpening_thenMarksMigrationRequired
quality	Run repository quality gate	2026-10-05T13:44:35.4975438Z ok 3 - givenLegacyPlaintextAndMigrationMode_whenOpening_thenMarksMigrationRequired
quality	Run repository quality gate	2026-10-05T13:44:35.4976257Z   ---
quality	Run repository quality gate	2026-10-05T13:44:35.4976537Z   duration_ms: 0.788031
quality	Run repository quality gate	2026-10-05T13:44:35.4976902Z   type: 'test'
quality	Run repository quality gate	2026-10-05T13:44:35.4977219Z   ...
quality	Run repository quality gate	2026-10-05T13:44:35.4977738Z # Subtest: givenEncryptedValue_whenSealingAgain_thenPreventsDoubleEncryption
quality	Run repository quality gate	2026-10-05T13:44:35.4978512Z ok 4 - givenEncryptedValue_whenSealingAgain_thenPreventsDoubleEncryption
quality	Run repository quality gate	2026-10-05T13:44:35.4979206Z   ---
quality	Run repository quality gate	2026-10-05T13:44:35.4979492Z   duration_ms: 0.678501
quality	Run repository quality gate	2026-10-05T13:44:35.4979807Z   type: 'test'
quality	Run repository quality gate	2026-10-05T13:44:35.4980113Z   ...
quality	Run repository quality gate	2026-10-05T13:44:35.4980736Z # Subtest: givenValidContext_whenEncryptingAndDecrypting_thenRoundTripsWithoutPlaintextLeakage
quality	Run repository quality gate	2026-10-05T13:44:35.4981528Z ok 5 - givenValidContext_whenEncryptingAndDecrypting_thenRoundTripsWithoutPlaintextLeakage
quality	Run repository quality gate	2026-10-05T13:44:35.4981985Z   ---
quality	Run repository quality gate	2026-10-05T13:44:35.4982183Z   duration_ms: 3.240463
quality	Run repository quality gate	2026-10-05T13:44:35.4982518Z   type: 'test'
quality	Run repository quality gate	2026-10-05T13:44:35.4982806Z   ...
quality	Run repository quality gate	2026-10-05T13:44:35.4983347Z # Subtest: givenSamePlaintext_whenEncryptedTwice_thenRandomIvProducesDifferentEnvelopes
quality	Run repository quality gate	2026-10-05T13:44:35.4984161Z ok 6 - givenSamePlaintext_whenEncryptedTwice_thenRandomIvProducesDifferentEnvelopes
quality	Run repository quality gate	2026-10-05T13:44:35.4984784Z   ---
quality	Run repository quality gate	2026-10-05T13:44:35.4984988Z   duration_ms: 0.772998
quality	Run repository quality gate	2026-10-05T13:44:35.4985230Z   type: 'test'
quality	Run repository quality gate	2026-10-05T13:44:35.4985433Z   ...
quality	Run repository quality gate	2026-10-05T13:44:35.4985761Z # Subtest: givenWrongTenantContext_whenDecrypting_thenAuthenticationFails
quality	Run repository quality gate	2026-10-05T13:44:35.4986256Z ok 7 - givenWrongTenantContext_whenDecrypting_thenAuthenticationFails
quality	Run repository quality gate	2026-10-05T13:44:35.4986616Z   ---
quality	Run repository quality gate	2026-10-05T13:44:35.4986820Z   duration_ms: 0.781247
quality	Run repository quality gate	2026-10-05T13:44:35.4987044Z   type: 'test'
quality	Run repository quality gate	2026-10-05T13:44:35.4987248Z   ...
quality	Run repository quality gate	2026-10-05T13:44:35.4987552Z # Subtest: givenTamperedCiphertext_whenDecrypting_thenAuthenticationFails
quality	Run repository quality gate	2026-10-05T13:44:35.4988043Z ok 8 - givenTamperedCiphertext_whenDecrypting_thenAuthenticationFails
quality	Run repository quality gate	2026-10-05T13:44:35.4988537Z   ---
quality	Run repository quality gate	2026-10-05T13:44:35.4988968Z   duration_ms: 1.65444
quality	Run repository quality gate	2026-10-05T13:44:35.4989220Z   type: 'test'
quality	Run repository quality gate	2026-10-05T13:44:35.4989432Z   ...
quality	Run repository quality gate	2026-10-05T13:44:35.4989785Z # Subtest: givenMissingHistoricalKey_whenDecrypting_thenFailsWithoutLeakingSecret
quality	Run repository quality gate	2026-10-05T13:44:35.4990368Z ok 9 - givenMissingHistoricalKey_whenDecrypting_thenFailsWithoutLeakingSecret
quality	Run repository quality gate	2026-10-05T13:44:35.4990768Z   ---
quality	Run repository quality gate	2026-10-05T13:44:35.4990976Z   duration_ms: 0.652524
quality	Run repository quality gate	2026-10-05T13:44:35.4991202Z   type: 'test'
quality	Run repository quality gate	2026-10-05T13:44:35.4991410Z   ...
quality	Run repository quality gate	2026-10-05T13:44:35.4991763Z # Subtest: givenHistoricalKeyAndNewActiveKey_whenRotating_thenReencryptsWithNewKey
quality	Run repository quality gate	2026-10-05T13:44:35.4992333Z ok 10 - givenHistoricalKeyAndNewActiveKey_whenRotating_thenReencryptsWithNewKey
quality	Run repository quality gate	2026-10-05T13:44:35.4992743Z   ---
quality	Run repository quality gate	2026-10-05T13:44:35.4992935Z   duration_ms: 0.863308
quality	Run repository quality gate	2026-10-05T13:44:35.4993165Z   type: 'test'
quality	Run repository quality gate	2026-10-05T13:44:35.4993359Z   ...
quality	Run repository quality gate	2026-10-05T13:44:35.4993671Z # Subtest: givenPlaintext_whenDecrypting_thenRejectsImplicitLegacyFallback
quality	Run repository quality gate	2026-10-05T13:44:35.4994189Z ok 11 - givenPlaintext_whenDecrypting_thenRejectsImplicitLegacyFallback
quality	Run repository quality gate	2026-10-05T13:44:35.4994558Z   ---
quality	Run repository quality gate	2026-10-05T13:44:35.4994756Z   duration_ms: 0.333332
quality	Run repository quality gate	2026-10-05T13:44:35.4994988Z   type: 'test'
quality	Run repository quality gate	2026-10-05T13:44:35.4995190Z   ...
quality	Run repository quality gate	2026-10-05T13:44:35.4995488Z # Subtest: givenInvalidKeyLength_whenCreatingProvider_thenFailsFast
quality	Run repository quality gate	2026-10-05T13:44:35.4995938Z ok 12 - givenInvalidKeyLength_whenCreatingProvider_thenFailsFast
quality	Run repository quality gate	2026-10-05T13:44:35.4996298Z   ---
quality	Run repository quality gate	2026-10-05T13:44:35.4996496Z   duration_ms: 0.213966
quality	Run repository quality gate	2026-10-05T13:44:35.4996726Z   type: 'test'
quality	Run repository quality gate	2026-10-05T13:44:35.4996961Z   ...
quality	Run repository quality gate	2026-10-05T13:44:35.4997311Z # Subtest: givenEnvironmentKeyring_whenCreatingProvider_thenValidatesAndDecrypts
quality	Run repository quality gate	2026-10-05T13:44:35.4997878Z ok 13 - givenEnvironmentKeyring_whenCreatingProvider_thenValidatesAndDecrypts
quality	Run repository quality gate	2026-10-05T13:44:35.4998284Z   ---
quality	Run repository quality gate	2026-10-05T13:44:35.4998499Z   duration_ms: 0.85229
quality	Run repository quality gate	2026-10-05T13:44:35.4998929Z   type: 'test'
quality	Run repository quality gate	2026-10-05T13:44:35.4999161Z   ...
quality	Run repository quality gate	2026-10-05T13:44:35.4999538Z # Subtest: givenEnvelope_whenRedactingAndFingerprinting_thenNeverReturnsPlaintext
quality	Run repository quality gate	2026-10-05T13:44:35.5000104Z ok 14 - givenEnvelope_whenRedactingAndFingerprinting_thenNeverReturnsPlaintext
quality	Run repository quality gate	2026-10-05T13:44:35.5000536Z   ---
quality	Run repository quality gate	2026-10-05T13:44:35.5000749Z   duration_ms: 1.092725
quality	Run repository quality gate	2026-10-05T13:44:35.5000996Z   type: 'test'
quality	Run repository quality gate	2026-10-05T13:44:35.5001220Z   ...
quality	Run repository quality gate	2026-10-05T13:44:35.5001558Z # Subtest: givenOversizedPlaintext_whenEncrypting_thenRejectsBeforeEncryption
quality	Run repository quality gate	2026-10-05T13:44:35.5002092Z ok 15 - givenOversizedPlaintext_whenEncrypting_thenRejectsBeforeEncryption
quality	Run repository quality gate	2026-10-05T13:44:35.5002469Z   ---
quality	Run repository quality gate	2026-10-05T13:44:35.5002663Z   duration_ms: 0.315341
quality	Run repository quality gate	2026-10-05T13:44:35.5002895Z   type: 'test'
quality	Run repository quality gate	2026-10-05T13:44:35.5003100Z   ...
quality	Run repository quality gate	2026-10-05T13:44:35.5003402Z # Subtest: givenUnscopedWhere_whenScoping_thenInjectsActiveTenant
quality	Run repository quality gate	2026-10-05T13:44:35.5003835Z ok 16 - givenUnscopedWhere_whenScoping_thenInjectsActiveTenant
quality	Run repository quality gate	2026-10-05T13:44:35.5004175Z   ---
quality	Run repository quality gate	2026-10-05T13:44:35.5004376Z   duration_ms: 2.598885
quality	Run repository quality gate	2026-10-05T13:44:35.5004598Z   type: 'test'
quality	Run repository quality gate	2026-10-05T13:44:35.5004797Z   ...
quality	Run repository quality gate	2026-10-05T13:44:35.5005060Z # Subtest: givenCrossTenantSelector_whenScoping_thenRejects
quality	Run repository quality gate	2026-10-05T13:44:35.5005637Z ok 17 - givenCrossTenantSelector_whenScoping_thenRejects
quality	Run repository quality gate	2026-10-05T13:44:35.5005967Z   ---
quality	Run repository quality gate	2026-10-05T13:44:35.5006163Z   duration_ms: 0.88222
quality	Run repository quality gate	2026-10-05T13:44:35.5006394Z   type: 'test'
quality	Run repository quality gate	2026-10-05T13:44:35.5006600Z   ...
quality	Run repository quality gate	2026-10-05T13:44:35.5006906Z # Subtest: givenCreatePayloadForAnotherTenant_whenScoping_thenRejects
quality	Run repository quality gate	2026-10-05T13:44:35.5007394Z ok 18 - givenCreatePayloadForAnotherTenant_whenScoping_thenRejects
quality	Run repository quality gate	2026-10-05T13:44:35.5007747Z   ---
quality	Run repository quality gate	2026-10-05T13:44:35.5007952Z   duration_ms: 0.360101
quality	Run repository quality gate	2026-10-05T13:44:35.5008174Z   type: 'test'
quality	Run repository quality gate	2026-10-05T13:44:35.5008377Z   ...
quality	Run repository quality gate	2026-10-05T13:44:35.5008695Z # Subtest: givenAttemptedTenantReassignment_whenUpdating_thenRejects
quality	Run repository quality gate	2026-10-05T13:44:35.5009501Z ok 19 - givenAttemptedTenantReassignment_whenUpdating_thenRejects
quality	Run repository quality gate	2026-10-05T13:44:35.5010139Z   ---
quality	Run repository quality gate	2026-10-05T13:44:35.5010341Z   duration_ms: 0.29519
quality	Run repository quality gate	2026-10-05T13:44:35.5010569Z   type: 'test'
quality	Run repository quality gate	2026-10-05T13:44:35.5010779Z   ...
quality	Run repository quality gate	2026-10-05T13:44:35.5011106Z # Subtest: givenUniqueSelector_whenScoping_thenKeepsUniqueFieldAndAddsTenant
quality	Run repository quality gate	2026-10-05T13:44:35.5011653Z ok 20 - givenUniqueSelector_whenScoping_thenKeepsUniqueFieldAndAddsTenant
quality	Run repository quality gate	2026-10-05T13:44:35.5012033Z   ---
quality	Run repository quality gate	2026-10-05T13:44:35.5012227Z   duration_ms: 0.476575
quality	Run repository quality gate	2026-10-05T13:44:35.5012466Z   type: 'test'
quality	Run repository quality gate	2026-10-05T13:44:35.5012665Z   ...
quality	Run repository quality gate	2026-10-05T13:44:35.5013053Z # Subtest: givenSameOperationInDifferentTenants_whenBuildingIdempotencyKey_thenKeysDiffer
quality	Run repository quality gate	2026-10-05T13:44:35.5013675Z ok 21 - givenSameOperationInDifferentTenants_whenBuildingIdempotencyKey_thenKeysDiffer
quality	Run repository quality gate	2026-10-05T13:44:35.5014116Z   ---
quality	Run repository quality gate	2026-10-05T13:44:35.5014309Z   duration_ms: 1.015471
quality	Run repository quality gate	2026-10-05T13:44:35.5014532Z   type: 'test'
quality	Run repository quality gate	2026-10-05T13:44:35.5014738Z   ...
quality	Run repository quality gate	2026-10-05T13:44:35.5015116Z # Subtest: givenTenantScopedDelegate_whenReading_thenAlwaysInjectsTenantAndValidatesResults
quality	Run repository quality gate	2026-10-05T13:44:35.5015758Z ok 22 - givenTenantScopedDelegate_whenReading_thenAlwaysInjectsTenantAndValidatesResults
quality	Run repository quality gate	2026-10-05T13:44:35.5016188Z   ---
quality	Run repository quality gate	2026-10-05T13:44:35.5016378Z   duration_ms: 0.896993
quality	Run repository quality gate	2026-10-05T13:44:35.5016612Z   type: 'test'
quality	Run repository quality gate	2026-10-05T13:44:35.5016810Z   ...
quality	Run repository quality gate	2026-10-05T13:44:35.5017181Z # Subtest: givenCompromisedDelegateReturningAnotherTenant_whenReading_thenFailsClosed
quality	Run repository quality gate	2026-10-05T13:44:35.5017782Z ok 23 - givenCompromisedDelegateReturningAnotherTenant_whenReading_thenFailsClosed
quality	Run repository quality gate	2026-10-05T13:44:35.5018196Z   ---
quality	Run repository quality gate	2026-10-05T13:44:35.5018392Z   duration_ms: 1.47479
quality	Run repository quality gate	2026-10-05T13:44:35.5018611Z   type: 'test'
quality	Run repository quality gate	2026-10-05T13:44:35.5018966Z   ...
quality	Run repository quality gate	2026-10-05T13:44:35.5019329Z # Subtest: givenScopedMutation_whenUpdating_thenScopesWhereAndForbidsOwnershipChange
quality	Run repository quality gate	2026-10-05T13:44:35.5019916Z ok 24 - givenScopedMutation_whenUpdating_thenScopesWhereAndForbidsOwnershipChange
quality	Run repository quality gate	2026-10-05T13:44:35.5020327Z   ---
quality	Run repository quality gate	2026-10-05T13:44:35.5020866Z   duration_ms: 0.657639
quality	Run repository quality gate	2026-10-05T13:44:35.5021108Z   type: 'test'
quality	Run repository quality gate	2026-10-05T13:44:35.5021305Z   ...
quality	Run repository quality gate	2026-10-05T13:44:35.5021598Z # Subtest: givenPrototypePollutionKey_whenScoping_thenRejectsInput
quality	Run repository quality gate	2026-10-05T13:44:35.5022056Z ok 25 - givenPrototypePollutionKey_whenScoping_thenRejectsInput
quality	Run repository quality gate	2026-10-05T13:44:35.5022400Z   ---
quality	Run repository quality gate	2026-10-05T13:44:35.5022608Z   duration_ms: 0.428831
quality	Run repository quality gate	2026-10-05T13:44:35.5022834Z   type: 'test'
quality	Run repository quality gate	2026-10-05T13:44:35.5023036Z   ...
quality	Run repository quality gate	2026-10-05T13:44:35.5023496Z # Subtest: givenCallerSelectExcludesTenantField_whenReading_thenVerifiesInternallyAndRestoresRequestedShape
quality	Run repository quality gate	2026-10-05T13:44:35.5024270Z ok 26 - givenCallerSelectExcludesTenantField_whenReading_thenVerifiesInternallyAndRestoresRequestedShape
quality	Run repository quality gate	2026-10-05T13:44:35.5024780Z   ---
quality	Run repository quality gate	2026-10-05T13:44:35.5024976Z   duration_ms: 0.427503
quality	Run repository quality gate	2026-10-05T13:44:35.5025208Z   type: 'test'
quality	Run repository quality gate	2026-10-05T13:44:35.5025410Z   ...
quality	Run repository quality gate	2026-10-05T13:44:35.5025593Z 1..26
quality	Run repository quality gate	2026-10-05T13:44:35.5025788Z # tests 26
quality	Run repository quality gate	2026-10-05T13:44:35.5025990Z # suites 0
quality	Run repository quality gate	2026-10-05T13:44:35.5026196Z # pass 26
quality	Run repository quality gate	2026-10-05T13:44:35.5026391Z # fail 0
quality	Run repository quality gate	2026-10-05T13:44:35.5026582Z # cancelled 0
quality	Run repository quality gate	2026-10-05T13:44:35.5026797Z # skipped 0
quality	Run repository quality gate	2026-10-05T13:44:35.5026991Z # todo 0
quality	Run repository quality gate	2026-10-05T13:44:35.5027194Z # duration_ms 102.311319
quality	Run repository quality gate	2026-10-05T13:44:35.5027896Z ##[endgroup]
quality	Run repository quality gate	2026-10-05T13:44:35.6173732Z ##[group]@crm/action-registry:test
quality	Run repository quality gate	2026-10-05T13:44:35.6174225Z cache miss, executing b61fa426100cba41
quality	Run repository quality gate	2026-10-05T13:44:35.6174692Z $ node --test ./test/*.test.mjs
quality	Run repository quality gate	2026-10-05T13:44:35.6175060Z TAP version 13
quality	Run repository quality gate	2026-10-05T13:44:35.6175652Z # Subtest: registers immutable typed action entries without exposing a direct execution path
quality	Run repository quality gate	2026-10-05T13:44:35.6176597Z ok 1 - registers immutable typed action entries without exposing a direct execution path
quality	Run repository quality gate	2026-10-05T13:44:35.6177310Z   ---
quality	Run repository quality gate	2026-10-05T13:44:35.6177628Z   duration_ms: 1.861542
quality	Run repository quality gate	2026-10-05T13:44:35.6177954Z   type: 'test'
quality	Run repository quality gate	2026-10-05T13:44:35.6178237Z   ...
quality	Run repository quality gate	2026-10-05T13:44:35.6178616Z # Subtest: normalizes legacy risk and idempotency vocabulary into the governed runtime contract
quality	Run repository quality gate	2026-10-05T13:44:35.6179762Z ok 2 - normalizes legacy risk and idempotency vocabulary into the governed runtime contract
quality	Run repository quality gate	2026-10-05T13:44:35.6180443Z   ---
quality	Run repository quality gate	2026-10-05T13:44:35.6180741Z   duration_ms: 0.43247
quality	Run repository quality gate	2026-10-05T13:44:35.6181189Z   type: 'test'
quality	Run repository quality gate	2026-10-05T13:44:35.6181523Z   ...
quality	Run repository quality gate	2026-10-05T13:44:35.6181790Z # Subtest: converts JSON schemas into runtime validators
quality	Run repository quality gate	2026-10-05T13:44:35.6182181Z ok 3 - converts JSON schemas into runtime validators
quality	Run repository quality gate	2026-10-05T13:44:35.6182487Z   ---
quality	Run repository quality gate	2026-10-05T13:44:35.6182699Z   duration_ms: 1.309742
quality	Run repository quality gate	2026-10-05T13:44:35.6182936Z   type: 'test'
quality	Run repository quality gate	2026-10-05T13:44:35.6183146Z   ...
quality	Run repository quality gate	2026-10-05T13:44:35.6183501Z # Subtest: defensively snapshots schemas, metadata, permissions and retry configuration
quality	Run repository quality gate	2026-10-05T13:44:35.6184064Z ok 4 - defensively snapshots schemas, metadata, permissions and retry configuration
quality	Run repository quality gate	2026-10-05T13:44:35.6184468Z   ---
quality	Run repository quality gate	2026-10-05T13:44:35.6184689Z   duration_ms: 0.381788
quality	Run repository quality gate	2026-10-05T13:44:35.6184927Z   type: 'test'
quality	Run repository quality gate	2026-10-05T13:44:35.6185128Z   ...
quality	Run repository quality gate	2026-10-05T13:44:35.6185368Z # Subtest: rejects duplicate action identifiers
quality	Run repository quality gate	2026-10-05T13:44:35.6185702Z ok 5 - rejects duplicate action identifiers
quality	Run repository quality gate	2026-10-05T13:44:35.6185982Z   ---
quality	Run repository quality gate	2026-10-05T13:44:35.6186184Z   duration_ms: 0.289648
quality	Run repository quality gate	2026-10-05T13:44:35.6186425Z   type: 'test'
quality	Run repository quality gate	2026-10-05T13:44:35.6186622Z   ...
quality	Run repository quality gate	2026-10-05T13:44:35.6186993Z # Subtest: rejects execution-state options because execution belongs to the governed runtime
quality	Run repository quality gate	2026-10-05T13:44:35.6187576Z ok 6 - rejects execution-state options because execution belongs to the governed runtime
quality	Run repository quality gate	2026-10-05T13:44:35.6187988Z   ---
quality	Run repository quality gate	2026-10-05T13:44:35.6188181Z   duration_ms: 0.178894
quality	Run repository quality gate	2026-10-05T13:44:35.6188403Z   type: 'test'
quality	Run repository quality gate	2026-10-05T13:44:35.6188606Z   ...
quality	Run repository quality gate	2026-10-05T13:44:35.6189041Z # Subtest: rejects a mutating manifest without idempotency
quality	Run repository quality gate	2026-10-05T13:44:35.6189430Z ok 7 - rejects a mutating manifest without idempotency
quality	Run repository quality gate	2026-10-05T13:44:35.6189736Z   ---
quality	Run repository quality gate	2026-10-05T13:44:35.6189931Z   duration_ms: 0.155071
quality	Run repository quality gate	2026-10-05T13:44:35.6190169Z   type: 'test'
quality	Run repository quality gate	2026-10-05T13:44:35.6190375Z   ...
quality	Run repository quality gate	2026-10-05T13:44:35.6190641Z # Subtest: rejects manifests without explicit permissions
quality	Run repository quality gate	2026-10-05T13:44:35.6191016Z ok 8 - rejects manifests without explicit permissions
quality	Run repository quality gate	2026-10-05T13:44:35.6191318Z   ---
quality	Run repository quality gate	2026-10-05T13:44:35.6191524Z   duration_ms: 0.147052
quality	Run repository quality gate	2026-10-05T13:44:35.6191748Z   type: 'test'
quality	Run repository quality gate	2026-10-05T13:44:35.6191954Z   ...
quality	Run repository quality gate	2026-10-05T13:44:35.6192216Z # Subtest: rejects unsafe retry policies for mutating actions
quality	Run repository quality gate	2026-10-05T13:44:35.6192601Z ok 9 - rejects unsafe retry policies for mutating actions
quality	Run repository quality gate	2026-10-05T13:44:35.6192921Z   ---
quality	Run repository quality gate	2026-10-05T13:44:35.6193114Z   duration_ms: 0.359899
quality	Run repository quality gate	2026-10-05T13:44:35.6193350Z   type: 'test'
quality	Run repository quality gate	2026-10-05T13:44:35.6193552Z   ...
quality	Run repository quality gate	2026-10-05T13:44:35.6193829Z # Subtest: rejects non-integer and non-finite retry configuration
quality	Run repository quality gate	2026-10-05T13:44:35.6194258Z ok 10 - rejects non-integer and non-finite retry configuration
quality	Run repository quality gate	2026-10-05T13:44:35.6194582Z   ---
quality	Run repository quality gate	2026-10-05T13:44:35.6194791Z   duration_ms: 0.64816
quality	Run repository quality gate	2026-10-05T13:44:35.6195015Z   type: 'test'
quality	Run repository quality gate	2026-10-05T13:44:35.6195225Z   ...
quality	Run repository quality gate	2026-10-05T13:44:35.6195764Z # Subtest: registerMany accepts tuple and entry forms and returns stable sorted manifests
quality	Run repository quality gate	2026-10-05T13:44:35.6196445Z ok 11 - registerMany accepts tuple and entry forms and returns stable sorted manifests
quality	Run repository quality gate	2026-10-05T13:44:35.6197056Z   ---
quality	Run repository quality gate	2026-10-05T13:44:35.6197265Z   duration_ms: 9.115525
quality	Run repository quality gate	2026-10-05T13:44:35.6197509Z   type: 'test'
quality	Run repository quality gate	2026-10-05T13:44:35.6197712Z   ...
quality	Run repository quality gate	2026-10-05T13:44:35.6198033Z # Subtest: requires own properties instead of inherited prototype properties
quality	Run repository quality gate	2026-10-05T13:44:35.6198537Z ok 12 - requires own properties instead of inherited prototype properties
quality	Run repository quality gate	2026-10-05T13:44:35.6199025Z   ---
quality	Run repository quality gate	2026-10-05T13:44:35.6199239Z   duration_ms: 0.348509
quality	Run repository quality gate	2026-10-05T13:44:35.6199470Z   type: 'test'
quality	Run repository quality gate	2026-10-05T13:44:35.6199674Z   ...
quality	Run repository quality gate	2026-10-05T13:44:35.6199959Z # Subtest: rejects unsafe JSON-schema and metadata object keys
quality	Run repository quality gate	2026-10-05T13:44:35.6200356Z ok 13 - rejects unsafe JSON-schema and metadata object keys
quality	Run repository quality gate	2026-10-05T13:44:35.6200767Z   ---
quality	Run repository quality gate	2026-10-05T13:44:35.6200964Z   duration_ms: 0.273656
quality	Run repository quality gate	2026-10-05T13:44:35.6201187Z   type: 'test'
quality	Run repository quality gate	2026-10-05T13:44:35.6201399Z   ...
quality	Run repository quality gate	2026-10-05T13:44:35.6201590Z 1..13
quality	Run repository quality gate	2026-10-05T13:44:35.6201786Z # tests 13
quality	Run repository quality gate	2026-10-05T13:44:35.6201989Z # suites 0
quality	Run repository quality gate	2026-10-05T13:44:35.6202189Z # pass 13
quality	Run repository quality gate	2026-10-05T13:44:35.6202388Z # fail 0
quality	Run repository quality gate	2026-10-05T13:44:35.6202584Z # cancelled 0
quality	Run repository quality gate	2026-10-05T13:44:35.6202794Z # skipped 0
quality	Run repository quality gate	2026-10-05T13:44:35.6203008Z # todo 0
quality	Run repository quality gate	2026-10-05T13:44:35.6203214Z # duration_ms 80.983746
quality	Run repository quality gate	2026-10-05T13:44:35.6203712Z ##[endgroup]
quality	Run repository quality gate	2026-10-05T13:44:35.9867537Z ##[group]@crm/migration-runtime:test
quality	Run repository quality gate	2026-10-05T13:44:35.9868484Z cache miss, executing 8839086d604b8ae6
quality	Run repository quality gate	2026-10-05T13:44:35.9869227Z $ node --test ./test/*.test.mjs
quality	Run repository quality gate	2026-10-05T13:44:35.9869877Z TAP version 13
quality	Run repository quality gate	2026-10-05T13:44:35.9870856Z # Subtest: migration: a stale claim cannot settle a newer lease even with the same workerId
quality	Run repository quality gate	2026-10-05T13:44:35.9871869Z ok 1 - migration: a stale claim cannot settle a newer lease even with the same workerId
quality	Run repository quality gate	2026-10-05T13:44:35.9872590Z   ---
quality	Run repository quality gate	2026-10-05T13:44:35.9873017Z   duration_ms: 10.308058
quality	Run repository quality gate	2026-10-05T13:44:35.9873410Z   type: 'test'
quality	Run repository quality gate	2026-10-05T13:44:35.9873748Z   ...
quality	Run repository quality gate	2026-10-05T13:44:35.9874348Z # Subtest: migration: process crashes consume attempts and eventually quarantine the batch
quality	Run repository quality gate	2026-10-05T13:44:35.9875313Z ok 2 - migration: process crashes consume attempts and eventually quarantine the batch
quality	Run repository quality gate	2026-10-05T13:44:35.9875950Z   ---
quality	Run repository quality gate	2026-10-05T13:44:35.9876238Z   duration_ms: 5.737018
quality	Run repository quality gate	2026-10-05T13:44:35.9876585Z   type: 'test'
quality	Run repository quality gate	2026-10-05T13:44:35.9876922Z   ...
quality	Run repository quality gate	2026-10-05T13:44:35.9877574Z # Subtest: migration: failure after cancellation cannot overwrite CANCELLED with FAILED
quality	Run repository quality gate	2026-10-05T13:44:35.9878486Z ok 3 - migration: failure after cancellation cannot overwrite CANCELLED with FAILED
quality	Run repository quality gate	2026-10-05T13:44:35.9879408Z   ---
quality	Run repository quality gate	2026-10-05T13:44:35.9879702Z   duration_ms: 1.817351
quality	Run repository quality gate	2026-10-05T13:44:35.9880019Z   type: 'test'
quality	Run repository quality gate	2026-10-05T13:44:35.9880236Z   ...
quality	Run repository quality gate	2026-10-05T13:44:35.9880550Z # Subtest: migration: invalid importer result is a terminal contract error
quality	Run repository quality gate	2026-10-05T13:44:35.9881320Z ok 4 - migration: invalid importer result is a terminal contract error
quality	Run repository quality gate	2026-10-05T13:44:35.9881948Z   ---
quality	Run repository quality gate	2026-10-05T13:44:35.9882302Z   duration_ms: 1.211789
quality	Run repository quality gate	2026-10-05T13:44:35.9882693Z   type: 'test'
quality	Run repository quality gate	2026-10-05T13:44:35.9883055Z   ...
quality	Run repository quality gate	2026-10-05T13:44:35.9883597Z # Subtest: migration: tenant/job delimiter ambiguity cannot alias storage keys
quality	Run repository quality gate	2026-10-05T13:44:35.9884497Z ok 5 - migration: tenant/job delimiter ambiguity cannot alias storage keys
quality	Run repository quality gate	2026-10-05T13:44:35.9885119Z   ---
quality	Run repository quality gate	2026-10-05T13:44:35.9885411Z   duration_ms: 0.337733
quality	Run repository quality gate	2026-10-05T13:44:35.9885769Z   type: 'test'
quality	Run repository quality gate	2026-10-05T13:44:35.9886056Z   ...
quality	Run repository quality gate	2026-10-05T13:44:35.9886786Z # Subtest: borrowed transaction hands serialization failure to its outer retry owner without querying an aborted transaction
quality	Run repository quality gate	2026-10-05T13:44:35.9887752Z ok 6 - borrowed transaction hands serialization failure to its outer retry owner without querying an aborted transaction
quality	Run repository quality gate	2026-10-05T13:44:35.9888300Z   ---
quality	Run repository quality gate	2026-10-05T13:44:35.9888507Z   duration_ms: 1.858413
quality	Run repository quality gate	2026-10-05T13:44:35.9888970Z   type: 'test'
quality	Run repository quality gate	2026-10-05T13:44:35.9889248Z   ...
quality	Run repository quality gate	2026-10-05T13:44:35.9889693Z # Subtest: owned serialization retries use fresh transaction callbacks and do not retry unknown database failures
quality	Run repository quality gate	2026-10-05T13:44:35.9890943Z ok 7 - owned serialization retries use fresh transaction callbacks and do not retry unknown database failures
quality	Run repository quality gate	2026-10-05T13:44:35.9891441Z   ---
quality	Run repository quality gate	2026-10-05T13:44:35.9891659Z   duration_ms: 0.624351
quality	Run repository quality gate	2026-10-05T13:44:35.9891918Z   type: 'test'
quality	Run repository quality gate	2026-10-05T13:44:35.9892127Z   ...
quality	Run repository quality gate	2026-10-05T13:44:35.9892456Z # Subtest: uses serializable transactions and scopes durable job reads by tenant
quality	Run repository quality gate	2026-10-05T13:44:35.9892973Z ok 8 - uses serializable transactions and scopes durable job reads by tenant
quality	Run repository quality gate	2026-10-05T13:44:35.9893361Z   ---
quality	Run repository quality gate	2026-10-05T13:44:35.9893562Z   duration_ms: 1.508675
quality	Run repository quality gate	2026-10-05T13:44:35.9893795Z   type: 'test'
quality	Run repository quality gate	2026-10-05T13:44:35.9894002Z   ...
quality	Run repository quality gate	2026-10-05T13:44:35.9894284Z # Subtest: persists batch leases, counters and optimistic versions
quality	Run repository quality gate	2026-10-05T13:44:35.9894835Z ok 9 - persists batch leases, counters and optimistic versions
quality	Run repository quality gate	2026-10-05T13:44:35.9895155Z   ---
quality	Run repository quality gate	2026-10-05T13:44:35.9895353Z   duration_ms: 1.770715
quality	Run repository quality gate	2026-10-05T13:44:35.9895593Z   type: 'test'
quality	Run repository quality gate	2026-10-05T13:44:35.9895797Z   ...
quality	Run repository quality gate	2026-10-05T13:44:35.9896126Z # Subtest: fails closed on a stale batch instead of silently losing a worker update
quality	Run repository quality gate	2026-10-05T13:44:35.9896632Z ok 10 - fails closed on a stale batch instead of silently losing a worker update
quality	Run repository quality gate	2026-10-05T13:44:35.9897000Z   ---
quality	Run repository quality gate	2026-10-05T13:44:35.9897210Z   duration_ms: 0.93059
quality	Run repository quality gate	2026-10-05T13:44:35.9897437Z   type: 'test'
quality	Run repository quality gate	2026-10-05T13:44:35.9897642Z   ...
quality	Run repository quality gate	2026-10-05T13:44:35.9897942Z # Subtest: persists an append-only runtime event with operational details
quality	Run repository quality gate	2026-10-05T13:44:35.9898409Z ok 11 - persists an append-only runtime event with operational details
quality	Run repository quality gate	2026-10-05T13:44:35.9899285Z   ---
quality	Run repository quality gate	2026-10-05T13:44:35.9899504Z   duration_ms: 0.732225
quality	Run repository quality gate	2026-10-05T13:44:35.9899747Z   type: 'test'
quality	Run repository quality gate	2026-10-05T13:44:35.9900038Z   ...
quality	Run repository quality gate	2026-10-05T13:44:35.9900463Z # Subtest: sanitizes event details to durable JSON and rejects non-serializable values
quality	Run repository quality gate	2026-10-05T13:44:35.9901016Z ok 12 - sanitizes event details to durable JSON and rejects non-serializable values
quality	Run repository quality gate	2026-10-05T13:44:35.9901409Z   ---
quality	Run repository quality gate	2026-10-05T13:44:35.9901644Z   duration_ms: 0.846323
quality	Run repository quality gate	2026-10-05T13:44:35.9901870Z   type: 'test'
quality	Run repository quality gate	2026-10-05T13:44:35.9902071Z   ...
quality	Run repository quality gate	2026-10-05T13:44:35.9902441Z # Subtest: coordinator can restart on the Prisma repository without losing durable batch state
quality	Run repository quality gate	2026-10-05T13:44:35.9903026Z ok 13 - coordinator can restart on the Prisma repository without losing durable batch state
quality	Run repository quality gate	2026-10-05T13:44:35.9903442Z   ---
quality	Run repository quality gate	2026-10-05T13:44:35.9903642Z   duration_ms: 6.25128
quality	Run repository quality gate	2026-10-05T13:44:35.9903863Z   type: 'test'
quality	Run repository quality gate	2026-10-05T13:44:35.9904064Z   ...
quality	Run repository quality gate	2026-10-05T13:44:35.9904283Z # Subtest: rejects invalid state transitions
quality	Run repository quality gate	2026-10-05T13:44:35.9904599Z ok 14 - rejects invalid state transitions
quality	Run repository quality gate	2026-10-05T13:44:35.9904867Z   ---
quality	Run repository quality gate	2026-10-05T13:44:35.9905060Z   duration_ms: 1.799319
quality	Run repository quality gate	2026-10-05T13:44:35.9905293Z   type: 'test'
quality	Run repository quality gate	2026-10-05T13:44:35.9905494Z   ...
quality	Run repository quality gate	2026-10-05T13:44:35.9905731Z # Subtest: rejects a dry-run from another tenant
quality	Run repository quality gate	2026-10-05T13:44:35.9906051Z ok 15 - rejects a dry-run from another tenant
quality	Run repository quality gate	2026-10-05T13:44:35.9906442Z   ---
quality	Run repository quality gate	2026-10-05T13:44:35.9906741Z   duration_ms: 1.464156
quality	Run repository quality gate	2026-10-05T13:44:35.9906965Z   type: 'test'
quality	Run repository quality gate	2026-10-05T13:44:35.9907178Z   ...
quality	Run repository quality gate	2026-10-05T13:44:35.9907485Z # Subtest: processes bounded batches and completes after the last checkpoint
quality	Run repository quality gate	2026-10-05T13:44:35.9907963Z ok 16 - processes bounded batches and completes after the last checkpoint
quality	Run repository quality gate	2026-10-05T13:44:35.9908336Z   ---
quality	Run repository quality gate	2026-10-05T13:44:35.9908533Z   duration_ms: 3.284047
quality	Run repository quality gate	2026-10-05T13:44:35.9908893Z   type: 'test'
quality	Run repository quality gate	2026-10-05T13:44:35.9909208Z   ...
quality	Run repository quality gate	2026-10-05T13:44:35.9909552Z # Subtest: concurrent workers claim distinct batches and never duplicate the same lease
quality	Run repository quality gate	2026-10-05T13:44:35.9910116Z ok 17 - concurrent workers claim distinct batches and never duplicate the same lease
quality	Run repository quality gate	2026-10-05T13:44:35.9910521Z   ---
quality	Run repository quality gate	2026-10-05T13:44:35.9910733Z   duration_ms: 10.061111
quality	Run repository quality gate	2026-10-05T13:44:35.9910970Z   type: 'test'
quality	Run repository quality gate	2026-10-05T13:44:35.9911185Z   ...
quality	Run repository quality gate	2026-10-05T13:44:35.9911690Z # Subtest: an expired RUNNING lease is reclaimed with the same operation identity
quality	Run repository quality gate	2026-10-05T13:44:35.9912187Z ok 18 - an expired RUNNING lease is reclaimed with the same operation identity
quality	Run repository quality gate	2026-10-05T13:44:35.9912563Z   ---
quality	Run repository quality gate	2026-10-05T13:44:35.9912770Z   duration_ms: 2.848436
quality	Run repository quality gate	2026-10-05T13:44:35.9913016Z   type: 'test'
quality	Run repository quality gate	2026-10-05T13:44:35.9913227Z   ...
quality	Run repository quality gate	2026-10-05T13:44:35.9913525Z # Subtest: retries a transient failure with the same idempotency key
quality	Run repository quality gate	2026-10-05T13:44:35.9913969Z ok 19 - retries a transient failure with the same idempotency key
quality	Run repository quality gate	2026-10-05T13:44:35.9914304Z   ---
quality	Run repository quality gate	2026-10-05T13:44:35.9914514Z   duration_ms: 1.680609
quality	Run repository quality gate	2026-10-05T13:44:35.9914743Z   type: 'test'
quality	Run repository quality gate	2026-10-05T13:44:35.9914942Z   ...
quality	Run repository quality gate	2026-10-05T13:44:35.9915238Z # Subtest: moves a poison batch and job to FAILED after bounded attempts
quality	Run repository quality gate	2026-10-05T13:44:35.9915851Z ok 20 - moves a poison batch and job to FAILED after bounded attempts
quality	Run repository quality gate	2026-10-05T13:44:35.9916196Z   ---
quality	Run repository quality gate	2026-10-05T13:44:35.9916386Z   duration_ms: 1.966924
quality	Run repository quality gate	2026-10-05T13:44:35.9916621Z   type: 'test'
quality	Run repository quality gate	2026-10-05T13:44:35.9916835Z   ...
quality	Run repository quality gate	2026-10-05T13:44:35.9917099Z # Subtest: cancellation is terminal and prevents execution
quality	Run repository quality gate	2026-10-05T13:44:35.9917494Z ok 21 - cancellation is terminal and prevents execution
quality	Run repository quality gate	2026-10-05T13:44:35.9917801Z   ---
quality	Run repository quality gate	2026-10-05T13:44:35.9917995Z   duration_ms: 0.732675
quality	Run repository quality gate	2026-10-05T13:44:35.9918225Z   type: 'test'
quality	Run repository quality gate	2026-10-05T13:44:35.9918420Z   ...
quality	Run repository quality gate	2026-10-05T13:44:35.9918679Z # Subtest: rejects a dry-run for a different entity type
quality	Run repository quality gate	2026-10-05T13:44:35.9919543Z ok 22 - rejects a dry-run for a different entity type
quality	Run repository quality gate	2026-10-05T13:44:35.9919847Z   ---
quality	Run repository quality gate	2026-10-05T13:44:35.9920060Z   duration_ms: 0.576449
quality	Run repository quality gate	2026-10-05T13:44:35.9920284Z   type: 'test'
quality	Run repository quality gate	2026-10-05T13:44:35.9920497Z   ...
quality	Run repository quality gate	2026-10-05T13:44:35.9920774Z # Subtest: rejects non-contiguous batch indexes and count drift
quality	Run repository quality gate	2026-10-05T13:44:35.9921190Z ok 23 - rejects non-contiguous batch indexes and count drift
quality	Run repository quality gate	2026-10-05T13:44:35.9921517Z   ---
quality	Run repository quality gate	2026-10-05T13:44:35.9921712Z   duration_ms: 1.266058
quality	Run repository quality gate	2026-10-05T13:44:35.9921959Z   type: 'test'
quality	Run repository quality gate	2026-10-05T13:44:35.9922161Z   ...
quality	Run repository quality gate	2026-10-05T13:44:35.9922426Z # Subtest: rejects unsafe source filenames before persistence
quality	Run repository quality gate	2026-10-05T13:44:35.9922829Z ok 24 - rejects unsafe source filenames before persistence
quality	Run repository quality gate	2026-10-05T13:44:35.9923144Z   ---
quality	Run repository quality gate	2026-10-05T13:44:35.9923347Z   duration_ms: 0.599915
quality	Run repository quality gate	2026-10-05T13:44:35.9923568Z   type: 'test'
quality	Run repository quality gate	2026-10-05T13:44:35.9923766Z   ...
quality	Run repository quality gate	2026-10-05T13:44:35.9924124Z # Subtest: fails immediately when importer counters do not reconcile to the claimed batch
quality	Run repository quality gate	2026-10-05T13:44:35.9924678Z ok 25 - fails immediately when importer counters do not reconcile to the claimed batch
quality	Run repository quality gate	2026-10-05T13:44:35.9925115Z   ---
quality	Run repository quality gate	2026-10-05T13:44:35.9925310Z   duration_ms: 1.380708
quality	Run repository quality gate	2026-10-05T13:44:35.9925539Z   type: 'test'
quality	Run repository quality gate	2026-10-05T13:44:35.9925740Z   ...
quality	Run repository quality gate	2026-10-05T13:44:35.9926126Z # Subtest: source storage refuses unsupported filesystem capabilities before publishing directories
quality	Run repository quality gate	2026-10-05T13:44:35.9926768Z ok 26 - source storage refuses unsupported filesystem capabilities before publishing directories
quality	Run repository quality gate	2026-10-05T13:44:35.9927216Z   ---
quality	Run repository quality gate	2026-10-05T13:44:35.9927427Z   duration_ms: 6.339629
quality	Run repository quality gate	2026-10-05T13:44:35.9927648Z   type: 'test'
quality	Run repository quality gate	2026-10-05T13:44:35.9927851Z   ...
quality	Run repository quality gate	2026-10-05T13:44:35.9928262Z # Subtest: real filesystem encrypted source survives a fresh process and contains no plaintext customer data
quality	Run repository quality gate	2026-10-05T13:44:35.9929157Z ok 27 - real filesystem encrypted source survives a fresh process and contains no plaintext customer data
quality	Run repository quality gate	2026-10-05T13:44:35.9929634Z   ---
quality	Run repository quality gate	2026-10-05T13:44:35.9929839Z   duration_ms: 55.198342
quality	Run repository quality gate	2026-10-05T13:44:35.9930075Z   type: 'test'
quality	Run repository quality gate	2026-10-05T13:44:35.9930292Z   ...
quality	Run repository quality gate	2026-10-05T13:44:35.9930592Z # Subtest: same source bytes can be uploaded as distinct import intents
quality	Run repository quality gate	2026-10-05T13:44:35.9931047Z ok 28 - same source bytes can be uploaded as distinct import intents
quality	Run repository quality gate	2026-10-05T13:44:35.9931391Z   ---
quality	Run repository quality gate	2026-10-05T13:44:35.9931589Z   duration_ms: 7.208669
quality	Run repository quality gate	2026-10-05T13:44:35.9931824Z   type: 'test'
quality	Run repository quality gate	2026-10-05T13:44:35.9932230Z   ...
quality	Run repository quality gate	2026-10-05T13:44:35.9932505Z # Subtest: tenant, hash and ciphertext tampering fail closed
quality	Run repository quality gate	2026-10-05T13:44:35.9932895Z ok 29 - tenant, hash and ciphertext tampering fail closed
quality	Run repository quality gate	2026-10-05T13:44:35.9933213Z   ---
quality	Run repository quality gate	2026-10-05T13:44:35.9933408Z   duration_ms: 8.55926
quality	Run repository quality gate	2026-10-05T13:44:35.9933634Z   type: 'test'
quality	Run repository quality gate	2026-10-05T13:44:35.9933845Z   ...
quality	Run repository quality gate	2026-10-05T13:44:35.9934132Z # Subtest: old source keys remain readable across active-key rotation
quality	Run repository quality gate	2026-10-05T13:44:35.9934575Z ok 30 - old source keys remain readable across active-key rotation
quality	Run repository quality gate	2026-10-05T13:44:35.9934912Z   ---
quality	Run repository quality gate	2026-10-05T13:44:35.9935113Z   duration_ms: 9.855897
quality	Run repository quality gate	2026-10-05T13:44:35.9935349Z   type: 'test'
quality	Run repository quality gate	2026-10-05T13:44:35.9935553Z   ...
quality	Run repository quality gate	2026-10-05T13:44:35.9935885Z # Subtest: opaque identifiers, file limits and symlinks cannot access arbitrary paths
quality	Run repository quality gate	2026-10-05T13:44:35.9936534Z ok 31 - opaque identifiers, file limits and symlinks cannot access arbitrary paths
quality	Run repository quality gate	2026-10-05T13:44:35.9936916Z   ---
quality	Run repository quality gate	2026-10-05T13:44:35.9937118Z   duration_ms: 5.489722
quality	Run repository quality gate	2026-10-05T13:44:35.9937344Z   type: 'test'
quality	Run repository quality gate	2026-10-05T13:44:35.9937564Z   ...
quality	Run repository quality gate	2026-10-05T13:44:35.9937900Z # Subtest: concurrent ID collision publishes exactly one source without overwriting
quality	Run repository quality gate	2026-10-05T13:44:35.9938445Z ok 32 - concurrent ID collision publishes exactly one source without overwriting
quality	Run repository quality gate	2026-10-05T13:44:35.9939074Z   ---
quality	Run repository quality gate	2026-10-05T13:44:35.9939277Z   duration_ms: 9.409291
quality	Run repository quality gate	2026-10-05T13:44:35.9939520Z   type: 'test'
quality	Run repository quality gate	2026-10-05T13:44:35.9939723Z   ...
quality	Run repository quality gate	2026-10-05T13:44:35.9940088Z # Subtest: preparation plans from reloaded persisted bytes, preserving physical source rows
quality	Run repository quality gate	2026-10-05T13:44:35.9940691Z ok 33 - preparation plans from reloaded persisted bytes, preserving physical source rows
quality	Run repository quality gate	2026-10-05T13:44:35.9941103Z   ---
quality	Run repository quality gate	2026-10-05T13:44:35.9941311Z   duration_ms: 10.376191
quality	Run repository quality gate	2026-10-05T13:44:35.9941551Z   type: 'test'
quality	Run repository quality gate	2026-10-05T13:44:35.9941756Z   ...
quality	Run repository quality gate	2026-10-05T13:44:35.9942096Z # Subtest: unsupported XLSX and invalid UTF-8 are rejected before storage side effects
quality	Run repository quality gate	2026-10-05T13:44:35.9942628Z ok 34 - unsupported XLSX and invalid UTF-8 are rejected before storage side effects
quality	Run repository quality gate	2026-10-05T13:44:35.9943034Z   ---
quality	Run repository quality gate	2026-10-05T13:44:35.9943227Z   duration_ms: 2.327408
quality	Run repository quality gate	2026-10-05T13:44:35.9943462Z   type: 'test'
quality	Run repository quality gate	2026-10-05T13:44:35.9943663Z   ...
quality	Run repository quality gate	2026-10-05T13:44:35.9943964Z # Subtest: a private root inside an attacker-writable ancestor is rejected
quality	Run repository quality gate	2026-10-05T13:44:35.9944437Z ok 35 - a private root inside an attacker-writable ancestor is rejected
quality	Run repository quality gate	2026-10-05T13:44:35.9944785Z   ---
quality	Run repository quality gate	2026-10-05T13:44:35.9944985Z   duration_ms: 1.599786
quality	Run repository quality gate	2026-10-05T13:44:35.9945210Z   type: 'test'
quality	Run repository quality gate	2026-10-05T13:44:35.9945412Z   ...
quality	Run repository quality gate	2026-10-05T13:44:35.9945733Z # Subtest: directory permissions are rechecked when an existing store is used
quality	Run repository quality gate	2026-10-05T13:44:35.9946229Z ok 36 - directory permissions are rechecked when an existing store is used
quality	Run repository quality gate	2026-10-05T13:44:35.9946601Z   ---
quality	Run repository quality gate	2026-10-05T13:44:35.9946794Z   duration_ms: 5.480047
quality	Run repository quality gate	2026-10-05T13:44:35.9947019Z   type: 'test'
quality	Run repository quality gate	2026-10-05T13:44:35.9947230Z   ...
quality	Run repository quality gate	2026-10-05T13:44:35.9947582Z # Subtest: inventory is tenant-local, bounded and ignores symlinks and unfinished uploads
quality	Run repository quality gate	2026-10-05T13:44:35.9948143Z ok 37 - inventory is tenant-local, bounded and ignores symlinks and unfinished uploads
quality	Run repository quality gate	2026-10-05T13:44:35.9948551Z   ---
quality	Run repository quality gate	2026-10-05T13:44:35.9956898Z   duration_ms: 8.218475
quality	Run repository quality gate	2026-10-05T13:44:35.9957206Z   type: 'test'
quality	Run repository quality gate	2026-10-05T13:44:35.9957460Z   ...
quality	Run repository quality gate	2026-10-05T13:44:35.9957904Z # Subtest: simultaneous physical purges are idempotent and always require an exact digest
quality	Run repository quality gate	2026-10-05T13:44:35.9958620Z ok 38 - simultaneous physical purges are idempotent and always require an exact digest
quality	Run repository quality gate	2026-10-05T13:44:35.9959346Z   ---
quality	Run repository quality gate	2026-10-05T13:44:35.9959562Z   duration_ms: 11.292984
quality	Run repository quality gate	2026-10-05T13:44:35.9959833Z   type: 'test'
quality	Run repository quality gate	2026-10-05T13:44:35.9960049Z   ...
quality	Run repository quality gate	2026-10-05T13:44:35.9960363Z # Subtest: inventory never enters a symlinked tenant directory
quality	Run repository quality gate	2026-10-05T13:44:35.9960937Z ok 39 - inventory never enters a symlinked tenant directory
quality	Run repository quality gate	2026-10-05T13:44:35.9961436Z   ---
quality	Run repository quality gate	2026-10-05T13:44:35.9961915Z   duration_ms: 4.617462
quality	Run repository quality gate	2026-10-05T13:44:35.9962165Z   type: 'test'
quality	Run repository quality gate	2026-10-05T13:44:35.9962378Z   ...
quality	Run repository quality gate	2026-10-05T13:44:35.9962784Z # Subtest: a FIFO substituted for source ciphertext is rejected instead of blocking the file reader
quality	Run repository quality gate	2026-10-05T13:44:35.9963420Z ok 40 - a FIFO substituted for source ciphertext is rejected instead of blocking the file reader
quality	Run repository quality gate	2026-10-05T13:44:35.9963850Z   ---
quality	Run repository quality gate	2026-10-05T13:44:35.9964046Z   duration_ms: 6.883055
quality	Run repository quality gate	2026-10-05T13:44:35.9964270Z   type: 'test'
quality	Run repository quality gate	2026-10-05T13:44:35.9964485Z   ...
quality	Run repository quality gate	2026-10-05T13:44:35.9964670Z 1..40
quality	Run repository quality gate	2026-10-05T13:44:35.9964858Z # tests 40
quality	Run repository quality gate	2026-10-05T13:44:35.9965062Z # suites 0
quality	Run repository quality gate	2026-10-05T13:44:35.9965254Z # pass 40
quality	Run repository quality gate	2026-10-05T13:44:35.9965449Z # fail 0
quality	Run repository quality gate	2026-10-05T13:44:35.9965644Z # cancelled 0
quality	Run repository quality gate	2026-10-05T13:44:35.9965850Z # skipped 0
quality	Run repository quality gate	2026-10-05T13:44:35.9966146Z # todo 0
quality	Run repository quality gate	2026-10-05T13:44:35.9966345Z # duration_ms 330.798633
quality	Run repository quality gate	2026-10-05T13:44:35.9966866Z ##[endgroup]
quality	Run repository quality gate	2026-10-05T13:44:35.9967294Z ##[group]@crm/db:build
quality	Run repository quality gate	2026-10-05T13:44:35.9967563Z cache hit, replaying logs f32aef66dd795f14
quality	Run repository quality gate	2026-10-05T13:44:35.9967859Z $ prisma generate
quality	Run repository quality gate	2026-10-05T13:44:35.9968122Z Loaded Prisma config from prisma.config.ts.
quality	Run repository quality gate	2026-10-05T13:44:35.9968349Z
quality	Run repository quality gate	2026-10-05T13:44:35.9968508Z Prisma schema loaded from prisma/schema.prisma.
quality	Run repository quality gate	2026-10-05T13:44:35.9968955Z
quality	Run repository quality gate	2026-10-05T13:44:35.9969440Z ✔ Generated Prisma Client (7.9.1) to ./src/generated/prisma in 699ms
quality	Run repository quality gate	2026-10-05T13:44:35.9969721Z
quality	Run repository quality gate	2026-10-05T13:44:35.9970058Z ##[endgroup]
quality	Run repository quality gate	2026-10-05T13:44:36.1639936Z ##[group]@crm/pipeline-runtime:test
quality	Run repository quality gate	2026-10-05T13:44:36.1640872Z cache miss, executing 29d2de00c60c1c50
quality	Run repository quality gate	2026-10-05T13:44:36.1641745Z $ node --test ./test/*.test.mjs
quality	Run repository quality gate	2026-10-05T13:44:36.1642338Z TAP version 13
quality	Run repository quality gate	2026-10-05T13:44:36.1642793Z # Subtest: maps Prisma pipeline rows into the domain shape
quality	Run repository quality gate	2026-10-05T13:44:36.1643425Z ok 1 - maps Prisma pipeline rows into the domain shape
quality	Run repository quality gate	2026-10-05T13:44:36.1643943Z   ---
quality	Run repository quality gate	2026-10-05T13:44:36.1644176Z   duration_ms: 2.470898
quality	Run repository quality gate	2026-10-05T13:44:36.1644417Z   type: 'test'
quality	Run repository quality gate	2026-10-05T13:44:36.1644655Z   ...
quality	Run repository quality gate	2026-10-05T13:44:36.1644963Z # Subtest: scopes every pipeline read by workspace and bounds the list
quality	Run repository quality gate	2026-10-05T13:44:36.1645541Z ok 2 - scopes every pipeline read by workspace and bounds the list
quality	Run repository quality gate	2026-10-05T13:44:36.1646061Z   ---
quality	Run repository quality gate	2026-10-05T13:44:36.1646319Z   duration_ms: 1.058611
quality	Run repository quality gate	2026-10-05T13:44:36.1646629Z   type: 'test'
quality	Run repository quality gate	2026-10-05T13:44:36.1646887Z   ...
quality	Run repository quality gate	2026-10-05T13:44:36.1647254Z # Subtest: uses serializable interactive transactions
quality	Run repository quality gate	2026-10-05T13:44:36.1647844Z ok 3 - uses serializable interactive transactions
quality	Run repository quality gate	2026-10-05T13:44:36.1648427Z   ---
quality	Run repository quality gate	2026-10-05T13:44:36.1648906Z   duration_ms: 0.386724
quality	Run repository quality gate	2026-10-05T13:44:36.1649280Z   type: 'test'
quality	Run repository quality gate	2026-10-05T13:44:36.1649583Z   ...
quality	Run repository quality gate	2026-10-05T13:44:36.1650044Z # Subtest: retries only bounded Prisma serialization conflicts
quality	Run repository quality gate	2026-10-05T13:44:36.1650746Z ok 4 - retries only bounded Prisma serialization conflicts
quality	Run repository quality gate	2026-10-05T13:44:36.1651303Z   ---
quality	Run repository quality gate	2026-10-05T13:44:36.1651617Z   duration_ms: 0.467153
quality	Run repository quality gate	2026-10-05T13:44:36.1651989Z   type: 'test'
quality	Run repository quality gate	2026-10-05T13:44:36.1652314Z   ...
quality	Run repository quality gate	2026-10-05T13:44:36.1652687Z # Subtest: does not retry permanent Prisma errors
quality	Run repository quality gate	2026-10-05T13:44:36.1653256Z ok 5 - does not retry permanent Prisma errors
quality	Run repository quality gate	2026-10-05T13:44:36.1653721Z   ---
quality	Run repository quality gate	2026-10-05T13:44:36.1654040Z   duration_ms: 0.39535
quality	Run repository quality gate	2026-10-05T13:44:36.1654424Z   type: 'test'
quality	Run repository quality gate	2026-10-05T13:44:36.1654738Z   ...
quality	Run repository quality gate	2026-10-05T13:44:36.1655220Z # Subtest: maps exhausted serialization retries to a stable runtime error
quality	Run repository quality gate	2026-10-05T13:44:36.1655974Z ok 6 - maps exhausted serialization retries to a stable runtime error
quality	Run repository quality gate	2026-10-05T13:44:36.1656538Z   ---
quality	Run repository quality gate	2026-10-05T13:44:36.1656847Z   duration_ms: 0.560903
quality	Run repository quality gate	2026-10-05T13:44:36.1657185Z   type: 'test'
quality	Run repository quality gate	2026-10-05T13:44:36.1657504Z   ...
quality	Run repository quality gate	2026-10-05T13:44:36.1657972Z # Subtest: rejects an invalid retry jitter source before sleeping
quality	Run repository quality gate	2026-10-05T13:44:36.1658644Z ok 7 - rejects an invalid retry jitter source before sleeping
quality	Run repository quality gate	2026-10-05T13:44:36.1659306Z   ---
quality	Run repository quality gate	2026-10-05T13:44:36.1659649Z   duration_ms: 0.327587
quality	Run repository quality gate	2026-10-05T13:44:36.1660347Z   type: 'test'
quality	Run repository quality gate	2026-10-05T13:44:36.1660640Z   ...
quality	Run repository quality gate	2026-10-05T13:44:36.1661183Z # Subtest: persists command receipts and audit events using workspace-owned fields
quality	Run repository quality gate	2026-10-05T13:44:36.1662068Z ok 8 - persists command receipts and audit events using workspace-owned fields
quality	Run repository quality gate	2026-10-05T13:44:36.1662681Z   ---
quality	Run repository quality gate	2026-10-05T13:44:36.1662995Z   duration_ms: 0.361194
quality	Run repository quality gate	2026-10-05T13:44:36.1663379Z   type: 'test'
quality	Run repository quality gate	2026-10-05T13:44:36.1663721Z   ...
quality	Run repository quality gate	2026-10-05T13:44:36.1664205Z # Subtest: enforces the maximum number of pipelines inside the transaction
quality	Run repository quality gate	2026-10-05T13:44:36.1664960Z ok 9 - enforces the maximum number of pipelines inside the transaction
quality	Run repository quality gate	2026-10-05T13:44:36.1665583Z   ---
quality	Run repository quality gate	2026-10-05T13:44:36.1665921Z   duration_ms: 0.873722
quality	Run repository quality gate	2026-10-05T13:44:36.1666295Z   type: 'test'
quality	Run repository quality gate	2026-10-05T13:44:36.1666845Z   ...
quality	Run repository quality gate	2026-10-05T13:44:36.1667319Z # Subtest: atomically hands off the default during pipeline creation
quality	Run repository quality gate	2026-10-05T13:44:36.1668047Z ok 10 - atomically hands off the default during pipeline creation
quality	Run repository quality gate	2026-10-05T13:44:36.1668627Z   ---
quality	Run repository quality gate	2026-10-05T13:44:36.1669196Z   duration_ms: 0.816363
quality	Run repository quality gate	2026-10-05T13:44:36.1669561Z   type: 'test'
quality	Run repository quality gate	2026-10-05T13:44:36.1669844Z   ...
quality	Run repository quality gate	2026-10-05T13:44:36.1670162Z # Subtest: maps a duplicate slug to a stable domain error
quality	Run repository quality gate	2026-10-05T13:44:36.1670555Z ok 11 - maps a duplicate slug to a stable domain error
quality	Run repository quality gate	2026-10-05T13:44:36.1670878Z   ---
quality	Run repository quality gate	2026-10-05T13:44:36.1671079Z   duration_ms: 0.401677
quality	Run repository quality gate	2026-10-05T13:44:36.1671314Z   type: 'test'
quality	Run repository quality gate	2026-10-05T13:44:36.1671526Z   ...
quality	Run repository quality gate	2026-10-05T13:44:36.1671902Z # Subtest: neutralizes stage keys and positions before an ordered replacement
quality	Run repository quality gate	2026-10-05T13:44:36.1672559Z ok 12 - neutralizes stage keys and positions before an ordered replacement
quality	Run repository quality gate	2026-10-05T13:44:36.1672921Z   ---
quality	Run repository quality gate	2026-10-05T13:44:36.1673119Z   duration_ms: 2.436956
quality	Run repository quality gate	2026-10-05T13:44:36.1673371Z   type: 'test'
quality	Run repository quality gate	2026-10-05T13:44:36.1673579Z   ...
quality	Run repository quality gate	2026-10-05T13:44:36.1673872Z # Subtest: blocks removal of a stage that already owns assignments
quality	Run repository quality gate	2026-10-05T13:44:36.1674306Z ok 13 - blocks removal of a stage that already owns assignments
quality	Run repository quality gate	2026-10-05T13:44:36.1674644Z   ---
quality	Run repository quality gate	2026-10-05T13:44:36.1674856Z   duration_ms: 0.469709
quality	Run repository quality gate	2026-10-05T13:44:36.1675088Z   type: 'test'
quality	Run repository quality gate	2026-10-05T13:44:36.1675305Z   ...
quality	Run repository quality gate	2026-10-05T13:44:36.1675600Z # Subtest: maps a foreign-key race during stage deletion to STAGE_IN_USE
quality	Run repository quality gate	2026-10-05T13:44:36.1676051Z ok 14 - maps a foreign-key race during stage deletion to STAGE_IN_USE
quality	Run repository quality gate	2026-10-05T13:44:36.1676411Z   ---
quality	Run repository quality gate	2026-10-05T13:44:36.1676607Z   duration_ms: 0.528361
quality	Run repository quality gate	2026-10-05T13:44:36.1676840Z   type: 'test'
quality	Run repository quality gate	2026-10-05T13:44:36.1677039Z   ...
quality	Run repository quality gate	2026-10-05T13:44:36.1677328Z # Subtest: sets the default pipeline with an optimistic version predicate
quality	Run repository quality gate	2026-10-05T13:44:36.1677791Z ok 15 - sets the default pipeline with an optimistic version predicate
quality	Run repository quality gate	2026-10-05T13:44:36.1678129Z   ---
quality	Run repository quality gate	2026-10-05T13:44:36.1678336Z   duration_ms: 0.347397
quality	Run repository quality gate	2026-10-05T13:44:36.1678556Z   type: 'test'
quality	Run repository quality gate	2026-10-05T13:44:36.1678900Z   ...
quality	Run repository quality gate	2026-10-05T13:44:36.1679296Z # Subtest: rejects a stale default-pipeline request before changing any defaults
quality	Run repository quality gate	2026-10-05T13:44:36.1679921Z ok 16 - rejects a stale default-pipeline request before changing any defaults
quality	Run repository quality gate	2026-10-05T13:44:36.1680391Z   ---
quality	Run repository quality gate	2026-10-05T13:44:36.1680595Z   duration_ms: 0.18507
quality	Run repository quality gate	2026-10-05T13:44:36.1680817Z   type: 'test'
quality	Run repository quality gate	2026-10-05T13:44:36.1681041Z   ...
quality	Run repository quality gate	2026-10-05T13:44:36.1681334Z # Subtest: creates an idempotent pipeline and writes one audit event
quality	Run repository quality gate	2026-10-05T13:44:36.1681778Z ok 17 - creates an idempotent pipeline and writes one audit event
quality	Run repository quality gate	2026-10-05T13:44:36.1682121Z   ---
quality	Run repository quality gate	2026-10-05T13:44:36.1682331Z   duration_ms: 5.554063
quality	Run repository quality gate	2026-10-05T13:44:36.1682562Z   type: 'test'
quality	Run repository quality gate	2026-10-05T13:44:36.1682771Z   ...
quality	Run repository quality gate	2026-10-05T13:44:36.1683117Z # Subtest: forces the first pipeline to default even when the caller does not request it
quality	Run repository quality gate	2026-10-05T13:44:36.1683661Z ok 18 - forces the first pipeline to default even when the caller does not request it
quality	Run repository quality gate	2026-10-05T13:44:36.1684066Z   ---
quality	Run repository quality gate	2026-10-05T13:44:36.1684264Z   duration_ms: 0.764964
quality	Run repository quality gate	2026-10-05T13:44:36.1684489Z   type: 'test'
quality	Run repository quality gate	2026-10-05T13:44:36.1684934Z   ...
quality	Run repository quality gate	2026-10-05T13:44:36.1685279Z # Subtest: atomically promotes an explicitly default second pipeline during creation
quality	Run repository quality gate	2026-10-05T13:44:36.1685828Z ok 19 - atomically promotes an explicitly default second pipeline during creation
quality	Run repository quality gate	2026-10-05T13:44:36.1686231Z   ---
quality	Run repository quality gate	2026-10-05T13:44:36.1686440Z   duration_ms: 12.716808
quality	Run repository quality gate	2026-10-05T13:44:36.1686700Z   type: 'test'
quality	Run repository quality gate	2026-10-05T13:44:36.1686910Z   ...
quality	Run repository quality gate	2026-10-05T13:44:36.1687205Z # Subtest: keeps an explicitly non-default later pipeline non-default
quality	Run repository quality gate	2026-10-05T13:44:36.1687639Z ok 20 - keeps an explicitly non-default later pipeline non-default
quality	Run repository quality gate	2026-10-05T13:44:36.1687993Z   ---
quality	Run repository quality gate	2026-10-05T13:44:36.1688186Z   duration_ms: 1.769067
quality	Run repository quality gate	2026-10-05T13:44:36.1688413Z   type: 'test'
quality	Run repository quality gate	2026-10-05T13:44:36.1688626Z   ...
quality	Run repository quality gate	2026-10-05T13:44:36.1689240Z # Subtest: replays a concurrently committed command after a deterministic mutation race
quality	Run repository quality gate	2026-10-05T13:44:36.1689816Z ok 21 - replays a concurrently committed command after a deterministic mutation race
quality	Run repository quality gate	2026-10-05T13:44:36.1690218Z   ---
quality	Run repository quality gate	2026-10-05T13:44:36.1690420Z   duration_ms: 1.511842
quality	Run repository quality gate	2026-10-05T13:44:36.1690666Z   type: 'test'
quality	Run repository quality gate	2026-10-05T13:44:36.1690876Z   ...
quality	Run repository quality gate	2026-10-05T13:44:36.1691208Z # Subtest: canonical payload hashing never invokes object or array accessors
quality	Run repository quality gate	2026-10-05T13:44:36.1691687Z ok 22 - canonical payload hashing never invokes object or array accessors
quality	Run repository quality gate	2026-10-05T13:44:36.1692039Z   ---
quality	Run repository quality gate	2026-10-05T13:44:36.1692239Z   duration_ms: 0.876114
quality	Run repository quality gate	2026-10-05T13:44:36.1692461Z   type: 'test'
quality	Run repository quality gate	2026-10-05T13:44:36.1692671Z   ...
quality	Run repository quality gate	2026-10-05T13:44:36.1693131Z # Subtest: canonical payload hashing rejects cycles, sparse arrays and custom serialization
quality	Run repository quality gate	2026-10-05T13:44:36.1693894Z ok 23 - canonical payload hashing rejects cycles, sparse arrays and custom serialization
quality	Run repository quality gate	2026-10-05T13:44:36.1694515Z   ---
quality	Run repository quality gate	2026-10-05T13:44:36.1694883Z   duration_ms: 0.581477
quality	Run repository quality gate	2026-10-05T13:44:36.1695294Z   type: 'test'
quality	Run repository quality gate	2026-10-05T13:44:36.1695575Z   ...
quality	Run repository quality gate	2026-10-05T13:44:36.1696009Z # Subtest: replays a command by its stable API payload before service-side reads
quality	Run repository quality gate	2026-10-05T13:44:36.1696801Z ok 24 - replays a command by its stable API payload before service-side reads
quality	Run repository quality gate	2026-10-05T13:44:36.1697429Z   ---
quality	Run repository quality gate	2026-10-05T13:44:36.1697735Z   duration_ms: 1.612167
quality	Run repository quality gate	2026-10-05T13:44:36.1698106Z   type: 'test'
quality	Run repository quality gate	2026-10-05T13:44:36.1698423Z   ...
quality	Run repository quality gate	2026-10-05T13:44:36.1699170Z # Subtest: rejects an idempotency key reused with another payload
quality	Run repository quality gate	2026-10-05T13:44:36.1699846Z ok 25 - rejects an idempotency key reused with another payload
quality	Run repository quality gate	2026-10-05T13:44:36.1700370Z   ---
quality	Run repository quality gate	2026-10-05T13:44:36.1700675Z   duration_ms: 1.882557
quality	Run repository quality gate	2026-10-05T13:44:36.1701022Z   type: 'test'
quality	Run repository quality gate	2026-10-05T13:44:36.1701347Z   ...
quality	Run repository quality gate	2026-10-05T13:44:36.1701777Z # Subtest: rejects tenant ownership supplied for another tenant
quality	Run repository quality gate	2026-10-05T13:44:36.1702445Z ok 26 - rejects tenant ownership supplied for another tenant
quality	Run repository quality gate	2026-10-05T13:44:36.1702964Z   ---
quality	Run repository quality gate	2026-10-05T13:44:36.1703277Z   duration_ms: 0.577609
quality	Run repository quality gate	2026-10-05T13:44:36.1703630Z   type: 'test'
quality	Run repository quality gate	2026-10-05T13:44:36.1703946Z   ...
quality	Run repository quality gate	2026-10-05T13:44:36.1704487Z # Subtest: normalizes pipeline-domain validation failures at the runtime boundary
quality	Run repository quality gate	2026-10-05T13:44:36.1705351Z ok 27 - normalizes pipeline-domain validation failures at the runtime boundary
quality	Run repository quality gate	2026-10-05T13:44:36.1705961Z   ---
quality	Run repository quality gate	2026-10-05T13:44:36.1706278Z   duration_ms: 0.458323
quality	Run repository quality gate	2026-10-05T13:44:36.1706636Z   type: 'test'
quality	Run repository quality gate	2026-10-05T13:44:36.1706956Z   ...
quality	Run repository quality gate	2026-10-05T13:44:36.1707377Z # Subtest: enforces action permission at the operation boundary
quality	Run repository quality gate	2026-10-05T13:44:36.1708041Z ok 28 - enforces action permission at the operation boundary
quality	Run repository quality gate	2026-10-05T13:44:36.1708552Z   ---
quality	Run repository quality gate	2026-10-05T13:44:36.1709356Z   duration_ms: 0.254547
quality	Run repository quality gate	2026-10-05T13:44:36.1709755Z   type: 'test'
quality	Run repository quality gate	2026-10-05T13:44:36.1710084Z   ...
quality	Run repository quality gate	2026-10-05T13:44:36.1710538Z # Subtest: transitions a seeded deal with optimistic concurrency
quality	Run repository quality gate	2026-10-05T13:44:36.1711227Z ok 29 - transitions a seeded deal with optimistic concurrency
quality	Run repository quality gate	2026-10-05T13:44:36.1711869Z   ---
quality	Run repository quality gate	2026-10-05T13:44:36.1712332Z   duration_ms: 1.937209
quality	Run repository quality gate	2026-10-05T13:44:36.1712897Z   type: 'test'
quality	Run repository quality gate	2026-10-05T13:44:36.1713909Z   ...
quality	Run repository quality gate	2026-10-05T13:44:36.1714662Z # Subtest: serializes two concurrent transitions so only one stale version wins
quality	Run repository quality gate	2026-10-05T13:44:36.1715720Z ok 30 - serializes two concurrent transitions so only one stale version wins
quality	Run repository quality gate	2026-10-05T13:44:36.1716565Z   ---
quality	Run repository quality gate	2026-10-05T13:44:36.1716912Z   duration_ms: 1.931463
quality	Run repository quality gate	2026-10-05T13:44:36.1717311Z   type: 'test'
quality	Run repository quality gate	2026-10-05T13:44:36.1717663Z   ...
quality	Run repository quality gate	2026-10-05T13:44:36.1718166Z # Subtest: prevents deleting a stage that still owns a deal assignment
quality	Run repository quality gate	2026-10-05T13:44:36.1719086Z ok 31 - prevents deleting a stage that still owns a deal assignment
quality	Run repository quality gate	2026-10-05T13:44:36.1719690Z   ---
quality	Run repository quality gate	2026-10-05T13:44:36.1720058Z   duration_ms: 1.215922
quality	Run repository quality gate	2026-10-05T13:44:36.1720454Z   type: 'test'
quality	Run repository quality gate	2026-10-05T13:44:36.1720807Z   ...
quality	Run repository quality gate	2026-10-05T13:44:36.1721596Z # Subtest: atomically switches the default pipeline with optimistic concurrency
quality	Run repository quality gate	2026-10-05T13:44:36.1722472Z ok 32 - atomically switches the default pipeline with optimistic concurrency
quality	Run repository quality gate	2026-10-05T13:44:36.1723141Z   ---
quality	Run repository quality gate	2026-10-05T13:44:36.1723482Z   duration_ms: 1.383368
quality	Run repository quality gate	2026-10-05T13:44:36.1723875Z   type: 'test'
quality	Run repository quality gate	2026-10-05T13:44:36.1724243Z   ...
quality	Run repository quality gate	2026-10-05T13:44:36.1724736Z # Subtest: restore requires its own permission rather than archive permission
quality	Run repository quality gate	2026-10-05T13:44:36.1725645Z ok 33 - restore requires its own permission rather than archive permission
quality	Run repository quality gate	2026-10-05T13:44:36.1726281Z   ---
quality	Run repository quality gate	2026-10-05T13:44:36.1726628Z   duration_ms: 1.447284
quality	Run repository quality gate	2026-10-05T13:44:36.1727025Z   type: 'test'
quality	Run repository quality gate	2026-10-05T13:44:36.1727381Z   ...
quality	Run repository quality gate	2026-10-05T13:44:36.1727951Z # Subtest: in-memory keys do not collide when tenant and entity IDs contain colons
quality	Run repository quality gate	2026-10-05T13:44:36.1729074Z ok 34 - in-memory keys do not collide when tenant and entity IDs contain colons
quality	Run repository quality gate	2026-10-05T13:44:36.1729796Z   ---
quality	Run repository quality gate	2026-10-05T13:44:36.1730173Z   duration_ms: 0.341283
quality	Run repository quality gate	2026-10-05T13:44:36.1730593Z   type: 'test'
quality	Run repository quality gate	2026-10-05T13:44:36.1730974Z   ...
quality	Run repository quality gate	2026-10-05T13:44:36.1731371Z # Subtest: enforces the bounded pipeline count
quality	Run repository quality gate	2026-10-05T13:44:36.1731953Z ok 35 - enforces the bounded pipeline count
quality	Run repository quality gate	2026-10-05T13:44:36.1732461Z   ---
quality	Run repository quality gate	2026-10-05T13:44:36.1732809Z   duration_ms: 12.165614
quality	Run repository quality gate	2026-10-05T13:44:36.1733240Z   type: 'test'
quality	Run repository quality gate	2026-10-05T13:44:36.1733604Z   ...
quality	Run repository quality gate	2026-10-05T13:44:36.1733944Z 1..35
quality	Run repository quality gate	2026-10-05T13:44:36.1734277Z # tests 35
quality	Run repository quality gate	2026-10-05T13:44:36.1734626Z # suites 0
quality	Run repository quality gate	2026-10-05T13:44:36.1735002Z # pass 35
quality	Run repository quality gate	2026-10-05T13:44:36.1735357Z # fail 0
quality	Run repository quality gate	2026-10-05T13:44:36.1735716Z # cancelled 0
quality	Run repository quality gate	2026-10-05T13:44:36.1736122Z # skipped 0
quality	Run repository quality gate	2026-10-05T13:44:36.1736472Z # todo 0
quality	Run repository quality gate	2026-10-05T13:44:36.1736852Z # duration_ms 138.325921
quality	Run repository quality gate	2026-10-05T13:44:36.1737744Z ##[endgroup]
quality	Run repository quality gate	2026-10-05T13:44:36.1952589Z ##[group]@crm/env:test
quality	Run repository quality gate	2026-10-05T13:44:36.1953188Z cache miss, executing f4d9a35e9283fc63
quality	Run repository quality gate	2026-10-05T13:44:36.1953774Z $ NODE_ENV=test bun test
quality	Run repository quality gate	2026-10-05T13:44:36.1954282Z bun test v1.3.12 (700fc117)
quality	Run repository quality gate	2026-10-05T13:44:36.1954596Z
quality	Run repository quality gate	2026-10-05T13:44:36.1955078Z ##[group]test/parse.spec.ts:
quality	Run repository quality gate	2026-10-05T13:44:36.1955661Z (pass) parseEnv > reads plain and quoted values
quality	Run repository quality gate	2026-10-05T13:44:36.1956343Z (pass) parseEnv > ignores comments and blank lines
quality	Run repository quality gate	2026-10-05T13:44:36.1956965Z (pass) parseEnv > keeps a # that is part of the value
quality	Run repository quality gate	2026-10-05T13:44:36.1957925Z (pass) parseEnv > does not treat a hash inside quotes as a comment
quality	Run repository quality gate	2026-10-05T13:44:36.1958671Z (pass) parseEnv > keeps base64 padding, which openssl rand emits
quality	Run repository quality gate	2026-10-05T13:44:36.1959592Z (pass) parseEnv > accepts an export prefix and surrounding whitespace
quality	Run repository quality gate	2026-10-05T13:44:36.1960383Z (pass) parseEnv > reads an empty value as empty rather than skipping it
quality	Run repository quality gate	2026-10-05T13:44:36.1961112Z (pass) parseEnv > skips lines that are not assignments
quality	Run repository quality gate	2026-10-05T13:44:36.1961847Z (pass) parseEnv > lets a later line win, which is how a file is edited [1.00ms]
quality	Run repository quality gate	2026-10-05T13:44:36.1962682Z (pass) parseEnv > survives CRLF, which is what a Windows editor writes
quality	Run repository quality gate	2026-10-05T13:44:36.1963172Z
quality	Run repository quality gate	2026-10-05T13:44:36.1963671Z ##[endgroup]
quality	Run repository quality gate	2026-10-05T13:44:36.1963909Z
quality	Run repository quality gate	2026-10-05T13:44:36.1964296Z ##[group]test/root.spec.ts:
quality	Run repository quality gate	2026-10-05T13:44:36.1964856Z (pass) finding the workspace root > finds it from the repo root itself
quality	Run repository quality gate	2026-10-05T13:44:36.1966052Z (pass) finding the workspace root > finds it from a package that has its own turbo.json [1.00ms]
quality	Run repository quality gate	2026-10-05T13:44:36.1966972Z (pass) finding the workspace root > finds it from a nested source directory
quality	Run repository quality gate	2026-10-05T13:44:36.1967911Z (pass) finding the workspace root > returns null above the repo rather than walking to /
quality	Run repository quality gate	2026-10-05T13:44:36.1968872Z (pass) finding the workspace root > only matches a manifest that declares workspaces
quality	Run repository quality gate	2026-10-05T13:44:36.1969746Z (pass) the committed .env.example > names every variable the required section promises
quality	Run repository quality gate	2026-10-05T13:44:36.1970475Z (pass) the committed .env.example > ships no secret of its own
quality	Run repository quality gate	2026-10-05T13:44:36.1970859Z
quality	Run repository quality gate	2026-10-05T13:44:36.1971284Z ##[endgroup]
quality	Run repository quality gate	2026-10-05T13:44:36.1971644Z
quality	Run repository quality gate	2026-10-05T13:44:36.1971778Z  17 pass
quality	Run repository quality gate	2026-10-05T13:44:36.1972061Z  0 fail
quality	Run repository quality gate	2026-10-05T13:44:36.1972388Z  51 expect() calls
quality	Run repository quality gate	2026-10-05T13:44:36.1972735Z Ran 17 tests across 2 files. [25.00ms]
quality	Run repository quality gate	2026-10-05T13:44:36.1973472Z ##[endgroup]
quality	Run repository quality gate	2026-10-05T13:44:36.3438353Z ##[group]@crm/db:test
quality	Run repository quality gate	2026-10-05T13:44:36.3439085Z cache miss, executing 23b6ec85e637cb15
quality	Run repository quality gate	2026-10-05T13:44:36.3439582Z $ NODE_ENV=test bun test
quality	Run repository quality gate	2026-10-05T13:44:36.3439995Z bun test v1.3.12 (700fc117)
quality	Run repository quality gate	2026-10-05T13:44:36.3440263Z
quality	Run repository quality gate	2026-10-05T13:44:36.3440720Z ##[group]test/images.spec.ts:
quality	Run repository quality gate	2026-10-05T13:44:36.3441192Z (pass) isMirrored > recognises our own store, so a re-run does not re-upload
quality	Run repository quality gate	2026-10-05T13:44:36.3441648Z (pass) isMirrored > does not recognise somebody else's CDN
quality	Run repository quality gate	2026-10-05T13:44:36.3442043Z (pass) isMirrored > is not fooled by a lookalike host
quality	Run repository quality gate	2026-10-05T13:44:36.3442693Z (pass) isMirrored > treats nothing and nonsense as not ours
quality	Run repository quality gate	2026-10-05T13:44:36.3443097Z (pass) isOptimizable > passes a raster we minted
quality	Run repository quality gate	2026-10-05T13:44:36.3443639Z (pass) isOptimizable > refuses an SVG even though it is ours
quality	Run repository quality gate	2026-10-05T13:44:36.3444100Z (pass) isOptimizable > refuses an ico, which the optimizer cannot serve
quality	Run repository quality gate	2026-10-05T13:44:36.3444633Z (pass) isOptimizable > refuses anything we did not mint, whatever its extension [1.00ms]
quality	Run repository quality gate	2026-10-05T13:44:36.3445137Z (pass) isOptimizable > refuses a URL with no extension to read
quality	Run repository quality gate	2026-10-05T13:44:36.3445587Z (pass) COMPANY_IMAGE_FIELDS > names every artwork column and nothing else
quality	Run repository quality gate	2026-10-05T13:44:36.3445874Z
quality	Run repository quality gate	2026-10-05T13:44:36.3446157Z ##[endgroup]
quality	Run repository quality gate	2026-10-05T13:44:36.3446291Z
quality	Run repository quality gate	2026-10-05T13:44:36.3446572Z ##[group]test/workspace-slug.spec.ts:
quality	Run repository quality gate	2026-10-05T13:44:36.3446960Z (pass) workspaceSlug > is the company name a rep can read in the address bar
quality	Run repository quality gate	2026-10-05T13:44:36.3447497Z (pass) workspaceSlug > keeps the punctuation out of the URL rather than escaping it [1.00ms]
quality	Run repository quality gate	2026-10-05T13:44:36.3448047Z (pass) workspaceSlug > never collides with a route the app already serves
quality	Run repository quality gate	2026-10-05T13:44:36.3448529Z (pass) workspaceSlug > falls back rather than producing an empty segment
quality	Run repository quality gate	2026-10-05T13:44:36.3449418Z (pass) workspaceSlug > is bounded, and never ends on the dash the cut left behind
quality	Run repository quality gate	2026-10-05T13:44:36.3449910Z (pass) workspaceSlug > gives one name one answer, whoever asks
quality	Run repository quality gate	2026-10-05T13:44:36.3450175Z
quality	Run repository quality gate	2026-10-05T13:44:36.3450440Z ##[endgroup]
quality	Run repository quality gate	2026-10-05T13:44:36.3450585Z
quality	Run repository quality gate	2026-10-05T13:44:36.3450875Z ##[group]test/workspace-onboarded.spec.ts:
quality	Run repository quality gate	2026-10-05T13:44:36.3451289Z (pass) isOnboarded > is false for a workspace nobody has answered for
quality	Run repository quality gate	2026-10-05T13:44:36.3451734Z (pass) isOnboarded > is true once the timestamp is in the metadata
quality	Run repository quality gate	2026-10-05T13:44:36.3452191Z (pass) isOnboarded > does not throw on metadata written by something else
quality	Run repository quality gate	2026-10-05T13:44:36.3452637Z (pass) markOnboarded > records the moment the form was answered
quality	Run repository quality gate	2026-10-05T13:44:36.3453123Z (pass) markOnboarded > keeps the first answer, so saving settings again does not move it
quality	Run repository quality gate	2026-10-05T13:44:36.3453603Z (pass) markOnboarded > leaves metadata the plugin owns alone
quality	Run repository quality gate	2026-10-05T13:44:36.3453859Z
quality	Run repository quality gate	2026-10-05T13:44:36.3454103Z ##[endgroup]
quality	Run repository quality gate	2026-10-05T13:44:36.3454230Z
quality	Run repository quality gate	2026-10-05T13:44:36.3454482Z ##[group]test/attribution.spec.ts:
quality	Run repository quality gate	2026-10-05T13:44:36.3455222Z (pass) a touch with utm parameters > takes the campaign the marketer named, verbatim
quality	Run repository quality gate	2026-10-05T13:44:36.3455775Z (pass) a touch with utm parameters > beats the referrer, because the marketer was explicit
quality	Run repository quality gate	2026-10-05T13:44:36.3456307Z (pass) a touch with utm parameters > folds the paid aliases onto one medium
quality	Run repository quality gate	2026-10-05T13:44:36.3456830Z (pass) a touch with utm parameters > keeps an unknown medium out of the vocabulary [1.00ms]
quality	Run repository quality gate	2026-10-05T13:44:36.3457385Z (pass) a touch with only a referrer > names the search engine and calls it organic
quality	Run repository quality gate	2026-10-05T13:44:36.3457913Z (pass) a touch with only a referrer > names the social network and calls it social [1.00ms]
quality	Run repository quality gate	2026-10-05T13:44:36.3458521Z (pass) a touch with only a referrer > calls a webmail host email, not the search engine it shares a name with
quality	Run repository quality gate	2026-10-05T13:44:36.3461790Z (pass) a touch with only a referrer > never trusts a host that merely contains a provider's name
quality	Run repository quality gate	2026-10-05T13:44:36.3462726Z (pass) a touch with only a referrer > never trusts a provider's name used as somebody else's subdomain [2.00ms]
quality	Run repository quality gate	2026-10-05T13:44:36.3463702Z (pass) a touch with only a referrer > still recognises a provider on a subdomain or a country domain [1.00ms]
quality	Run repository quality gate	2026-10-05T13:44:36.3464637Z (pass) a touch with only a referrer > falls back to the bare host for anything else
quality	Run repository quality gate	2026-10-05T13:44:36.3465230Z (pass) a touch with only a referrer > is direct when there is no referrer at all
quality	Run repository quality gate	2026-10-05T13:44:36.3465709Z (pass) a touch with only a referrer > is direct when the referrer is not a URL
quality	Run repository quality gate	2026-10-05T13:44:36.3467276Z (pass) reading a touch back > reads as source, medium and campaign
quality	Run repository quality gate	2026-10-05T13:44:36.3468005Z (pass) reading a touch back > does not repeat itself for direct traffic
quality	Run repository quality gate	2026-10-05T13:44:36.3468650Z (pass) reading a touch back > says so when there is nothing to say
quality	Run repository quality gate	2026-10-05T13:44:36.3469143Z
quality	Run repository quality gate	2026-10-05T13:44:36.3469476Z ##[endgroup]
quality	Run repository quality gate	2026-10-05T13:44:36.3469600Z
quality	Run repository quality gate	2026-10-05T13:44:36.3469887Z ##[group]test/test-database.test.mjs:
quality	Run repository quality gate	2026-10-05T13:44:36.3470248Z (pass) test DB never derives a target from DATABASE_URL [3.00ms]
quality	Run repository quality gate	2026-10-05T13:44:36.3470762Z (pass) explicit disposable loopback target is accepted without leaking configuration
quality	Run repository quality gate	2026-10-05T13:44:36.3471323Z (pass) same DB is rejected despite changed credentials, scheme, port default and query
quality	Run repository quality gate	2026-10-05T13:44:36.3472364Z (pass) remote targets require opt-in and still reject normalized live identity
quality	Run repository quality gate	2026-10-05T13:44:36.3472865Z (pass) unsafe database identifiers and ambiguous paths fail closed
quality	Run repository quality gate	2026-10-05T13:44:36.3473370Z (pass) connection redirection, schema changes and repeated params are rejected [1.00ms]
quality	Run repository quality gate	2026-10-05T13:44:36.3473867Z (pass) invalid URLs do not echo credentials in errors
quality	Run repository quality gate	2026-10-05T13:44:36.3474223Z (pass) reset needs separate explicit consent
quality	Run repository quality gate	2026-10-05T13:44:36.3474741Z (pass) test DB implementation has no implicit live fallback, auto-reset or credential printing [1.00ms]
quality	Run repository quality gate	2026-10-05T13:44:36.3475111Z
quality	Run repository quality gate	2026-10-05T13:44:36.3475375Z ##[endgroup]
quality	Run repository quality gate	2026-10-05T13:44:36.3475504Z
quality	Run repository quality gate	2026-10-05T13:44:36.3475758Z ##[group]test/favicon.spec.ts:
quality	Run repository quality gate	2026-10-05T13:44:36.3477417Z (pass) isBlockedAddress > blocks loopback however it is written [1.00ms]
quality	Run repository quality gate	2026-10-05T13:44:36.3477966Z (pass) isBlockedAddress > blocks cloud metadata and the private ranges
quality	Run repository quality gate	2026-10-05T13:44:36.3478398Z (pass) isBlockedAddress > allows public addresses [1.00ms]
quality	Run repository quality gate	2026-10-05T13:44:36.3479059Z (pass) isBlockedAddress > blocks anything it cannot parse
quality	Run repository quality gate	2026-10-05T13:44:36.3479300Z
quality	Run repository quality gate	2026-10-05T13:44:36.3481774Z ##[endgroup]
quality	Run repository quality gate	2026-10-05T13:44:36.3481924Z
quality	Run repository quality gate	2026-10-05T13:44:36.3482194Z ##[group]test/money-input.test.mjs:
quality	Run repository quality gate	2026-10-05T13:44:36.3482637Z (pass) decimal money input converts exactly without binary floating-point rounding [1.00ms]
quality	Run repository quality gate	2026-10-05T13:44:36.3483278Z (pass) rejects parseFloat-style trailing junk, grouping, exponent, negative and overprecision [1.00ms]
quality	Run repository quality gate	2026-10-05T13:44:36.3483880Z (pass) maximum supported amount round trips exactly and overflow is rejected
quality	Run repository quality gate	2026-10-05T13:44:36.3484432Z (pass) input formatter does not turn absent data into zero or accept corrupt stored cents
quality	Run repository quality gate	2026-10-05T13:44:36.3485066Z
quality	Run repository quality gate	2026-10-05T13:44:36.3485331Z ##[endgroup]
quality	Run repository quality gate	2026-10-05T13:44:36.3485462Z
quality	Run repository quality gate	2026-10-05T13:44:36.3485717Z ##[group]test/tracking.spec.ts:
quality	Run repository quality gate	2026-10-05T13:44:36.3486067Z (pass) a site id > is minted in the shape the loader checks for [1.00ms]
quality	Run repository quality gate	2026-10-05T13:44:36.3486468Z (pass) a site id > rejects anything else
quality	Run repository quality gate	2026-10-05T13:44:36.3486888Z (pass) the snippet a rep copies > is one line, so no paste target can eat the newlines
quality	Run repository quality gate	2026-10-05T13:44:36.3487400Z (pass) the snippet a rep copies > keeps a real space between every attribute
quality	Run repository quality gate	2026-10-05T13:44:36.3487885Z (pass) the snippet a rep copies > survives a paste target that trims every line
quality	Run repository quality gate	2026-10-05T13:44:36.3488414Z (pass) the snippet a rep copies > does not double the slash on a trailing-slash APP_URL
quality	Run repository quality gate	2026-10-05T13:44:36.3489665Z (pass) the snippet a rep pastes into Tag Manager > carries the site id in the URL, where the injector cannot drop it
quality	Run repository quality gate	2026-10-05T13:44:36.3490342Z (pass) the snippet a rep pastes into Tag Manager > carries no data-site, so there is nothing to lose
quality	Run repository quality gate	2026-10-05T13:44:36.3490982Z (pass) finding the tag inside a Tag Manager container > reads the container ids out of a page [1.00ms]
quality	Run repository quality gate	2026-10-05T13:44:36.3491695Z (pass) finding the tag inside a Tag Manager container > takes at most two containers, because each one is half a megabyte
quality	Run repository quality gate	2026-10-05T13:44:36.3492386Z (pass) finding the tag inside a Tag Manager container > finds nothing in a page that has no container
quality	Run repository quality gate	2026-10-05T13:44:36.3493089Z (pass) finding the tag inside a Tag Manager container > builds the container URL from the id alone, so nothing user-typed is fetched
quality	Run repository quality gate	2026-10-05T13:44:36.3494137Z (pass) finding the tag inside a Tag Manager container > reports the URL form as the one that survives injection
quality	Run repository quality gate	2026-10-05T13:44:36.3495080Z (pass) finding the tag inside a Tag Manager container > reports the attribute form, which Tag Manager strips on the way in
quality	Run repository quality gate	2026-10-05T13:44:36.3495885Z (pass) finding the tag inside a Tag Manager container > is absent when the container carries a tag for a site id we rotated away from
quality	Run repository quality gate	2026-10-05T13:44:36.3496631Z (pass) finding the tag inside a Tag Manager container > is absent from a container full of somebody else's tags
quality	Run repository quality gate	2026-10-05T13:44:36.3497295Z (pass) whether there is anything to install yet > is not ready with the limit on and no domains
quality	Run repository quality gate	2026-10-05T13:44:36.3497863Z (pass) whether there is anything to install yet > is ready as soon as one domain exists
quality	Run repository quality gate	2026-10-05T13:44:36.3501956Z (pass) whether there is anything to install yet > is ready with the limit off, because every host is allowed
quality	Run repository quality gate	2026-10-05T13:44:36.3502674Z (pass) a domain > is reduced to its host
quality	Run repository quality gate	2026-10-05T13:44:36.3503032Z (pass) a domain > is refused when it is not one [1.00ms]
quality	Run repository quality gate	2026-10-05T13:44:36.3503495Z (pass) a page path > drops the query and the fragment so one page is one row
quality	Run repository quality gate	2026-10-05T13:44:36.3504020Z (pass) a page path > drops a trailing slash so /pricing and /pricing/ are one page
quality	Run repository quality gate	2026-10-05T13:44:36.3504514Z (pass) a page path > falls back to the root when it is not a path
quality	Run repository quality gate	2026-10-05T13:44:36.3505002Z (pass) the allow-list > covers subdomains only where the scope says so [1.00ms]
quality	Run repository quality gate	2026-10-05T13:44:36.3505524Z (pass) the allow-list > never matches a host that merely ends the same way
quality	Run repository quality gate	2026-10-05T13:44:36.3506004Z (pass) the allow-list > lets everything through when the limit is off
quality	Run repository quality gate	2026-10-05T13:44:36.3506526Z (pass) the domain an event belongs to > is the parent when the scope covers subdomains
quality	Run repository quality gate	2026-10-05T13:44:36.3507123Z (pass) the domain an event belongs to > is the exact row when that is the whole of the scope
quality	Run repository quality gate	2026-10-05T13:44:36.3507810Z (pass) the domain an event belongs to > is nothing for a host nobody configured
quality	Run repository quality gate	2026-10-05T13:44:36.3508523Z (pass) the domain an event belongs to > prefers the host's own row to the parent that also covers it
quality	Run repository quality gate	2026-10-05T13:44:36.3509305Z (pass) a stored referrer > keeps the page but never the query a secret could sit in
quality	Run repository quality gate	2026-10-05T13:44:36.3509968Z (pass) a stored referrer > is nothing when there was nothing but a query
quality	Run repository quality gate	2026-10-05T13:44:36.3510742Z (pass) the origin check > accepts an allowed origin and refuses the rest
quality	Run repository quality gate	2026-10-05T13:44:36.3511255Z (pass) the origin check > refuses a missing or unparseable origin
quality	Run repository quality gate	2026-10-05T13:44:36.3511848Z (pass) the origin check > refuses a missing origin even with the limit off
quality	Run repository quality gate	2026-10-05T13:44:36.3512457Z (pass) the config hash > does not move when only the order of the domains does [1.00ms]
quality	Run repository quality gate	2026-10-05T13:44:36.3513014Z (pass) the config hash > moves when a setting does
quality	Run repository quality gate	2026-10-05T13:44:36.3513467Z (pass) the submission dedupe key > collapses the same form inside one minute
quality	Run repository quality gate	2026-10-05T13:44:36.3514058Z (pass) the submission dedupe key > separates a different address on the same page
quality	Run repository quality gate	2026-10-05T13:44:36.3514489Z
quality	Run repository quality gate	2026-10-05T13:44:36.3514926Z ##[endgroup]
quality	Run repository quality gate	2026-10-05T13:44:36.3515110Z
quality	Run repository quality gate	2026-10-05T13:44:36.3515420Z ##[group]test/currency.spec.ts:
quality	Run repository quality gate	2026-10-05T13:44:36.3515889Z (pass) normalizeCurrency and isCurrencyCode > accepts a code however a rep typed it [1.00ms]
quality	Run repository quality gate	2026-10-05T13:44:36.3516611Z (pass) normalizeCurrency and isCurrencyCode > offers only the eleven currencies most of the world trades in
quality	Run repository quality gate	2026-10-05T13:44:36.3517861Z (pass) normalizeCurrency and isCurrencyCode > refuses a real currency it does not offer, and anything that is not one
quality	Run repository quality gate	2026-10-05T13:44:36.3518702Z (pass) normalizeCurrency and isCurrencyCode > knows the difference between well formed and real
quality	Run repository quality gate	2026-10-05T13:44:36.3519507Z (pass) normalizeCurrency and isCurrencyCode > names the currencies it knows
quality	Run repository quality gate	2026-10-05T13:44:36.3520128Z (pass) minorUnitsOf > knows the currencies that are not two-decimal
quality	Run repository quality gate	2026-10-05T13:44:36.3520745Z (pass) minorUnitsOf > assumes two for anything else, so an amount still round-trips
quality	Run repository quality gate	2026-10-05T13:44:36.3521396Z (pass) resolveRate > answers 1 for the reporting currency itself, without a read [2.00ms]
quality	Run repository quality gate	2026-10-05T13:44:36.3521923Z (pass) resolveRate > prefers a rate entered by hand over a fetched one
quality	Run repository quality gate	2026-10-05T13:44:36.3522531Z (pass) resolveRate > falls back to the fetched rate when nobody has overridden it
quality	Run repository quality gate	2026-10-05T13:44:36.3523103Z (pass) resolveRate > is null when there is nowhere to get a rate
quality	Run repository quality gate	2026-10-05T13:44:36.3523570Z (pass) resolveRate > refuses a nonsense rate rather than converting with it
quality	Run repository quality gate	2026-10-05T13:44:36.3524215Z (pass) resolveRate > is null for a currency that is not a currency
quality	Run repository quality gate	2026-10-05T13:44:36.3524782Z (pass) applyRate > converts into the reporting currency [1.00ms]
quality	Run repository quality gate	2026-10-05T13:44:36.3525338Z (pass) applyRate > rounds to the reporting currency's own decimals, not to two
quality	Run repository quality gate	2026-10-05T13:44:36.3525922Z (pass) applyRate > carries the rate and its date onto the record, so a total is reproducible
quality	Run repository quality gate	2026-10-05T13:44:36.3526423Z
quality	Run repository quality gate	2026-10-05T13:44:36.3526708Z ##[endgroup]
quality	Run repository quality gate	2026-10-05T13:44:36.3526886Z
quality	Run repository quality gate	2026-10-05T13:44:36.3527260Z ##[group]test/fields.spec.ts:
quality	Run repository quality gate	2026-10-05T13:44:36.3527565Z (pass) fieldKeyFromLabel > slugs a label
quality	Run repository quality gate	2026-10-05T13:44:36.3528006Z (pass) fieldKeyFromLabel > never starts with a digit
quality	Run repository quality gate	2026-10-05T13:44:36.3528494Z (pass) fieldKeyFromLabel > steps around keys the record shape already uses
quality	Run repository quality gate	2026-10-05T13:44:36.3529370Z (pass) fieldKeyFromLabel > steps around the sentinel the fields sheet opens the create form with
quality	Run repository quality gate	2026-10-05T13:44:36.3531070Z (pass) columnFor > routes every type to one storage column
quality	Run repository quality gate	2026-10-05T13:44:36.3531549Z (pass) recordColumn > maps an entity to its foreign key
quality	Run repository quality gate	2026-10-05T13:44:36.3531895Z (pass) coerceValue > trims text
quality	Run repository quality gate	2026-10-05T13:44:36.3532298Z (pass) coerceValue > clears an optional field when the value is blank
quality	Run repository quality gate	2026-10-05T13:44:36.3532790Z (pass) coerceValue > refuses to clear a required field [1.00ms]
quality	Run repository quality gate	2026-10-05T13:44:36.3533304Z (pass) coerceValue > takes numbers as numbers or strings
quality	Run repository quality gate	2026-10-05T13:44:36.3533701Z (pass) coerceValue > reads a plain date as UTC midnight
quality	Run repository quality gate	2026-10-05T13:44:36.3534259Z (pass) coerceValue > takes a checkbox as a boolean or its string
quality	Run repository quality gate	2026-10-05T13:44:36.3535078Z (pass) coerceValue > resolves a select by id or by label, and rejects anything else
quality	Run repository quality gate	2026-10-05T13:44:36.3535654Z (pass) readValue > reads each type back out of its column
quality	Run repository quality gate	2026-10-05T13:44:36.3536283Z (pass) readValue > is null when the record has no row
quality	Run repository quality gate	2026-10-05T13:44:36.3536750Z (pass) serializeField > drops archived options and orders the rest
quality	Run repository quality gate	2026-10-05T13:44:36.3537369Z (pass) attachValues > orders by position, hides archived fields and fills in values [1.00ms]
quality	Run repository quality gate	2026-10-05T13:44:36.3537718Z
quality	Run repository quality gate	2026-10-05T13:44:36.3538091Z ##[endgroup]
quality	Run repository quality gate	2026-10-05T13:44:36.3538230Z
quality	Run repository quality gate	2026-10-05T13:44:36.3538321Z  128 pass
quality	Run repository quality gate	2026-10-05T13:44:36.3538555Z  0 fail
quality	Run repository quality gate	2026-10-05T13:44:36.3538973Z  299 expect() calls
quality	Run repository quality gate	2026-10-05T13:44:36.3539273Z Ran 128 tests across 10 files. [139.00ms]
quality	Run repository quality gate	2026-10-05T13:44:36.3539999Z ##[endgroup]
quality	Run repository quality gate	2026-10-05T13:44:49.2699683Z ##[group]@crm/telemetry:test
quality	Run repository quality gate	2026-10-05T13:44:49.2700441Z cache miss, executing f5acb5052e8edc92
quality	Run repository quality gate	2026-10-05T13:44:49.2701044Z $ NODE_ENV=test bun test
quality	Run repository quality gate	2026-10-05T13:44:49.2701361Z bun test v1.3.12 (700fc117)
quality	Run repository quality gate	2026-10-05T13:44:49.2701580Z
quality	Run repository quality gate	2026-10-05T13:44:49.2702516Z ##[group]test/install.integration.spec.ts:
quality	Run repository quality gate	2026-10-05T13:44:49.2703247Z (pass) the install row > is a single row the migration already wrote [128.00ms]
quality	Run repository quality gate	2026-10-05T13:44:49.2704012Z (pass) the install row > hands back the same UUID to two separate processes [429.00ms]
quality	Run repository quality gate	2026-10-05T13:44:49.2704536Z (pass) the install row > keeps the UUID when a boot writes a new version [11.00ms]
quality	Run repository quality gate	2026-10-05T13:44:49.2705025Z (pass) milestones > reports the first arrival and nothing after it [19.00ms]
quality	Run repository quality gate	2026-10-05T13:44:49.2705477Z (pass) counters > adds up and then drains to nothing [18.00ms]
quality	Run repository quality gate	2026-10-05T13:44:49.2705890Z (pass) counters > puts back what a rollup could not send [5.00ms]
quality	Run repository quality gate	2026-10-05T13:44:49.2706316Z
quality	Run repository quality gate	2026-10-05T13:44:49.2706848Z ##[endgroup]
quality	Run repository quality gate	2026-10-05T13:44:49.2707038Z
quality	Run repository quality gate	2026-10-05T13:44:49.2707412Z ##[group]test/allowlist.spec.ts:
quality	Run repository quality gate	2026-10-05T13:44:49.2707757Z (pass) permitted > keeps a property on the list [1.00ms]
quality	Run repository quality gate	2026-10-05T13:44:49.2708139Z (pass) permitted > drops a property that is not on the list
quality	Run repository quality gate	2026-10-05T13:44:49.2708546Z (pass) permitted > drops everything when nothing is on the list
quality	Run repository quality gate	2026-10-05T13:44:49.2709209Z (pass) permitted > drops undefined rather than sending a null it did not mean
quality	Run repository quality gate	2026-10-05T13:44:49.2709627Z (pass) permitted > keeps a deliberate null
quality	Run repository quality gate	2026-10-05T13:44:49.2709971Z (pass) permitted > names every property exactly once
quality	Run repository quality gate	2026-10-05T13:44:49.2710321Z (pass) permittedTool > keeps an authored tool
quality	Run repository quality gate	2026-10-05T13:44:49.2710654Z (pass) permittedTool > keeps an eve builtin
quality	Run repository quality gate	2026-10-05T13:44:49.2711007Z (pass) permittedTool > buckets anything it does not know
quality	Run repository quality gate	2026-10-05T13:44:49.2711441Z (pass) permittedTool > lists every tool in apps/agent/agent/tools [1.00ms]
quality	Run repository quality gate	2026-10-05T13:44:49.2711900Z (pass) permittedEvidenceKind > keeps a kind the agent prices
quality	Run repository quality gate	2026-10-05T13:44:49.2712289Z (pass) permittedEvidenceKind > buckets anything else
quality	Run repository quality gate	2026-10-05T13:44:49.2712721Z (pass) permittedEvidenceKind > mirrors the WEIGHTS map in lib/evidence.ts
quality	Run repository quality gate	2026-10-05T13:44:49.2713145Z (pass) permittedMethod > keeps a slug a tool wrote
quality	Run repository quality gate	2026-10-05T13:44:49.2713556Z (pass) permittedMethod > buckets anything that could carry a person
quality	Run repository quality gate	2026-10-05T13:44:49.2714006Z (pass) permittedTaskKind > keeps every kind the dispatcher knows
quality	Run repository quality gate	2026-10-05T13:44:49.2714393Z (pass) permittedTaskKind > buckets anything else
quality	Run repository quality gate	2026-10-05T13:44:49.2714735Z (pass) permittedRoute > keeps a route pattern
quality	Run repository quality gate	2026-10-05T13:44:49.2715126Z (pass) permittedRoute > buckets a URL with an address in the query string
quality	Run repository quality gate	2026-10-05T13:44:49.2715611Z (pass) permittedErrorClass > takes the class, never the message [1.00ms]
quality	Run repository quality gate	2026-10-05T13:44:49.2716030Z (pass) permittedErrorClass > takes an eve error code
quality	Run repository quality gate	2026-10-05T13:44:49.2716403Z (pass) permittedErrorClass > buckets a free-text string
quality	Run repository quality gate	2026-10-05T13:44:49.2716751Z (pass) permittedModelId > keeps a model slug
quality	Run repository quality gate	2026-10-05T13:44:49.2717075Z (pass) permittedModelId > buckets anything else
quality	Run repository quality gate	2026-10-05T13:44:49.2717410Z (pass) buckets > never reports an exact size
quality	Run repository quality gate	2026-10-05T13:44:49.2717722Z (pass) buckets > bands recheck intervals by day
quality	Run repository quality gate	2026-10-05T13:44:49.2717928Z
quality	Run repository quality gate	2026-10-05T13:44:49.2718366Z ##[endgroup]
quality	Run repository quality gate	2026-10-05T13:44:49.2718492Z
quality	Run repository quality gate	2026-10-05T13:44:49.2719485Z ##[group]test/stable-uuid.spec.ts:
quality	Run repository quality gate	2026-10-05T13:44:49.2719833Z (pass) utcDay > is the same string across a whole utc day
quality	Run repository quality gate	2026-10-05T13:44:49.2720182Z (pass) utcDay > turns over at midnight utc
quality	Run repository quality gate	2026-10-05T13:44:49.2720495Z (pass) stableUuid > is a well formed v8 uuid
quality	Run repository quality gate	2026-10-05T13:44:49.2720859Z (pass) stableUuid > repeats for the same parts, so a retry dedupes
quality	Run repository quality gate	2026-10-05T13:44:49.2721250Z (pass) stableUuid > changes with the day [1.00ms]
quality	Run repository quality gate	2026-10-05T13:44:49.2721568Z (pass) stableUuid > changes with the install
quality	Run repository quality gate	2026-10-05T13:44:49.2721959Z (pass) stableUuid > separates a milestone from a rollup on the same install
quality	Run repository quality gate	2026-10-05T13:44:49.2722432Z (pass) stableUuid > gives a milestone one id for the life of the install
quality	Run repository quality gate	2026-10-05T13:44:49.2722815Z
quality	Run repository quality gate	2026-10-05T13:44:49.2723061Z ##[endgroup]
quality	Run repository quality gate	2026-10-05T13:44:49.2723188Z
quality	Run repository quality gate	2026-10-05T13:44:49.2723454Z ##[group]test/client.integration.spec.ts:
quality	Run repository quality gate	2026-10-05T13:44:49.2723927Z (pass) capture > does not send or read install identity without an owner-configured key [1.00ms]
quality	Run repository quality gate	2026-10-05T13:44:49.2724497Z (pass) capture > sends one event with the install UUID as the only identity [17.00ms]
quality	Run repository quality gate	2026-10-05T13:44:49.2724996Z (pass) capture > drops a property that is not on the allowlist [8.00ms]
quality	Run repository quality gate	2026-10-05T13:44:49.2725441Z (pass) capture > sends a null IP and no geoip on every event [4.00ms]
quality	Run repository quality gate	2026-10-05T13:44:49.2725834Z (pass) capture > reports a delivered event [3.00ms]
quality	Run repository quality gate	2026-10-05T13:44:49.2726269Z (pass) capture > makes no network call at all when CRM_TELEMETRY_DISABLED is set
quality	Run repository quality gate	2026-10-05T13:44:49.2726735Z (pass) capture > makes no network call at all when DO_NOT_TRACK is set
quality	Run repository quality gate	2026-10-05T13:44:49.2727384Z (pass) capture > makes no network call at all from a test run
quality	Run repository quality gate	2026-10-05T13:44:49.2727882Z (pass) capture > stays silent but reports the failure when the host refuses the send [3005.00ms]
quality	Run repository quality gate	2026-10-05T13:44:49.2728405Z (pass) milestone > records the step once the event has left [15.00ms]
quality	Run repository quality gate	2026-10-05T13:44:49.2729317Z (pass) milestone > leaves the step unreached when the send fails [3016.00ms]
quality	Run repository quality gate	2026-10-05T13:44:49.2729883Z (pass) milestone > sends the step again on the attempt after a failed send [3014.00ms]
quality	Run repository quality gate	2026-10-05T13:44:49.2730564Z (pass) milestone > sends once when two processes sweep at the same instant [13.00ms]
quality	Run repository quality gate	2026-10-05T13:44:49.2731085Z (pass) milestone > carries an id that stays the same across a resent step [3017.00ms]
quality	Run repository quality gate	2026-10-05T13:44:49.2731587Z (pass) milestone > leaves the step unreached when telemetry is off [3.00ms]
quality	Run repository quality gate	2026-10-05T13:44:49.2731881Z
quality	Run repository quality gate	2026-10-05T13:44:49.2732124Z ##[endgroup]
quality	Run repository quality gate	2026-10-05T13:44:49.2732250Z
quality	Run repository quality gate	2026-10-05T13:44:49.2732497Z ##[group]test/disabled.spec.ts:
quality	Run repository quality gate	2026-10-05T13:44:49.2732806Z (pass) telemetryDisabled > is off by default [1.00ms]
quality	Run repository quality gate	2026-10-05T13:44:49.2733249Z (pass) telemetryDisabled > sends nothing from a test run, whatever else is set
quality	Run repository quality gate	2026-10-05T13:44:49.2733690Z (pass) telemetryDisabled > honours CRM_TELEMETRY_DISABLED
quality	Run repository quality gate	2026-10-05T13:44:49.2734054Z (pass) telemetryDisabled > honours DO_NOT_TRACK
quality	Run repository quality gate	2026-10-05T13:44:49.2734444Z (pass) telemetryDisabled > takes any of the obvious ways to say yes
quality	Run repository quality gate	2026-10-05T13:44:49.2734916Z (pass) telemetryDisabled > does not read an empty or negative value as a yes
quality	Run repository quality gate	2026-10-05T13:44:49.2735435Z (pass) telemetryDisabled > names both variables so the docs and the code cannot drift
quality	Run repository quality gate	2026-10-05T13:44:49.2735752Z
quality	Run repository quality gate	2026-10-05T13:44:49.2735976Z ##[endgroup]
quality	Run repository quality gate	2026-10-05T13:44:49.2736105Z
quality	Run repository quality gate	2026-10-05T13:44:49.2736193Z  62 pass
quality	Run repository quality gate	2026-10-05T13:44:49.2736386Z  0 fail
quality	Run repository quality gate	2026-10-05T13:44:49.2736584Z  132 expect() calls
quality	Run repository quality gate	2026-10-05T13:44:49.2736828Z Ran 62 tests across 5 files. [12.91s]
quality	Run repository quality gate	2026-10-05T13:44:49.2737229Z ##[endgroup]
quality	Run repository quality gate	2026-10-05T13:44:49.3522328Z ##[group]@crm/validation:test
quality	Run repository quality gate	2026-10-05T13:44:49.3522978Z cache miss, executing 7890d74d8169fa79
quality	Run repository quality gate	2026-10-05T13:44:49.3523584Z $ NODE_ENV=test bun test
quality	Run repository quality gate	2026-10-05T13:44:49.3524051Z bun test v1.3.12 (700fc117)
quality	Run repository quality gate	2026-10-05T13:44:49.3524346Z
quality	Run repository quality gate	2026-10-05T13:44:49.3524833Z ##[group]test/parse.spec.ts:
quality	Run repository quality gate	2026-10-05T13:44:49.3525700Z (pass) parse > returns the parsed value [2.00ms]
quality	Run repository quality gate	2026-10-05T13:44:49.3526474Z (pass) parse > names the subject and the field that failed [1.00ms]
quality	Run repository quality gate	2026-10-05T13:44:49.3527347Z (pass) parse > reports its own name, so a log tells it from an Error
quality	Run repository quality gate	2026-10-05T13:44:49.3528272Z (pass) the input request schema > takes a real prompt [4.00ms]
quality	Run repository quality gate	2026-10-05T13:44:49.3529316Z (pass) the input request schema > refuses a prompt that is only whitespace
quality	Run repository quality gate	2026-10-05T13:44:49.3529924Z
quality	Run repository quality gate	2026-10-05T13:44:49.3530401Z ##[endgroup]
quality	Run repository quality gate	2026-10-05T13:44:49.3530633Z
quality	Run repository quality gate	2026-10-05T13:44:49.3530796Z  5 pass
quality	Run repository quality gate	2026-10-05T13:44:49.3531164Z  0 fail
quality	Run repository quality gate	2026-10-05T13:44:49.3531542Z  8 expect() calls
quality	Run repository quality gate	2026-10-05T13:44:49.3531991Z Ran 5 tests across 1 file. [72.00ms]
quality	Run repository quality gate	2026-10-05T13:44:49.3532770Z ##[endgroup]
quality	Run repository quality gate	2026-10-05T13:44:49.3537585Z ##[group]api:build
quality	Run repository quality gate	2026-10-05T13:44:49.3538671Z cache hit, replaying logs b234471102def6cc
quality	Run repository quality gate	2026-10-05T13:44:49.3539638Z $ bun build src/main.ts --target=bun --outdir dist --packages=external --sourcemap
quality	Run repository quality gate	2026-10-05T13:44:49.3540625Z Bundled 206 modules in 173ms
quality	Run repository quality gate	2026-10-05T13:44:49.3540968Z
quality	Run repository quality gate	2026-10-05T13:44:49.3541468Z   main.js      0.84 MB  (entry point)
quality	Run repository quality gate	2026-10-05T13:44:49.3542005Z   main.js.map  1.49 MB  (source map)
quality	Run repository quality gate	2026-10-05T13:44:49.3542443Z
quality	Run repository quality gate	2026-10-05T13:44:49.3543054Z ##[endgroup]
quality	Run repository quality gate	2026-10-05T13:44:50.2992668Z ##[group]@crm/auth:test
quality	Run repository quality gate	2026-10-05T13:44:50.2993520Z cache miss, executing 1e986d0fdb2d4e0e
quality	Run repository quality gate	2026-10-05T13:44:50.2994918Z $ NODE_ENV=test bun test
quality	Run repository quality gate	2026-10-05T13:44:50.2995456Z bun test v1.3.12 (700fc117)
quality	Run repository quality gate	2026-10-05T13:44:50.2995902Z
quality	Run repository quality gate	2026-10-05T13:44:50.2996669Z ##[group]test/organization.integration.spec.ts:
quality	Run repository quality gate	2026-10-05T13:44:50.2997950Z (pass) ensureWorkspaceMembership > creates the one workspace and enrols everyone who already had an account [208.00ms]
quality	Run repository quality gate	2026-10-05T13:44:50.2999663Z (pass) ensureWorkspaceMembership > is idempotent, so signing in again neither duplicates nor re-roles [48.00ms]
quality	Run repository quality gate	2026-10-05T13:44:50.3001118Z (pass) ensureWorkspaceMembership > joins someone who signs up later as a member [31.00ms]
quality	Run repository quality gate	2026-10-05T13:44:50.3002447Z (pass) ensureWorkspaceMembership > leaves the owner alone when a later arrival signs in [38.00ms]
quality	Run repository quality gate	2026-10-05T13:44:50.3003564Z
quality	Run repository quality gate	2026-10-05T13:44:50.3004559Z ##[endgroup]
quality	Run repository quality gate	2026-10-05T13:44:50.3004976Z
quality	Run repository quality gate	2026-10-05T13:44:50.3005557Z ##[group]test/mailbox-grant.spec.ts:
quality	Run repository quality gate	2026-10-05T13:44:50.3006835Z (pass) who has to grant a mailbox > walls someone who signed in with Google and granted neither scope [1.00ms]
quality	Run repository quality gate	2026-10-05T13:44:50.3007922Z (pass) who has to grant a mailbox > walls someone whose granular consent dropped one of them
quality	Run repository quality gate	2026-10-05T13:44:50.3010182Z (pass) who has to grant a mailbox > lets a Google account through once both scopes are there
quality	Run repository quality gate	2026-10-05T13:44:50.3011254Z (pass) who has to grant a mailbox > walls someone who signed in with Microsoft and did not grant Mail.Read
quality	Run repository quality gate	2026-10-05T13:44:50.3012304Z (pass) who has to grant a mailbox > lets a Microsoft account through once Mail.Read is there
quality	Run repository quality gate	2026-10-05T13:44:50.3013248Z (pass) who has to grant a mailbox > never walls someone who signed in through their own IdP
quality	Run repository quality gate	2026-10-05T13:44:50.3014253Z (pass) who has to grant a mailbox > never walls an SSO rep who has linked Google and then revoked it
quality	Run repository quality gate	2026-10-05T13:44:50.3015171Z (pass) who has to grant a mailbox > still lets an SSO rep with Gmail connected through
quality	Run repository quality gate	2026-10-05T13:44:50.3016025Z (pass) who has to grant a mailbox > does not wall an account with no sign-in rows at all
quality	Run repository quality gate	2026-10-05T13:44:50.3016936Z (pass) who has to grant a mailbox > asks for nothing more once one of two mailboxes is granted
quality	Run repository quality gate	2026-10-05T13:44:50.3017868Z (pass) which provider the grant page should offer > offers the one they signed in with
quality	Run repository quality gate	2026-10-05T13:44:50.3019343Z (pass) which provider the grant page should offer > offers both when neither has been granted
quality	Run repository quality gate	2026-10-05T13:44:50.3020393Z (pass) which provider the grant page should offer > offers nothing to an IdP rep
quality	Run repository quality gate	2026-10-05T13:44:50.3021407Z (pass) whether revoking a provider costs someone the CRM > is true when Google is the only way in [1.00ms]
quality	Run repository quality gate	2026-10-05T13:44:50.3022757Z (pass) whether revoking a provider costs someone the CRM > is true when Microsoft is the only way in
quality	Run repository quality gate	2026-10-05T13:44:50.3023892Z (pass) whether revoking a provider costs someone the CRM > is false once an IdP is also on the account
quality	Run repository quality gate	2026-10-05T13:44:50.3025033Z (pass) whether revoking a provider costs someone the CRM > is false for Google once Microsoft is also a way in
quality	Run repository quality gate	2026-10-05T13:44:50.3026243Z (pass) whether revoking a provider costs someone the CRM > is false for an account with nothing linked
quality	Run repository quality gate	2026-10-05T13:44:50.3026897Z
quality	Run repository quality gate	2026-10-05T13:44:50.3027403Z ##[endgroup]
quality	Run repository quality gate	2026-10-05T13:44:50.3027621Z
quality	Run repository quality gate	2026-10-05T13:44:50.3028138Z ##[group]test/slack-connect.integration.spec.ts:
quality	Run repository quality gate	2026-10-05T13:44:50.3029110Z (pass) the Slack callback that writes the connection > turns away a browser with no session [19.00ms]
quality	Run repository quality gate	2026-10-05T13:44:50.3030342Z (pass) the Slack callback that writes the connection > turns away a member [44.00ms]
quality	Run repository quality gate	2026-10-05T13:44:50.3031088Z (pass) the Slack callback that writes the connection > turns away someone signed in who is not in this workspace [25.00ms]
quality	Run repository quality gate	2026-10-05T13:44:50.3031782Z (pass) the Slack callback that writes the connection > lets an admin finish [18.00ms]
quality	Run repository quality gate	2026-10-05T13:44:50.3032905Z (pass) the Slack callback that writes the connection > lets an owner finish [15.00ms]
quality	Run repository quality gate	2026-10-05T13:44:50.3034226Z (pass) the Slack callback that writes the connection > lets a member finish when the workspace has no owner and no admin [32.00ms]
quality	Run repository quality gate	2026-10-05T13:44:50.3052805Z (pass) the two paths that start a Slack connection > turns away a member who asks to link Slack [27.00ms]
quality	Run repository quality gate	2026-10-05T13:44:50.3054218Z (pass) the two paths that start a Slack connection > turns away a member who asks to sign in with Slack [20.00ms]
quality	Run repository quality gate	2026-10-05T13:44:50.3055268Z (pass) the two paths that start a Slack connection > turns away a browser with no session [8.00ms]
quality	Run repository quality gate	2026-10-05T13:44:50.3056228Z (pass) the two paths that start a Slack connection > lets an admin ask to link Slack [22.00ms]
quality	Run repository quality gate	2026-10-05T13:44:50.3057157Z (pass) every provider that is not Slack > lets a member link Google [16.00ms]
quality	Run repository quality gate	2026-10-05T13:44:50.3057905Z (pass) every provider that is not Slack > lets the Google callback through with no session at all [6.00ms]
quality	Run repository quality gate	2026-10-05T13:44:50.3059295Z (pass) the paths the guard has to know about > is every path the generic OAuth plugin mounts [3.00ms]
quality	Run repository quality gate	2026-10-05T13:44:50.3060703Z
quality	Run repository quality gate	2026-10-05T13:44:50.3061220Z ##[endgroup]
quality	Run repository quality gate	2026-10-05T13:44:50.3061455Z
quality	Run repository quality gate	2026-10-05T13:44:50.3061907Z ##[group]test/sso.spec.ts:
quality	Run repository quality gate	2026-10-05T13:44:50.3062610Z (pass) canConfigureSso > is the same answer as renaming the workspace [1.00ms]
quality	Run repository quality gate	2026-10-05T13:44:50.3063643Z (pass) ssoCallbackURL > is the API origin plus the path better-auth mounts the callback on
quality	Run repository quality gate	2026-10-05T13:44:50.3064638Z (pass) ssoCallbackURL > hangs off the base the settings page shows
quality	Run repository quality gate	2026-10-05T13:44:50.3065493Z (pass) ssoProviderName > reads as a button on the sign-in page
quality	Run repository quality gate	2026-10-05T13:44:50.3066195Z (pass) ssoProviderName > leaves an acronym alone
quality	Run repository quality gate	2026-10-05T13:44:50.3066567Z
quality	Run repository quality gate	2026-10-05T13:44:50.3066970Z ##[endgroup]
quality	Run repository quality gate	2026-10-05T13:44:50.3067151Z
quality	Run repository quality gate	2026-10-05T13:44:50.3067530Z ##[group]test/signed-in.spec.ts:
quality	Run repository quality gate	2026-10-05T13:44:50.3068081Z (pass) the signed-in registry > hands the user to everything registered
quality	Run repository quality gate	2026-10-05T13:44:50.3068668Z [auth] a sign-in handler failed 19 | 	});
quality	Run repository quality gate	2026-10-05T13:44:50.3069220Z 20 |
quality	Run repository quality gate	2026-10-05T13:44:50.3069674Z 21 | 	it("does not let a failing handler fail the sign-in", async () => {
quality	Run repository quality gate	2026-10-05T13:44:50.3070283Z 22 | 		const after: string[] = [];
quality	Run repository quality gate	2026-10-05T13:44:50.3070738Z 23 | 		onSignedIn(() => {
quality	Run repository quality gate	2026-10-05T13:44:50.3071200Z 24 | 			throw new Error("backfill exploded");
quality	Run repository quality gate	2026-10-05T13:44:50.3071633Z                   ^
quality	Run repository quality gate	2026-10-05T13:44:50.3071982Z error: backfill exploded
quality	Run repository quality gate	2026-10-05T13:44:50.3072691Z       at <anonymous> (/home/runner/work/tayvero/tayvero/packages/auth/test/signed-in.spec.ts:24:14)
quality	Run repository quality gate	2026-10-05T13:44:50.3073710Z       at notifySignedIn (/home/runner/work/tayvero/tayvero/packages/auth/src/signed-in.ts:18:10)
quality	Run repository quality gate	2026-10-05T13:44:50.3075120Z       at <anonymous> (/home/runner/work/tayvero/tayvero/packages/auth/test/signed-in.spec.ts:30:47)
quality	Run repository quality gate	2026-10-05T13:44:50.3076348Z
quality	Run repository quality gate	2026-10-05T13:44:50.3076768Z (pass) the signed-in registry > does not let a failing handler fail the sign-in
quality	Run repository quality gate	2026-10-05T13:44:50.3077513Z [auth] a sign-in handler failed 19 | 	});
quality	Run repository quality gate	2026-10-05T13:44:50.3077996Z 20 |
quality	Run repository quality gate	2026-10-05T13:44:50.3078491Z 21 | 	it("does not let a failing handler fail the sign-in", async () => {
quality	Run repository quality gate	2026-10-05T13:44:50.3079266Z 22 | 		const after: string[] = [];
quality	Run repository quality gate	2026-10-05T13:44:50.3079736Z 23 | 		onSignedIn(() => {
quality	Run repository quality gate	2026-10-05T13:44:50.3080197Z 24 | 			throw new Error("backfill exploded");
quality	Run repository quality gate	2026-10-05T13:44:50.3080685Z                   ^
quality	Run repository quality gate	2026-10-05T13:44:50.3081066Z error: backfill exploded
quality	Run repository quality gate	2026-10-05T13:44:50.3081798Z       at <anonymous> (/home/runner/work/tayvero/tayvero/packages/auth/test/signed-in.spec.ts:24:14)
quality	Run repository quality gate	2026-10-05T13:44:50.3083187Z       at notifySignedIn (/home/runner/work/tayvero/tayvero/packages/auth/src/signed-in.ts:18:10)
quality	Run repository quality gate	2026-10-05T13:44:50.3084370Z       at async <anonymous> (/home/runner/work/tayvero/tayvero/packages/auth/test/signed-in.spec.ts:44:9)
quality	Run repository quality gate	2026-10-05T13:44:50.3085022Z
quality	Run repository quality gate	2026-10-05T13:44:50.3085383Z (pass) the signed-in registry > waits for handlers in registration order [7.00ms]
quality	Run repository quality gate	2026-10-05T13:44:50.3085935Z
quality	Run repository quality gate	2026-10-05T13:44:50.3086392Z ##[endgroup]
quality	Run repository quality gate	2026-10-05T13:44:50.3086609Z
quality	Run repository quality gate	2026-10-05T13:44:50.3086764Z  43 pass
quality	Run repository quality gate	2026-10-05T13:44:50.3087088Z  0 fail
quality	Run repository quality gate	2026-10-05T13:44:50.3087431Z  62 expect() calls
quality	Run repository quality gate	2026-10-05T13:44:50.3087823Z Ran 43 tests across 5 files. [929.00ms]
quality	Run repository quality gate	2026-10-05T13:44:50.3088519Z ##[endgroup]
quality	Run repository quality gate	2026-10-05T13:44:53.5678273Z ^[[;31magent:test^[[;0m
quality	Run repository quality gate	2026-10-05T13:44:53.5734359Z ##[error]command (/home/runner/work/tayvero/tayvero/apps/agent) /home/runner/.bun/bin/bun run test exited (1)
quality	Run repository quality gate	2026-10-05T13:44:53.5744687Z agent#test:  ERROR  command (/home/runner/work/tayvero/tayvero/apps/agent) /home/runner/.bun/bin/bun run test exited (1)
quality	Run repository quality gate	2026-10-05T13:44:53.5745798Z cache miss, executing 26ec3ccdf59c5d15
quality	Run repository quality gate	2026-10-05T13:44:53.5746506Z $ NODE_ENV=test CRM_TELEMETRY_DISABLED=1 bun test
quality	Run repository quality gate	2026-10-05T13:44:53.5747089Z bun test v1.3.12 (700fc117)
quality	Run repository quality gate	2026-10-05T13:44:53.5747380Z
quality	Run repository quality gate	2026-10-05T13:44:53.5747896Z ##[group]test/images.spec.ts:
quality	Run repository quality gate	2026-10-05T13:44:53.5748515Z (pass) photoUrl > keeps the avatar the enrichment returned
quality	Run repository quality gate	2026-10-05T13:44:53.5749399Z (pass) photoUrl > refuses a face served over anything but https
quality	Run repository quality gate	2026-10-05T13:44:53.5750190Z (pass) photoUrl > refuses anything that is not an absolute URL
quality	Run repository quality gate	2026-10-05T13:44:53.5750931Z (pass) photoUrl > is null for a person with no picture, which is ordinary
quality	Run repository quality gate	2026-10-05T13:44:53.5751709Z (pass) slugFromProfileUrl > reads the handle out of a profile URL
quality	Run repository quality gate	2026-10-05T13:44:53.5752489Z (pass) slugFromProfileUrl > decodes an escaped handle
quality	Run repository quality gate	2026-10-05T13:44:53.5753296Z (pass) slugFromProfileUrl > refuses anything that is not a personal profile
quality	Run repository quality gate	2026-10-05T13:44:53.5754425Z (pass) the portrait source chain > uses a verified GitHub account when there is no LinkedIn [1.00ms]
quality	Run repository quality gate	2026-10-05T13:44:53.5755161Z (pass) the portrait source chain > does not mistake a repository for a person
quality	Run repository quality gate	2026-10-05T13:44:53.5756036Z (pass) the portrait source chain > looks nowhere at all when the record points nowhere
quality	Run repository quality gate	2026-10-05T13:44:53.5756991Z (pass) the portrait source chain > stops rather than spending past the budget
quality	Run repository quality gate	2026-10-05T13:44:53.5757479Z
quality	Run repository quality gate	2026-10-05T13:44:53.5757832Z ##[endgroup]
quality	Run repository quality gate	2026-10-05T13:44:53.5758004Z
quality	Run repository quality gate	2026-10-05T13:44:53.5758387Z ##[group]test/verify-key.spec.ts:
quality	Run repository quality gate	2026-10-05T13:44:53.5759503Z (pass) checking a Context key > rejects only the answer that means the key is wrong [1.00ms]
quality	Run repository quality gate	2026-10-05T13:44:53.5760465Z (pass) checking a Context key > accepts the refusal of the probe itself [2.00ms]
quality	Run repository quality gate	2026-10-05T13:44:53.5761515Z (pass) checking a Context key > accepts a key that authenticated but is out of quota or off-plan [1.00ms]
quality	Run repository quality gate	2026-10-05T13:44:53.5762417Z (pass) checking a Context key > accepts an exhausted free-tier key when Context answers with 401 [1.00ms]
quality	Run repository quality gate	2026-10-05T13:44:53.5763066Z (pass) checking a Context key > accepts a key when Context itself is having a bad day
quality	Run repository quality gate	2026-10-05T13:44:53.5764155Z (pass) checking a Context key > cannot tell when the request never reached Context
quality	Run repository quality gate	2026-10-05T13:44:53.5764782Z (pass) checking a Context key > cannot tell when the error carries no status at all
quality	Run repository quality gate	2026-10-05T13:44:53.5765404Z (pass) checking a Context key > never reports a bare network failure as a bad key
quality	Run repository quality gate	2026-10-05T13:44:53.5765747Z
quality	Run repository quality gate	2026-10-05T13:44:53.5766268Z ##[endgroup]
quality	Run repository quality gate	2026-10-05T13:44:53.5766428Z
quality	Run repository quality gate	2026-10-05T13:44:53.5766722Z ##[group]test/brand-mapping.spec.ts:
quality	Run repository quality gate	2026-10-05T13:44:53.5767163Z (pass) brandToUpdate > picks logos by mode and type rather than taking the first
quality	Run repository quality gate	2026-10-05T13:44:53.5767674Z (pass) brandToUpdate > maps the rest of the brand onto company fields
quality	Run repository quality gate	2026-10-05T13:44:53.5768301Z (pass) brandToUpdate > never overwrites a value a human already set [1.00ms]
quality	Run repository quality gate	2026-10-05T13:44:53.5768975Z (pass) brandToUpdate > leaves the name alone unless it is the domain placeholder
quality	Run repository quality gate	2026-10-05T13:44:53.5769492Z (pass) brandToUpdate > writes nothing when the lookup found nothing
quality	Run repository quality gate	2026-10-05T13:44:53.5769983Z (pass) brandToUpdate > falls back to the slogan when there is no description
quality	Run repository quality gate	2026-10-05T13:44:53.5770500Z (pass) stillFillable > drops a field a rep typed while the lookup was in flight
quality	Run repository quality gate	2026-10-05T13:44:53.5771053Z (pass) stillFillable > keeps the icon, which the agent owns rather than shares
quality	Run repository quality gate	2026-10-05T13:44:53.5771567Z (pass) stillFillable > drops the name once the placeholder has been answered
quality	Run repository quality gate	2026-10-05T13:44:53.5771873Z
quality	Run repository quality gate	2026-10-05T13:44:53.5772151Z ##[endgroup]
quality	Run repository quality gate	2026-10-05T13:44:53.5772278Z
quality	Run repository quality gate	2026-10-05T13:44:53.5772588Z ##[group]test/preamble.integration.spec.ts:
quality	Run repository quality gate	2026-10-05T13:44:53.5773024Z (pass) companyPreamble > names every contact it lists, with their id [22.00ms]
quality	Run repository quality gate	2026-10-05T13:44:53.5773585Z (pass) companyPreamble > carries the deals and the company's own id [7.00ms]
quality	Run repository quality gate	2026-10-05T13:44:53.5774107Z (pass) companyPreamble > points at the company read, not the contact one [5.00ms]
quality	Run repository quality gate	2026-10-05T13:44:53.5774655Z (pass) contactPreamble > states the company id, not just its name [18.00ms]
quality	Run repository quality gate	2026-10-05T13:44:53.5775121Z (pass) contactPreamble > lists the deals they are on [7.00ms]
quality	Run repository quality gate	2026-10-05T13:44:53.5775579Z (pass) contactPreamble > offers a way out when they have no company [14.00ms]
quality	Run repository quality gate	2026-10-05T13:44:53.5776145Z (pass) dealPreamble > carries the deal, the company and the people, all with ids [12.00ms]
quality	Run repository quality gate	2026-10-05T13:44:53.5776714Z (pass) who opened the session > tells a rep's session to answer the question [4.00ms]
quality	Run repository quality gate	2026-10-05T13:44:53.5777290Z (pass) who opened the session > tells a dispatched session to do the work and stop [4.00ms]
quality	Run repository quality gate	2026-10-05T13:44:53.5777850Z (pass) sessionPreamble > routes each record kind to its own conversation [13.00ms]
quality	Run repository quality gate	2026-10-05T13:44:53.5778446Z (pass) sessionPreamble > prefers the contact when a session carries more than one id [8.00ms]
quality	Run repository quality gate	2026-10-05T13:44:53.5779166Z (pass) sessionPreamble > tells a session with no record that the CRM is searchable [4.00ms]
quality	Run repository quality gate	2026-10-05T13:44:53.5779785Z (pass) every session is told who we are > ends each preamble with the same account of us [20.00ms]
quality	Run repository quality gate	2026-10-05T13:44:53.5780418Z (pass) the workspace profile session > is routed by the task kind, with no record of its own [2.00ms]
quality	Run repository quality gate	2026-10-05T13:44:53.5781067Z (pass) the workspace profile session > sends the session to our own site, and holds it to a size [1.00ms]
quality	Run repository quality gate	2026-10-05T13:44:53.5781717Z (pass) the workspace profile session > refuses to guess when nobody has said what our website is
quality	Run repository quality gate	2026-10-05T13:44:53.5782348Z (pass) the workspace profile session > stops rather than sending the session at something unfetchable
quality	Run repository quality gate	2026-10-05T13:44:53.5782724Z
quality	Run repository quality gate	2026-10-05T13:44:53.5783003Z ##[endgroup]
quality	Run repository quality gate	2026-10-05T13:44:53.5783170Z
quality	Run repository quality gate	2026-10-05T13:44:53.5783543Z ##[group]test/socials.spec.ts:
quality	Run repository quality gate	2026-10-05T13:44:53.5784047Z (pass) parseSocialUrl > reads a profile on either X hostname [1.00ms]
quality	Run repository quality gate	2026-10-05T13:44:53.5784822Z (pass) parseSocialUrl > refuses a deep link, which is where most wrong handles come from
quality	Run repository quality gate	2026-10-05T13:44:53.5785573Z (pass) parseSocialUrl > refuses site paths that parse like a username
quality	Run repository quality gate	2026-10-05T13:44:53.5786508Z (pass) parseSocialUrl > refuses handles neither network could issue
quality	Run repository quality gate	2026-10-05T13:44:53.5787271Z (pass) parseSocialUrl > ignores anything that is not one of the two networks [1.00ms]
quality	Run repository quality gate	2026-10-05T13:44:53.5788237Z (pass) extractSocialUrls > pulls profiles out of prose and citations, deduplicated
quality	Run repository quality gate	2026-10-05T13:44:53.5789239Z (pass) extractSocialUrls > finds nothing in an answer that cites nothing
quality	Run repository quality gate	2026-10-05T13:44:53.5790008Z (pass) namesMatch > accepts the same person written two ways
quality	Run repository quality gate	2026-10-05T13:44:53.5790679Z (pass) namesMatch > rejects a near miss [1.00ms]
quality	Run repository quality gate	2026-10-05T13:44:53.5791254Z (pass) namesMatch > rejects a first name on its own
quality	Run repository quality gate	2026-10-05T13:44:53.5791671Z
quality	Run repository quality gate	2026-10-05T13:44:53.5792328Z ##[endgroup]
quality	Run repository quality gate	2026-10-05T13:44:53.5792543Z
quality	Run repository quality gate	2026-10-05T13:44:53.5792981Z ##[group]test/model.integration.spec.ts:
quality	Run repository quality gate	2026-10-05T13:44:53.5793724Z (pass) the configured model > falls back when nothing has ever been chosen [5.00ms]
quality	Run repository quality gate	2026-10-05T13:44:53.5794706Z (pass) the configured model > returns the chosen model with its own context window [8.00ms]
quality	Run repository quality gate	2026-10-05T13:44:53.5795767Z (pass) the configured model > goes back to the fallback when the choice is cleared [7.00ms]
quality	Run repository quality gate	2026-10-05T13:44:53.5796783Z (pass) the configured model > keeps one row rather than accumulating one per change [6.00ms]
quality	Run repository quality gate	2026-10-05T13:44:53.5797331Z
quality	Run repository quality gate	2026-10-05T13:44:53.5797734Z ##[endgroup]
quality	Run repository quality gate	2026-10-05T13:44:53.5797959Z
quality	Run repository quality gate	2026-10-05T13:44:53.5798395Z ##[group]test/crm-token.spec.ts:
quality	Run repository quality gate	2026-10-05T13:44:53.5799227Z (pass) taskFromToken > reads back a token this channel minted
quality	Run repository quality gate	2026-10-05T13:44:53.5800029Z (pass) taskFromToken > reads the token as the channel context presents it
quality	Run repository quality gate	2026-10-05T13:44:53.5800919Z (pass) taskFromToken > still reads the doubly-prefixed form written before the fix
quality	Run repository quality gate	2026-10-05T13:44:53.5801745Z (pass) taskFromToken > ignores a token that is not a task
quality	Run repository quality gate	2026-10-05T13:44:53.5802167Z
quality	Run repository quality gate	2026-10-05T13:44:53.5802548Z ##[endgroup]
quality	Run repository quality gate	2026-10-05T13:44:53.5802757Z
quality	Run repository quality gate	2026-10-05T13:44:53.5803656Z ##[group]test/channel-auth.spec.ts:
quality	Run repository quality gate	2026-10-05T13:44:53.5804357Z (pass) repFromCrm > resolves a valid token to the rep, as a person [5.00ms]
quality	Run repository quality gate	2026-10-05T13:44:53.5805217Z (pass) repFromCrm > produces a principal the approval policy reads as human [1.00ms]
quality	Run repository quality gate	2026-10-05T13:44:53.5806132Z (pass) repFromCrm > carries the rep's identity for the agent to attribute work to
quality	Run repository quality gate	2026-10-05T13:44:53.5806790Z (pass) repFromCrm > skips a request with no token, rather than accepting it [1.00ms]
quality	Run repository quality gate	2026-10-05T13:44:53.5807299Z (pass) repFromCrm > skips a token signed with the wrong secret
quality	Run repository quality gate	2026-10-05T13:44:53.5807765Z (pass) repFromCrm > skips a token whose payload was swapped for another user
quality	Run repository quality gate	2026-10-05T13:44:53.5808257Z (pass) repFromCrm > skips a token whose signature was altered [1.00ms]
quality	Run repository quality gate	2026-10-05T13:44:53.5808685Z (pass) repFromCrm > skips an expired token
quality	Run repository quality gate	2026-10-05T13:44:53.5809320Z (pass) repFromCrm > skips a token minted for a different agent [1.00ms]
quality	Run repository quality gate	2026-10-05T13:44:53.5809777Z (pass) repFromCrm > skips a token from a different issuer
quality	Run repository quality gate	2026-10-05T13:44:53.5810195Z (pass) repFromCrm > skips a token that names nobody [1.00ms]
quality	Run repository quality gate	2026-10-05T13:44:53.5810452Z
quality	Run repository quality gate	2026-10-05T13:44:53.5810732Z ##[endgroup]
quality	Run repository quality gate	2026-10-05T13:44:53.5810872Z
quality	Run repository quality gate	2026-10-05T13:44:53.5811164Z ##[group]test/accounts.integration.spec.ts:
quality	Run repository quality gate	2026-10-05T13:44:53.5811643Z (pass) readCompanyHistory > names every contact at the company, with their id [39.00ms]
quality	Run repository quality gate	2026-10-05T13:44:53.5812235Z (pass) readCompanyHistory > flags a contact still named after their email address [14.00ms]
quality	Run repository quality gate	2026-10-05T13:44:53.5813244Z (pass) readCompanyHistory > returns the deals with stage, value and who is on them [11.00ms]
quality	Run repository quality gate	2026-10-05T13:44:53.5814291Z (pass) readCompanyHistory > reads the correspondence and knows they replied [8.00ms]
quality	Run repository quality gate	2026-10-05T13:44:53.5815351Z (pass) readCompanyHistory > leaves email and meeting projections out of the notes [9.00ms]
quality	Run repository quality gate	2026-10-05T13:44:53.5816473Z (pass) readCompanyHistory > omits connected history when the caller did not approve those sources [5.00ms]
quality	Run repository quality gate	2026-10-05T13:44:53.5817761Z (pass) readCompanyHistory > returns null for a company that does not exist
quality	Run repository quality gate	2026-10-05T13:44:53.5818654Z (pass) readDealHistory > reports the stage clock, not just the stage [17.00ms]
quality	Run repository quality gate	2026-10-05T13:44:53.5819701Z (pass) readDealHistory > returns every stage it moved through, oldest first [8.00ms]
quality	Run repository quality gate	2026-10-05T13:44:53.5820526Z (pass) readDealHistory > names who is on it, with ids and roles [5.00ms]
quality	Run repository quality gate	2026-10-05T13:44:53.5821347Z (pass) readDealHistory > says the correspondence is the account's, not the deal's [7.00ms]
quality	Run repository quality gate	2026-10-05T13:44:53.5822372Z (pass) readDealHistory > omits deal correspondence when connected sources are not approved [3.00ms]
quality	Run repository quality gate	2026-10-05T13:44:53.5823292Z (pass) readDealHistory > returns null for a deal that does not exist [1.00ms]
quality	Run repository quality gate	2026-10-05T13:44:53.5824021Z
quality	Run repository quality gate	2026-10-05T13:44:53.5824473Z ##[endgroup]
quality	Run repository quality gate	2026-10-05T13:44:53.5824700Z
quality	Run repository quality gate	2026-10-05T13:44:53.5825171Z ##[group]test/capabilities.spec.ts:
quality	Run repository quality gate	2026-10-05T13:44:53.5825875Z (pass) capabilities > reports everything off on a bare install [1.00ms]
quality	Run repository quality gate	2026-10-05T13:44:53.5826733Z (pass) capabilities > turns one on without turning on the others [2.00ms]
quality	Run repository quality gate	2026-10-05T13:44:53.5827479Z (pass) capabilities > treats blank and whitespace as unset
quality	Run repository quality gate	2026-10-05T13:44:53.5828381Z (pass) capabilities > is read live, so a late-configured process is not stuck off [1.00ms]
quality	Run repository quality gate	2026-10-05T13:44:53.5829439Z (pass) capabilities > is unknown for a variable that is not a capability [1.00ms]
quality	Run repository quality gate	2026-10-05T13:44:53.5830268Z (pass) the Context key is a setting, never a variable > is on when a key is stored
quality	Run repository quality gate	2026-10-05T13:44:53.5830935Z (pass) the Context key is a setting, never a variable > is off when nothing has been stored
quality	Run repository quality gate	2026-10-05T13:44:53.5831715Z (pass) the Context key is a setting, never a variable > is not turned on by an environment variable
quality	Run repository quality gate	2026-10-05T13:44:53.5832383Z (pass) the Context key is a setting, never a variable > points at the settings page rather than a variable name
quality	Run repository quality gate	2026-10-05T13:44:53.5833160Z (pass) reading a person comes from the same Context key > is on when a key is stored and off when it is not
quality	Run repository quality gate	2026-10-05T13:44:53.5834247Z (pass) reading a person comes from the same Context key > points at the settings page rather than a variable name
quality	Run repository quality gate	2026-10-05T13:44:53.5835349Z (pass) reading a person comes from the same Context key > turns on and off with the brand lookup, because it is one key
quality	Run repository quality gate	2026-10-05T13:44:53.5836355Z (pass) the unavailable result > says retrying will not help [1.00ms]
quality	Run repository quality gate	2026-10-05T13:44:53.5837192Z (pass) the capability briefing > tells a bare install to work from the CRM alone
quality	Run repository quality gate	2026-10-05T13:44:53.5837779Z (pass) the capability briefing > lists what is on and what is off, separately
quality	Run repository quality gate	2026-10-05T13:44:53.5838303Z (pass) the capability briefing > counts a stored Context key as configured
quality	Run repository quality gate	2026-10-05T13:44:53.5839113Z (pass) the capability briefing > does not warn about missing sources when everything is on
quality	Run repository quality gate	2026-10-05T13:44:53.5839565Z
quality	Run repository quality gate	2026-10-05T13:44:53.5839852Z ##[endgroup]
quality	Run repository quality gate	2026-10-05T13:44:53.5839994Z
quality	Run repository quality gate	2026-10-05T13:44:53.5840295Z ##[group]test/event-persistence.spec.ts:
quality	Run repository quality gate	2026-10-05T13:44:53.5840684Z (pass) event persistence > never stores a streaming frame
quality	Run repository quality gate	2026-10-05T13:44:53.5841130Z (pass) event persistence > stores the completed record for the same stream
quality	Run repository quality gate	2026-10-05T13:44:53.5841595Z (pass) event persistence > stores semantic run events
quality	Run repository quality gate	2026-10-05T13:44:53.5841823Z
quality	Run repository quality gate	2026-10-05T13:44:53.5842093Z ##[endgroup]
quality	Run repository quality gate	2026-10-05T13:44:53.5842232Z
quality	Run repository quality gate	2026-10-05T13:44:53.5842511Z ##[group]test/facts.integration.spec.ts:
quality	Run repository quality gate	2026-10-05T13:44:53.5842926Z (pass) recordFact > writes a verified fact through to the record [22.00ms]
quality	Run repository quality gate	2026-10-05T13:44:53.5843433Z (pass) recordFact > fills an empty field without asking anybody [10.00ms]
quality	Run repository quality gate	2026-10-05T13:44:53.5843909Z (pass) recordFact > fills a field the record keeps no column for [6.00ms]
quality	Run repository quality gate	2026-10-05T13:44:53.5844434Z (pass) recordFact > offers rather than replaces a value it already found [5.00ms]
quality	Run repository quality gate	2026-10-05T13:44:53.5844968Z (pass) recordFact > puts the same suggestion in front of a rep only once [3.00ms]
quality	Run repository quality gate	2026-10-05T13:44:53.5845681Z (pass) recordFact > settles the suggestions a stronger fact has answered [9.00ms]
quality	Run repository quality gate	2026-10-05T13:44:53.5846176Z (pass) recordFact > never overwrites what a person typed [6.00ms]
quality	Run repository quality gate	2026-10-05T13:44:53.5846641Z (pass) recordFact > never re-offers a value a person dismissed [12.00ms]
quality	Run repository quality gate	2026-10-05T13:44:53.5847225Z (pass) recordFact > supersedes rather than replaces, which is how a job change is noticed [15.00ms]
quality	Run repository quality gate	2026-10-05T13:44:53.5847871Z (pass) recordFact > lets verified evidence settle the suggestion it matches [11.00ms]
quality	Run repository quality gate	2026-10-05T13:44:53.5848439Z (pass) recordFact > stores the evidence, so the score can be explained later [1.00ms]
quality	Run repository quality gate	2026-10-05T13:44:53.5849116Z (pass) writeBrief > upserts the background panel [6.00ms]
quality	Run repository quality gate	2026-10-05T13:44:53.5849524Z (pass) writeBrief > refuses a brief nothing supports
quality	Run repository quality gate	2026-10-05T13:44:53.5849844Z
quality	Run repository quality gate	2026-10-05T13:44:53.5850143Z ##[endgroup]
quality	Run repository quality gate	2026-10-05T13:44:53.5850300Z
quality	Run repository quality gate	2026-10-05T13:44:53.5850615Z ##[group]test/slack-membership.integration.spec.ts:
quality	Run repository quality gate	2026-10-05T13:44:53.5851109Z (pass) joining a Slack channel > does not claim membership of an archived channel [24.00ms]
quality	Run repository quality gate	2026-10-05T13:44:53.5851757Z (pass) joining a Slack channel > reads the channel from Slack rather than a row the migration reset [33.00ms]
quality	Run repository quality gate	2026-10-05T13:44:53.5852425Z (pass) joining a Slack channel > invites itself to a private channel a stale row calls public [28.00ms]
quality	Run repository quality gate	2026-10-05T13:44:53.5853040Z (pass) joining a Slack channel > accepts a channel Slack says it is already in [13.00ms]
quality	Run repository quality gate	2026-10-05T13:44:53.5853356Z
quality	Run repository quality gate	2026-10-05T13:44:53.5853623Z ##[endgroup]
quality	Run repository quality gate	2026-10-05T13:44:53.5853767Z
quality	Run repository quality gate	2026-10-05T13:44:53.5854036Z ##[group]test/identity.spec.ts:
quality	Run repository quality gate	2026-10-05T13:44:53.5854467Z (pass) verdictFor > settles on the address the person published themselves [1.00ms]
quality	Run repository quality gate	2026-10-05T13:44:53.5854964Z (pass) verdictFor > accepts employer and name together
quality	Run repository quality gate	2026-10-05T13:44:53.5855396Z (pass) verdictFor > refuses a hyphenated domain that is not the employer
quality	Run repository quality gate	2026-10-05T13:44:53.5855884Z (pass) verdictFor > offers a suggestion when only one check passes
quality	Run repository quality gate	2026-10-05T13:44:53.5856291Z (pass) verdictFor > refuses a stranger outright
quality	Run repository quality gate	2026-10-05T13:44:53.5856519Z
quality	Run repository quality gate	2026-10-05T13:44:53.5856769Z ##[endgroup]
quality	Run repository quality gate	2026-10-05T13:44:53.5856956Z
quality	Run repository quality gate	2026-10-05T13:44:53.5857274Z ##[group]test/pool.spec.ts:
quality	Run repository quality gate	2026-10-05T13:44:53.5857580Z (pass) runLimited > runs every item
quality	Run repository quality gate	2026-10-05T13:44:53.5857924Z (pass) runLimited > runs an item whose value is undefined
quality	Run repository quality gate	2026-10-05T13:44:53.5858362Z (pass) runLimited > never exceeds the width it was given [43.00ms]
quality	Run repository quality gate	2026-10-05T13:44:53.5858915Z (pass) runLimited > does nothing with nothing
quality	Run repository quality gate	2026-10-05T13:44:53.5859429Z (pass) runLimited > stops handing out items once the signal aborts
quality	Run repository quality gate	2026-10-05T13:44:53.5860104Z (pass) runLimited > does not spawn more workers than items [6.00ms]
quality	Run repository quality gate	2026-10-05T13:44:53.5860664Z (pass) collapsing > still runs a poke that arrived during a failed drain
quality	Run repository quality gate	2026-10-05T13:44:53.5861216Z (pass) collapsing > folds every poke during a drain into one trailing run [1.00ms]
quality	Run repository quality gate	2026-10-05T13:44:53.5861556Z
quality	Run repository quality gate	2026-10-05T13:44:53.5861879Z ##[endgroup]
quality	Run repository quality gate	2026-10-05T13:44:53.5870277Z
quality	Run repository quality gate	2026-10-05T13:44:53.5870922Z ##[group]test/workspace.spec.ts:
quality	Run repository quality gate	2026-10-05T13:44:53.5871576Z (pass) who we are > says nothing at all when the install has no workspace [1.00ms]
quality	Run repository quality gate	2026-10-05T13:44:53.5872142Z (pass) who we are > names us, and refuses to invent the rest
quality	Run repository quality gate	2026-10-05T13:44:53.5872625Z (pass) who we are > states what we sell and who to
quality	Run repository quality gate	2026-10-05T13:44:53.5873154Z (pass) who we are > hands the website's own words over as data, not as instructions
quality	Run repository quality gate	2026-10-05T13:44:53.5873787Z (pass) who we are > tells the agent what the context is for, and what it is not for
quality	Run repository quality gate	2026-10-05T13:44:53.5874365Z (pass) who we are > stays small enough to sit in front of every session
quality	Run repository quality gate	2026-10-05T13:44:53.5875026Z (pass) every session is told who we are > carries the block in front of the capabilities [1.00ms]
quality	Run repository quality gate	2026-10-05T13:44:53.5875739Z (pass) every session is told who we are > degrades to the capabilities alone [1.00ms]
quality	Run repository quality gate	2026-10-05T13:44:53.5876611Z (pass) a profile belongs to the website it was read from > is ours while the website is unchanged
quality	Run repository quality gate	2026-10-05T13:44:53.5877384Z (pass) a profile belongs to the website it was read from > is dropped the moment the website changes
quality	Run repository quality gate	2026-10-05T13:44:53.5878145Z (pass) a profile belongs to the website it was read from > is dropped when the website is taken away
quality	Run repository quality gate	2026-10-05T13:44:53.5878691Z 116 | });
quality	Run repository quality gate	2026-10-05T13:44:53.5879158Z 117 |
quality	Run repository quality gate	2026-10-05T13:44:53.5879517Z 118 | describe("the website has to be somewhere a fetch can go", () => {
quality	Run repository quality gate	2026-10-05T13:44:53.5880061Z 119 | 	it("takes a bare domain and gives back a URL", () => {
quality	Run repository quality gate	2026-10-05T13:44:53.5880639Z 120 | 		expect(websiteUrl("product.example")).toBe("https://product.example");
quality	Run repository quality gate	2026-10-05T13:44:53.5881221Z 121 | 		expect(websiteUrl(" WWW.Product.Example/ ")).toBe(
quality	Run repository quality gate	2026-10-05T13:44:53.5881736Z                                                      ^
quality	Run repository quality gate	2026-10-05T13:44:53.5882114Z error: expect(received).toBe(expected)
quality	Run repository quality gate	2026-10-05T13:44:53.5882353Z
quality	Run repository quality gate	2026-10-05T13:44:53.5882508Z Expected: "https://product.example"
quality	Run repository quality gate	2026-10-05T13:44:53.5882870Z Received: "https://www.product.example"
quality	Run repository quality gate	2026-10-05T13:44:53.5883120Z
quality	Run repository quality gate	2026-10-05T13:44:53.5883468Z       at <anonymous> (/home/runner/work/tayvero/tayvero/apps/agent/test/workspace.spec.ts:121:48)
quality	Run repository quality gate	2026-10-05T13:44:53.5883916Z
quality	Run repository quality gate	2026-10-05T13:44:53.5888296Z ##[error]Expected: "https://product.example"
quality	Run repository quality gate	Received: "https://www.product.example"
quality	Run repository quality gate
quality	Run repository quality gate	      at <anonymous> (/home/runner/work/tayvero/tayvero/apps/agent/test/workspace.spec.ts:121:48)
quality	Run repository quality gate	2026-10-05T13:44:53.5890730Z (fail) the website has to be somewhere a fetch can go > takes a bare domain and gives back a URL [1.00ms]
quality	Run repository quality gate	2026-10-05T13:44:53.5891443Z (pass) the website has to be somewhere a fetch can go > keeps a scheme it can fetch, and a path that means something
quality	Run repository quality gate	2026-10-05T13:44:53.5892116Z (pass) the website has to be somewhere a fetch can go > refuses anything that is not a web address
quality	Run repository quality gate	2026-10-05T13:44:53.5892653Z (pass) the profile cannot grow > clamps a line that runs on
quality	Run repository quality gate	2026-10-05T13:44:53.5893094Z (pass) the profile cannot grow > drops what the site did not say
quality	Run repository quality gate	2026-10-05T13:44:53.5893569Z (pass) the profile cannot grow > keeps the narrative shorter than a paragraph
quality	Run repository quality gate	2026-10-05T13:44:53.5893881Z
quality	Run repository quality gate	2026-10-05T13:44:53.5894183Z ##[endgroup]
quality	Run repository quality gate	2026-10-05T13:44:53.5894310Z
quality	Run repository quality gate	2026-10-05T13:44:53.5894654Z ##[group]test/approval-continuation-wiring.test.mjs:
quality	Run repository quality gate	2026-10-05T13:44:53.5895227Z (pass) both native mutation tools preserve disabled-default behavior before parsing optional input [1.00ms]
quality	Run repository quality gate	2026-10-05T13:44:53.5895869Z (pass) native event journal observer is wired outside the best-effort audit catch
quality	Run repository quality gate	2026-10-05T13:44:53.5896504Z (pass) timeout confirmation remains inside the locked transaction and completion cannot skip pending consent
quality	Run repository quality gate	2026-10-05T13:44:53.5897222Z (pass) strict Turbo development passes the actual application feature/config variable names [1.00ms]
quality	Run repository quality gate	2026-10-05T13:44:53.5897593Z
quality	Run repository quality gate	2026-10-05T13:44:53.5897861Z ##[endgroup]
quality	Run repository quality gate	2026-10-05T13:44:53.5898005Z
quality	Run repository quality gate	2026-10-05T13:44:53.5898290Z ##[group]test/tasks.integration.spec.ts:
quality	Run repository quality gate	2026-10-05T13:44:53.5898657Z (pass) claimDue > claims due work and leases it [10.00ms]
quality	Run repository quality gate	2026-10-05T13:44:53.5899370Z (pass) claimDue > does not hand the same row to two dispatchers [6.00ms]
quality	Run repository quality gate	2026-10-05T13:44:53.5899908Z (pass) claimDue > leaves work that is not due yet [6.00ms]
quality	Run repository quality gate	2026-10-05T13:44:53.5900319Z (pass) claimDue > takes the most urgent first [4.00ms]
quality	Run repository quality gate	2026-10-05T13:44:53.5900802Z (pass) claimDue > does not re-claim a leased row, and does re-claim an expired one [10.00ms]
quality	Run repository quality gate	2026-10-05T13:44:53.5901353Z (pass) claimDue > stops handing out a row that has spent its attempts [8.00ms]
quality	Run repository quality gate	2026-10-05T13:44:53.5901844Z (pass) claimDue > counts the attempts it has handed out [7.00ms]
quality	Run repository quality gate	2026-10-05T13:44:53.5902299Z (pass) claimDue > stops claiming once the work is finished [9.00ms]
quality	Run repository quality gate	2026-10-05T13:44:53.5902870Z (pass) retireExhausted > gives up on a row that never reported back, and says who it was about [16.00ms]
quality	Run repository quality gate	2026-10-05T13:44:53.5903498Z (pass) retireExhausted > leaves a row that is still leased on its last attempt alone [10.00ms]
quality	Run repository quality gate	2026-10-05T13:44:53.5904231Z (pass) retireExhausted > leaves work that still has attempts left [4.00ms]
quality	Run repository quality gate	2026-10-05T13:44:53.5904739Z (pass) retireExhausted > retires no more rows than the limit allows [21.00ms]
quality	Run repository quality gate	2026-10-05T13:44:53.5905273Z (pass) completeTask > retires a row once, and reports who it was about [12.00ms]
quality	Run repository quality gate	2026-10-05T13:44:53.5905773Z (pass) scheduleTask > books work with the agent's own reason [8.00ms]
quality	Run repository quality gate	2026-10-05T13:44:53.5906299Z (pass) scheduleTask > moves the existing booking rather than queueing a second one [8.00ms]
quality	Run repository quality gate	2026-10-05T13:44:53.5906655Z
quality	Run repository quality gate	2026-10-05T13:44:53.5906931Z ##[endgroup]
quality	Run repository quality gate	2026-10-05T13:44:53.5907058Z
quality	Run repository quality gate	2026-10-05T13:44:53.5907340Z ##[group]test/evidence.spec.ts:
quality	Run repository quality gate	2026-10-05T13:44:53.5907786Z (pass) scoreEvidence > writes a fact when a primary source names them
quality	Run repository quality gate	2026-10-05T13:44:53.5908260Z (pass) scoreEvidence > treats our own mailbox as primary evidence
quality	Run repository quality gate	2026-10-05T13:44:53.5909010Z (pass) scoreEvidence > writes a title a signature block states on a thread they replied to
quality	Run repository quality gate	2026-10-05T13:44:53.5909647Z (pass) scoreEvidence > refuses to write anything without a primary source, however much of it there is
quality	Run repository quality gate	2026-10-05T13:44:53.5910330Z (pass) scoreEvidence > holds the primary-source rule even if the weights are re-calibrated upwards
quality	Run repository quality gate	2026-10-05T13:44:53.5910909Z (pass) scoreEvidence > makes an unreadable X handle a suggestion, not a value
quality	Run repository quality gate	2026-10-05T13:44:53.5911459Z (pass) scoreEvidence > holds a fact when sources disagree, rather than averaging them
quality	Run repository quality gate	2026-10-05T13:44:53.5911958Z (pass) scoreEvidence > drops evidence too weak to keep at all
quality	Run repository quality gate	2026-10-05T13:44:53.5912359Z (pass) scoreEvidence > never claims certainty
quality	Run repository quality gate	2026-10-05T13:44:53.5912751Z (pass) scoreEvidence > explains itself in words a rep could read
quality	Run repository quality gate	2026-10-05T13:44:53.5913027Z
quality	Run repository quality gate	2026-10-05T13:44:53.5913285Z ##[endgroup]
quality	Run repository quality gate	2026-10-05T13:44:53.5913426Z
quality	Run repository quality gate	2026-10-05T13:44:53.5913710Z ##[group]test/custom-agent-runtime.spec.ts:
quality	Run repository quality gate	2026-10-05T13:44:53.5914259Z (pass) custom agent continuation tokens > round-trips a builder conversation through the channel token [1.00ms]
quality	Run repository quality gate	2026-10-05T13:44:53.5914998Z (pass) custom agent continuation tokens > round-trips a team agent run without accepting another token kind [1.00ms]
quality	Run repository quality gate	2026-10-05T13:44:53.5915765Z (pass) builder delivery messages > keeps clarification answers in agent-creation mode without coercing chat [1.00ms]
quality	Run repository quality gate	2026-10-05T13:44:53.5916453Z (pass) builder delivery messages > routes a selected answer back to the parked Eve input request
quality	Run repository quality gate	2026-10-05T13:44:53.5917086Z (pass) builder delivery messages > routes a written answer back to the parked Eve input request
quality	Run repository quality gate	2026-10-05T13:44:53.5917712Z (pass) builder delivery messages > delivers persisted attachment bytes with model-visible metadata
quality	Run repository quality gate	2026-10-05T13:44:53.5918381Z (pass) session purpose boundaries > reads current-turn attributes before initiator attributes [1.00ms]
quality	Run repository quality gate	2026-10-05T13:44:53.5919200Z (pass) session purpose boundaries > defaults ordinary CRM sessions to research
quality	Run repository quality gate	2026-10-05T13:44:53.5919843Z (pass) session purpose boundaries > rejects research writes from builder and team-agent sessions
quality	Run repository quality gate	2026-10-05T13:44:53.5920541Z (pass) session purpose boundaries > leaves the read-only deal list open to the assistant chat that is told to use it
quality	Run repository quality gate	2026-10-05T13:44:53.5921215Z (pass) session purpose boundaries > binds specialist tools to their explicit session purpose
quality	Run repository quality gate	2026-10-05T13:44:53.5921847Z (pass) deployed agent data sources > enables only integrations stored in the approved manifest
quality	Run repository quality gate	2026-10-05T13:44:53.5922457Z (pass) deployed Slack actions > derives the destination from the deployed manifest [4.00ms]
quality	Run repository quality gate	2026-10-05T13:44:53.5923023Z (pass) deployed Slack actions > posts with a stable Slack replay id [3.00ms]
quality	Run repository quality gate	2026-10-05T13:44:53.5923528Z (pass) deployed Slack actions > surfaces an actionable missing-channel error
quality	Run repository quality gate	2026-10-05T13:44:53.5924095Z (pass) deployed action capabilities > registers a capability for every draftable action
quality	Run repository quality gate	2026-10-05T13:44:53.5924706Z (pass) builder command routing > delegates only the explicit creation command to the agent builder
quality	Run repository quality gate	2026-10-05T13:44:53.5925464Z (pass) builder command routing > requires the configured model to title only a new builder chat
quality	Run repository quality gate	2026-10-05T13:44:53.5926050Z (pass) builder delegation guard > allows one idempotent builder delegation per turn
quality	Run repository quality gate	2026-10-05T13:44:53.5926690Z (pass) agent builder execution guard > bounds save attempts and permits only final output after saving [1.00ms]
quality	Run repository quality gate	2026-10-05T13:44:53.5927317Z (pass) agent builder execution guard > requires draft saving to run by itself
quality	Run repository quality gate	2026-10-05T13:44:53.5927894Z (pass) agent builder draft input > separates canonical integrations from exact CRM resources [2.00ms]
quality	Run repository quality gate	2026-10-05T13:44:53.5928496Z (pass) agent builder draft input > rejects guessed integration resource objects
quality	Run repository quality gate	2026-10-05T13:44:53.5929307Z (pass) agent builder draft input > keeps the approved Slack destination and its resolution mode [1.00ms]
quality	Run repository quality gate	2026-10-05T13:44:53.5929912Z (pass) agent builder draft input > keeps an approved Slack person destination
quality	Run repository quality gate	2026-10-05T13:44:53.5930463Z (pass) agent builder draft input > rejects Slack destinations outside the inspected choices
quality	Run repository quality gate	2026-10-05T13:44:53.5931060Z (pass) agent builder draft input > requires the Slack integration for a Slack post action
quality	Run repository quality gate	2026-10-05T13:44:53.5931641Z (pass) agent builder draft input > trims trigger metadata and rejects blank text [1.00ms]
quality	Run repository quality gate	2026-10-05T13:44:53.5932242Z (pass) agent builder draft input > accepts multiple supported CRM events without a polling schedule
quality	Run repository quality gate	2026-10-05T13:44:53.5932909Z (pass) agent builder draft access > declares the writes a draft was granted, not just its reads [1.00ms]
quality	Run repository quality gate	2026-10-05T13:44:53.5933505Z (pass) agent builder draft access > only declares the activity types actually granted
quality	Run repository quality gate	2026-10-05T13:44:53.5934027Z (pass) agent builder draft access > keeps a read-only draft read-only
quality	Run repository quality gate	2026-10-05T13:44:53.5934545Z (pass) agent builder draft access > does not repeat an activity type granted by two actions
quality	Run repository quality gate	2026-10-05T13:44:53.5934886Z
quality	Run repository quality gate	2026-10-05T13:44:53.5935158Z ##[endgroup]
quality	Run repository quality gate	2026-10-05T13:44:53.5935300Z
quality	Run repository quality gate	2026-10-05T13:44:53.5935620Z ##[group]test/governed-action-execution.test.mjs:
quality	Run repository quality gate	2026-10-05T13:44:53.5936127Z (pass) the dependency-free service core delegates only through the governed executor [6.00ms]
quality	Run repository quality gate	2026-10-05T13:44:53.5936698Z (pass) the production service composition uses the same governed path [1.00ms]
quality	Run repository quality gate	2026-10-05T13:44:53.5937160Z (pass) requires an explicit catalog-only registry
quality	Run repository quality gate	2026-10-05T13:44:53.5937617Z (pass) rejects model attempts to provide execution context or control fields [1.00ms]
quality	Run repository quality gate	2026-10-05T13:44:53.5938137Z (pass) rejects invalid input before any action executor side effect
quality	Run repository quality gate	2026-10-05T13:44:53.5938635Z (pass) rejects invalid cancellation objects and unknown execution options [1.00ms]
quality	Run repository quality gate	2026-10-05T13:44:53.5939458Z (pass) the Prisma composition persists receipts and audit through the governed path [3.00ms]
quality	Run repository quality gate	2026-10-05T13:44:53.5940047Z (pass) the Prisma composition fails fast when governance dependencies are missing
quality	Run repository quality gate	2026-10-05T13:44:53.5940370Z
quality	Run repository quality gate	2026-10-05T13:44:53.5940631Z ##[endgroup]
quality	Run repository quality gate	2026-10-05T13:44:53.5940771Z
quality	Run repository quality gate	2026-10-05T13:44:53.5941041Z ##[group]test/drain.spec.ts:
quality	Run repository quality gate	2026-10-05T13:44:53.5941468Z (pass) collapsing > a burst of pokes is one drain and one catch-up, not one drain each
quality	Run repository quality gate	2026-10-05T13:44:53.5942061Z (pass) collapsing > work queued mid-drain gets a trailing run rather than waiting for the cron
quality	Run repository quality gate	2026-10-05T13:44:53.5942609Z (pass) collapsing > a failed drain does not wedge the next one
quality	Run repository quality gate	2026-10-05T13:44:53.5943097Z (pass) collapsing > hands the trailing run the arguments of the poke that asked for it
quality	Run repository quality gate	2026-10-05T13:44:53.5943705Z (pass) taskAuth > reads as the app principal, so an unattended turn is not asked to approve itself
quality	Run repository quality gate	2026-10-05T13:44:53.5944252Z (pass) taskAuth > carries the record and the budget the preamble needs
quality	Run repository quality gate	2026-10-05T13:44:53.5944706Z (pass) taskAuth > omits the id of a record the task does not name
quality	Run repository quality gate	2026-10-05T13:44:53.5945198Z (pass) taskAuth > prefers the principal eve hands the schedule over our own copy
quality	Run repository quality gate	2026-10-05T13:44:53.5945614Z
quality	Run repository quality gate	2026-10-05T13:44:53.5945867Z ##[endgroup]
quality	Run repository quality gate	2026-10-05T13:44:53.5946005Z
quality	Run repository quality gate	2026-10-05T13:44:53.5946311Z ##[group]test/builder-runtime.integration.spec.ts:
quality	Run repository quality gate	2026-10-05T13:44:53.5946852Z (pass) builder persistence > persists a proxied child question on its builder conversation [36.00ms]
quality	Run repository quality gate	2026-10-05T13:44:53.5947550Z (pass) builder persistence > ignores a delayed question from a turn the session has already left [12.00ms]
quality	Run repository quality gate	2026-10-05T13:44:53.5948179Z (pass) builder persistence > sets a concise model-authored title only once [6.00ms]
quality	Run repository quality gate	2026-10-05T13:44:53.5948904Z (pass) builder persistence > serializes concurrent file writes and draft saves [84.00ms]
quality	Run repository quality gate	2026-10-05T13:44:53.5949536Z (pass) builder persistence > assigns consecutive versions to distinct concurrent drafts [65.00ms]
quality	Run repository quality gate	2026-10-05T13:44:53.5950296Z (pass) builder persistence > persists every event trigger on one agent version [21.00ms]
quality	Run repository quality gate	2026-10-05T13:44:53.5950932Z (pass) builder persistence > fails closed on unsupported integrations and ambiguous record scope [17.00ms]
quality	Run repository quality gate	2026-10-05T13:44:53.5951638Z (pass) builder persistence > keeps a live definition unchanged until a revised version is deployed [63.00ms]
quality	Run repository quality gate	2026-10-05T13:44:53.5952038Z
quality	Run repository quality gate	2026-10-05T13:44:53.5952293Z ##[endgroup]
quality	Run repository quality gate	2026-10-05T13:44:53.5952430Z
quality	Run repository quality gate	2026-10-05T13:44:53.5952707Z ##[group]test/lanes.integration.spec.ts:
quality	Run repository quality gate	2026-10-05T13:44:53.5953215Z (pass) dispatch lanes > keeps a logo out of the research lane and a brief out of the visible one [7.00ms]
quality	Run repository quality gate	2026-10-05T13:44:53.5953812Z (pass) dispatch lanes > a logo is never starved by a queue full of research [27.00ms]
quality	Run repository quality gate	2026-10-05T13:44:53.5954323Z (pass) dispatch lanes > takes the visible work in priority order [4.00ms]
quality	Run repository quality gate	2026-10-05T13:44:53.5954907Z (pass) dispatch lanes > sends the who-are-we pass to the research lane, ahead of the contacts [9.00ms]
quality	Run repository quality gate	2026-10-05T13:44:53.5955463Z (pass) dispatch lanes > leases the two lanes independently [5.00ms]
quality	Run repository quality gate	2026-10-05T13:44:53.5955939Z (pass) kind vocabulary > agrees on which kinds skip the model [1.00ms]
quality	Run repository quality gate	2026-10-05T13:44:53.5956471Z (pass) kind vocabulary > puts what a rep sees first above what they have to click for [1.00ms]
quality	Run repository quality gate	2026-10-05T13:44:53.5956819Z
quality	Run repository quality gate	2026-10-05T13:44:53.5957066Z ##[endgroup]
quality	Run repository quality gate	2026-10-05T13:44:53.5957203Z
quality	Run repository quality gate	2026-10-05T13:44:53.5957495Z ##[group]test/lookup.integration.spec.ts:
quality	Run repository quality gate	2026-10-05T13:44:53.5957848Z (pass) searchCrm > finds a company by name [12.00ms]
quality	Run repository quality gate	2026-10-05T13:44:53.5958282Z (pass) searchCrm > finds the people at a company named in the query [2.00ms]
quality	Run repository quality gate	2026-10-05T13:44:53.5958948Z (pass) searchCrm > returns both people behind an ambiguous surname [7.00ms]
quality	Run repository quality gate	2026-10-05T13:44:53.5959650Z (pass) searchCrm > finds a person by their address, and the company on its domain [7.00ms]
quality	Run repository quality gate	2026-10-05T13:44:53.5960172Z (pass) searchCrm > treats a bare domain as the company [3.00ms]
quality	Run repository quality gate	2026-10-05T13:44:53.5960572Z (pass) searchCrm > finds a deal by name [5.00ms]
quality	Run repository quality gate	2026-10-05T13:44:53.5960965Z (pass) searchCrm > narrows to the kinds asked for [1.00ms]
quality	Run repository quality gate	2026-10-05T13:44:53.5961382Z (pass) searchCrm > finds nothing rather than guessing [2.00ms]
quality	Run repository quality gate	2026-10-05T13:44:53.5961875Z (pass) searchCrm > ranks a whole-phrase match above rows sharing only one word [2.00ms]
quality	Run repository quality gate	2026-10-05T13:44:53.5962388Z (pass) searchCrm > refuses a query too short to mean anything
quality	Run repository quality gate	2026-10-05T13:44:53.5962826Z (pass) listDeals > lists stale open deals across the pipeline [4.00ms]
quality	Run repository quality gate	2026-10-05T13:44:53.5963342Z (pass) listDeals > paginates a broad deal sweep without repeating a row [8.00ms]
quality	Run repository quality gate	2026-10-05T13:44:53.5963665Z
quality	Run repository quality gate	2026-10-05T13:44:53.5963917Z ##[endgroup]
quality	Run repository quality gate	2026-10-05T13:44:53.5964054Z
quality	Run repository quality gate	2026-10-05T13:44:53.5964328Z ##[group]test/same-value.spec.ts:
quality	Run repository quality gate	2026-10-05T13:44:53.5964640Z (pass) sameValue > ignores a trailing slash
quality	Run repository quality gate	2026-10-05T13:44:53.5965027Z (pass) sameValue > ignores www, the scheme and case [1.00ms]
quality	Run repository quality gate	2026-10-05T13:44:53.5965457Z (pass) sameValue > reads twitter.com and x.com as the same account
quality	Run repository quality gate	2026-10-05T13:44:53.5965900Z (pass) sameValue > still separates two different profiles
quality	Run repository quality gate	2026-10-05T13:44:53.5966315Z (pass) sameValue > does not merge two hosts that only look alike
quality	Run repository quality gate	2026-10-05T13:44:53.5966878Z (pass) sameValue > collapses the whitespace in a plain value
quality	Run repository quality gate	2026-10-05T13:44:53.5967282Z (pass) sameValue > leaves a plain value otherwise alone
quality	Run repository quality gate	2026-10-05T13:44:53.5967709Z (pass) sameValue > drops a query string, because a profile is its path
quality	Run repository quality gate	2026-10-05T13:44:53.5968167Z (pass) sameValue > compares a value that is not a URL as text
quality	Run repository quality gate	2026-10-05T13:44:53.5968424Z
quality	Run repository quality gate	2026-10-05T13:44:53.5968675Z ##[endgroup]
quality	Run repository quality gate	2026-10-05T13:44:53.5968947Z
quality	Run repository quality gate	2026-10-05T13:44:53.5969262Z ##[group]test/governed-run-action-runtime.test.mjs:
quality	Run repository quality gate	2026-10-05T13:44:53.5969708Z (pass) publishes only the two governed external run actions [2.00ms]
quality	Run repository quality gate	2026-10-05T13:44:53.5970213Z (pass) passes the full governed idempotency envelope to the CRM side effect [2.00ms]
quality	Run repository quality gate	2026-10-05T13:44:53.5970890Z (pass) replays a completed governed receipt without repeating the business side effect [2.00ms]
quality	Run repository quality gate	2026-10-05T13:44:53.5971457Z (pass) rejects reuse of one run call for different business input [1.00ms]
quality	Run repository quality gate	2026-10-05T13:44:53.5971961Z (pass) denies execution before the side effect when object authorization fails
quality	Run repository quality gate	2026-10-05T13:44:53.5972500Z (pass) rejects model/control-field injection and invalid business input [1.00ms]
quality	Run repository quality gate	2026-10-05T13:44:53.5973004Z (pass) honors cancellation before acquiring or executing a side effect
quality	Run repository quality gate	2026-10-05T13:44:53.5973529Z (pass) routes Slack through the same governed receipt and execution envelope [1.00ms]
quality	Run repository quality gate	2026-10-05T13:44:53.5974110Z (pass) rejects accessor-backed request fields without invoking application code [1.00ms]
quality	Run repository quality gate	2026-10-05T13:44:53.5974675Z (pass) rejects accessor-backed business input without evaluating its getter
quality	Run repository quality gate	2026-10-05T13:44:53.5975234Z (pass) rejects ambiguous identifier separators before deriving an idempotency key [1.00ms]
quality	Run repository quality gate	2026-10-05T13:44:53.5975792Z (pass) rejects malformed policy decisions before acquiring a receipt [1.00ms]
quality	Run repository quality gate	2026-10-05T13:44:53.5976335Z (pass) rejects misspelled runtime dependencies instead of ignoring configuration
quality	Run repository quality gate	2026-10-05T13:44:53.5976654Z
quality	Run repository quality gate	2026-10-05T13:44:53.5976906Z ##[endgroup]
quality	Run repository quality gate	2026-10-05T13:44:53.5977044Z
quality	Run repository quality gate	2026-10-05T13:44:53.5977309Z ##[group]test/names.spec.ts:
quality	Run repository quality gate	2026-10-05T13:44:53.5977683Z (pass) searchTerms > strips the initial off a run-together handle
quality	Run repository quality gate	2026-10-05T13:44:53.5978130Z (pass) searchTerms > trusts an explicit separator over any guess
quality	Run repository quality gate	2026-10-05T13:44:53.5978570Z (pass) searchTerms > tries the whole handle before decomposing it
quality	Run repository quality gate	2026-10-05T13:44:53.5979198Z (pass) searchTerms > never emits a fragment too short to search usefully
quality	Run repository quality gate	2026-10-05T13:44:53.5979719Z (pass) looksLikeSameCompany > matches an employer to the shorter name the CRM holds
quality	Run repository quality gate	2026-10-05T13:44:53.5980232Z (pass) looksLikeSameCompany > rejects an unrelated employer
quality	Run repository quality gate	2026-10-05T13:44:53.5980683Z (pass) nameMatchesLocalPart > accepts the initial-plus-surname form
quality	Run repository quality gate	2026-10-05T13:44:53.5981211Z (pass) nameMatchesLocalPart > accepts first-name-only and run-together forms
quality	Run repository quality gate	2026-10-05T13:44:53.5981761Z (pass) nameMatchesLocalPart > rejects a stranger who merely turned up in the results
quality	Run repository quality gate	2026-10-05T13:44:53.5982318Z (pass) nameMatchesLocalPart > rejects when the profile carries no name at all
quality	Run repository quality gate	2026-10-05T13:44:53.5982800Z (pass) sameDomain > keeps two hyphenated domains apart
quality	Run repository quality gate	2026-10-05T13:44:53.5983216Z (pass) sameDomain > matches the same host however it is written
quality	Run repository quality gate	2026-10-05T13:44:53.5983660Z (pass) sameDomain > keeps different companies apart [1.00ms]
quality	Run repository quality gate	2026-10-05T13:44:53.5984058Z (pass) sameDomain > refuses an empty or missing domain
quality	Run repository quality gate	2026-10-05T13:44:53.5984297Z
quality	Run repository quality gate	2026-10-05T13:44:53.5984545Z ##[endgroup]
quality	Run repository quality gate	2026-10-05T13:44:53.5984683Z
quality	Run repository quality gate	2026-10-05T13:44:53.5985020Z ##[group]test/approval-continuation-transport.test.mjs:
quality	Run repository quality gate	2026-10-05T13:44:53.5985565Z (pass) continuation token admits only the exact session/decision body and preserves principal [4.00ms]
quality	Run repository quality gate	2026-10-05T13:44:53.5986264Z (pass) session/create/general token, altered body, verb, signature and time are rejected before admission [2.00ms]
quality	Run repository quality gate	2026-10-05T13:44:53.5986982Z (pass) bounded authentication rejects oversized and malicious JSON without creating consent [1.00ms]
quality	Run repository quality gate	2026-10-05T13:44:53.5987694Z (pass) expired token during bounded body processing does not enter admission [1.00ms]
quality	Run repository quality gate	2026-10-05T13:44:53.5988323Z (pass) transport sends one exact ID request on a real loopback HTTP server, never a new session [11.00ms]
quality	Run repository quality gate	2026-10-05T13:44:53.5989184Z (pass) transport rejects untrusted origins, redirects/errors, mismatched acknowledgement and never retries [1.00ms]
quality	Run repository quality gate	2026-10-05T13:44:53.5989618Z
quality	Run repository quality gate	2026-10-05T13:44:53.5989867Z ##[endgroup]
quality	Run repository quality gate	2026-10-05T13:44:53.5990004Z
quality	Run repository quality gate	2026-10-05T13:44:53.5990318Z ##[group]test/deployment-action-policy.test.mjs:
quality	Run repository quality gate	2026-10-05T13:44:53.5990817Z (pass) unset and example-env blank rules preserve the bounded deployed manifest policy [2.00ms]
quality	Run repository quality gate	2026-10-05T13:44:53.5991430Z (pass) malformed configuration fails closed, never silently ignores intended restrictions
quality	Run repository quality gate	2026-10-05T13:44:53.5992082Z (pass) deployment rules and read-only mode cannot be changed with request fields
quality	Run repository quality gate	2026-10-05T13:44:53.5992398Z
quality	Run repository quality gate	2026-10-05T13:44:53.5992643Z ##[endgroup]
quality	Run repository quality gate	2026-10-05T13:44:53.5992785Z
quality	Run repository quality gate	2026-10-05T13:44:53.5993082Z ##[group]test/keyless-brand.integration.spec.ts:
quality	Run repository quality gate	2026-10-05T13:44:53.5993583Z (pass) a brand task with no key > leaves the company where the sweep will find it again [10.00ms]
quality	Run repository quality gate	2026-10-05T13:44:53.5994161Z (pass) a brand task with no key > does not strand a company that had already failed [7.00ms]
quality	Run repository quality gate	2026-10-05T13:44:53.5994723Z (pass) a brand task with no key > still settles a lookup that genuinely ran [4.00ms]
quality	Run repository quality gate	2026-10-05T13:44:53.5995275Z (pass) a brand task with no key > records a failure on a company that never started [13.00ms]
quality	Run repository quality gate	2026-10-05T13:44:53.5995848Z (pass) a brand task with no key > does not revive a company that already completed [7.00ms]
quality	Run repository quality gate	2026-10-05T13:44:53.5996513Z (pass) a brand task on a company with no domain > marks the company skipped, because no sweep will find it again [14.00ms]
quality	Run repository quality gate	2026-10-05T13:44:53.5997263Z (pass) a brand task on a company with no domain > still leaves a keyless install's company pending for the sweep [8.00ms]
quality	Run repository quality gate	2026-10-05T13:44:53.5997689Z
quality	Run repository quality gate	2026-10-05T13:44:53.5997950Z ##[endgroup]
quality	Run repository quality gate	2026-10-05T13:44:53.5998072Z
quality	Run repository quality gate	2026-10-05T13:44:53.5998368Z ##[group]test/run-execution-budget.test.mjs:
quality	Run repository quality gate	2026-10-05T13:44:53.5998932Z (pass) timeout selection cannot fail a run that parked after the query snapshot
quality	Run repository quality gate	2026-10-05T13:44:53.5999513Z (pass) resume uses extended execution budget without changing historical startedAt
quality	Run repository quality gate	2026-10-05T13:44:53.6000057Z (pass) cancelled, detached and terminal runs are never timed out by a stale scan
quality	Run repository quality gate	2026-10-05T13:44:53.6000581Z (pass) execution budget rejects corrupt configuration and saved deadlines
quality	Run repository quality gate	2026-10-05T13:44:53.6000887Z
quality	Run repository quality gate	2026-10-05T13:44:53.6001153Z ##[endgroup]
quality	Run repository quality gate	2026-10-05T13:44:53.6001275Z
quality	Run repository quality gate	2026-10-05T13:44:53.6001567Z ##[group]test/people.spec.ts:
quality	Run repository quality gate	2026-10-05T13:44:53.6002019Z (pass) reading a person out of an enrichment > parses the profile, the roles and the dates [3.00ms]
quality	Run repository quality gate	2026-10-05T13:44:53.6002731Z (pass) reading a person out of an enrichment > takes the LinkedIn URL as the profile, not the first social link [1.00ms]
quality	Run repository quality gate	2026-10-05T13:44:53.6003401Z (pass) reading a person out of an enrichment > never treats another social page as the profile
quality	Run repository quality gate	2026-10-05T13:44:53.6004022Z (pass) reading a person out of an enrichment > has no profile at all when nothing points anywhere
quality	Run repository quality gate	2026-10-05T13:44:53.6004668Z (pass) reading a person out of an enrichment > counts a current earlier role among the current ones [1.00ms]
quality	Run repository quality gate	2026-10-05T13:44:53.6005297Z (pass) reading a person out of an enrichment > refuses a face that is not served over https
quality	Run repository quality gate	2026-10-05T13:44:53.6005896Z (pass) reading a person out of an enrichment > refuses a face served from a host we do not trust
quality	Run repository quality gate	2026-10-05T13:44:53.6006490Z (pass) reading a person out of an enrichment > keeps the face Context actually serves [1.00ms]
quality	Run repository quality gate	2026-10-05T13:44:53.6007092Z (pass) reading a person out of an enrichment > keeps both current roles held at one employer
quality	Run repository quality gate	2026-10-05T13:44:53.6007670Z (pass) reading a person out of an enrichment > survives a profile with nothing on it [1.00ms]
quality	Run repository quality gate	2026-10-05T13:44:53.6008347Z (pass) a match nobody should act on > treats not_found as an ordinary empty answer
quality	Run repository quality gate	2026-10-05T13:44:53.6009103Z (pass) a match nobody should act on > throws away a match Context itself is unsure of
quality	Run repository quality gate	2026-10-05T13:44:53.6009647Z (pass) a match nobody should act on > keeps a match that just clears the floor
quality	Run repository quality gate	2026-10-05T13:44:53.6010185Z (pass) a match nobody should act on > never hands the score on, so it cannot be read as proof
quality	Run repository quality gate	2026-10-05T13:44:53.6010525Z
quality	Run repository quality gate	2026-10-05T13:44:53.6010776Z ##[endgroup]
quality	Run repository quality gate	2026-10-05T13:44:53.6010915Z
quality	Run repository quality gate	2026-10-05T13:44:53.6011211Z ##[group]test/stale-tasks.integration.spec.ts:
quality	Run repository quality gate	2026-10-05T13:44:53.6011752Z (pass) a task whose lease ran out > gives up once the attempts are gone, and says so on the record [22.00ms]
quality	Run repository quality gate	2026-10-05T13:44:53.6012358Z (pass) a task whose lease ran out > waits again when it still has attempts left [9.00ms]
quality	Run repository quality gate	2026-10-05T13:44:53.6012982Z (pass) a task that is still being worked on > leaves a live lease alone [9.00ms]
quality	Run repository quality gate	2026-10-05T13:44:53.6013588Z (pass) a task that is still being worked on > leaves a live lease alone even once the record reads complete [6.00ms]
quality	Run repository quality gate	2026-10-05T13:44:53.6014240Z (pass) a task whose record is already done > closes the row the work never closed [15.00ms]
quality	Run repository quality gate	2026-10-05T13:44:53.6014875Z (pass) a task whose record is already done > keeps research work on a company the brand task just finished [10.00ms]
quality	Run repository quality gate	2026-10-05T13:44:53.6015566Z (pass) a task whose record is already done > keeps meeting prep for a contact another task just enriched [8.00ms]
quality	Run repository quality gate	2026-10-05T13:44:53.6016275Z (pass) a task whose record is already done > keeps event work that names a record the agent just enriched [13.00ms]
quality	Run repository quality gate	2026-10-05T13:44:53.6016933Z (pass) a task whose record is already done > never closes a row another sweep is holding [10.00ms]
quality	Run repository quality gate	2026-10-05T13:44:53.6017579Z (pass) a task whose record is already done > keeps a record that finished before this work started [9.00ms]
quality	Run repository quality gate	2026-10-05T13:44:53.6018186Z (pass) a task whose record is already done > keeps work that is booked for a later day [9.00ms]
quality	Run repository quality gate	2026-10-05T13:44:53.6018926Z (pass) a task whose record is already done > keeps work nothing has picked up yet [6.00ms]
quality	Run repository quality gate	2026-10-05T13:44:53.6019448Z (pass) running it twice > changes nothing the second time [24.00ms]
quality	Run repository quality gate	2026-10-05T13:44:53.6019918Z [agent] Stale task reconciliation failed: the database is unreachable
quality	Run repository quality gate	2026-10-05T13:44:53.6020414Z (pass) running it twice > reports a database failure instead of throwing [4.00ms]
quality	Run repository quality gate	2026-10-05T13:44:53.6020887Z [agent] Stale task reconciliation failed: the write failed
quality	Run repository quality gate	2026-10-05T13:44:53.6021354Z (pass) running it twice > keeps the counters a failed sweep already reached [6.00ms]
quality	Run repository quality gate	2026-10-05T13:44:53.6021676Z
quality	Run repository quality gate	2026-10-05T13:44:53.6021929Z ##[endgroup]
quality	Run repository quality gate	2026-10-05T13:44:53.6022071Z
quality	Run repository quality gate	2026-10-05T13:44:53.6022362Z ##[group]test/close-task.integration.spec.ts:
quality	Run repository quality gate	2026-10-05T13:44:53.6022796Z (pass) closeTask > closes the row and marks the record complete [12.00ms]
quality	Run repository quality gate	2026-10-05T13:44:53.6023284Z (pass) closeTask > marks the record skipped when the turn is stopped [8.00ms]
quality	Run repository quality gate	2026-10-05T13:44:53.6023780Z (pass) closeTask > claims a task token it has already closed [10.00ms]
quality	Run repository quality gate	2026-10-05T13:44:53.6024236Z (pass) closeTask > leaves a token that names no task alone [1.00ms]
quality	Run repository quality gate	2026-10-05T13:44:53.6024512Z
quality	Run repository quality gate	2026-10-05T13:44:53.6024747Z ##[endgroup]
quality	Run repository quality gate	2026-10-05T13:44:53.6024875Z
quality	Run repository quality gate	2026-10-05T13:44:53.6025191Z ##[group]test/durable-agent-runtime.integration.spec.ts:
quality	Run repository quality gate	2026-10-05T13:44:53.6025745Z (pass) durable custom-agent runtime > queues one run per matching event trigger and event occurrence [29.00ms]
quality	Run repository quality gate	2026-10-05T13:44:53.6026417Z (pass) durable custom-agent runtime > advances a due trigger only when its run is committed [25.00ms]
quality	Run repository quality gate	2026-10-05T13:44:53.6027097Z (pass) durable custom-agent runtime > recovers only sessionless runs with an expired delivery lease [25.00ms]
quality	Run repository quality gate	2026-10-05T13:44:53.6027790Z (pass) durable custom-agent runtime > claims one live run delivery and persists its Eve session [16.00ms]
quality	Run repository quality gate	2026-10-05T13:44:53.6028475Z (pass) durable custom-agent runtime > runs only one turn per agent while leaving later work queued [11.00ms]
quality	Run repository quality gate	2026-10-05T13:44:53.6029429Z (pass) durable custom-agent runtime > restores a builder continuation when a delivery lease expires [21.00ms]
quality	Run repository quality gate	2026-10-05T13:44:53.6030148Z (pass) durable custom-agent runtime > keeps concurrent builder dispatches in conversation order [25.00ms]
quality	Run repository quality gate	2026-10-05T13:44:53.6030843Z (pass) durable custom-agent runtime > loads persisted attachment bytes into the Eve builder turn [17.00ms]
quality	Run repository quality gate	2026-10-05T13:44:53.6031513Z (pass) durable custom-agent runtime > ingests a replayed Eve event and its usage exactly once [28.00ms]
quality	Run repository quality gate	2026-10-05T13:44:53.6032232Z (pass) durable custom-agent runtime > keeps a nested subagent session from replacing the root run session [9.00ms]
quality	Run repository quality gate	2026-10-05T13:44:53.6032968Z (pass) durable custom-agent runtime > lets the first terminal state win without duplicate terminal logs [75.00ms]
quality	Run repository quality gate	2026-10-05T13:44:53.6033795Z (pass) durable custom-agent runtime > stages tool output before the session owns terminal completion [46.00ms]
quality	Run repository quality gate	2026-10-05T13:44:53.6034477Z (pass) durable custom-agent runtime > fails a run that never performs its declared external action [18.00ms]
quality	Run repository quality gate	2026-10-05T13:44:53.6035148Z (pass) durable custom-agent runtime > refuses a self-reported no-action ending on a manual run [16.00ms]
quality	Run repository quality gate	2026-10-05T13:44:53.6035859Z (pass) durable custom-agent runtime > accepts a no-action ending on an event run whose condition was not met [16.00ms]
quality	Run repository quality gate	2026-10-05T13:44:53.6036367Z [prisma:error]
quality	Run repository quality gate	2026-10-05T13:44:53.6036624Z Invalid `table.create()` invocation in
quality	Run repository quality gate	2026-10-05T13:44:53.6037100Z /home/runner/work/tayvero/tayvero/packages/agent-action-runtime/src/prisma-stores.mjs:170:18
quality	Run repository quality gate	2026-10-05T13:44:53.6037474Z
quality	Run repository quality gate	2026-10-05T13:44:53.6037569Z   167 	};
quality	Run repository quality gate	2026-10-05T13:44:53.6037766Z   168 }
quality	Run repository quality gate	2026-10-05T13:44:53.6037973Z   169 if (!existing) {
quality	Run repository quality gate	2026-10-05T13:44:53.6038451Z → 170 	await table.create(
quality	Run repository quality gate	2026-10-05T13:44:53.6039165Z Unique constraint failed on the fields: (`"workspaceId"`, `"actionId"`, `"idempotencyKey"`) [governedActionReceipt.create]
quality	Run repository quality gate	2026-10-05T13:44:53.6039699Z [prisma:error]
quality	Run repository quality gate	2026-10-05T13:44:53.6039941Z Invalid `table.create()` invocation in
quality	Run repository quality gate	2026-10-05T13:44:53.6040421Z /home/runner/work/tayvero/tayvero/packages/agent-action-runtime/src/prisma-stores.mjs:170:18
quality	Run repository quality gate	2026-10-05T13:44:53.6040785Z
quality	Run repository quality gate	2026-10-05T13:44:53.6040882Z   167 	};
quality	Run repository quality gate	2026-10-05T13:44:53.6041070Z   168 }
quality	Run repository quality gate	2026-10-05T13:44:53.6041282Z   169 if (!existing) {
quality	Run repository quality gate	2026-10-05T13:44:53.6041557Z → 170 	await table.create(
quality	Run repository quality gate	2026-10-05T13:44:53.6042052Z Unique constraint failed on the fields: (`"workspaceId"`, `"actionId"`, `"idempotencyKey"`) [governedActionReceipt.create]
quality	Run repository quality gate	2026-10-05T13:44:53.6042565Z [prisma:error]
quality	Run repository quality gate	2026-10-05T13:44:53.6042797Z Invalid `table.create()` invocation in
quality	Run repository quality gate	2026-10-05T13:44:53.6043255Z /home/runner/work/tayvero/tayvero/packages/agent-action-runtime/src/prisma-stores.mjs:170:18
quality	Run repository quality gate	2026-10-05T13:44:53.6043636Z
quality	Run repository quality gate	2026-10-05T13:44:53.6043716Z   167 	};
quality	Run repository quality gate	2026-10-05T13:44:53.6043919Z   168 }
quality	Run repository quality gate	2026-10-05T13:44:53.6044111Z   169 if (!existing) {
quality	Run repository quality gate	2026-10-05T13:44:53.6044381Z → 170 	await table.create(
quality	Run repository quality gate	2026-10-05T13:44:53.6044863Z Unique constraint failed on the fields: (`"workspaceId"`, `"actionId"`, `"idempotencyKey"`) [governedActionReceipt.create]
quality	Run repository quality gate	2026-10-05T13:44:53.6045430Z 796 | 		const replay = await createGovernedRunActivity(
quality	Run repository quality gate	2026-10-05T13:44:53.6045757Z 797 | 			run.id,
quality	Run repository quality gate	2026-10-05T13:44:53.6045981Z 798 | 			"shared-call",
quality	Run repository quality gate	2026-10-05T13:44:53.6046214Z 799 | 			input,
quality	Run repository quality gate	2026-10-05T13:44:53.6046418Z 800 | 		);
quality	Run repository quality gate	2026-10-05T13:44:53.6046669Z 801 | 		expect(replay.replayed).toBe(true);
quality	Run repository quality gate	2026-10-05T13:44:53.6046973Z                                 ^
quality	Run repository quality gate	2026-10-05T13:44:53.6047249Z error: expect(received).toBe(expected)
quality	Run repository quality gate	2026-10-05T13:44:53.6047437Z
quality	Run repository quality gate	2026-10-05T13:44:53.6047533Z Expected: true
quality	Run repository quality gate	2026-10-05T13:44:53.6047743Z Received: false
quality	Run repository quality gate	2026-10-05T13:44:53.6047880Z
quality	Run repository quality gate	2026-10-05T13:44:53.6048251Z       at <anonymous> (/home/runner/work/tayvero/tayvero/apps/agent/test/durable-agent-runtime.integration.spec.ts:801:27)
quality	Run repository quality gate	2026-10-05T13:44:53.6048691Z
quality	Run repository quality gate	2026-10-05T13:44:53.6050678Z ##[error]Expected: true
quality	Run repository quality gate	Received: false
quality	Run repository quality gate
quality	Run repository quality gate	      at <anonymous> (/home/runner/work/tayvero/tayvero/apps/agent/test/durable-agent-runtime.integration.spec.ts:801:27)
quality	Run repository quality gate	2026-10-05T13:44:53.6052318Z (fail) durable custom-agent runtime > claims an approved CRM action once and rejects scope before target access [57.00ms]
quality	Run repository quality gate	2026-10-05T13:44:53.6052757Z
quality	Run repository quality gate	2026-10-05T13:44:53.6053008Z ##[endgroup]
quality	Run repository quality gate	2026-10-05T13:44:53.6053146Z
quality	Run repository quality gate	2026-10-05T13:44:53.6053440Z ##[group]test/enrichment.integration.spec.ts:
quality	Run repository quality gate	2026-10-05T13:44:53.6053959Z (pass) the record follows the task > takes a contact off PENDING, which nothing used to do [11.00ms]
quality	Run repository quality gate	2026-10-05T13:44:53.6054514Z (pass) the record follows the task > does the same for a company [11.00ms]
quality	Run repository quality gate	2026-10-05T13:44:53.6055089Z (pass) the record follows the task > lets a tool's more specific answer win over the queue's [11.00ms]
quality	Run repository quality gate	2026-10-05T13:44:53.6055778Z (pass) the record follows the task > puts a failed record back to work on a retry [13.00ms]
quality	Run repository quality gate	2026-10-05T13:44:53.6056416Z (pass) the record follows the task > records the failure of a task that was retired before it ran [11.00ms]
quality	Run repository quality gate	2026-10-05T13:44:53.6057086Z (pass) the record follows the task > leaves a fresh request alone when a retired task settles late [10.00ms]
quality	Run repository quality gate	2026-10-05T13:44:53.6057797Z (pass) the record follows the task > leaves a queued record alone when a task that never ended fails late [7.00ms]
quality	Run repository quality gate	2026-10-05T13:44:53.6058503Z (pass) the record follows the task > leaves the record to a newer request when an ended task settles late [9.00ms]
quality	Run repository quality gate	2026-10-05T13:44:53.6059367Z (pass) the record follows the task > survives a record deleted while the agent was still reading about it [6.00ms]
quality	Run repository quality gate	2026-10-05T13:44:53.6060046Z (pass) the record follows the task > leaves a company the brand task already finished alone [8.00ms]
quality	Run repository quality gate	2026-10-05T13:44:53.6060700Z (pass) the record follows the task > still stamps the hour a recheck finished on a complete contact [9.00ms]
quality	Run repository quality gate	2026-10-05T13:44:53.6061374Z (pass) the record follows the task > lets a finished run land on the fresh look that asked for it [9.00ms]
quality	Run repository quality gate	2026-10-05T13:44:53.6062040Z (pass) the record follows the task > leaves a fresh look to the newer task a late run cannot satisfy [7.00ms]
quality	Run repository quality gate	2026-10-05T13:44:53.6062729Z (pass) the record follows the task > never lets a company-profile session touch the company column [7.00ms]
quality	Run repository quality gate	2026-10-05T13:44:53.6063370Z (pass) the record follows the task > never lets a portrait timeout mark a person failed [6.00ms]
quality	Run repository quality gate	2026-10-05T13:44:53.6064012Z (pass) the record follows the task > keeps that company complete when the later session fails [8.00ms]
quality	Run repository quality gate	2026-10-05T13:44:53.6064365Z
quality	Run repository quality gate	2026-10-05T13:44:53.6064635Z ##[endgroup]
quality	Run repository quality gate	2026-10-05T13:44:53.6064775Z
quality	Run repository quality gate	2026-10-05T13:44:53.6065070Z ##[group]test/blank-facts.integration.spec.ts:
quality	Run repository quality gate	2026-10-05T13:44:53.6065553Z (pass) sweepBlankFacts > fills an empty field from the best-evidenced suggestion [21.00ms]
quality	Run repository quality gate	2026-10-05T13:44:53.6066187Z (pass) sweepBlankFacts > leaves a suggestion that disagrees with what is already there [9.00ms]
quality	Run repository quality gate	2026-10-05T13:44:53.6066783Z (pass) sweepBlankFacts > clears a suggestion that only repeats the record [8.00ms]
quality	Run repository quality gate	2026-10-05T13:44:53.6067368Z (pass) sweepBlankFacts > clears a suggestion that differs only by a trailing slash [7.00ms]
quality	Run repository quality gate	2026-10-05T13:44:53.6067952Z (pass) sweepBlankFacts > keeps one of two suggestions offering the same value [9.00ms]
quality	Run repository quality gate	2026-10-05T13:44:53.6068517Z (pass) sweepBlankFacts > counts without writing when it is only reading [5.00ms]
quality	Run repository quality gate	2026-10-05T13:44:53.6068990Z
quality	Run repository quality gate	2026-10-05T13:44:53.6069265Z ##[endgroup]
quality	Run repository quality gate	2026-10-05T13:44:53.6069408Z
quality	Run repository quality gate	2026-10-05T13:44:53.6069763Z ##[group]test/legacy-agent-action-callsite-migration.test.mjs:
quality	Run repository quality gate	2026-10-05T13:44:53.6070260Z (pass) agent runner tools invoke only the governed run-action bridge [2.00ms]
quality	Run repository quality gate	2026-10-05T13:44:53.6070850Z (pass) the governed bridge is the sole production caller of low-level run side effects [91.00ms]
quality	Run repository quality gate	2026-10-05T13:44:53.6071472Z (pass) run-runtime requires the governed envelope and no longer exposes legacy entrypoints
quality	Run repository quality gate	2026-10-05T13:44:53.6072130Z (pass) run.summary remains a run-control capability instead of becoming an external side effect [1.00ms]
quality	Run repository quality gate	2026-10-05T13:44:53.6072627Z
quality	Run repository quality gate	2026-10-05T13:44:53.6072862Z ##[endgroup]
quality	Run repository quality gate	2026-10-05T13:44:53.6072989Z
quality	Run repository quality gate	2026-10-05T13:44:53.6073251Z ##[group]test/dispatch-health.spec.ts:
quality	Run repository quality gate	2026-10-05T13:44:53.6073662Z (pass) dispatch wedging > swallows every later call while a sweep never settles
quality	Run repository quality gate	2026-10-05T13:44:53.6074192Z (pass) dispatch wedging > accepts the next sweep once a hung one is abandoned [1.00ms]
quality	Run repository quality gate	2026-10-05T13:44:53.6074689Z (pass) dispatch wedging > reports health before any sweep has run
quality	Run repository quality gate	2026-10-05T13:44:53.6075294Z (pass) a direct task that outruns its item deadline > keeps the work in flight and lets the late result settle it once [19.00ms]
quality	Run repository quality gate	2026-10-05T13:44:53.6076044Z (pass) a direct task that outruns its item deadline > counts nothing in flight when the work lands inside the deadline
quality	Run repository quality gate	2026-10-05T13:44:53.6076862Z (pass) a direct task that outruns its item deadline > holds a late failure in flight until it lands, then reconciles it [17.00ms]
quality	Run repository quality gate	2026-10-05T13:44:53.6077613Z (pass) a direct task that outruns its item deadline > settles a failure inside the deadline without leaving it in flight
quality	Run repository quality gate	2026-10-05T13:44:53.6078385Z (pass) recording the session a research task accepted > keeps trying until the write lands, so the task holds its session [6.00ms]
quality	Run repository quality gate	2026-10-05T13:44:53.6079285Z [agent] Task task_research accepted session ses_2, but the session id was not recorded: the database refused
quality	Run repository quality gate	2026-10-05T13:44:53.6080019Z (pass) recording the session a research task accepted > counts a session it could never record rather than losing it [5.00ms]
quality	Run repository quality gate	2026-10-05T13:44:53.6080675Z (pass) settledWithin > hands back the value of work that finished inside the deadline
quality	Run repository quality gate	2026-10-05T13:44:53.6081275Z (pass) settledWithin > reports unsettled work without failing it, so a late send still lands [21.00ms]
quality	Run repository quality gate	2026-10-05T13:44:53.6081922Z (pass) settledWithin > observes a rejection that lands after the deadline, so none escapes [17.00ms]
quality	Run repository quality gate	2026-10-05T13:44:53.6082286Z
quality	Run repository quality gate	2026-10-05T13:44:53.6082522Z ##[endgroup]
quality	Run repository quality gate	2026-10-05T13:44:53.6082646Z
quality	Run repository quality gate	2026-10-05T13:44:53.6082928Z ##[group]test/slack-people.integration.spec.ts:
quality	Run repository quality gate	2026-10-05T13:44:53.6083425Z (pass) persistSlackChannels > creates, updates and retires the inventory in one pass [16.00ms]
quality	Run repository quality gate	2026-10-05T13:44:53.6084010Z (pass) persistSlackChannels > retires every channel when nothing is available [9.00ms]
quality	Run repository quality gate	2026-10-05T13:44:53.6084563Z (pass) persistSlackChannels > writes nothing when Slack is disconnected [12.00ms]
quality	Run repository quality gate	2026-10-05T13:44:53.6085084Z (pass) refreshSlackChannels > aborts a stalled Slack list request [11.00ms]
quality	Run repository quality gate	2026-10-05T13:44:53.6085575Z (pass) refreshSlackChannels > follows the cursor across pages [11.00ms]
quality	Run repository quality gate	2026-10-05T13:44:53.6086110Z (pass) refreshSlackChannels > does not resurrect the inventory a disconnect removed [10.00ms]
quality	Run repository quality gate	2026-10-05T13:44:53.6086637Z (pass) refreshSlackChannels > explains a rejected list [6.00ms]
quality	Run repository quality gate	2026-10-05T13:44:53.6086899Z
quality	Run repository quality gate	2026-10-05T13:44:53.6087139Z ##[endgroup]
quality	Run repository quality gate	2026-10-05T13:44:53.6087264Z
quality	Run repository quality gate	2026-10-05T13:44:53.6087392Z 2 tests failed:
quality	Run repository quality gate	2026-10-05T13:44:53.6087923Z (fail) the website has to be somewhere a fetch can go > takes a bare domain and gives back a URL [1.00ms]
quality	Run repository quality gate	2026-10-05T13:44:53.6088644Z (fail) durable custom-agent runtime > claims an approved CRM action once and rejects scope before target access [57.00ms]
quality	Run repository quality gate	2026-10-05T13:44:53.6089228Z
quality	Run repository quality gate	2026-10-05T13:44:53.6089323Z  407 pass
quality	Run repository quality gate	2026-10-05T13:44:53.6089548Z  2 fail
quality	Run repository quality gate	2026-10-05T13:44:53.6089764Z  827 expect() calls
quality	Run repository quality gate	2026-10-05T13:44:53.6090024Z Ran 409 tests across 41 files. [3.24s]
quality	Run repository quality gate	2026-10-05T13:44:53.6090320Z error: script "test" exited with code 1
quality	Run repository quality gate	2026-10-05T13:44:53.6090755Z ##[group]api:test
quality	Run repository quality gate	2026-10-05T13:44:53.6090989Z cache miss, executing c36ab14b0686f4a2
quality	Run repository quality gate	2026-10-05T13:44:53.6091406Z ##[endgroup]
quality	Run repository quality gate	2026-10-05T13:44:53.6091531Z
quality	Run repository quality gate	2026-10-05T13:44:53.6091639Z  Tasks:    15 successful, 17 total
quality	Run repository quality gate	2026-10-05T13:44:53.6091908Z Cached:    2 cached, 17 total
quality	Run repository quality gate	2026-10-05T13:44:53.6092164Z   Time:    19.123s
quality	Run repository quality gate	2026-10-05T13:44:53.6092380Z Failed:    agent#test
quality	Run repository quality gate	2026-10-05T13:44:53.6092677Z
quality	Run repository quality gate	2026-10-05T13:44:53.6092832Z  ERROR  run failed: command  exited (1)
quality	Run repository quality gate	2026-10-05T13:44:53.6093120Z error: script "test" exited with code 1
quality	Run repository quality gate	2026-10-05T13:44:53.6093433Z error: script "quality:gate" exited with code 1
quality	Run repository quality gate	2026-10-05T13:44:53.6096290Z ##[error]Process completed with exit code 1.
quality	Preserve acceptance reports and logs	﻿2026-10-05T13:44:53.6180040Z ##[group]Run actions/upload-artifact@v4
quality	Preserve acceptance reports and logs	2026-10-05T13:44:53.6180358Z with:
quality	Preserve acceptance reports and logs	2026-10-05T13:44:53.6180622Z   name: postgres-quality-evidence-37318936555-1
quality	Preserve acceptance reports and logs	2026-10-05T13:44:53.6180962Z   path: docs/quality/generated-*
quality	Preserve acceptance reports and logs	2026-10-05T13:44:53.6181240Z   if-no-files-found: warn
quality	Preserve acceptance reports and logs	2026-10-05T13:44:53.6181486Z   retention-days: 14
quality	Preserve acceptance reports and logs	2026-10-05T13:44:53.6181720Z   compression-level: 6
quality	Preserve acceptance reports and logs	2026-10-05T13:44:53.6181954Z   overwrite: false
quality	Preserve acceptance reports and logs	2026-10-05T13:44:53.6182188Z   include-hidden-files: false
quality	Preserve acceptance reports and logs	2026-10-05T13:44:53.6182440Z env:
quality	Preserve acceptance reports and logs	2026-10-05T13:44:53.6182635Z   CI: true
quality	Preserve acceptance reports and logs	2026-10-05T13:44:53.6182851Z   CRM_TELEMETRY_DISABLED: true
quality	Preserve acceptance reports and logs	2026-10-05T13:44:53.6183193Z   DATABASE_URL: [REDACTED_DATABASE_URL]
quality	Preserve acceptance reports and logs	2026-10-05T13:44:53.6183651Z   TEST_DATABASE_URL: [REDACTED_DATABASE_URL]
quality	Preserve acceptance reports and logs	2026-10-05T13:44:53.6184037Z   ALLOWED_SIGN_IN: example.test
quality	Preserve acceptance reports and logs	2026-10-05T13:44:53.6184325Z   CREDENTIAL_VAULT_ACTIVE_KEY_ID: ci-ephemeral
quality	Preserve acceptance reports and logs	2026-10-05T13:44:53.6184637Z   CREDENTIAL_VAULT_ENFORCE: true
quality	Preserve acceptance reports and logs	2026-10-05T13:44:53.6185206Z   BETTER_AUTH_SECRET: ***
quality	Preserve acceptance reports and logs	2026-10-05T13:44:53.6185623Z   AGENT_BRIDGE_SECRET: ***
quality	Preserve acceptance reports and logs	2026-10-05T13:44:53.6186071Z   CREDENTIAL_VAULT_KEYS: ***
quality	Preserve acceptance reports and logs	2026-10-05T13:44:53.6186331Z ##[endgroup]
quality	Preserve acceptance reports and logs	2026-10-05T13:44:53.7843646Z (node:4934) [DEP0040] DeprecationWarning: The `punycode` module is deprecated. Please use a userland alternative instead.
quality	Preserve acceptance reports and logs	2026-10-05T13:44:53.7844851Z (Use `node --trace-deprecation ...` to show where the warning was created)
quality	Preserve acceptance reports and logs	2026-10-05T13:44:53.7978312Z With the provided path, there will be 32 files uploaded
quality	Preserve acceptance reports and logs	2026-10-05T13:44:53.7983222Z Artifact name is valid!
quality	Preserve acceptance reports and logs	2026-10-05T13:44:53.7983976Z Root directory input is valid!
quality	Preserve acceptance reports and logs	2026-10-05T13:44:54.1422664Z Beginning upload of artifact content to blob storage
quality	Preserve acceptance reports and logs	2026-10-05T13:44:54.2110985Z (node:4934) [DEP0169] DeprecationWarning: `url.parse()` behavior is not standardized and prone to errors that have security implications. Use the WHATWG URL API instead. CVEs are not issued for `url.parse()` vulnerabilities.
quality	Preserve acceptance reports and logs	2026-10-05T13:44:54.5815897Z Uploaded bytes 212051
quality	Preserve acceptance reports and logs	2026-10-05T13:44:54.6458156Z Finished uploading artifact content to blob storage!
quality	Preserve acceptance reports and logs	2026-10-05T13:44:54.6459142Z SHA256 digest of uploaded artifact zip is 29112beef3680a80c44034c4b5ccca91127a1d3aeca9f116157e1b47aced2eab
quality	Preserve acceptance reports and logs	2026-10-05T13:44:54.6460992Z Finalizing artifact upload
quality	Preserve acceptance reports and logs	2026-10-05T13:44:54.8976354Z Artifact postgres-quality-evidence-37318936555-1.zip successfully finalized. Artifact ID 11348462972
quality	Preserve acceptance reports and logs	2026-10-05T13:44:54.8978134Z Artifact postgres-quality-evidence-37318936555-1 has been successfully uploaded! Final size is 212051 bytes. Artifact ID is 11348462972
quality	Preserve acceptance reports and logs	2026-10-05T13:44:54.8985019Z Artifact download URL: https://github.com/SamandarMansurkhodjaev2713/tayvero/actions/runs/37318936555/artifacts/11348462972
quality	Post Checkout	﻿2026-10-05T13:44:54.9158384Z Post job cleanup.
quality	Post Checkout	2026-10-05T13:44:54.9969389Z [command]/usr/bin/git version
quality	Post Checkout	2026-10-05T13:44:55.0012435Z git version 2.55.0
quality	Post Checkout	2026-10-05T13:44:55.0059685Z Temporarily overriding HOME='/home/runner/work/_temp/bf85508b-7cfb-415d-a717-263078692b53' before making global git config changes
quality	Post Checkout	2026-10-05T13:44:55.0061332Z Adding repository directory to the temporary git global config as a safe directory
quality	Post Checkout	2026-10-05T13:44:55.0066690Z [command]/usr/bin/git config --global --add safe.directory /home/runner/work/tayvero/tayvero
quality	Post Checkout	2026-10-05T13:44:55.0104850Z [command]/usr/bin/git config --local --name-only --get-regexp core\.sshCommand
quality	Post Checkout	2026-10-05T13:44:55.0138402Z [command]/usr/bin/git submodule foreach --recursive sh -c "git config --local --name-only --get-regexp 'core\.sshCommand' && git config --local --unset-all 'core.sshCommand' || :"
quality	Post Checkout	2026-10-05T13:44:55.0363505Z [command]/usr/bin/git config --local --name-only --get-regexp http\.https\:\/\/github\.com\/\.extraheader
quality	Post Checkout	2026-10-05T13:44:55.0395474Z http.https://github.com/.extraheader
quality	Post Checkout	2026-10-05T13:44:55.0411301Z [command]/usr/bin/git config --local --unset-all http.https://github.com/.extraheader
quality	Post Checkout	2026-10-05T13:44:55.0471864Z [command]/usr/bin/git submodule foreach --recursive sh -c "git config --local --name-only --get-regexp 'http\.https\:\/\/github\.com\/\.extraheader' && git config --local --unset-all 'http.https://github.com/.extraheader' || :"
quality	Post Checkout	2026-10-05T13:44:55.0777789Z [command]/usr/bin/git config --local --name-only --get-regexp ^includeIf\.gitdir:
quality	Post Checkout	2026-10-05T13:44:55.0835450Z [command]/usr/bin/git submodule foreach --recursive git config --local --show-origin --name-only --get-regexp remote.origin.url
quality	Stop containers	﻿2026-10-05T13:44:55.1271992Z Print service container logs: 76ce22a008e84bc89286bb5add91cd7d_postgres16_a084ba
quality	Stop containers	2026-10-05T13:44:55.1276716Z ##[command]/usr/bin/docker logs --details 606238b5dac0d947b2805a08877c7f85932bb440db64c90930d26be88f1f3aec
quality	Stop containers	2026-10-05T13:44:55.1404022Z  ********************************************************************************
quality	Stop containers	2026-10-05T13:44:55.1404887Z  WARNING: POSTGRES_HOST_AUTH_METHOD has been set to "trust". This will allow
quality	Stop containers	2026-10-05T13:44:55.1405676Z           anyone with access to the Postgres port to access your database without
quality	Stop containers	2026-10-05T13:44:55.1406464Z           a password, even if POSTGRES_PASSWORD is set. See PostgreSQL
quality	Stop containers	2026-10-05T13:44:55.1407159Z           documentation about "trust":
quality	Stop containers	2026-10-05T13:44:55.1407825Z           https://www.postgresql.org/docs/current/auth-trust.html
quality	Stop containers	2026-10-05T13:44:55.1408660Z           In Docker's default configuration, this is effectively any other
quality	Stop containers	2026-10-05T13:44:55.1409430Z           container on the same system.
quality	Stop containers	2026-10-05T13:44:55.1409822Z
quality	Stop containers	2026-10-05T13:44:55.1410358Z           It is not recommended to use POSTGRES_HOST_AUTH_METHOD=trust. Replace
quality	Stop containers	2026-10-05T13:44:55.1411201Z           it with "-e POSTGRES_PASSWORD=password" instead to set a password in
quality	Stop containers	2026-10-05T13:44:55.1411807Z           "docker run".
quality	Stop containers	2026-10-05T13:44:55.1412267Z  ********************************************************************************
quality	Stop containers	2026-10-05T13:44:55.1412982Z  initdb: warning: enabling "trust" authentication for local connections
quality	Stop containers	2026-10-05T13:44:55.1414149Z  initdb: hint: You can change this by editing pg_hba.conf or using the option -A, or --auth-local and --auth-host, the next time you run initdb.
quality	Stop containers	2026-10-05T13:44:55.1415765Z  2026-10-05 13:43:08.942 UTC [1] LOG:  starting PostgreSQL 16.15 (Debian 16.15-1.pgdg13+2) on x86_64-pc-linux-gnu, compiled by gcc (Debian 14.2.0-19) 14.2.0, 64-bit
quality	Stop containers	2026-10-05T13:44:55.1416907Z  2026-10-05 13:43:08.942 UTC [1] LOG:  listening on IPv4 address "0.0.0.0", port 5432
quality	Stop containers	2026-10-05T13:44:55.1417431Z  2026-10-05 13:43:08.942 UTC [1] LOG:  listening on IPv6 address "::", port 5432
quality	Stop containers	2026-10-05T13:44:55.1417958Z  2026-10-05 13:43:08.946 UTC [1] LOG:  listening on Unix socket "/var/run/postgresql/.s.PGSQL.5432"
quality	Stop containers	2026-10-05T13:44:55.1418527Z  2026-10-05 13:43:08.948 UTC [65] LOG:  database system was shut down at 2026-10-05 13:43:08 UTC
quality	Stop containers	2026-10-05T13:44:55.1419302Z  2026-10-05 13:43:08.951 UTC [1] LOG:  database system is ready to accept connections
quality	Stop containers	2026-10-05T13:44:55.1419835Z  2026-10-05 13:43:38.896 UTC [126] ERROR:  could not serialize access due to concurrent update
quality	Stop containers	2026-10-05T13:44:55.1420983Z  2026-10-05 13:43:38.896 UTC [126] STATEMENT:  UPDATE "public"."crm_migration_source" SET "version" = ("public"."crm_migration_source"."version" + $1) WHERE ("public"."crm_migration_source"."workspace_id" = $2 AND "public"."crm_migration_source"."id" = $3 AND "public"."crm_migration_source"."version" = $4)
quality	Stop containers	2026-10-05T13:44:55.1422137Z  2026-10-05 13:43:38.963 UTC [126] ERROR:  could not serialize access due to concurrent update
quality	Stop containers	2026-10-05T13:44:55.1423628Z  2026-10-05 13:43:38.963 UTC [126] STATEMENT:  UPDATE "public"."crm_migration_job" SET "status" = CAST($1::text AS "public"."CrmMigrationJobStatus"), "version" = $2, "total_rows" = $3, "accepted_rows" = $4, "rejected_rows" = $5, "warning_count" = $6, "last_completed_batch" = $7, "updated_at" = $8 WHERE ("public"."crm_migration_job"."workspace_id" = $9 AND "public"."crm_migration_job"."id" = $10 AND "public"."crm_migration_job"."version" = $11)
quality	Stop containers	2026-10-05T13:44:55.1425384Z  2026-10-05 13:43:38.974 UTC [126] ERROR:  could not serialize access due to concurrent update
quality	Stop containers	2026-10-05T13:44:55.1426952Z  2026-10-05 13:43:38.974 UTC [126] STATEMENT:  UPDATE "public"."crm_migration_batch" SET "status" = $1, "attempt_count" = $2, "imported_count" = $3, "rejected_count" = $4, "lease_owner" = $5, "lease_expires_at" = $6, "completed_at" = $7, "version" = $8, "updated_at" = $9 WHERE ("public"."crm_migration_batch"."workspace_id" = $10 AND "public"."crm_migration_batch"."job_id" = $11 AND "public"."crm_migration_batch"."batch_index" = $12 AND "public"."crm_migration_batch"."version" = $13)
quality	Stop containers	2026-10-05T13:44:55.1429528Z  2026-10-05 13:43:38.996 UTC [117] ERROR:  could not serialize access due to read/write dependencies among transactions
quality	Stop containers	2026-10-05T13:44:55.1430731Z  2026-10-05 13:43:38.996 UTC [117] DETAIL:  Reason code: Canceled on identification as a pivot, during conflict in checking.
quality	Stop containers	2026-10-05T13:44:55.1431342Z  2026-10-05 13:43:38.996 UTC [117] HINT:  The transaction might succeed if retried.
quality	Stop containers	2026-10-05T13:44:55.1432558Z  2026-10-05 13:43:38.996 UTC [117] STATEMENT:  INSERT INTO "public"."contact" ("id","firstName","email","enrichmentStatus","ownerId","source","createdAt","updatedAt") VALUES ($1,$2,$3,CAST($4::text AS "public"."EnrichmentStatus"),$5,CAST($6::text AS "public"."RecordSource"),$7,$8) RETURNING "public"."contact"."id", "public"."contact"."updatedAt"
quality	Stop containers	2026-10-05T13:44:55.1433789Z  2026-10-05 13:43:39.022 UTC [117] ERROR:  could not serialize access due to concurrent update
quality	Stop containers	2026-10-05T13:44:55.1435048Z  2026-10-05 13:43:39.022 UTC [117] STATEMENT:  UPDATE "public"."crm_migration_job" SET "version" = $1, "updated_at" = $2 WHERE ("public"."crm_migration_job"."id" = $3 AND "public"."crm_migration_job"."workspace_id" = $4 AND "public"."crm_migration_job"."version" = $5 AND "public"."crm_migration_job"."status" = CAST($6::text AS "public"."CrmMigrationJobStatus"))
quality	Stop containers	2026-10-05T13:44:55.1436342Z  2026-10-05 13:43:39.160 UTC [126] ERROR:  could not serialize access due to concurrent update
quality	Stop containers	2026-10-05T13:44:55.1437821Z  2026-10-05 13:43:39.160 UTC [126] STATEMENT:  UPDATE "public"."crm_migration_job" SET "status" = CAST($1::text AS "public"."CrmMigrationJobStatus"), "version" = $2, "total_rows" = $3, "accepted_rows" = $4, "rejected_rows" = $5, "warning_count" = $6, "last_completed_batch" = $7, "updated_at" = $8 WHERE ("public"."crm_migration_job"."workspace_id" = $9 AND "public"."crm_migration_job"."id" = $10 AND "public"."crm_migration_job"."version" = $11)
quality	Stop containers	2026-10-05T13:44:55.1439791Z  2026-10-05 13:43:39.226 UTC [117] ERROR:  insert or update on table "crm_migration_job" violates foreign key constraint "crm_migration_job_workspace_id_source_id_fkey"
quality	Stop containers	2026-10-05T13:44:55.1440922Z  2026-10-05 13:43:39.226 UTC [117] DETAIL:  Key (workspace_id, source_id)=(wrong-ba875eeb-0f37-416d-878f-20be9557108e, eb5e9c9e6dee40110805e1ec7cf2e2b3) is not present in table "crm_migration_source".
quality	Stop containers	2026-10-05T13:44:55.1445259Z  2026-10-05 13:43:39.226 UTC [117] STATEMENT:  UPDATE "public"."crm_migration_job" SET "workspace_id" = $1, "updated_at" = $2 WHERE ("public"."crm_migration_job"."id" = $3 AND 1=1) RETURNING "public"."crm_migration_job"."id", "public"."crm_migration_job"."background_enabled", "public"."crm_migration_job"."background_requested_by_id", "public"."crm_migration_job"."background_version", "public"."crm_migration_job"."background_next_attempt_at", "public"."crm_migration_job"."background_failure_count", "public"."crm_migration_job"."background_last_error_code", "public"."crm_migration_job"."source_id", "public"."crm_migration_job"."workspace_id", "public"."crm_migration_job"."created_by_id", "public"."crm_migration_job"."entity_type", "public"."crm_migration_job"."source_format", "public"."crm_migration_job"."source_filename", "public"."crm_migration_job"."source_sha256", "public"."crm_migration_job"."status"::text, "public"."crm_migration_job"."mapping", "public"."crm_migration_job"."total_rows", "public"."crm_migration_job"."accepted_rows", "public"."crm_migration_job"."rejected_rows", "public"."crm_migration_job"."warning_count", "public"."crm_migration_job"."last_completed_batch", "public"."crm_migration_job"."version", "public"."crm_migration_job"."created_at", "public"."crm_migration_job"."updated_at"
quality	Stop containers	2026-10-05T13:44:55.1449911Z  2026-10-05 13:43:39.274 UTC [126] ERROR:  duplicate key value violates unique constraint "crm_migration_receipt_row_key"
quality	Stop containers	2026-10-05T13:44:55.1450859Z  2026-10-05 13:43:39.274 UTC [126] DETAIL:  Key (workspace_id, job_id, row_number)=(ops-test-ba875eeb-0f37-416d-878f-20be9557108e, mj_6915128e8ebff86c616d1a02ba55243a3a7c7adb, 2) already exists.
quality	Stop containers	2026-10-05T13:44:55.1454314Z  2026-10-05 13:43:39.274 UTC [126] STATEMENT:  INSERT INTO "public"."crm_migration_row_receipt" ("id","workspace_id","job_id","row_number","batch_index","fingerprint","entity_type","entity_id","status","code","record_updated_at","rolled_back_at","created_at") VALUES ($1,$2,$3,$4,$5,$6,$7,$8,$9,$10,$11,$12,$13) RETURNING "public"."crm_migration_row_receipt"."id", "public"."crm_migration_row_receipt"."workspace_id", "public"."crm_migration_row_receipt"."job_id", "public"."crm_migration_row_receipt"."row_number", "public"."crm_migration_row_receipt"."batch_index", "public"."crm_migration_row_receipt"."fingerprint", "public"."crm_migration_row_receipt"."entity_type", "public"."crm_migration_row_receipt"."entity_id", "public"."crm_migration_row_receipt"."status", "public"."crm_migration_row_receipt"."code", "public"."crm_migration_row_receipt"."record_updated_at", "public"."crm_migration_row_receipt"."rolled_back_at", "public"."crm_migration_row_receipt"."created_at"
quality	Stop containers	2026-10-05T13:44:55.1457421Z  2026-10-05 13:43:39.286 UTC [128] ERROR:  duplicate key value violates unique constraint "crm_migration_receipt_row_key"
quality	Stop containers	2026-10-05T13:44:55.1458364Z  2026-10-05 13:43:39.286 UTC [128] DETAIL:  Key (workspace_id, job_id, row_number)=(ops-test-ba875eeb-0f37-416d-878f-20be9557108e, mj_6915128e8ebff86c616d1a02ba55243a3a7c7adb, 2) already exists.
quality	Stop containers	2026-10-05T13:44:55.1461902Z  2026-10-05 13:43:39.286 UTC [128] STATEMENT:  INSERT INTO "public"."crm_migration_row_receipt" ("id","workspace_id","job_id","row_number","batch_index","fingerprint","entity_type","entity_id","status","code","record_updated_at","rolled_back_at","created_at") VALUES ($1,$2,$3,$4,$5,$6,$7,$8,$9,$10,$11,$12,$13) RETURNING "public"."crm_migration_row_receipt"."id", "public"."crm_migration_row_receipt"."workspace_id", "public"."crm_migration_row_receipt"."job_id", "public"."crm_migration_row_receipt"."row_number", "public"."crm_migration_row_receipt"."batch_index", "public"."crm_migration_row_receipt"."fingerprint", "public"."crm_migration_row_receipt"."entity_type", "public"."crm_migration_row_receipt"."entity_id", "public"."crm_migration_row_receipt"."status", "public"."crm_migration_row_receipt"."code", "public"."crm_migration_row_receipt"."record_updated_at", "public"."crm_migration_row_receipt"."rolled_back_at", "public"."crm_migration_row_receipt"."created_at"
quality	Stop containers	2026-10-05T13:44:55.1464920Z  2026-10-05 13:43:39.472 UTC [129] ERROR:  could not serialize access due to concurrent update
quality	Stop containers	2026-10-05T13:44:55.1466918Z  2026-10-05 13:43:39.472 UTC [129] STATEMENT:  UPDATE "public"."GovernedActionApproval" SET "status" = $1, "approvedById" = $2, "decidedById" = $3, "decidedAt" = $4, "decisionReason" = $5, "updatedAt" = $6, "version" = ("public"."GovernedActionApproval"."version" + $7) WHERE ("public"."GovernedActionApproval"."id" = $8 AND "public"."GovernedActionApproval"."workspaceId" = $9 AND "public"."GovernedActionApproval"."version" = $10 AND "public"."GovernedActionApproval"."status" = $11 AND "public"."GovernedActionApproval"."payloadDigest" = $12 AND "public"."GovernedActionApproval"."consumedAt" IS NULL)
quality	Stop containers	2026-10-05T13:44:55.1469058Z  2026-10-05 13:43:39.489 UTC [129] ERROR:  could not serialize access due to concurrent update
quality	Stop containers	2026-10-05T13:44:55.1471016Z  2026-10-05 13:43:39.489 UTC [129] STATEMENT:  UPDATE "public"."GovernedActionApproval" SET "status" = $1, "consumedAt" = $2, "consumedById" = $3, "updatedAt" = $4, "version" = ("public"."GovernedActionApproval"."version" + $5) WHERE ("public"."GovernedActionApproval"."id" = $6 AND "public"."GovernedActionApproval"."workspaceId" = $7 AND "public"."GovernedActionApproval"."status" = $8 AND "public"."GovernedActionApproval"."version" = $9 AND "public"."GovernedActionApproval"."consumedAt" IS NULL AND "public"."GovernedActionApproval"."expiresAt" > $10)
quality	Stop containers	2026-10-05T13:44:55.1472895Z  2026-10-05 13:43:39.580 UTC [128] ERROR:  could not serialize access due to concurrent update
quality	Stop containers	2026-10-05T13:44:55.1474579Z  2026-10-05 13:43:39.580 UTC [128] STATEMENT:  UPDATE "public"."agentRun" SET "status" = CAST($1::text AS "public"."AgentRunStatus"), "approvalWaitStartedAt" = $2, "approvalExecutionDeadlineAt" = $3 WHERE ("public"."agentRun"."id" = $4 AND "public"."agentRun"."status" = CAST($5::text AS "public"."AgentRunStatus") AND "public"."agentRun"."versionId" = $6 AND "public"."agentRun"."sessionId" = $7 AND "public"."agentRun"."cancelRequestedAt" IS NULL AND "public"."agentRun"."approvalWaitStartedAt" = $8)
quality	Stop containers	2026-10-05T13:44:55.1476336Z  2026-10-05 13:43:39.636 UTC [129] ERROR:  could not serialize access due to concurrent update
quality	Stop containers	2026-10-05T13:44:55.1477886Z  2026-10-05 13:43:39.636 UTC [129] STATEMENT:  UPDATE "public"."GovernedActionContinuation" SET "transportAdmittedAt" = $1, "updatedAt" = $2, "version" = ("public"."GovernedActionContinuation"."version" + $3) WHERE ("public"."GovernedActionContinuation"."id" = $4 AND "public"."GovernedActionContinuation"."workspaceId" = $5 AND "public"."GovernedActionContinuation"."version" = $6 AND "public"."GovernedActionContinuation"."status" = $7)
quality	Stop containers	2026-10-05T13:44:55.1479669Z  2026-10-05 13:43:39.751 UTC [129] ERROR:  duplicate key value violates unique constraint "gac_workspace_approval_key"
quality	Stop containers	2026-10-05T13:44:55.1480618Z  2026-10-05 13:43:39.751 UTC [129] DETAIL:  Key ("workspaceId", "approvalId")=(ops-test-ba875eeb-0f37-416d-878f-20be9557108e, ga_4c15018b8105e5a0b122637ba04f80941370ab1286ad25cf) already exists.
quality	Stop containers	2026-10-05T13:44:55.1486950Z  2026-10-05 13:43:39.751 UTC [129] STATEMENT:  INSERT INTO "public"."GovernedActionContinuation" ("id","workspaceId","approvalId","runId","versionId","rootSessionId","sessionId","callId","toolName","payloadDigest","nativeRequestId","nativeTurnId","nativeSequence","status","version","decision","leaseToken","leaseExpiresAt","nextCheckAt","transportAdmittedAt","waitingAt","deliveredAt","completedAt","errorCode","createdAt","updatedAt") VALUES ($1,$2,$3,$4,$5,$6,$7,$8,$9,$10,$11,$12,$13,$14,$15,$16,$17,$18,$19,$20,$21,$22,$23,$24,$25,$26) RETURNING "public"."GovernedActionContinuation"."id", "public"."GovernedActionContinuation"."workspaceId", "public"."GovernedActionContinuation"."approvalId", "public"."GovernedActionContinuation"."runId", "public"."GovernedActionContinuation"."versionId", "public"."GovernedActionContinuation"."rootSessionId", "public"."GovernedActionContinuation"."sessionId", "public"."GovernedActionContinuation"."callId", "public"."GovernedActionContinuation"."toolName", "public"."GovernedActionContinuation"."payloadDigest", "public"."GovernedActionContinuation"."nativeRequestId", "public"."GovernedActionContinuation"."nativeTurnId", "public"."GovernedActionContinuation"."nativeSequence", "public"."GovernedActionContinuation"."status", "public"."GovernedActionContinuation"."version", "public"."GovernedActionContinuation"."decision", "public"."GovernedActionContinuation"."leaseToken", "public"."GovernedActionContinuation"."leaseExpiresAt", "public"."GovernedActionContinuation"."nextCheckAt", "public"."GovernedActionContinuation"."transportAdmittedAt", "public"."GovernedActionContinuation"."waitingAt", "public"."GovernedActionContinuation"."deliveredAt", "public"."GovernedActionContinuation"."completedAt", "public"."GovernedActionContinuation"."errorCode", "public"."GovernedActionContinuation"."createdAt", "public"."GovernedActionContinuation"."updatedAt"
quality	Stop containers	2026-10-05T13:44:55.1502994Z  2026-10-05 13:43:39.756 UTC [128] ERROR:  insert or update on table "GovernedActionContinuation" violates foreign key constraint "gac_approval_fk"
quality	Stop containers	2026-10-05T13:44:55.1504496Z  2026-10-05 13:43:39.756 UTC [128] DETAIL:  Key (workspaceId, approvalId)=(other-ba875eeb-0f37-416d-878f-20be9557108e, ga_4c15018b8105e5a0b122637ba04f80941370ab1286ad25cf) is not present in table "GovernedActionApproval".
quality	Stop containers	2026-10-05T13:44:55.1511861Z  2026-10-05 13:43:39.756 UTC [128] STATEMENT:  UPDATE "public"."GovernedActionContinuation" SET "workspaceId" = $1, "updatedAt" = $2 WHERE ("public"."GovernedActionContinuation"."id" = $3 AND 1=1) RETURNING "public"."GovernedActionContinuation"."id", "public"."GovernedActionContinuation"."workspaceId", "public"."GovernedActionContinuation"."approvalId", "public"."GovernedActionContinuation"."runId", "public"."GovernedActionContinuation"."versionId", "public"."GovernedActionContinuation"."rootSessionId", "public"."GovernedActionContinuation"."sessionId", "public"."GovernedActionContinuation"."callId", "public"."GovernedActionContinuation"."toolName", "public"."GovernedActionContinuation"."payloadDigest", "public"."GovernedActionContinuation"."nativeRequestId", "public"."GovernedActionContinuation"."nativeTurnId", "public"."GovernedActionContinuation"."nativeSequence", "public"."GovernedActionContinuation"."status", "public"."GovernedActionContinuation"."version", "public"."GovernedActionContinuation"."decision", "public"."GovernedActionContinuation"."leaseToken", "public"."GovernedActionContinuation"."leaseExpiresAt", "public"."GovernedActionContinuation"."nextCheckAt", "public"."GovernedActionContinuation"."transportAdmittedAt", "public"."GovernedActionContinuation"."waitingAt", "public"."GovernedActionContinuation"."deliveredAt", "public"."GovernedActionContinuation"."completedAt", "public"."GovernedActionContinuation"."errorCode", "public"."GovernedActionContinuation"."createdAt", "public"."GovernedActionContinuation"."updatedAt"
quality	Stop containers	2026-10-05T13:44:55.1517419Z  2026-10-05 13:43:39.837 UTC [131] ERROR:  could not serialize access due to concurrent update
quality	Stop containers	2026-10-05T13:44:55.1518548Z  2026-10-05 13:43:39.837 UTC [131] STATEMENT:  UPDATE "public"."crm_migration_source" SET "version" = ("public"."crm_migration_source"."version" + $1) WHERE ("public"."crm_migration_source"."workspace_id" = $2 AND "public"."crm_migration_source"."id" = $3 AND "public"."crm_migration_source"."version" = $4)
quality	Stop containers	2026-10-05T13:44:55.1519903Z  2026-10-05 13:43:39.866 UTC [130] ERROR:  could not serialize access due to concurrent update
quality	Stop containers	2026-10-05T13:44:55.1520491Z  The files belonging to this database system will be owned by user "postgres".
quality	Stop containers	2026-10-05T13:44:55.1520927Z  This user must also own the server process.
quality	Stop containers	2026-10-05T13:44:55.1521222Z
quality	Stop containers	2026-10-05T13:44:55.1521527Z  The database cluster will be initialized with locale "en_US.utf8".
quality	Stop containers	2026-10-05T13:44:55.1521979Z  The default database encoding has accordingly been set to "UTF8".
quality	Stop containers	2026-10-05T13:44:55.1522426Z  The default text search configuration will be set to "english".
quality	Stop containers	2026-10-05T13:44:55.1522781Z
quality	Stop containers	2026-10-05T13:44:55.1522998Z  Data page checksums are disabled.
quality	Stop containers	2026-10-05T13:44:55.1523271Z
quality	Stop containers	2026-10-05T13:44:55.1523579Z  fixing permissions on existing directory /var/lib/postgresql/data ... ok
quality	Stop containers	2026-10-05T13:44:55.1523989Z  creating subdirectories ... ok
quality	Stop containers	2026-10-05T13:44:55.1524327Z  selecting dynamic shared memory implementation ... posix
quality	Stop containers	2026-10-05T13:44:55.1524689Z  selecting default max_connections ... 100
quality	Stop containers	2026-10-05T13:44:55.1525014Z  selecting default shared_buffers ... 128MB
quality	Stop containers	2026-10-05T13:44:55.1525334Z  selecting default time zone ... Etc/UTC
quality	Stop containers	2026-10-05T13:44:55.1525634Z  creating configuration files ... ok
quality	Stop containers	2026-10-05T13:44:55.1525937Z  running bootstrap script ... ok
quality	Stop containers	2026-10-05T13:44:55.1526256Z  performing post-bootstrap initialization ... ok
quality	Stop containers	2026-10-05T13:44:55.1526588Z  syncing data to disk ... ok
quality	Stop containers	2026-10-05T13:44:55.1526842Z
quality	Stop containers	2026-10-05T13:44:55.1527030Z
quality	Stop containers	2026-10-05T13:44:55.1527285Z  Success. You can now start the database server using:
quality	Stop containers	2026-10-05T13:44:55.1527720Z
quality	Stop containers	2026-10-05T13:44:55.1528004Z      pg_ctl -D /var/lib/postgresql/data -l logfile start
quality	Stop containers	2026-10-05T13:44:55.1528344Z
quality	Stop containers	2026-10-05T13:44:55.1529153Z  waiting for server to start....2026-10-05 13:43:08.657 UTC [49] LOG:  starting PostgreSQL 16.15 (Debian 16.15-1.pgdg13+2) on x86_64-pc-linux-gnu, compiled by gcc (Debian 14.2.0-19) 14.2.0, 64-bit
quality	Stop containers	2026-10-05T13:44:55.1530031Z  2026-10-05 13:43:08.657 UTC [49] LOG:  listening on Unix socket "/var/run/postgresql/.s.PGSQL.5432"
quality	Stop containers	2026-10-05T13:44:55.1530614Z  2026-10-05 13:43:08.659 UTC [52] LOG:  database system was shut down at 2026-10-05 13:43:08 UTC
quality	Stop containers	2026-10-05T13:44:55.1531143Z  2026-10-05 13:43:08.662 UTC [49] LOG:  database system is ready to accept connections
quality	Stop containers	2026-10-05T13:44:55.1531625Z   done
quality	Stop containers	2026-10-05T13:44:55.1531831Z  server started
quality	Stop containers	2026-10-05T13:44:55.1532058Z  CREATE DATABASE
quality	Stop containers	2026-10-05T13:44:55.1532280Z
quality	Stop containers	2026-10-05T13:44:55.1532472Z
quality	Stop containers	2026-10-05T13:44:55.1532814Z  /usr/local/bin/docker-entrypoint.sh: ignoring /docker-entrypoint-initdb.d/*
quality	Stop containers	2026-10-05T13:44:55.1533223Z
quality	Stop containers	2026-10-05T13:44:55.1533497Z  2026-10-05 13:43:08.825 UTC [49] LOG:  received fast shutdown request
quality	Stop containers	2026-10-05T13:44:55.1534019Z  waiting for server to shut down....2026-10-05 13:43:08.825 UTC [49] LOG:  aborting any active transactions
quality	Stop containers	2026-10-05T13:44:55.1534688Z  2026-10-05 13:43:08.827 UTC [49] LOG:  background worker "logical replication launcher" (PID 55) exited with exit code 1
quality	Stop containers	2026-10-05T13:44:55.1535229Z  2026-10-05 13:43:08.828 UTC [50] LOG:  shutting down
quality	Stop containers	2026-10-05T13:44:55.1535634Z  2026-10-05 13:43:08.828 UTC [50] LOG:  checkpoint starting: shutdown immediate
quality	Stop containers	2026-10-05T13:44:55.1536682Z  2026-10-05 13:43:08.841 UTC [50] LOG:  checkpoint complete: wrote 926 buffers (5.7%); 0 WAL file(s) added, 0 removed, 0 recycled; write=0.011 s, sync=0.002 s, total=0.014 s; sync files=301, longest=0.001 s, average=0.001 s; distance=4273 kB, estimate=4273 kB; lsn=0/191F060, redo lsn=0/191F060
quality	Stop containers	2026-10-05T13:44:55.1537708Z  2026-10-05 13:43:08.847 UTC [49] LOG:  database system is shut down
quality	Stop containers	2026-10-05T13:44:55.1538047Z   done
quality	Stop containers	2026-10-05T13:44:55.1538253Z  server stopped
quality	Stop containers	2026-10-05T13:44:55.1538478Z
quality	Stop containers	2026-10-05T13:44:55.1538803Z  PostgreSQL init process complete; ready for start up.
quality	Stop containers	2026-10-05T13:44:55.1539133Z
quality	Stop containers	2026-10-05T13:44:55.1540109Z  2026-10-05 13:43:39.866 UTC [130] STATEMENT:  UPDATE "public"."crm_migration_source" SET "version" = ("public"."crm_migration_source"."version" + $1) WHERE ("public"."crm_migration_source"."workspace_id" = $2 AND "public"."crm_migration_source"."id" = $3 AND "public"."crm_migration_source"."version" = $4)
quality	Stop containers	2026-10-05T13:44:55.1541243Z  2026-10-05 13:43:39.882 UTC [130] ERROR:  could not serialize access due to concurrent update
quality	Stop containers	2026-10-05T13:44:55.1542586Z  2026-10-05 13:43:39.882 UTC [130] STATEMENT:  UPDATE "public"."crm_migration_source" SET "purged_at" = $1, "version" = ("public"."crm_migration_source"."version" + $2) WHERE ("public"."crm_migration_source"."workspace_id" = $3 AND "public"."crm_migration_source"."id" = $4 AND "public"."crm_migration_source"."deleted_at" IS NOT NULL AND "public"."crm_migration_source"."purged_at" IS NULL)
quality	Stop containers	2026-10-05T13:44:55.1543942Z  2026-10-05 13:43:39.935 UTC [130] ERROR:  could not serialize access due to concurrent update
quality	Stop containers	2026-10-05T13:44:55.1545424Z  2026-10-05 13:43:39.935 UTC [130] STATEMENT:  UPDATE "public"."crm_migration_job" SET "background_version" = ("public"."crm_migration_job"."background_version" + $1), "background_next_attempt_at" = $2, "updated_at" = $3 WHERE ("public"."crm_migration_job"."workspace_id" = $4 AND "public"."crm_migration_job"."id" = $5 AND "public"."crm_migration_job"."background_enabled" = $6 AND "public"."crm_migration_job"."background_version" = $7)
quality	Stop containers	2026-10-05T13:44:55.1546902Z  2026-10-05 13:43:40.139 UTC [131] ERROR:  could not serialize access due to concurrent update
quality	Stop containers	2026-10-05T13:44:55.1548368Z  2026-10-05 13:43:40.139 UTC [131] STATEMENT:  UPDATE "public"."crm_migration_job" SET "background_version" = ("public"."crm_migration_job"."background_version" + $1), "background_next_attempt_at" = $2, "updated_at" = $3 WHERE ("public"."crm_migration_job"."workspace_id" = $4 AND "public"."crm_migration_job"."id" = $5 AND "public"."crm_migration_job"."background_enabled" = $6 AND "public"."crm_migration_job"."background_version" = $7)
quality	Stop containers	2026-10-05T13:44:55.1550067Z  2026-10-05 13:43:40.188 UTC [131] ERROR:  could not serialize access due to concurrent update
quality	Stop containers	2026-10-05T13:44:55.1551544Z  2026-10-05 13:43:40.188 UTC [131] STATEMENT:  UPDATE "public"."crm_migration_job" SET "background_version" = ("public"."crm_migration_job"."background_version" + $1), "background_next_attempt_at" = $2, "updated_at" = $3 WHERE ("public"."crm_migration_job"."workspace_id" = $4 AND "public"."crm_migration_job"."id" = $5 AND "public"."crm_migration_job"."background_enabled" = $6 AND "public"."crm_migration_job"."background_version" = $7)
quality	Stop containers	2026-10-05T13:44:55.1553362Z  2026-10-05 13:44:53.007 UTC [258] ERROR:  duplicate key value violates unique constraint "GovernedActionReceipt_workspace_action_key"
quality	Stop containers	2026-10-05T13:44:55.1554423Z  2026-10-05 13:44:53.007 UTC [258] DETAIL:  Key ("workspaceId", "actionId", "idempotencyKey")=(workspace, crm.activity.create, workspace:crm.activity.create:cmuvaxjp8007is91ozyztr4qd:shared-call) already exists.
quality	Stop containers	2026-10-05T13:44:55.1558096Z  2026-10-05 13:44:53.007 UTC [258] STATEMENT:  INSERT INTO "public"."GovernedActionReceipt" ("id","workspaceId","actionId","idempotencyKey","payloadDigest","status","leaseTokenHash","leaseExpiresAt","attemptCount","version","createdAt","updatedAt") VALUES ($1,$2,$3,$4,$5,$6,$7,$8,$9,$10,$11,$12) RETURNING "public"."GovernedActionReceipt"."id", "public"."GovernedActionReceipt"."workspaceId", "public"."GovernedActionReceipt"."actionId", "public"."GovernedActionReceipt"."idempotencyKey", "public"."GovernedActionReceipt"."payloadDigest", "public"."GovernedActionReceipt"."status", "public"."GovernedActionReceipt"."leaseTokenHash", "public"."GovernedActionReceipt"."leaseExpiresAt", "public"."GovernedActionReceipt"."attemptCount", "public"."GovernedActionReceipt"."resultJson", "public"."GovernedActionReceipt"."errorCode", "public"."GovernedActionReceipt"."completedAt", "public"."GovernedActionReceipt"."version", "public"."GovernedActionReceipt"."createdAt", "public"."GovernedActionReceipt"."updatedAt"
quality	Stop containers	2026-10-05T13:44:55.1561591Z  2026-10-05 13:44:53.008 UTC [263] ERROR:  duplicate key value violates unique constraint "GovernedActionReceipt_workspace_action_key"
quality	Stop containers	2026-10-05T13:44:55.1562620Z  2026-10-05 13:44:53.008 UTC [263] DETAIL:  Key ("workspaceId", "actionId", "idempotencyKey")=(workspace, crm.activity.create, workspace:crm.activity.create:cmuvaxjp8007is91ozyztr4qd:shared-call) already exists.
quality	Stop containers	2026-10-05T13:44:55.1566235Z  2026-10-05 13:44:53.008 UTC [263] STATEMENT:  INSERT INTO "public"."GovernedActionReceipt" ("id","workspaceId","actionId","idempotencyKey","payloadDigest","status","leaseTokenHash","leaseExpiresAt","attemptCount","version","createdAt","updatedAt") VALUES ($1,$2,$3,$4,$5,$6,$7,$8,$9,$10,$11,$12) RETURNING "public"."GovernedActionReceipt"."id", "public"."GovernedActionReceipt"."workspaceId", "public"."GovernedActionReceipt"."actionId", "public"."GovernedActionReceipt"."idempotencyKey", "public"."GovernedActionReceipt"."payloadDigest", "public"."GovernedActionReceipt"."status", "public"."GovernedActionReceipt"."leaseTokenHash", "public"."GovernedActionReceipt"."leaseExpiresAt", "public"."GovernedActionReceipt"."attemptCount", "public"."GovernedActionReceipt"."resultJson", "public"."GovernedActionReceipt"."errorCode", "public"."GovernedActionReceipt"."completedAt", "public"."GovernedActionReceipt"."version", "public"."GovernedActionReceipt"."createdAt", "public"."GovernedActionReceipt"."updatedAt"
quality	Stop containers	2026-10-05T13:44:55.1569720Z  2026-10-05 13:44:53.008 UTC [255] ERROR:  duplicate key value violates unique constraint "GovernedActionReceipt_workspace_action_key"
quality	Stop containers	2026-10-05T13:44:55.1570764Z  2026-10-05 13:44:53.008 UTC [255] DETAIL:  Key ("workspaceId", "actionId", "idempotencyKey")=(workspace, crm.activity.create, workspace:crm.activity.create:cmuvaxjp8007is91ozyztr4qd:shared-call) already exists.
quality	Stop containers	2026-10-05T13:44:55.1574477Z  2026-10-05 13:44:53.008 UTC [255] STATEMENT:  INSERT INTO "public"."GovernedActionReceipt" ("id","workspaceId","actionId","idempotencyKey","payloadDigest","status","leaseTokenHash","leaseExpiresAt","attemptCount","version","createdAt","updatedAt") VALUES ($1,$2,$3,$4,$5,$6,$7,$8,$9,$10,$11,$12) RETURNING "public"."GovernedActionReceipt"."id", "public"."GovernedActionReceipt"."workspaceId", "public"."GovernedActionReceipt"."actionId", "public"."GovernedActionReceipt"."idempotencyKey", "public"."GovernedActionReceipt"."payloadDigest", "public"."GovernedActionReceipt"."status", "public"."GovernedActionReceipt"."leaseTokenHash", "public"."GovernedActionReceipt"."leaseExpiresAt", "public"."GovernedActionReceipt"."attemptCount", "public"."GovernedActionReceipt"."resultJson", "public"."GovernedActionReceipt"."errorCode", "public"."GovernedActionReceipt"."completedAt", "public"."GovernedActionReceipt"."version", "public"."GovernedActionReceipt"."createdAt", "public"."GovernedActionReceipt"."updatedAt"
quality	Stop containers	2026-10-05T13:44:55.1583642Z Stop and remove container: 76ce22a008e84bc89286bb5add91cd7d_postgres16_a084ba
quality	Stop containers	2026-10-05T13:44:55.1588333Z ##[command]/usr/bin/docker rm --force 606238b5dac0d947b2805a08877c7f85932bb440db64c90930d26be88f1f3aec
quality	Stop containers	2026-10-05T13:44:55.2704483Z 606238b5dac0d947b2805a08877c7f85932bb440db64c90930d26be88f1f3aec
quality	Stop containers	2026-10-05T13:44:55.2728483Z Remove container network: github_network_0999b392b0964f929c619ad250fcd252
quality	Stop containers	2026-10-05T13:44:55.2733848Z ##[command]/usr/bin/docker network rm github_network_0999b392b0964f929c619ad250fcd252
quality	Stop containers	2026-10-05T13:44:55.3650845Z github_network_0999b392b0964f929c619ad250fcd252
quality	Complete job	﻿2026-10-05T13:44:55.3720866Z Cleaning up orphan processes
quality	Complete job	2026-10-05T13:44:55.4007304Z ##[warning]Node.js 20 is deprecated. The following actions target Node.js 20 but are being forced to run on Node.js 24: actions/checkout@v4, actions/upload-artifact@v4. For more information see: https://github.blog/changelog/2025-09-19-deprecation-of-node-20-on-github-actions-runners/
