local-invariants	Set up job	﻿2026-10-05T12:55:32.0491611Z Current runner version: '2.337.0'
local-invariants	Set up job	2026-10-05T12:55:32.0517818Z ##[group]Runner Image Provisioner
local-invariants	Set up job	2026-10-05T12:55:32.0518772Z Hosted Compute Agent
local-invariants	Set up job	2026-10-05T12:55:32.0519312Z Version: 20260901.588
local-invariants	Set up job	2026-10-05T12:55:32.0519922Z Commit: f88ec8081b781fac6c440065ac7ff9e710ce3d0b
local-invariants	Set up job	2026-10-05T12:55:32.0520893Z Build Date: 2026-09-01T19:56:44Z
local-invariants	Set up job	2026-10-05T12:55:32.0521533Z Worker ID: {c54b4466-9d41-4df9-ad62-e9df51485663}
local-invariants	Set up job	2026-10-05T12:55:32.0522204Z Azure Region: eastus
local-invariants	Set up job	2026-10-05T12:55:32.0522740Z ##[endgroup]
local-invariants	Set up job	2026-10-05T12:55:32.0524096Z ##[group]Operating System
local-invariants	Set up job	2026-10-05T12:55:32.0524733Z Ubuntu
local-invariants	Set up job	2026-10-05T12:55:32.0525226Z 24.04.5
local-invariants	Set up job	2026-10-05T12:55:32.0525774Z LTS
local-invariants	Set up job	2026-10-05T12:55:32.0526323Z ##[endgroup]
local-invariants	Set up job	2026-10-05T12:55:32.0526857Z ##[group]Runner Image
local-invariants	Set up job	2026-10-05T12:55:32.0527437Z Image: ubuntu-24.04
local-invariants	Set up job	2026-10-05T12:55:32.0527955Z Version: 20260927.320.1
local-invariants	Set up job	2026-10-05T12:55:32.0528873Z Included Software: https://github.com/actions/runner-images/blob/ubuntu24/20260927.320/images/ubuntu/Ubuntu2404-Readme.md
local-invariants	Set up job	2026-10-05T12:55:32.0530726Z Image Release: https://github.com/actions/runner-images/releases/tag/ubuntu24%2F20260927.320
local-invariants	Set up job	2026-10-05T12:55:32.0531637Z ##[endgroup]
local-invariants	Set up job	2026-10-05T12:55:32.0532637Z ##[group]GITHUB_TOKEN Permissions
local-invariants	Set up job	2026-10-05T12:55:32.0535227Z Contents: read
local-invariants	Set up job	2026-10-05T12:55:32.0535828Z Metadata: read
local-invariants	Set up job	2026-10-05T12:55:32.0536317Z ##[endgroup]
local-invariants	Set up job	2026-10-05T12:55:32.0538396Z Secret source: Actions
local-invariants	Set up job	2026-10-05T12:55:32.0539267Z Cache mode: write
local-invariants	Set up job	2026-10-05T12:55:32.0540556Z Prepare workflow directory
local-invariants	Set up job	2026-10-05T12:55:32.1710688Z Prepare all required actions
local-invariants	Set up job	2026-10-05T12:55:32.1755395Z Getting action download info
local-invariants	Set up job	2026-10-05T12:55:32.4557001Z Download action repository 'actions/checkout@v4' (SHA:11d5960a326750d5838078e36cf38b85af677262)
local-invariants	Set up job	2026-10-05T12:55:33.0934384Z Download action repository 'actions/setup-node@v4' (SHA:49933ea5288caeca8642d1e84afbd3f7d6820020)
local-invariants	Set up job	2026-10-05T12:55:33.7284215Z Complete job name: local-invariants
local-invariants	Run actions/checkout@v4	﻿2026-10-05T12:55:33.7935644Z ##[group]Run actions/checkout@v4
local-invariants	Run actions/checkout@v4	2026-10-05T12:55:33.7936283Z with:
local-invariants	Run actions/checkout@v4	2026-10-05T12:55:33.7936577Z   repository: SamandarMansurkhodjaev2713/tayvero
local-invariants	Run actions/checkout@v4	2026-10-05T12:55:33.7939523Z   token: ***
local-invariants	Run actions/checkout@v4	2026-10-05T12:55:33.7939777Z   ssh-strict: true
local-invariants	Run actions/checkout@v4	2026-10-05T12:55:33.7940022Z   ssh-user: git
local-invariants	Run actions/checkout@v4	2026-10-05T12:55:33.7940417Z   persist-credentials: true
local-invariants	Run actions/checkout@v4	2026-10-05T12:55:33.7940690Z   clean: true
local-invariants	Run actions/checkout@v4	2026-10-05T12:55:33.7940941Z   sparse-checkout-cone-mode: true
local-invariants	Run actions/checkout@v4	2026-10-05T12:55:33.7941238Z   fetch-depth: 1
local-invariants	Run actions/checkout@v4	2026-10-05T12:55:33.7941476Z   fetch-tags: false
local-invariants	Run actions/checkout@v4	2026-10-05T12:55:33.7941725Z   show-progress: true
local-invariants	Run actions/checkout@v4	2026-10-05T12:55:33.7941990Z   lfs: false
local-invariants	Run actions/checkout@v4	2026-10-05T12:55:33.7942244Z   submodules: false
local-invariants	Run actions/checkout@v4	2026-10-05T12:55:33.7942487Z   set-safe-directory: true
local-invariants	Run actions/checkout@v4	2026-10-05T12:55:33.7942767Z   allow-unsafe-pr-checkout: false
local-invariants	Run actions/checkout@v4	2026-10-05T12:55:33.7943219Z ##[endgroup]
local-invariants	Run actions/checkout@v4	2026-10-05T12:55:33.8865223Z Syncing repository: SamandarMansurkhodjaev2713/tayvero
local-invariants	Run actions/checkout@v4	2026-10-05T12:55:33.8867139Z ##[group]Getting Git version info
local-invariants	Run actions/checkout@v4	2026-10-05T12:55:33.8867719Z Working directory is '/home/runner/work/tayvero/tayvero'
local-invariants	Run actions/checkout@v4	2026-10-05T12:55:33.8868677Z [command]/usr/bin/git version
local-invariants	Run actions/checkout@v4	2026-10-05T12:55:33.8929395Z git version 2.55.0
local-invariants	Run actions/checkout@v4	2026-10-05T12:55:33.8950441Z ##[endgroup]
local-invariants	Run actions/checkout@v4	2026-10-05T12:55:33.8973524Z Temporarily overriding HOME='/home/runner/work/_temp/48f29e86-3bb6-4ccf-b215-323bf0f79b71' before making global git config changes
local-invariants	Run actions/checkout@v4	2026-10-05T12:55:33.8974941Z Adding repository directory to the temporary git global config as a safe directory
local-invariants	Run actions/checkout@v4	2026-10-05T12:55:33.8978304Z [command]/usr/bin/git config --global --add safe.directory /home/runner/work/tayvero/tayvero
local-invariants	Run actions/checkout@v4	2026-10-05T12:55:33.9032288Z Deleting the contents of '/home/runner/work/tayvero/tayvero'
local-invariants	Run actions/checkout@v4	2026-10-05T12:55:33.9037691Z ##[group]Initializing the repository
local-invariants	Run actions/checkout@v4	2026-10-05T12:55:33.9041033Z [command]/usr/bin/git init /home/runner/work/tayvero/tayvero
local-invariants	Run actions/checkout@v4	2026-10-05T12:55:33.9148458Z hint: Using 'master' as the name for the initial branch. This default branch name
local-invariants	Run actions/checkout@v4	2026-10-05T12:55:33.9149966Z hint: will change to "main" in Git 3.0. To configure the initial branch name
local-invariants	Run actions/checkout@v4	2026-10-05T12:55:33.9152373Z hint: to use in all of your new repositories, which will suppress this warning,
local-invariants	Run actions/checkout@v4	2026-10-05T12:55:33.9153017Z hint: call:
local-invariants	Run actions/checkout@v4	2026-10-05T12:55:33.9153802Z hint:
local-invariants	Run actions/checkout@v4	2026-10-05T12:55:33.9154373Z hint: 	git config --global init.defaultBranch <name>
local-invariants	Run actions/checkout@v4	2026-10-05T12:55:33.9159986Z hint:
local-invariants	Run actions/checkout@v4	2026-10-05T12:55:33.9160892Z hint: Names commonly chosen instead of 'master' are 'main', 'trunk' and
local-invariants	Run actions/checkout@v4	2026-10-05T12:55:33.9161703Z hint: 'development'. The just-created branch can be renamed via this command:
local-invariants	Run actions/checkout@v4	2026-10-05T12:55:33.9162313Z hint:
local-invariants	Run actions/checkout@v4	2026-10-05T12:55:33.9162749Z hint: 	git branch -m <name>
local-invariants	Run actions/checkout@v4	2026-10-05T12:55:33.9163150Z hint:
local-invariants	Run actions/checkout@v4	2026-10-05T12:55:33.9163702Z hint: Disable this message with "git config set advice.defaultBranchName false"
local-invariants	Run actions/checkout@v4	2026-10-05T12:55:33.9164566Z Initialized empty Git repository in /home/runner/work/tayvero/tayvero/.git/
local-invariants	Run actions/checkout@v4	2026-10-05T12:55:33.9166338Z [command]/usr/bin/git remote add origin https://github.com/SamandarMansurkhodjaev2713/tayvero
local-invariants	Run actions/checkout@v4	2026-10-05T12:55:33.9213487Z ##[endgroup]
local-invariants	Run actions/checkout@v4	2026-10-05T12:55:33.9214160Z ##[group]Disabling automatic garbage collection
local-invariants	Run actions/checkout@v4	2026-10-05T12:55:33.9218135Z [command]/usr/bin/git config --local gc.auto 0
local-invariants	Run actions/checkout@v4	2026-10-05T12:55:33.9250866Z ##[endgroup]
local-invariants	Run actions/checkout@v4	2026-10-05T12:55:33.9251537Z ##[group]Setting up auth
local-invariants	Run actions/checkout@v4	2026-10-05T12:55:33.9258734Z [command]/usr/bin/git config --local --name-only --get-regexp core\.sshCommand
local-invariants	Run actions/checkout@v4	2026-10-05T12:55:33.9292041Z [command]/usr/bin/git submodule foreach --recursive sh -c "git config --local --name-only --get-regexp 'core\.sshCommand' && git config --local --unset-all 'core.sshCommand' || :"
local-invariants	Run actions/checkout@v4	2026-10-05T12:55:33.9652027Z [command]/usr/bin/git config --local --name-only --get-regexp http\.https\:\/\/github\.com\/\.extraheader
local-invariants	Run actions/checkout@v4	2026-10-05T12:55:33.9686927Z [command]/usr/bin/git submodule foreach --recursive sh -c "git config --local --name-only --get-regexp 'http\.https\:\/\/github\.com\/\.extraheader' && git config --local --unset-all 'http.https://github.com/.extraheader' || :"
local-invariants	Run actions/checkout@v4	2026-10-05T12:55:33.9901886Z [command]/usr/bin/git config --local --name-only --get-regexp ^includeIf\.gitdir:
local-invariants	Run actions/checkout@v4	2026-10-05T12:55:33.9937433Z [command]/usr/bin/git submodule foreach --recursive git config --local --show-origin --name-only --get-regexp remote.origin.url
local-invariants	Run actions/checkout@v4	2026-10-05T12:55:34.0155511Z [command]/usr/bin/git config --local http.https://github.com/.extraheader AUTHORIZATION: basic ***
local-invariants	Run actions/checkout@v4	2026-10-05T12:55:34.0194524Z ##[endgroup]
local-invariants	Run actions/checkout@v4	2026-10-05T12:55:34.0204514Z ##[group]Fetching the repository
local-invariants	Run actions/checkout@v4	2026-10-05T12:55:34.0205256Z [command]/usr/bin/git -c protocol.version=2 fetch --no-tags --prune --no-recurse-submodules --depth=1 origin +a513c8029d7cabf23c224bae281fe23f3b4ca6cb:refs/remotes/origin/main
local-invariants	Run actions/checkout@v4	2026-10-05T12:55:34.3331598Z From https://github.com/SamandarMansurkhodjaev2713/tayvero
local-invariants	Run actions/checkout@v4	2026-10-05T12:55:34.3332602Z  * [new ref]         a513c8029d7cabf23c224bae281fe23f3b4ca6cb -> origin/main
local-invariants	Run actions/checkout@v4	2026-10-05T12:55:34.3335386Z ##[endgroup]
local-invariants	Run actions/checkout@v4	2026-10-05T12:55:34.3336099Z ##[group]Determining the checkout info
local-invariants	Run actions/checkout@v4	2026-10-05T12:55:34.3338495Z ##[endgroup]
local-invariants	Run actions/checkout@v4	2026-10-05T12:55:34.3343965Z [command]/usr/bin/git sparse-checkout disable
local-invariants	Run actions/checkout@v4	2026-10-05T12:55:34.3398147Z [command]/usr/bin/git config --local --unset-all extensions.worktreeConfig
local-invariants	Run actions/checkout@v4	2026-10-05T12:55:34.3431823Z ##[group]Checking out the ref
local-invariants	Run actions/checkout@v4	2026-10-05T12:55:34.3437372Z [command]/usr/bin/git checkout --progress --force -B main refs/remotes/origin/main
local-invariants	Run actions/checkout@v4	2026-10-05T12:55:34.4325794Z Switched to a new branch 'main'
local-invariants	Run actions/checkout@v4	2026-10-05T12:55:34.4330580Z branch 'main' set up to track 'origin/main'.
local-invariants	Run actions/checkout@v4	2026-10-05T12:55:34.4338397Z ##[endgroup]
local-invariants	Run actions/checkout@v4	2026-10-05T12:55:34.4382699Z [command]/usr/bin/git log -1 --format=%H
local-invariants	Run actions/checkout@v4	2026-10-05T12:55:34.4409136Z a513c8029d7cabf23c224bae281fe23f3b4ca6cb
local-invariants	Run actions/setup-node@v4	﻿2026-10-05T12:55:34.4659076Z ##[group]Run actions/setup-node@v4
local-invariants	Run actions/setup-node@v4	2026-10-05T12:55:34.4659413Z with:
local-invariants	Run actions/setup-node@v4	2026-10-05T12:55:34.4659630Z   node-version: 22
local-invariants	Run actions/setup-node@v4	2026-10-05T12:55:34.4659860Z   always-auth: false
local-invariants	Run actions/setup-node@v4	2026-10-05T12:55:34.4660099Z   check-latest: false
local-invariants	Run actions/setup-node@v4	2026-10-05T12:55:34.4663068Z   token: ***
local-invariants	Run actions/setup-node@v4	2026-10-05T12:55:34.4663302Z ##[endgroup]
local-invariants	Run actions/setup-node@v4	2026-10-05T12:55:34.5963967Z Found in cache @ /opt/hostedtoolcache/node/22.23.3/x64
local-invariants	Run actions/setup-node@v4	2026-10-05T12:55:34.5966441Z (node:2094) [DEP0040] DeprecationWarning: The `punycode` module is deprecated. Please use a userland alternative instead.
local-invariants	Run actions/setup-node@v4	2026-10-05T12:55:34.5967554Z (Use `node --trace-deprecation ...` to show where the warning was created)
local-invariants	Run actions/setup-node@v4	2026-10-05T12:55:34.5969619Z ##[group]Environment details
local-invariants	Run actions/setup-node@v4	2026-10-05T12:55:34.9551385Z node: v22.23.3
local-invariants	Run actions/setup-node@v4	2026-10-05T12:55:34.9551822Z npm: 10.9.9
local-invariants	Run actions/setup-node@v4	2026-10-05T12:55:34.9552042Z yarn: 1.22.22
local-invariants	Run actions/setup-node@v4	2026-10-05T12:55:34.9552675Z ##[endgroup]
local-invariants	Run node tools/quality/run-local-tests.mjs	﻿2026-10-05T12:55:34.9750416Z ##[group]Run node tools/quality/run-local-tests.mjs
local-invariants	Run node tools/quality/run-local-tests.mjs	2026-10-05T12:55:34.9750956Z ^[[36;1mnode tools/quality/run-local-tests.mjs^[[0m
local-invariants	Run node tools/quality/run-local-tests.mjs	2026-10-05T12:55:34.9992924Z shell: /usr/bin/bash -e {0}
local-invariants	Run node tools/quality/run-local-tests.mjs	2026-10-05T12:55:34.9993369Z ##[endgroup]
local-invariants	Run node tools/quality/run-local-tests.mjs	2026-10-05T12:55:35.1000000Z TAP version 13
local-invariants	Run node tools/quality/run-local-tests.mjs	2026-10-05T12:55:35.2358158Z # Subtest: continuation token admits only the exact session/decision body and preserves principal
local-invariants	Run node tools/quality/run-local-tests.mjs	2026-10-05T12:55:35.2381167Z ok 1 - continuation token admits only the exact session/decision body and preserves principal
local-invariants	Run node tools/quality/run-local-tests.mjs	2026-10-05T12:55:35.2382058Z   ---
local-invariants	Run node tools/quality/run-local-tests.mjs	2026-10-05T12:55:35.2382356Z   duration_ms: 11.820512
local-invariants	Run node tools/quality/run-local-tests.mjs	2026-10-05T12:55:35.2382647Z   type: 'test'
local-invariants	Run node tools/quality/run-local-tests.mjs	2026-10-05T12:55:35.2382891Z   ...
local-invariants	Run node tools/quality/run-local-tests.mjs	2026-10-05T12:55:35.2383494Z # Subtest: session/create/general token, altered body, verb, signature and time are rejected before admission
local-invariants	Run node tools/quality/run-local-tests.mjs	2026-10-05T12:55:35.2384296Z ok 2 - session/create/general token, altered body, verb, signature and time are rejected before admission
local-invariants	Run node tools/quality/run-local-tests.mjs	2026-10-05T12:55:35.2384773Z   ---
local-invariants	Run node tools/quality/run-local-tests.mjs	2026-10-05T12:55:35.2385091Z   duration_ms: 5.67415
local-invariants	Run node tools/quality/run-local-tests.mjs	2026-10-05T12:55:35.2385390Z   type: 'test'
local-invariants	Run node tools/quality/run-local-tests.mjs	2026-10-05T12:55:35.2385620Z   ...
local-invariants	Run node tools/quality/run-local-tests.mjs	2026-10-05T12:55:35.2386120Z # Subtest: bounded authentication rejects oversized and malicious JSON without creating consent
local-invariants	Run node tools/quality/run-local-tests.mjs	2026-10-05T12:55:35.2386873Z ok 3 - bounded authentication rejects oversized and malicious JSON without creating consent
local-invariants	Run node tools/quality/run-local-tests.mjs	2026-10-05T12:55:35.2387322Z   ---
local-invariants	Run node tools/quality/run-local-tests.mjs	2026-10-05T12:55:35.2387556Z   duration_ms: 2.115176
local-invariants	Run node tools/quality/run-local-tests.mjs	2026-10-05T12:55:35.2387813Z   type: 'test'
local-invariants	Run node tools/quality/run-local-tests.mjs	2026-10-05T12:55:35.2388044Z   ...
local-invariants	Run node tools/quality/run-local-tests.mjs	2026-10-05T12:55:35.2388477Z # Subtest: expired token during bounded body processing does not enter admission
local-invariants	Run node tools/quality/run-local-tests.mjs	2026-10-05T12:55:35.2389079Z ok 4 - expired token during bounded body processing does not enter admission
local-invariants	Run node tools/quality/run-local-tests.mjs	2026-10-05T12:55:35.2389472Z   ---
local-invariants	Run node tools/quality/run-local-tests.mjs	2026-10-05T12:55:35.2389706Z   duration_ms: 0.728213
local-invariants	Run node tools/quality/run-local-tests.mjs	2026-10-05T12:55:35.2389958Z   type: 'test'
local-invariants	Run node tools/quality/run-local-tests.mjs	2026-10-05T12:55:35.2390363Z   ...
local-invariants	Run node tools/quality/run-local-tests.mjs	2026-10-05T12:55:35.2582402Z # Subtest: transport sends one exact ID request on a real loopback HTTP server, never a new session
local-invariants	Run node tools/quality/run-local-tests.mjs	2026-10-05T12:55:35.2584578Z ok 5 - transport sends one exact ID request on a real loopback HTTP server, never a new session
local-invariants	Run node tools/quality/run-local-tests.mjs	2026-10-05T12:55:35.2585593Z   ---
local-invariants	Run node tools/quality/run-local-tests.mjs	2026-10-05T12:55:35.2586260Z   duration_ms: 32.861508
local-invariants	Run node tools/quality/run-local-tests.mjs	2026-10-05T12:55:35.2586749Z   type: 'test'
local-invariants	Run node tools/quality/run-local-tests.mjs	2026-10-05T12:55:35.2587073Z   ...
local-invariants	Run node tools/quality/run-local-tests.mjs	2026-10-05T12:55:35.2587892Z # Subtest: transport rejects untrusted origins, redirects/errors, mismatched acknowledgement and never retries
local-invariants	Run node tools/quality/run-local-tests.mjs	2026-10-05T12:55:35.2589181Z ok 6 - transport rejects untrusted origins, redirects/errors, mismatched acknowledgement and never retries
local-invariants	Run node tools/quality/run-local-tests.mjs	2026-10-05T12:55:35.2589999Z   ---
local-invariants	Run node tools/quality/run-local-tests.mjs	2026-10-05T12:55:35.2590540Z   duration_ms: 2.12407
local-invariants	Run node tools/quality/run-local-tests.mjs	2026-10-05T12:55:35.2590978Z   type: 'test'
local-invariants	Run node tools/quality/run-local-tests.mjs	2026-10-05T12:55:35.2591356Z   ...
local-invariants	Run node tools/quality/run-local-tests.mjs	2026-10-05T12:55:35.3542213Z # Subtest: both native mutation tools preserve disabled-default behavior before parsing optional input
local-invariants	Run node tools/quality/run-local-tests.mjs	2026-10-05T12:55:35.3550594Z ok 7 - both native mutation tools preserve disabled-default behavior before parsing optional input
local-invariants	Run node tools/quality/run-local-tests.mjs	2026-10-05T12:55:35.3551423Z   ---
local-invariants	Run node tools/quality/run-local-tests.mjs	2026-10-05T12:55:35.3551675Z   duration_ms: 1.213465
local-invariants	Run node tools/quality/run-local-tests.mjs	2026-10-05T12:55:35.3551961Z   type: 'test'
local-invariants	Run node tools/quality/run-local-tests.mjs	2026-10-05T12:55:35.3552199Z   ...
local-invariants	Run node tools/quality/run-local-tests.mjs	2026-10-05T12:55:35.3554881Z # Subtest: native event journal observer is wired outside the best-effort audit catch
local-invariants	Run node tools/quality/run-local-tests.mjs	2026-10-05T12:55:35.3568164Z ok 8 - native event journal observer is wired outside the best-effort audit catch
local-invariants	Run node tools/quality/run-local-tests.mjs	2026-10-05T12:55:35.3568785Z   ---
local-invariants	Run node tools/quality/run-local-tests.mjs	2026-10-05T12:55:35.3569021Z   duration_ms: 0.307097
local-invariants	Run node tools/quality/run-local-tests.mjs	2026-10-05T12:55:35.3569283Z   type: 'test'
local-invariants	Run node tools/quality/run-local-tests.mjs	2026-10-05T12:55:35.3569906Z   ...
local-invariants	Run node tools/quality/run-local-tests.mjs	2026-10-05T12:55:35.3570600Z # Subtest: timeout confirmation remains inside the locked transaction and completion cannot skip pending consent
local-invariants	Run node tools/quality/run-local-tests.mjs	2026-10-05T12:55:35.3571419Z ok 9 - timeout confirmation remains inside the locked transaction and completion cannot skip pending consent
local-invariants	Run node tools/quality/run-local-tests.mjs	2026-10-05T12:55:35.3571890Z   ---
local-invariants	Run node tools/quality/run-local-tests.mjs	2026-10-05T12:55:35.3572128Z   duration_ms: 0.271805
local-invariants	Run node tools/quality/run-local-tests.mjs	2026-10-05T12:55:35.3572380Z   type: 'test'
local-invariants	Run node tools/quality/run-local-tests.mjs	2026-10-05T12:55:35.3572609Z   ...
local-invariants	Run node tools/quality/run-local-tests.mjs	2026-10-05T12:55:35.3573100Z # Subtest: strict Turbo development passes the actual application feature/config variable names
local-invariants	Run node tools/quality/run-local-tests.mjs	2026-10-05T12:55:35.3574054Z ok 10 - strict Turbo development passes the actual application feature/config variable names
local-invariants	Run node tools/quality/run-local-tests.mjs	2026-10-05T12:55:35.3574476Z   ---
local-invariants	Run node tools/quality/run-local-tests.mjs	2026-10-05T12:55:35.3574720Z   duration_ms: 0.656116
local-invariants	Run node tools/quality/run-local-tests.mjs	2026-10-05T12:55:35.3574968Z   type: 'test'
local-invariants	Run node tools/quality/run-local-tests.mjs	2026-10-05T12:55:35.3575190Z   ...
local-invariants	Run node tools/quality/run-local-tests.mjs	2026-10-05T12:55:35.4493990Z # Subtest: unset and example-env blank rules preserve the bounded deployed manifest policy
local-invariants	Run node tools/quality/run-local-tests.mjs	2026-10-05T12:55:35.4495368Z ok 11 - unset and example-env blank rules preserve the bounded deployed manifest policy
local-invariants	Run node tools/quality/run-local-tests.mjs	2026-10-05T12:55:35.4496078Z   ---
local-invariants	Run node tools/quality/run-local-tests.mjs	2026-10-05T12:55:35.4496458Z   duration_ms: 0.824056
local-invariants	Run node tools/quality/run-local-tests.mjs	2026-10-05T12:55:35.4496865Z   type: 'test'
local-invariants	Run node tools/quality/run-local-tests.mjs	2026-10-05T12:55:35.4497333Z   ...
local-invariants	Run node tools/quality/run-local-tests.mjs	2026-10-05T12:55:35.4498162Z # Subtest: malformed configuration fails closed, never silently ignores intended restrictions
local-invariants	Run node tools/quality/run-local-tests.mjs	2026-10-05T12:55:35.4499328Z ok 12 - malformed configuration fails closed, never silently ignores intended restrictions
local-invariants	Run node tools/quality/run-local-tests.mjs	2026-10-05T12:55:35.4500301Z   ---
local-invariants	Run node tools/quality/run-local-tests.mjs	2026-10-05T12:55:35.4500685Z   duration_ms: 0.409419
local-invariants	Run node tools/quality/run-local-tests.mjs	2026-10-05T12:55:35.4501085Z   type: 'test'
local-invariants	Run node tools/quality/run-local-tests.mjs	2026-10-05T12:55:35.4501434Z   ...
local-invariants	Run node tools/quality/run-local-tests.mjs	2026-10-05T12:55:35.4502488Z # Subtest: deployment rules and read-only mode cannot be changed with request fields
local-invariants	Run node tools/quality/run-local-tests.mjs	2026-10-05T12:55:35.4504248Z ok 13 - deployment rules and read-only mode cannot be changed with request fields
local-invariants	Run node tools/quality/run-local-tests.mjs	2026-10-05T12:55:35.4504679Z   ---
local-invariants	Run node tools/quality/run-local-tests.mjs	2026-10-05T12:55:35.4504919Z   duration_ms: 0.145647
local-invariants	Run node tools/quality/run-local-tests.mjs	2026-10-05T12:55:35.4505179Z   type: 'test'
local-invariants	Run node tools/quality/run-local-tests.mjs	2026-10-05T12:55:35.4505421Z   ...
local-invariants	Run node tools/quality/run-local-tests.mjs	2026-10-05T12:55:35.5638182Z # Subtest: the dependency-free service core delegates only through the governed executor
local-invariants	Run node tools/quality/run-local-tests.mjs	2026-10-05T12:55:35.5639524Z ok 14 - the dependency-free service core delegates only through the governed executor
local-invariants	Run node tools/quality/run-local-tests.mjs	2026-10-05T12:55:35.5640404Z   ---
local-invariants	Run node tools/quality/run-local-tests.mjs	2026-10-05T12:55:35.5640718Z   duration_ms: 12.755002
local-invariants	Run node tools/quality/run-local-tests.mjs	2026-10-05T12:55:35.5641049Z   type: 'test'
local-invariants	Run node tools/quality/run-local-tests.mjs	2026-10-05T12:55:35.5641352Z   ...
local-invariants	Run node tools/quality/run-local-tests.mjs	2026-10-05T12:55:35.5641999Z # Subtest: the production service composition uses the same governed path
local-invariants	Run node tools/quality/run-local-tests.mjs	2026-10-05T12:55:35.5643145Z ok 15 - the production service composition uses the same governed path
local-invariants	Run node tools/quality/run-local-tests.mjs	2026-10-05T12:55:35.5643774Z   ---
local-invariants	Run node tools/quality/run-local-tests.mjs	2026-10-05T12:55:35.5644141Z   duration_ms: 0.869934
local-invariants	Run node tools/quality/run-local-tests.mjs	2026-10-05T12:55:35.5644525Z   type: 'test'
local-invariants	Run node tools/quality/run-local-tests.mjs	2026-10-05T12:55:35.5644880Z   ...
local-invariants	Run node tools/quality/run-local-tests.mjs	2026-10-05T12:55:35.5645853Z # Subtest: requires an explicit catalog-only registry
local-invariants	Run node tools/quality/run-local-tests.mjs	2026-10-05T12:55:35.5646760Z ok 16 - requires an explicit catalog-only registry
local-invariants	Run node tools/quality/run-local-tests.mjs	2026-10-05T12:55:35.5647415Z   ---
local-invariants	Run node tools/quality/run-local-tests.mjs	2026-10-05T12:55:35.5647794Z   duration_ms: 0.409208
local-invariants	Run node tools/quality/run-local-tests.mjs	2026-10-05T12:55:35.5648172Z   type: 'test'
local-invariants	Run node tools/quality/run-local-tests.mjs	2026-10-05T12:55:35.5648504Z   ...
local-invariants	Run node tools/quality/run-local-tests.mjs	2026-10-05T12:55:35.5653581Z # Subtest: rejects model attempts to provide execution context or control fields
local-invariants	Run node tools/quality/run-local-tests.mjs	2026-10-05T12:55:35.5672467Z ok 17 - rejects model attempts to provide execution context or control fields
local-invariants	Run node tools/quality/run-local-tests.mjs	2026-10-05T12:55:35.5673069Z   ---
local-invariants	Run node tools/quality/run-local-tests.mjs	2026-10-05T12:55:35.5673306Z   duration_ms: 0.403881
local-invariants	Run node tools/quality/run-local-tests.mjs	2026-10-05T12:55:35.5673573Z   type: 'test'
local-invariants	Run node tools/quality/run-local-tests.mjs	2026-10-05T12:55:35.5673798Z   ...
local-invariants	Run node tools/quality/run-local-tests.mjs	2026-10-05T12:55:35.5674212Z # Subtest: rejects invalid input before any action executor side effect
local-invariants	Run node tools/quality/run-local-tests.mjs	2026-10-05T12:55:35.5674744Z ok 18 - rejects invalid input before any action executor side effect
local-invariants	Run node tools/quality/run-local-tests.mjs	2026-10-05T12:55:35.5675094Z   ---
local-invariants	Run node tools/quality/run-local-tests.mjs	2026-10-05T12:55:35.5675333Z   duration_ms: 0.408107
local-invariants	Run node tools/quality/run-local-tests.mjs	2026-10-05T12:55:35.5675586Z   type: 'test'
local-invariants	Run node tools/quality/run-local-tests.mjs	2026-10-05T12:55:35.5675807Z   ...
local-invariants	Run node tools/quality/run-local-tests.mjs	2026-10-05T12:55:35.5676209Z # Subtest: rejects invalid cancellation objects and unknown execution options
local-invariants	Run node tools/quality/run-local-tests.mjs	2026-10-05T12:55:35.5676760Z ok 19 - rejects invalid cancellation objects and unknown execution options
local-invariants	Run node tools/quality/run-local-tests.mjs	2026-10-05T12:55:35.5677458Z   ---
local-invariants	Run node tools/quality/run-local-tests.mjs	2026-10-05T12:55:35.5677678Z   duration_ms: 0.351122
local-invariants	Run node tools/quality/run-local-tests.mjs	2026-10-05T12:55:35.5677926Z   type: 'test'
local-invariants	Run node tools/quality/run-local-tests.mjs	2026-10-05T12:55:35.5678138Z   ...
local-invariants	Run node tools/quality/run-local-tests.mjs	2026-10-05T12:55:35.5678612Z # Subtest: the Prisma composition persists receipts and audit through the governed path
local-invariants	Run node tools/quality/run-local-tests.mjs	2026-10-05T12:55:35.5679281Z ok 20 - the Prisma composition persists receipts and audit through the governed path
local-invariants	Run node tools/quality/run-local-tests.mjs	2026-10-05T12:55:35.5679692Z   ---
local-invariants	Run node tools/quality/run-local-tests.mjs	2026-10-05T12:55:35.5680077Z   duration_ms: 2.277808
local-invariants	Run node tools/quality/run-local-tests.mjs	2026-10-05T12:55:35.5680551Z   type: 'test'
local-invariants	Run node tools/quality/run-local-tests.mjs	2026-10-05T12:55:35.5680774Z   ...
local-invariants	Run node tools/quality/run-local-tests.mjs	2026-10-05T12:55:35.5681236Z # Subtest: the Prisma composition fails fast when governance dependencies are missing
local-invariants	Run node tools/quality/run-local-tests.mjs	2026-10-05T12:55:35.5681871Z ok 21 - the Prisma composition fails fast when governance dependencies are missing
local-invariants	Run node tools/quality/run-local-tests.mjs	2026-10-05T12:55:35.5682268Z   ---
local-invariants	Run node tools/quality/run-local-tests.mjs	2026-10-05T12:55:35.5682494Z   duration_ms: 0.316511
local-invariants	Run node tools/quality/run-local-tests.mjs	2026-10-05T12:55:35.5682747Z   type: 'test'
local-invariants	Run node tools/quality/run-local-tests.mjs	2026-10-05T12:55:35.5682965Z   ...
local-invariants	Run node tools/quality/run-local-tests.mjs	2026-10-05T12:55:35.7113440Z # Subtest: publishes only the two governed external run actions
local-invariants	Run node tools/quality/run-local-tests.mjs	2026-10-05T12:55:35.7115251Z ok 22 - publishes only the two governed external run actions
local-invariants	Run node tools/quality/run-local-tests.mjs	2026-10-05T12:55:35.7116216Z   ---
local-invariants	Run node tools/quality/run-local-tests.mjs	2026-10-05T12:55:35.7116850Z   duration_ms: 36.283739
local-invariants	Run node tools/quality/run-local-tests.mjs	2026-10-05T12:55:35.7117530Z   type: 'test'
local-invariants	Run node tools/quality/run-local-tests.mjs	2026-10-05T12:55:35.7118115Z   ...
local-invariants	Run node tools/quality/run-local-tests.mjs	2026-10-05T12:55:35.7119221Z # Subtest: passes the full governed idempotency envelope to the CRM side effect
local-invariants	Run node tools/quality/run-local-tests.mjs	2026-10-05T12:55:35.7120741Z ok 23 - passes the full governed idempotency envelope to the CRM side effect
local-invariants	Run node tools/quality/run-local-tests.mjs	2026-10-05T12:55:35.7121762Z   ---
local-invariants	Run node tools/quality/run-local-tests.mjs	2026-10-05T12:55:35.7122365Z   duration_ms: 7.074503
local-invariants	Run node tools/quality/run-local-tests.mjs	2026-10-05T12:55:35.7123026Z   type: 'test'
local-invariants	Run node tools/quality/run-local-tests.mjs	2026-10-05T12:55:35.7123597Z   ...
local-invariants	Run node tools/quality/run-local-tests.mjs	2026-10-05T12:55:35.7124766Z # Subtest: replays a completed governed receipt without repeating the business side effect
local-invariants	Run node tools/quality/run-local-tests.mjs	2026-10-05T12:55:35.7126288Z ok 24 - replays a completed governed receipt without repeating the business side effect
local-invariants	Run node tools/quality/run-local-tests.mjs	2026-10-05T12:55:35.7127244Z   ---
local-invariants	Run node tools/quality/run-local-tests.mjs	2026-10-05T12:55:35.7127833Z   duration_ms: 2.17136
local-invariants	Run node tools/quality/run-local-tests.mjs	2026-10-05T12:55:35.7128448Z   type: 'test'
local-invariants	Run node tools/quality/run-local-tests.mjs	2026-10-05T12:55:35.7129295Z   ...
local-invariants	Run node tools/quality/run-local-tests.mjs	2026-10-05T12:55:35.7130468Z # Subtest: rejects reuse of one run call for different business input
local-invariants	Run node tools/quality/run-local-tests.mjs	2026-10-05T12:55:35.7131985Z ok 25 - rejects reuse of one run call for different business input
local-invariants	Run node tools/quality/run-local-tests.mjs	2026-10-05T12:55:35.7132858Z   ---
local-invariants	Run node tools/quality/run-local-tests.mjs	2026-10-05T12:55:35.7133456Z   duration_ms: 2.569432
local-invariants	Run node tools/quality/run-local-tests.mjs	2026-10-05T12:55:35.7134065Z   type: 'test'
local-invariants	Run node tools/quality/run-local-tests.mjs	2026-10-05T12:55:35.7134643Z   ...
local-invariants	Run node tools/quality/run-local-tests.mjs	2026-10-05T12:55:35.7135642Z # Subtest: denies execution before the side effect when object authorization fails
local-invariants	Run node tools/quality/run-local-tests.mjs	2026-10-05T12:55:35.7137054Z ok 26 - denies execution before the side effect when object authorization fails
local-invariants	Run node tools/quality/run-local-tests.mjs	2026-10-05T12:55:35.7137933Z   ---
local-invariants	Run node tools/quality/run-local-tests.mjs	2026-10-05T12:55:35.7138511Z   duration_ms: 2.03057
local-invariants	Run node tools/quality/run-local-tests.mjs	2026-10-05T12:55:35.7139140Z   type: 'test'
local-invariants	Run node tools/quality/run-local-tests.mjs	2026-10-05T12:55:35.7139752Z   ...
local-invariants	Run node tools/quality/run-local-tests.mjs	2026-10-05T12:55:35.7140991Z # Subtest: rejects model/control-field injection and invalid business input
local-invariants	Run node tools/quality/run-local-tests.mjs	2026-10-05T12:55:35.7142259Z ok 27 - rejects model/control-field injection and invalid business input
local-invariants	Run node tools/quality/run-local-tests.mjs	2026-10-05T12:55:35.7143224Z   ---
local-invariants	Run node tools/quality/run-local-tests.mjs	2026-10-05T12:55:35.7143813Z   duration_ms: 0.595906
local-invariants	Run node tools/quality/run-local-tests.mjs	2026-10-05T12:55:35.7144440Z   type: 'test'
local-invariants	Run node tools/quality/run-local-tests.mjs	2026-10-05T12:55:35.7145015Z   ...
local-invariants	Run node tools/quality/run-local-tests.mjs	2026-10-05T12:55:35.7145985Z # Subtest: honors cancellation before acquiring or executing a side effect
local-invariants	Run node tools/quality/run-local-tests.mjs	2026-10-05T12:55:35.7147290Z ok 28 - honors cancellation before acquiring or executing a side effect
local-invariants	Run node tools/quality/run-local-tests.mjs	2026-10-05T12:55:35.7148236Z   ---
local-invariants	Run node tools/quality/run-local-tests.mjs	2026-10-05T12:55:35.7148834Z   duration_ms: 0.668654
local-invariants	Run node tools/quality/run-local-tests.mjs	2026-10-05T12:55:35.7149503Z   type: 'test'
local-invariants	Run node tools/quality/run-local-tests.mjs	2026-10-05T12:55:35.7150066Z   ...
local-invariants	Run node tools/quality/run-local-tests.mjs	2026-10-05T12:55:35.7151219Z # Subtest: routes Slack through the same governed receipt and execution envelope
local-invariants	Run node tools/quality/run-local-tests.mjs	2026-10-05T12:55:35.7152490Z ok 29 - routes Slack through the same governed receipt and execution envelope
local-invariants	Run node tools/quality/run-local-tests.mjs	2026-10-05T12:55:35.7153371Z   ---
local-invariants	Run node tools/quality/run-local-tests.mjs	2026-10-05T12:55:35.7153927Z   duration_ms: 1.466522
local-invariants	Run node tools/quality/run-local-tests.mjs	2026-10-05T12:55:35.7154500Z   type: 'test'
local-invariants	Run node tools/quality/run-local-tests.mjs	2026-10-05T12:55:35.7155038Z   ...
local-invariants	Run node tools/quality/run-local-tests.mjs	2026-10-05T12:55:35.7156112Z # Subtest: rejects accessor-backed request fields without invoking application code
local-invariants	Run node tools/quality/run-local-tests.mjs	2026-10-05T12:55:35.7157967Z ok 30 - rejects accessor-backed request fields without invoking application code
local-invariants	Run node tools/quality/run-local-tests.mjs	2026-10-05T12:55:35.7158817Z   ---
local-invariants	Run node tools/quality/run-local-tests.mjs	2026-10-05T12:55:35.7159365Z   duration_ms: 0.621033
local-invariants	Run node tools/quality/run-local-tests.mjs	2026-10-05T12:55:35.7159946Z   type: 'test'
local-invariants	Run node tools/quality/run-local-tests.mjs	2026-10-05T12:55:35.7160671Z   ...
local-invariants	Run node tools/quality/run-local-tests.mjs	2026-10-05T12:55:35.7161579Z # Subtest: rejects accessor-backed business input without evaluating its getter
local-invariants	Run node tools/quality/run-local-tests.mjs	2026-10-05T12:55:35.7162828Z ok 31 - rejects accessor-backed business input without evaluating its getter
local-invariants	Run node tools/quality/run-local-tests.mjs	2026-10-05T12:55:35.7163983Z   ---
local-invariants	Run node tools/quality/run-local-tests.mjs	2026-10-05T12:55:35.7164539Z   duration_ms: 0.595106
local-invariants	Run node tools/quality/run-local-tests.mjs	2026-10-05T12:55:35.7165141Z   type: 'test'
local-invariants	Run node tools/quality/run-local-tests.mjs	2026-10-05T12:55:35.7165674Z   ...
local-invariants	Run node tools/quality/run-local-tests.mjs	2026-10-05T12:55:35.7166670Z # Subtest: rejects ambiguous identifier separators before deriving an idempotency key
local-invariants	Run node tools/quality/run-local-tests.mjs	2026-10-05T12:55:35.7167997Z ok 32 - rejects ambiguous identifier separators before deriving an idempotency key
local-invariants	Run node tools/quality/run-local-tests.mjs	2026-10-05T12:55:35.7168856Z   ---
local-invariants	Run node tools/quality/run-local-tests.mjs	2026-10-05T12:55:35.7169415Z   duration_ms: 0.548356
local-invariants	Run node tools/quality/run-local-tests.mjs	2026-10-05T12:55:35.7170068Z   type: 'test'
local-invariants	Run node tools/quality/run-local-tests.mjs	2026-10-05T12:55:35.7170773Z   ...
local-invariants	Run node tools/quality/run-local-tests.mjs	2026-10-05T12:55:35.7187971Z # Subtest: rejects malformed policy decisions before acquiring a receipt
local-invariants	Run node tools/quality/run-local-tests.mjs	2026-10-05T12:55:35.7189056Z ok 33 - rejects malformed policy decisions before acquiring a receipt
local-invariants	Run node tools/quality/run-local-tests.mjs	2026-10-05T12:55:35.7189697Z   ---
local-invariants	Run node tools/quality/run-local-tests.mjs	2026-10-05T12:55:35.7190102Z   duration_ms: 0.765879
local-invariants	Run node tools/quality/run-local-tests.mjs	2026-10-05T12:55:35.7190692Z   type: 'test'
local-invariants	Run node tools/quality/run-local-tests.mjs	2026-10-05T12:55:35.7191051Z   ...
local-invariants	Run node tools/quality/run-local-tests.mjs	2026-10-05T12:55:35.7191840Z # Subtest: rejects misspelled runtime dependencies instead of ignoring configuration
local-invariants	Run node tools/quality/run-local-tests.mjs	2026-10-05T12:55:35.7193060Z ok 34 - rejects misspelled runtime dependencies instead of ignoring configuration
local-invariants	Run node tools/quality/run-local-tests.mjs	2026-10-05T12:55:35.7193762Z   ---
local-invariants	Run node tools/quality/run-local-tests.mjs	2026-10-05T12:55:35.7194133Z   duration_ms: 0.32307
local-invariants	Run node tools/quality/run-local-tests.mjs	2026-10-05T12:55:35.7194546Z   type: 'test'
local-invariants	Run node tools/quality/run-local-tests.mjs	2026-10-05T12:55:35.7194915Z   ...
local-invariants	Run node tools/quality/run-local-tests.mjs	2026-10-05T12:55:35.8272863Z # Subtest: agent runner tools invoke only the governed run-action bridge
local-invariants	Run node tools/quality/run-local-tests.mjs	2026-10-05T12:55:35.8275166Z ok 35 - agent runner tools invoke only the governed run-action bridge
local-invariants	Run node tools/quality/run-local-tests.mjs	2026-10-05T12:55:35.8276509Z   ---
local-invariants	Run node tools/quality/run-local-tests.mjs	2026-10-05T12:55:35.8277082Z   duration_ms: 5.448194
local-invariants	Run node tools/quality/run-local-tests.mjs	2026-10-05T12:55:35.8277615Z   type: 'test'
local-invariants	Run node tools/quality/run-local-tests.mjs	2026-10-05T12:55:35.8278117Z   ...
local-invariants	Run node tools/quality/run-local-tests.mjs	2026-10-05T12:55:35.9391566Z # Subtest: the governed bridge is the sole production caller of low-level run side effects
local-invariants	Run node tools/quality/run-local-tests.mjs	2026-10-05T12:55:35.9394498Z ok 36 - the governed bridge is the sole production caller of low-level run side effects
local-invariants	Run node tools/quality/run-local-tests.mjs	2026-10-05T12:55:35.9395443Z   ---
local-invariants	Run node tools/quality/run-local-tests.mjs	2026-10-05T12:55:35.9396010Z   duration_ms: 112.385933
local-invariants	Run node tools/quality/run-local-tests.mjs	2026-10-05T12:55:35.9396651Z   type: 'test'
local-invariants	Run node tools/quality/run-local-tests.mjs	2026-10-05T12:55:35.9397170Z   ...
local-invariants	Run node tools/quality/run-local-tests.mjs	2026-10-05T12:55:35.9398528Z # Subtest: run-runtime requires the governed envelope and no longer exposes legacy entrypoints
local-invariants	Run node tools/quality/run-local-tests.mjs	2026-10-05T12:55:35.9400589Z ok 37 - run-runtime requires the governed envelope and no longer exposes legacy entrypoints
local-invariants	Run node tools/quality/run-local-tests.mjs	2026-10-05T12:55:35.9401622Z   ---
local-invariants	Run node tools/quality/run-local-tests.mjs	2026-10-05T12:55:35.9402147Z   duration_ms: 1.034899
local-invariants	Run node tools/quality/run-local-tests.mjs	2026-10-05T12:55:35.9402709Z   type: 'test'
local-invariants	Run node tools/quality/run-local-tests.mjs	2026-10-05T12:55:35.9403204Z   ...
local-invariants	Run node tools/quality/run-local-tests.mjs	2026-10-05T12:55:35.9407460Z # Subtest: run.summary remains a run-control capability instead of becoming an external side effect
local-invariants	Run node tools/quality/run-local-tests.mjs	2026-10-05T12:55:35.9408772Z ok 38 - run.summary remains a run-control capability instead of becoming an external side effect
local-invariants	Run node tools/quality/run-local-tests.mjs	2026-10-05T12:55:35.9409538Z   ---
local-invariants	Run node tools/quality/run-local-tests.mjs	2026-10-05T12:55:35.9410454Z   duration_ms: 1.198272
local-invariants	Run node tools/quality/run-local-tests.mjs	2026-10-05T12:55:35.9410783Z   type: 'test'
local-invariants	Run node tools/quality/run-local-tests.mjs	2026-10-05T12:55:35.9411078Z   ...
local-invariants	Run node tools/quality/run-local-tests.mjs	2026-10-05T12:55:36.0382416Z # Subtest: timeout selection cannot fail a run that parked after the query snapshot
local-invariants	Run node tools/quality/run-local-tests.mjs	2026-10-05T12:55:36.0383898Z ok 39 - timeout selection cannot fail a run that parked after the query snapshot
local-invariants	Run node tools/quality/run-local-tests.mjs	2026-10-05T12:55:36.0384571Z   ---
local-invariants	Run node tools/quality/run-local-tests.mjs	2026-10-05T12:55:36.0384901Z   duration_ms: 0.766049
local-invariants	Run node tools/quality/run-local-tests.mjs	2026-10-05T12:55:36.0385281Z   type: 'test'
local-invariants	Run node tools/quality/run-local-tests.mjs	2026-10-05T12:55:36.0385613Z   ...
local-invariants	Run node tools/quality/run-local-tests.mjs	2026-10-05T12:55:36.0396293Z # Subtest: resume uses extended execution budget without changing historical startedAt
local-invariants	Run node tools/quality/run-local-tests.mjs	2026-10-05T12:55:36.0397665Z ok 40 - resume uses extended execution budget without changing historical startedAt
local-invariants	Run node tools/quality/run-local-tests.mjs	2026-10-05T12:55:36.0399005Z   ---
local-invariants	Run node tools/quality/run-local-tests.mjs	2026-10-05T12:55:36.0399450Z   duration_ms: 0.165937
local-invariants	Run node tools/quality/run-local-tests.mjs	2026-10-05T12:55:36.0400096Z   type: 'test'
local-invariants	Run node tools/quality/run-local-tests.mjs	2026-10-05T12:55:36.0400646Z   ...
local-invariants	Run node tools/quality/run-local-tests.mjs	2026-10-05T12:55:36.0401327Z # Subtest: cancelled, detached and terminal runs are never timed out by a stale scan
local-invariants	Run node tools/quality/run-local-tests.mjs	2026-10-05T12:55:36.0402037Z ok 41 - cancelled, detached and terminal runs are never timed out by a stale scan
local-invariants	Run node tools/quality/run-local-tests.mjs	2026-10-05T12:55:36.0402417Z   ---
local-invariants	Run node tools/quality/run-local-tests.mjs	2026-10-05T12:55:36.0402632Z   duration_ms: 0.195691
local-invariants	Run node tools/quality/run-local-tests.mjs	2026-10-05T12:55:36.0402866Z   type: 'test'
local-invariants	Run node tools/quality/run-local-tests.mjs	2026-10-05T12:55:36.0403353Z   ...
local-invariants	Run node tools/quality/run-local-tests.mjs	2026-10-05T12:55:36.0403820Z # Subtest: execution budget rejects corrupt configuration and saved deadlines
local-invariants	Run node tools/quality/run-local-tests.mjs	2026-10-05T12:55:36.0404448Z ok 42 - execution budget rejects corrupt configuration and saved deadlines
local-invariants	Run node tools/quality/run-local-tests.mjs	2026-10-05T12:55:36.0404794Z   ---
local-invariants	Run node tools/quality/run-local-tests.mjs	2026-10-05T12:55:36.0405006Z   duration_ms: 0.364222
local-invariants	Run node tools/quality/run-local-tests.mjs	2026-10-05T12:55:36.0405235Z   type: 'test'
local-invariants	Run node tools/quality/run-local-tests.mjs	2026-10-05T12:55:36.0405436Z   ...
local-invariants	Run node tools/quality/run-local-tests.mjs	2026-10-05T12:55:36.2558523Z # Subtest: approved native request traverses real governed executor once, then receipt completes continuation
local-invariants	Run node tools/quality/run-local-tests.mjs	2026-10-05T12:55:36.2563818Z ok 43 - approved native request traverses real governed executor once, then receipt completes continuation
local-invariants	Run node tools/quality/run-local-tests.mjs	2026-10-05T12:55:36.2564614Z   ---
local-invariants	Run node tools/quality/run-local-tests.mjs	2026-10-05T12:55:36.2564845Z   duration_ms: 85.550147
local-invariants	Run node tools/quality/run-local-tests.mjs	2026-10-05T12:55:36.2565089Z   type: 'test'
local-invariants	Run node tools/quality/run-local-tests.mjs	2026-10-05T12:55:36.2565309Z   ...
local-invariants	Run node tools/quality/run-local-tests.mjs	2026-10-05T12:55:36.2724146Z # Subtest: lost native acknowledgement is reconciled from actual runtime receipt without another HTTP request
local-invariants	Run node tools/quality/run-local-tests.mjs	2026-10-05T12:55:36.2726572Z ok 44 - lost native acknowledgement is reconciled from actual runtime receipt without another HTTP request
local-invariants	Run node tools/quality/run-local-tests.mjs	2026-10-05T12:55:36.2727551Z   ---
local-invariants	Run node tools/quality/run-local-tests.mjs	2026-10-05T12:55:36.2727930Z   duration_ms: 24.675001
local-invariants	Run node tools/quality/run-local-tests.mjs	2026-10-05T12:55:36.2728322Z   type: 'test'
local-invariants	Run node tools/quality/run-local-tests.mjs	2026-10-05T12:55:36.2728661Z   ...
local-invariants	Run node tools/quality/run-local-tests.mjs	2026-10-05T12:55:36.4724247Z # Subtest: native child/session/call binding is durable across fresh service instances
local-invariants	Run node tools/quality/run-local-tests.mjs	2026-10-05T12:55:36.4752201Z ok 45 - native child/session/call binding is durable across fresh service instances
local-invariants	Run node tools/quality/run-local-tests.mjs	2026-10-05T12:55:36.4778650Z   ---
local-invariants	Run node tools/quality/run-local-tests.mjs	2026-10-05T12:55:36.4783150Z   duration_ms: 12.737677
local-invariants	Run node tools/quality/run-local-tests.mjs	2026-10-05T12:55:36.4784097Z   type: 'test'
local-invariants	Run node tools/quality/run-local-tests.mjs	2026-10-05T12:55:36.4784657Z   ...
local-invariants	Run node tools/quality/run-local-tests.mjs	2026-10-05T12:55:36.4785550Z # Subtest: consent alone cannot resume before durable native input and waiting boundary
local-invariants	Run node tools/quality/run-local-tests.mjs	2026-10-05T12:55:36.4786794Z ok 46 - consent alone cannot resume before durable native input and waiting boundary
local-invariants	Run node tools/quality/run-local-tests.mjs	2026-10-05T12:55:36.4787602Z   ---
local-invariants	Run node tools/quality/run-local-tests.mjs	2026-10-05T12:55:36.4788075Z   duration_ms: 3.67751
local-invariants	Run node tools/quality/run-local-tests.mjs	2026-10-05T12:55:36.4788617Z   type: 'test'
local-invariants	Run node tools/quality/run-local-tests.mjs	2026-10-05T12:55:36.4789039Z   ...
local-invariants	Run node tools/quality/run-local-tests.mjs	2026-10-05T12:55:36.4789785Z # Subtest: pending consent parks without dispatch and polling is bounded/fair
local-invariants	Run node tools/quality/run-local-tests.mjs	2026-10-05T12:55:36.4791071Z ok 47 - pending consent parks without dispatch and polling is bounded/fair
local-invariants	Run node tools/quality/run-local-tests.mjs	2026-10-05T12:55:36.4791847Z   ---
local-invariants	Run node tools/quality/run-local-tests.mjs	2026-10-05T12:55:36.4792394Z   duration_ms: 4.144424
local-invariants	Run node tools/quality/run-local-tests.mjs	2026-10-05T12:55:36.4792932Z   type: 'test'
local-invariants	Run node tools/quality/run-local-tests.mjs	2026-10-05T12:55:36.4793430Z   ...
local-invariants	Run node tools/quality/run-local-tests.mjs	2026-10-05T12:55:36.4794300Z # Subtest: wrong session, actor workspace, payload, call and native request cannot rebind consent
local-invariants	Run node tools/quality/run-local-tests.mjs	2026-10-05T12:55:36.4795740Z ok 48 - wrong session, actor workspace, payload, call and native request cannot rebind consent
local-invariants	Run node tools/quality/run-local-tests.mjs	2026-10-05T12:55:36.4796613Z   ---
local-invariants	Run node tools/quality/run-local-tests.mjs	2026-10-05T12:55:36.4797049Z   duration_ms: 3.609058
local-invariants	Run node tools/quality/run-local-tests.mjs	2026-10-05T12:55:36.4797511Z   type: 'test'
local-invariants	Run node tools/quality/run-local-tests.mjs	2026-10-05T12:55:36.4797936Z   ...
local-invariants	Run node tools/quality/run-local-tests.mjs	2026-10-05T12:55:36.4800019Z # Subtest: two dispatchers cannot both submit one approval or two calls of the same waiting run
local-invariants	Run node tools/quality/run-local-tests.mjs	2026-10-05T12:55:36.4801242Z ok 49 - two dispatchers cannot both submit one approval or two calls of the same waiting run
local-invariants	Run node tools/quality/run-local-tests.mjs	2026-10-05T12:55:36.4801888Z   ---
local-invariants	Run node tools/quality/run-local-tests.mjs	2026-10-05T12:55:36.4802179Z   duration_ms: 6.886153
local-invariants	Run node tools/quality/run-local-tests.mjs	2026-10-05T12:55:36.4802519Z   type: 'test'
local-invariants	Run node tools/quality/run-local-tests.mjs	2026-10-05T12:55:36.4802929Z   ...
local-invariants	Run node tools/quality/run-local-tests.mjs	2026-10-05T12:55:36.4803619Z # Subtest: lost transport acknowledgement is quarantined; never whole-run/new-key replay
local-invariants	Run node tools/quality/run-local-tests.mjs	2026-10-05T12:55:36.4804646Z ok 50 - lost transport acknowledgement is quarantined; never whole-run/new-key replay
local-invariants	Run node tools/quality/run-local-tests.mjs	2026-10-05T12:55:36.4805248Z   ---
local-invariants	Run node tools/quality/run-local-tests.mjs	2026-10-05T12:55:36.4806044Z   duration_ms: 7.040522
local-invariants	Run node tools/quality/run-local-tests.mjs	2026-10-05T12:55:36.4806378Z   type: 'test'
local-invariants	Run node tools/quality/run-local-tests.mjs	2026-10-05T12:55:36.4806666Z   ...
local-invariants	Run node tools/quality/run-local-tests.mjs	2026-10-05T12:55:36.4807194Z # Subtest: crashed dispatcher lease is quarantined, not reacquired
local-invariants	Run node tools/quality/run-local-tests.mjs	2026-10-05T12:55:36.4807955Z ok 51 - crashed dispatcher lease is quarantined, not reacquired
local-invariants	Run node tools/quality/run-local-tests.mjs	2026-10-05T12:55:36.4808442Z   ---
local-invariants	Run node tools/quality/run-local-tests.mjs	2026-10-05T12:55:36.4808725Z   duration_ms: 7.403647
local-invariants	Run node tools/quality/run-local-tests.mjs	2026-10-05T12:55:36.4809047Z   type: 'test'
local-invariants	Run node tools/quality/run-local-tests.mjs	2026-10-05T12:55:36.4809330Z   ...
local-invariants	Run node tools/quality/run-local-tests.mjs	2026-10-05T12:55:36.4809915Z # Subtest: exact-session mismatch in transport acknowledgement fails closed
local-invariants	Run node tools/quality/run-local-tests.mjs	2026-10-05T12:55:36.4811277Z ok 52 - exact-session mismatch in transport acknowledgement fails closed
local-invariants	Run node tools/quality/run-local-tests.mjs	2026-10-05T12:55:36.4811833Z   ---
local-invariants	Run node tools/quality/run-local-tests.mjs	2026-10-05T12:55:36.4812100Z   duration_ms: 2.846194
local-invariants	Run node tools/quality/run-local-tests.mjs	2026-10-05T12:55:36.4812409Z   type: 'test'
local-invariants	Run node tools/quality/run-local-tests.mjs	2026-10-05T12:55:36.4812688Z   ...
local-invariants	Run node tools/quality/run-local-tests.mjs	2026-10-05T12:55:36.4813274Z # Subtest: expired/rejected/cancelled approval resumes only a native denial
local-invariants	Run node tools/quality/run-local-tests.mjs	2026-10-05T12:55:36.4814122Z ok 53 - expired/rejected/cancelled approval resumes only a native denial
local-invariants	Run node tools/quality/run-local-tests.mjs	2026-10-05T12:55:36.4814630Z   ---
local-invariants	Run node tools/quality/run-local-tests.mjs	2026-10-05T12:55:36.4814899Z   duration_ms: 8.329609
local-invariants	Run node tools/quality/run-local-tests.mjs	2026-10-05T12:55:36.4815213Z   type: 'test'
local-invariants	Run node tools/quality/run-local-tests.mjs	2026-10-05T12:55:36.4815479Z   ...
local-invariants	Run node tools/quality/run-local-tests.mjs	2026-10-05T12:55:36.4816202Z # Subtest: revoked approver denies; revoked requester quarantines; cancellation never dispatches
local-invariants	Run node tools/quality/run-local-tests.mjs	2026-10-05T12:55:36.4817264Z ok 54 - revoked approver denies; revoked requester quarantines; cancellation never dispatches
local-invariants	Run node tools/quality/run-local-tests.mjs	2026-10-05T12:55:36.4818285Z   ---
local-invariants	Run node tools/quality/run-local-tests.mjs	2026-10-05T12:55:36.4818775Z   duration_ms: 5.447542
local-invariants	Run node tools/quality/run-local-tests.mjs	2026-10-05T12:55:36.4819254Z   type: 'test'
local-invariants	Run node tools/quality/run-local-tests.mjs	2026-10-05T12:55:36.4819684Z   ...
local-invariants	Run node tools/quality/run-local-tests.mjs	2026-10-05T12:55:36.4820676Z # Subtest: approval waiting extends only execution deadline; original startedAt is preserved
local-invariants	Run node tools/quality/run-local-tests.mjs	2026-10-05T12:55:36.4821450Z ok 55 - approval waiting extends only execution deadline; original startedAt is preserved
local-invariants	Run node tools/quality/run-local-tests.mjs	2026-10-05T12:55:36.4821959Z   ---
local-invariants	Run node tools/quality/run-local-tests.mjs	2026-10-05T12:55:36.4822267Z   duration_ms: 1.657254
local-invariants	Run node tools/quality/run-local-tests.mjs	2026-10-05T12:55:36.4822604Z   type: 'test'
local-invariants	Run node tools/quality/run-local-tests.mjs	2026-10-05T12:55:36.4822990Z   ...
local-invariants	Run node tools/quality/run-local-tests.mjs	2026-10-05T12:55:36.4823629Z # Subtest: replayed waiting event cannot park a resumed run again
local-invariants	Run node tools/quality/run-local-tests.mjs	2026-10-05T12:55:36.4824212Z ok 56 - replayed waiting event cannot park a resumed run again
local-invariants	Run node tools/quality/run-local-tests.mjs	2026-10-05T12:55:36.4824644Z   ---
local-invariants	Run node tools/quality/run-local-tests.mjs	2026-10-05T12:55:36.4824956Z   duration_ms: 3.255883
local-invariants	Run node tools/quality/run-local-tests.mjs	2026-10-05T12:55:36.4825288Z   type: 'test'
local-invariants	Run node tools/quality/run-local-tests.mjs	2026-10-05T12:55:36.4825588Z   ...
local-invariants	Run node tools/quality/run-local-tests.mjs	2026-10-05T12:55:36.4826097Z # Subtest: audit failure rolls back waiting/dispatch state and produces no delivery
local-invariants	Run node tools/quality/run-local-tests.mjs	2026-10-05T12:55:36.4826786Z ok 57 - audit failure rolls back waiting/dispatch state and produces no delivery
local-invariants	Run node tools/quality/run-local-tests.mjs	2026-10-05T12:55:36.4827350Z   ---
local-invariants	Run node tools/quality/run-local-tests.mjs	2026-10-05T12:55:36.4827658Z   duration_ms: 1.7352
local-invariants	Run node tools/quality/run-local-tests.mjs	2026-10-05T12:55:36.4827994Z   type: 'test'
local-invariants	Run node tools/quality/run-local-tests.mjs	2026-10-05T12:55:36.4828309Z   ...
local-invariants	Run node tools/quality/run-local-tests.mjs	2026-10-05T12:55:36.4828801Z # Subtest: only a successful matching governed receipt closes observed execution
local-invariants	Run node tools/quality/run-local-tests.mjs	2026-10-05T12:55:36.4829450Z ok 58 - only a successful matching governed receipt closes observed execution
local-invariants	Run node tools/quality/run-local-tests.mjs	2026-10-05T12:55:36.4829919Z   ---
local-invariants	Run node tools/quality/run-local-tests.mjs	2026-10-05T12:55:36.4830444Z   duration_ms: 2.105492
local-invariants	Run node tools/quality/run-local-tests.mjs	2026-10-05T12:55:36.4830791Z   type: 'test'
local-invariants	Run node tools/quality/run-local-tests.mjs	2026-10-05T12:55:36.4831090Z   ...
local-invariants	Run node tools/quality/run-local-tests.mjs	2026-10-05T12:55:36.4831687Z # Subtest: native HTTP admission is one-use and rechecks fresh authority without consuming business consent
local-invariants	Run node tools/quality/run-local-tests.mjs	2026-10-05T12:55:36.4832529Z ok 59 - native HTTP admission is one-use and rechecks fresh authority without consuming business consent
local-invariants	Run node tools/quality/run-local-tests.mjs	2026-10-05T12:55:36.4833114Z   ---
local-invariants	Run node tools/quality/run-local-tests.mjs	2026-10-05T12:55:36.4833503Z   duration_ms: 3.03204
local-invariants	Run node tools/quality/run-local-tests.mjs	2026-10-05T12:55:36.4833945Z   type: 'test'
local-invariants	Run node tools/quality/run-local-tests.mjs	2026-10-05T12:55:36.4834351Z   ...
local-invariants	Run node tools/quality/run-local-tests.mjs	2026-10-05T12:55:36.4835256Z # Subtest: late expiry/revocation/cancellation at native admission cannot use earlier dispatch authority
local-invariants	Run node tools/quality/run-local-tests.mjs	2026-10-05T12:55:36.4836709Z ok 60 - late expiry/revocation/cancellation at native admission cannot use earlier dispatch authority
local-invariants	Run node tools/quality/run-local-tests.mjs	2026-10-05T12:55:36.4837665Z   ---
local-invariants	Run node tools/quality/run-local-tests.mjs	2026-10-05T12:55:36.4838008Z   duration_ms: 5.248667
local-invariants	Run node tools/quality/run-local-tests.mjs	2026-10-05T12:55:36.4838344Z   type: 'test'
local-invariants	Run node tools/quality/run-local-tests.mjs	2026-10-05T12:55:36.4838655Z   ...
local-invariants	Run node tools/quality/run-local-tests.mjs	2026-10-05T12:55:36.4839189Z # Subtest: execution budget already exhausted before waiting is not restored by approval
local-invariants	Run node tools/quality/run-local-tests.mjs	2026-10-05T12:55:36.4840501Z ok 61 - execution budget already exhausted before waiting is not restored by approval
local-invariants	Run node tools/quality/run-local-tests.mjs	2026-10-05T12:55:36.4841320Z   ---
local-invariants	Run node tools/quality/run-local-tests.mjs	2026-10-05T12:55:36.4841622Z   duration_ms: 1.535704
local-invariants	Run node tools/quality/run-local-tests.mjs	2026-10-05T12:55:36.4841942Z   type: 'test'
local-invariants	Run node tools/quality/run-local-tests.mjs	2026-10-05T12:55:36.4842206Z   ...
local-invariants	Run node tools/quality/run-local-tests.mjs	2026-10-05T12:55:36.4842752Z # Subtest: scheduled continuation preserves the dispatch principal, never the immutable version editor
local-invariants	Run node tools/quality/run-local-tests.mjs	2026-10-05T12:55:36.4843646Z ok 62 - scheduled continuation preserves the dispatch principal, never the immutable version editor
local-invariants	Run node tools/quality/run-local-tests.mjs	2026-10-05T12:55:36.4844082Z   ---
local-invariants	Run node tools/quality/run-local-tests.mjs	2026-10-05T12:55:36.4844275Z   duration_ms: 1.592929
local-invariants	Run node tools/quality/run-local-tests.mjs	2026-10-05T12:55:36.4844498Z   type: 'test'
local-invariants	Run node tools/quality/run-local-tests.mjs	2026-10-05T12:55:36.4844696Z   ...
local-invariants	Run node tools/quality/run-local-tests.mjs	2026-10-05T12:55:36.4845213Z # Subtest: historical scheduled run principal follows original dispatch, and contradictory manual identity is denied
local-invariants	Run node tools/quality/run-local-tests.mjs	2026-10-05T12:55:36.4845982Z ok 63 - historical scheduled run principal follows original dispatch, and contradictory manual identity is denied
local-invariants	Run node tools/quality/run-local-tests.mjs	2026-10-05T12:55:36.4846433Z   ---
local-invariants	Run node tools/quality/run-local-tests.mjs	2026-10-05T12:55:36.4846619Z   duration_ms: 0.831757
local-invariants	Run node tools/quality/run-local-tests.mjs	2026-10-05T12:55:36.4846832Z   type: 'test'
local-invariants	Run node tools/quality/run-local-tests.mjs	2026-10-05T12:55:36.4847026Z   ...
local-invariants	Run node tools/quality/run-local-tests.mjs	2026-10-05T12:55:36.6697031Z # Subtest: request is immutable, requester-bound and idempotent across service instances
local-invariants	Run node tools/quality/run-local-tests.mjs	2026-10-05T12:55:36.6701162Z ok 64 - request is immutable, requester-bound and idempotent across service instances
local-invariants	Run node tools/quality/run-local-tests.mjs	2026-10-05T12:55:36.6710802Z   ---
local-invariants	Run node tools/quality/run-local-tests.mjs	2026-10-05T12:55:36.6711218Z   duration_ms: 6.377576
local-invariants	Run node tools/quality/run-local-tests.mjs	2026-10-05T12:55:36.6711569Z   type: 'test'
local-invariants	Run node tools/quality/run-local-tests.mjs	2026-10-05T12:55:36.6711828Z   ...
local-invariants	Run node tools/quality/run-local-tests.mjs	2026-10-05T12:55:36.6712212Z # Subtest: no forged tenant or digest is accepted
local-invariants	Run node tools/quality/run-local-tests.mjs	2026-10-05T12:55:36.6712730Z ok 65 - no forged tenant or digest is accepted
local-invariants	Run node tools/quality/run-local-tests.mjs	2026-10-05T12:55:36.6713127Z   ---
local-invariants	Run node tools/quality/run-local-tests.mjs	2026-10-05T12:55:36.6713393Z   duration_ms: 1.157331
local-invariants	Run node tools/quality/run-local-tests.mjs	2026-10-05T12:55:36.6713707Z   type: 'test'
local-invariants	Run node tools/quality/run-local-tests.mjs	2026-10-05T12:55:36.6713949Z   ...
local-invariants	Run node tools/quality/run-local-tests.mjs	2026-10-05T12:55:36.6714493Z # Subtest: queue and decisions require current administrator membership
local-invariants	Run node tools/quality/run-local-tests.mjs	2026-10-05T12:55:36.6715289Z ok 66 - queue and decisions require current administrator membership
local-invariants	Run node tools/quality/run-local-tests.mjs	2026-10-05T12:55:36.6715780Z   ---
local-invariants	Run node tools/quality/run-local-tests.mjs	2026-10-05T12:55:36.6716024Z   duration_ms: 1.540982
local-invariants	Run node tools/quality/run-local-tests.mjs	2026-10-05T12:55:36.6716328Z   type: 'test'
local-invariants	Run node tools/quality/run-local-tests.mjs	2026-10-05T12:55:36.6716586Z   ...
local-invariants	Run node tools/quality/run-local-tests.mjs	2026-10-05T12:55:36.6717196Z # Subtest: self approval is prohibited for both direct human and agent-run requesters
local-invariants	Run node tools/quality/run-local-tests.mjs	2026-10-05T12:55:36.6718134Z ok 67 - self approval is prohibited for both direct human and agent-run requesters
local-invariants	Run node tools/quality/run-local-tests.mjs	2026-10-05T12:55:36.6718706Z   ---
local-invariants	Run node tools/quality/run-local-tests.mjs	2026-10-05T12:55:36.6718968Z   duration_ms: 1.68112
local-invariants	Run node tools/quality/run-local-tests.mjs	2026-10-05T12:55:36.6719272Z   type: 'test'
local-invariants	Run node tools/quality/run-local-tests.mjs	2026-10-05T12:55:36.6719532Z   ...
local-invariants	Run node tools/quality/run-local-tests.mjs	2026-10-05T12:55:36.6720039Z # Subtest: agent run linkage is loaded server-side and inactive runs fail closed
local-invariants	Run node tools/quality/run-local-tests.mjs	2026-10-05T12:55:36.6721165Z ok 68 - agent run linkage is loaded server-side and inactive runs fail closed
local-invariants	Run node tools/quality/run-local-tests.mjs	2026-10-05T12:55:36.6721629Z   ---
local-invariants	Run node tools/quality/run-local-tests.mjs	2026-10-05T12:55:36.6721864Z   duration_ms: 1.031214
local-invariants	Run node tools/quality/run-local-tests.mjs	2026-10-05T12:55:36.6722137Z   type: 'test'
local-invariants	Run node tools/quality/run-local-tests.mjs	2026-10-05T12:55:36.6722374Z   ...
local-invariants	Run node tools/quality/run-local-tests.mjs	2026-10-05T12:55:36.6722892Z # Subtest: approval and audit are atomic; audit failure cannot leave consent behind
local-invariants	Run node tools/quality/run-local-tests.mjs	2026-10-05T12:55:36.6723692Z ok 69 - approval and audit are atomic; audit failure cannot leave consent behind
local-invariants	Run node tools/quality/run-local-tests.mjs	2026-10-05T12:55:36.6724215Z   ---
local-invariants	Run node tools/quality/run-local-tests.mjs	2026-10-05T12:55:36.6724474Z   duration_ms: 1.45859
local-invariants	Run node tools/quality/run-local-tests.mjs	2026-10-05T12:55:36.6724776Z   type: 'test'
local-invariants	Run node tools/quality/run-local-tests.mjs	2026-10-05T12:55:36.6725041Z   ...
local-invariants	Run node tools/quality/run-local-tests.mjs	2026-10-05T12:55:36.6725658Z # Subtest: repeated same decision is idempotent but stale opposite decisions are blocked
local-invariants	Run node tools/quality/run-local-tests.mjs	2026-10-05T12:55:36.6726618Z ok 70 - repeated same decision is idempotent but stale opposite decisions are blocked
local-invariants	Run node tools/quality/run-local-tests.mjs	2026-10-05T12:55:36.6727182Z   ---
local-invariants	Run node tools/quality/run-local-tests.mjs	2026-10-05T12:55:36.6727443Z   duration_ms: 1.380443
local-invariants	Run node tools/quality/run-local-tests.mjs	2026-10-05T12:55:36.6727746Z   type: 'test'
local-invariants	Run node tools/quality/run-local-tests.mjs	2026-10-05T12:55:36.6728005Z   ...
local-invariants	Run node tools/quality/run-local-tests.mjs	2026-10-05T12:55:36.6728602Z # Subtest: expiry is committed and audited instead of rolled back with an exception
local-invariants	Run node tools/quality/run-local-tests.mjs	2026-10-05T12:55:36.6736448Z ok 71 - expiry is committed and audited instead of rolled back with an exception
local-invariants	Run node tools/quality/run-local-tests.mjs	2026-10-05T12:55:36.6737494Z   ---
local-invariants	Run node tools/quality/run-local-tests.mjs	2026-10-05T12:55:36.6737783Z   duration_ms: 0.964565
local-invariants	Run node tools/quality/run-local-tests.mjs	2026-10-05T12:55:36.6738093Z   type: 'test'
local-invariants	Run node tools/quality/run-local-tests.mjs	2026-10-05T12:55:36.6738357Z   ...
local-invariants	Run node tools/quality/run-local-tests.mjs	2026-10-05T12:55:36.6738776Z # Subtest: cannot explicitly expire before deadline
local-invariants	Run node tools/quality/run-local-tests.mjs	2026-10-05T12:55:36.6739349Z ok 72 - cannot explicitly expire before deadline
local-invariants	Run node tools/quality/run-local-tests.mjs	2026-10-05T12:55:36.6739731Z   ---
local-invariants	Run node tools/quality/run-local-tests.mjs	2026-10-05T12:55:36.6739913Z   duration_ms: 1.586049
local-invariants	Run node tools/quality/run-local-tests.mjs	2026-10-05T12:55:36.6740265Z   type: 'test'
local-invariants	Run node tools/quality/run-local-tests.mjs	2026-10-05T12:55:36.6740445Z   ...
local-invariants	Run node tools/quality/run-local-tests.mjs	2026-10-05T12:55:36.6741028Z # Subtest: cannot approve redacted or truncated content without a complete safe preview
local-invariants	Run node tools/quality/run-local-tests.mjs	2026-10-05T12:55:36.6741615Z ok 73 - cannot approve redacted or truncated content without a complete safe preview
local-invariants	Run node tools/quality/run-local-tests.mjs	2026-10-05T12:55:36.6741981Z   ---
local-invariants	Run node tools/quality/run-local-tests.mjs	2026-10-05T12:55:36.6742161Z   duration_ms: 1.658647
local-invariants	Run node tools/quality/run-local-tests.mjs	2026-10-05T12:55:36.6742377Z   type: 'test'
local-invariants	Run node tools/quality/run-local-tests.mjs	2026-10-05T12:55:36.6742557Z   ...
local-invariants	Run node tools/quality/run-local-tests.mjs	2026-10-05T12:55:36.6743013Z # Subtest: approved consent is one-shot and bound to execution key, digest and actor
local-invariants	Run node tools/quality/run-local-tests.mjs	2026-10-05T12:55:36.6743722Z ok 74 - approved consent is one-shot and bound to execution key, digest and actor
local-invariants	Run node tools/quality/run-local-tests.mjs	2026-10-05T12:55:36.6744072Z   ---
local-invariants	Run node tools/quality/run-local-tests.mjs	2026-10-05T12:55:36.6744247Z   duration_ms: 1.65442
local-invariants	Run node tools/quality/run-local-tests.mjs	2026-10-05T12:55:36.6744456Z   type: 'test'
local-invariants	Run node tools/quality/run-local-tests.mjs	2026-10-05T12:55:36.6744634Z   ...
local-invariants	Run node tools/quality/run-local-tests.mjs	2026-10-05T12:55:36.6744957Z # Subtest: revoked approving administrator invalidates unused consent
local-invariants	Run node tools/quality/run-local-tests.mjs	2026-10-05T12:55:36.6745676Z ok 75 - revoked approving administrator invalidates unused consent
local-invariants	Run node tools/quality/run-local-tests.mjs	2026-10-05T12:55:36.6746165Z   ---
local-invariants	Run node tools/quality/run-local-tests.mjs	2026-10-05T12:55:36.6746451Z   duration_ms: 1.063472
local-invariants	Run node tools/quality/run-local-tests.mjs	2026-10-05T12:55:36.6746781Z   type: 'test'
local-invariants	Run node tools/quality/run-local-tests.mjs	2026-10-05T12:55:36.6747046Z   ...
local-invariants	Run node tools/quality/run-local-tests.mjs	2026-10-05T12:55:36.6747653Z # Subtest: consumption audit failure leaves consent unconsumed and executes nothing
local-invariants	Run node tools/quality/run-local-tests.mjs	2026-10-05T12:55:36.6748568Z ok 76 - consumption audit failure leaves consent unconsumed and executes nothing
local-invariants	Run node tools/quality/run-local-tests.mjs	2026-10-05T12:55:36.6749137Z   ---
local-invariants	Run node tools/quality/run-local-tests.mjs	2026-10-05T12:55:36.6749415Z   duration_ms: 1.098625
local-invariants	Run node tools/quality/run-local-tests.mjs	2026-10-05T12:55:36.6749751Z   type: 'test'
local-invariants	Run node tools/quality/run-local-tests.mjs	2026-10-05T12:55:36.6750049Z   ...
local-invariants	Run node tools/quality/run-local-tests.mjs	2026-10-05T12:55:36.6771675Z # Subtest: cancel and reject are terminal and do not start execution
local-invariants	Run node tools/quality/run-local-tests.mjs	2026-10-05T12:55:36.6791215Z ok 77 - cancel and reject are terminal and do not start execution
local-invariants	Run node tools/quality/run-local-tests.mjs	2026-10-05T12:55:36.6808831Z   ---
local-invariants	Run node tools/quality/run-local-tests.mjs	2026-10-05T12:55:36.6810834Z   duration_ms: 3.026431
local-invariants	Run node tools/quality/run-local-tests.mjs	2026-10-05T12:55:36.6812257Z   type: 'test'
local-invariants	Run node tools/quality/run-local-tests.mjs	2026-10-05T12:55:36.6812947Z   ...
local-invariants	Run node tools/quality/run-local-tests.mjs	2026-10-05T12:55:36.6813566Z # Subtest: legacy unbound approvals are visible but cannot be newly approved or consumed
local-invariants	Run node tools/quality/run-local-tests.mjs	2026-10-05T12:55:36.6814508Z ok 78 - legacy unbound approvals are visible but cannot be newly approved or consumed
local-invariants	Run node tools/quality/run-local-tests.mjs	2026-10-05T12:55:36.6815119Z   ---
local-invariants	Run node tools/quality/run-local-tests.mjs	2026-10-05T12:55:36.6815401Z   duration_ms: 0.839899
local-invariants	Run node tools/quality/run-local-tests.mjs	2026-10-05T12:55:36.6815712Z   type: 'test'
local-invariants	Run node tools/quality/run-local-tests.mjs	2026-10-05T12:55:36.6815981Z   ...
local-invariants	Run node tools/quality/run-local-tests.mjs	2026-10-05T12:55:36.6816531Z # Subtest: two decision callers cannot both create conflicting final states
local-invariants	Run node tools/quality/run-local-tests.mjs	2026-10-05T12:55:36.6817326Z ok 79 - two decision callers cannot both create conflicting final states
local-invariants	Run node tools/quality/run-local-tests.mjs	2026-10-05T12:55:36.6817830Z   ---
local-invariants	Run node tools/quality/run-local-tests.mjs	2026-10-05T12:55:36.6818095Z   duration_ms: 1.119194
local-invariants	Run node tools/quality/run-local-tests.mjs	2026-10-05T12:55:36.6818407Z   type: 'test'
local-invariants	Run node tools/quality/run-local-tests.mjs	2026-10-05T12:55:36.6818668Z   ...
local-invariants	Run node tools/quality/run-local-tests.mjs	2026-10-05T12:55:36.6819393Z # Subtest: two consumers cannot both obtain one approval (query-contract double, not database proof)
local-invariants	Run node tools/quality/run-local-tests.mjs	2026-10-05T12:55:36.6820292Z ok 80 - two consumers cannot both obtain one approval (query-contract double, not database proof)
local-invariants	Run node tools/quality/run-local-tests.mjs	2026-10-05T12:55:36.6820799Z   ---
local-invariants	Run node tools/quality/run-local-tests.mjs	2026-10-05T12:55:36.6820991Z   duration_ms: 0.995851
local-invariants	Run node tools/quality/run-local-tests.mjs	2026-10-05T12:55:36.6821213Z   type: 'test'
local-invariants	Run node tools/quality/run-local-tests.mjs	2026-10-05T12:55:36.6821411Z   ...
local-invariants	Run node tools/quality/run-local-tests.mjs	2026-10-05T12:55:36.6821759Z # Subtest: list cursor keeps distinct requests with identical timestamps
local-invariants	Run node tools/quality/run-local-tests.mjs	2026-10-05T12:55:36.6822237Z ok 81 - list cursor keeps distinct requests with identical timestamps
local-invariants	Run node tools/quality/run-local-tests.mjs	2026-10-05T12:55:36.6822551Z   ---
local-invariants	Run node tools/quality/run-local-tests.mjs	2026-10-05T12:55:36.6822742Z   duration_ms: 43.001901
local-invariants	Run node tools/quality/run-local-tests.mjs	2026-10-05T12:55:36.6822949Z   type: 'test'
local-invariants	Run node tools/quality/run-local-tests.mjs	2026-10-05T12:55:36.6823124Z   ...
local-invariants	Run node tools/quality/run-local-tests.mjs	2026-10-05T12:55:36.6823493Z # Subtest: pending expiry filters reflect deadlines even without a scheduled sweeper
local-invariants	Run node tools/quality/run-local-tests.mjs	2026-10-05T12:55:36.6824423Z ok 82 - pending expiry filters reflect deadlines even without a scheduled sweeper
local-invariants	Run node tools/quality/run-local-tests.mjs	2026-10-05T12:55:36.6824789Z   ---
local-invariants	Run node tools/quality/run-local-tests.mjs	2026-10-05T12:55:36.6824975Z   duration_ms: 1.320664
local-invariants	Run node tools/quality/run-local-tests.mjs	2026-10-05T12:55:36.6825183Z   type: 'test'
local-invariants	Run node tools/quality/run-local-tests.mjs	2026-10-05T12:55:36.6825363Z   ...
local-invariants	Run node tools/quality/run-local-tests.mjs	2026-10-05T12:55:36.6825822Z # Subtest: governed executor requests consent, rechecks authorization, consumes once and replays receipt
local-invariants	Run node tools/quality/run-local-tests.mjs	2026-10-05T12:55:36.6826558Z ok 83 - governed executor requests consent, rechecks authorization, consumes once and replays receipt
local-invariants	Run node tools/quality/run-local-tests.mjs	2026-10-05T12:55:36.6827327Z   ---
local-invariants	Run node tools/quality/run-local-tests.mjs	2026-10-05T12:55:36.6827565Z   duration_ms: 4.984744
local-invariants	Run node tools/quality/run-local-tests.mjs	2026-10-05T12:55:36.6827841Z   type: 'test'
local-invariants	Run node tools/quality/run-local-tests.mjs	2026-10-05T12:55:36.6828075Z   ...
local-invariants	Run node tools/quality/run-local-tests.mjs	2026-10-05T12:55:36.6828471Z # Subtest: denied actions never allocate approval requests
local-invariants	Run node tools/quality/run-local-tests.mjs	2026-10-05T12:55:36.6829059Z ok 84 - denied actions never allocate approval requests
local-invariants	Run node tools/quality/run-local-tests.mjs	2026-10-05T12:55:36.6829456Z   ---
local-invariants	Run node tools/quality/run-local-tests.mjs	2026-10-05T12:55:36.6829778Z   duration_ms: 0.346656
local-invariants	Run node tools/quality/run-local-tests.mjs	2026-10-05T12:55:36.6830101Z   type: 'test'
local-invariants	Run node tools/quality/run-local-tests.mjs	2026-10-05T12:55:36.6830550Z   ...
local-invariants	Run node tools/quality/run-local-tests.mjs	2026-10-05T12:55:36.6831249Z # Subtest: expiry uses the current service clock, never a caller-provided backdated timestamp
local-invariants	Run node tools/quality/run-local-tests.mjs	2026-10-05T12:55:36.6832281Z ok 85 - expiry uses the current service clock, never a caller-provided backdated timestamp
local-invariants	Run node tools/quality/run-local-tests.mjs	2026-10-05T12:55:36.6832881Z   ---
local-invariants	Run node tools/quality/run-local-tests.mjs	2026-10-05T12:55:36.6833368Z   duration_ms: 0.630058
local-invariants	Run node tools/quality/run-local-tests.mjs	2026-10-05T12:55:36.6833728Z   type: 'test'
local-invariants	Run node tools/quality/run-local-tests.mjs	2026-10-05T12:55:36.6834011Z   ...
local-invariants	Run node tools/quality/run-local-tests.mjs	2026-10-05T12:55:36.6834586Z # Subtest: approval cannot be consumed if authority queries cross its deadline
local-invariants	Run node tools/quality/run-local-tests.mjs	2026-10-05T12:55:36.6835465Z ok 86 - approval cannot be consumed if authority queries cross its deadline
local-invariants	Run node tools/quality/run-local-tests.mjs	2026-10-05T12:55:36.6836027Z   ---
local-invariants	Run node tools/quality/run-local-tests.mjs	2026-10-05T12:55:36.6836276Z   duration_ms: 0.720672
local-invariants	Run node tools/quality/run-local-tests.mjs	2026-10-05T12:55:36.6836600Z   type: 'test'
local-invariants	Run node tools/quality/run-local-tests.mjs	2026-10-05T12:55:36.6836877Z   ...
local-invariants	Run node tools/quality/run-local-tests.mjs	2026-10-05T12:55:36.6837587Z # Subtest: decision crossing the deadline becomes an audited expiration instead of late consent
local-invariants	Run node tools/quality/run-local-tests.mjs	2026-10-05T12:55:36.6838707Z ok 87 - decision crossing the deadline becomes an audited expiration instead of late consent
local-invariants	Run node tools/quality/run-local-tests.mjs	2026-10-05T12:55:36.6839361Z   ---
local-invariants	Run node tools/quality/run-local-tests.mjs	2026-10-05T12:55:36.6839647Z   duration_ms: 0.565892
local-invariants	Run node tools/quality/run-local-tests.mjs	2026-10-05T12:55:36.6839966Z   type: 'test'
local-invariants	Run node tools/quality/run-local-tests.mjs	2026-10-05T12:55:36.6840512Z   ...
local-invariants	Run node tools/quality/run-local-tests.mjs	2026-10-05T12:55:36.9824383Z # Subtest: clear means no configured signals, not win probability or ROI
local-invariants	Run node tools/quality/run-local-tests.mjs	2026-10-05T12:55:36.9825510Z ok 88 - clear means no configured signals, not win probability or ROI
local-invariants	Run node tools/quality/run-local-tests.mjs	2026-10-05T12:55:36.9826153Z   ---
local-invariants	Run node tools/quality/run-local-tests.mjs	2026-10-05T12:55:36.9826528Z   duration_ms: 201.883822
local-invariants	Run node tools/quality/run-local-tests.mjs	2026-10-05T12:55:36.9826904Z   type: 'test'
local-invariants	Run node tools/quality/run-local-tests.mjs	2026-10-05T12:55:36.9827300Z   ...
local-invariants	Run node tools/quality/run-local-tests.mjs	2026-10-05T12:55:36.9827923Z # Subtest: closed, unqualified and archived records never get an open-deal risk score
local-invariants	Run node tools/quality/run-local-tests.mjs	2026-10-05T12:55:36.9828817Z ok 89 - closed, unqualified and archived records never get an open-deal risk score
local-invariants	Run node tools/quality/run-local-tests.mjs	2026-10-05T12:55:36.9829485Z   ---
local-invariants	Run node tools/quality/run-local-tests.mjs	2026-10-05T12:55:36.9838959Z   duration_ms: 0.523829
local-invariants	Run node tools/quality/run-local-tests.mjs	2026-10-05T12:55:36.9839317Z   type: 'test'
local-invariants	Run node tools/quality/run-local-tests.mjs	2026-10-05T12:55:36.9839588Z   ...
local-invariants	Run node tools/quality/run-local-tests.mjs	2026-10-05T12:55:36.9840289Z # Subtest: every signal points to a recorded source and a reproducible weight
local-invariants	Run node tools/quality/run-local-tests.mjs	2026-10-05T12:55:36.9841127Z ok 90 - every signal points to a recorded source and a reproducible weight
local-invariants	Run node tools/quality/run-local-tests.mjs	2026-10-05T12:55:36.9841629Z   ---
local-invariants	Run node tools/quality/run-local-tests.mjs	2026-10-05T12:55:36.9841888Z   duration_ms: 0.381077
local-invariants	Run node tools/quality/run-local-tests.mjs	2026-10-05T12:55:36.9842194Z   type: 'test'
local-invariants	Run node tools/quality/run-local-tests.mjs	2026-10-05T12:55:36.9842435Z   ...
local-invariants	Run node tools/quality/run-local-tests.mjs	2026-10-05T12:55:36.9843081Z # Subtest: overdue tasks link to the exact activity, not an inferred commitment
local-invariants	Run node tools/quality/run-local-tests.mjs	2026-10-05T12:55:36.9869904Z ok 91 - overdue tasks link to the exact activity, not an inferred commitment
local-invariants	Run node tools/quality/run-local-tests.mjs	2026-10-05T12:55:36.9871029Z   ---
local-invariants	Run node tools/quality/run-local-tests.mjs	2026-10-05T12:55:36.9871332Z   duration_ms: 0.301569
local-invariants	Run node tools/quality/run-local-tests.mjs	2026-10-05T12:55:36.9871661Z   type: 'test'
local-invariants	Run node tools/quality/run-local-tests.mjs	2026-10-05T12:55:36.9871942Z   ...
local-invariants	Run node tools/quality/run-local-tests.mjs	2026-10-05T12:55:36.9872589Z # Subtest: future/missing source timestamps make score unknown, never silently healthy
local-invariants	Run node tools/quality/run-local-tests.mjs	2026-10-05T12:55:36.9873520Z ok 92 - future/missing source timestamps make score unknown, never silently healthy
local-invariants	Run node tools/quality/run-local-tests.mjs	2026-10-05T12:55:36.9874103Z   ---
local-invariants	Run node tools/quality/run-local-tests.mjs	2026-10-05T12:55:36.9874381Z   duration_ms: 0.389489
local-invariants	Run node tools/quality/run-local-tests.mjs	2026-10-05T12:55:36.9875339Z   type: 'test'
local-invariants	Run node tools/quality/run-local-tests.mjs	2026-10-05T12:55:36.9875624Z   ...
local-invariants	Run node tools/quality/run-local-tests.mjs	2026-10-05T12:55:36.9876166Z # Subtest: task snapshot gaps are not reported as absence of a next step
local-invariants	Run node tools/quality/run-local-tests.mjs	2026-10-05T12:55:36.9876994Z ok 93 - task snapshot gaps are not reported as absence of a next step
local-invariants	Run node tools/quality/run-local-tests.mjs	2026-10-05T12:55:36.9877502Z   ---
local-invariants	Run node tools/quality/run-local-tests.mjs	2026-10-05T12:55:36.9877787Z   duration_ms: 0.228039
local-invariants	Run node tools/quality/run-local-tests.mjs	2026-10-05T12:55:36.9877998Z   type: 'test'
local-invariants	Run node tools/quality/run-local-tests.mjs	2026-10-05T12:55:36.9878180Z   ...
local-invariants	Run node tools/quality/run-local-tests.mjs	2026-10-05T12:55:36.9878603Z # Subtest: business-date comparison follows Tashkent midnight rather than UTC midnight
local-invariants	Run node tools/quality/run-local-tests.mjs	2026-10-05T12:55:36.9879412Z ok 94 - business-date comparison follows Tashkent midnight rather than UTC midnight
local-invariants	Run node tools/quality/run-local-tests.mjs	2026-10-05T12:55:36.9879772Z   ---
local-invariants	Run node tools/quality/run-local-tests.mjs	2026-10-05T12:55:36.9879966Z   duration_ms: 0.460374
local-invariants	Run node tools/quality/run-local-tests.mjs	2026-10-05T12:55:36.9880460Z   type: 'test'
local-invariants	Run node tools/quality/run-local-tests.mjs	2026-10-05T12:55:36.9880654Z   ...
local-invariants	Run node tools/quality/run-local-tests.mjs	2026-10-05T12:55:36.9881103Z # Subtest: activity and stage thresholds use complete days without boundary rounding
local-invariants	Run node tools/quality/run-local-tests.mjs	2026-10-05T12:55:36.9881699Z ok 95 - activity and stage thresholds use complete days without boundary rounding
local-invariants	Run node tools/quality/run-local-tests.mjs	2026-10-05T12:55:36.9882103Z   ---
local-invariants	Run node tools/quality/run-local-tests.mjs	2026-10-05T12:55:36.9882298Z   duration_ms: 0.323662
local-invariants	Run node tools/quality/run-local-tests.mjs	2026-10-05T12:55:36.9882524Z   type: 'test'
local-invariants	Run node tools/quality/run-local-tests.mjs	2026-10-05T12:55:36.9882695Z   ...
local-invariants	Run node tools/quality/run-local-tests.mjs	2026-10-05T12:55:36.9883085Z # Subtest: does not mutate the source record and produces deterministic snapshots
local-invariants	Run node tools/quality/run-local-tests.mjs	2026-10-05T12:55:36.9883649Z ok 96 - does not mutate the source record and produces deterministic snapshots
local-invariants	Run node tools/quality/run-local-tests.mjs	2026-10-05T12:55:36.9884000Z   ---
local-invariants	Run node tools/quality/run-local-tests.mjs	2026-10-05T12:55:36.9884183Z   duration_ms: 0.936182
local-invariants	Run node tools/quality/run-local-tests.mjs	2026-10-05T12:55:36.9884413Z   type: 'test'
local-invariants	Run node tools/quality/run-local-tests.mjs	2026-10-05T12:55:36.9884607Z   ...
local-invariants	Run node tools/quality/run-local-tests.mjs	2026-10-05T12:55:36.9884963Z # Subtest: unknown stage semantics and incomplete task records fail closed
local-invariants	Run node tools/quality/run-local-tests.mjs	2026-10-05T12:55:36.9885487Z ok 97 - unknown stage semantics and incomplete task records fail closed
local-invariants	Run node tools/quality/run-local-tests.mjs	2026-10-05T12:55:36.9885835Z   ---
local-invariants	Run node tools/quality/run-local-tests.mjs	2026-10-05T12:55:36.9886008Z   duration_ms: 0.55097
local-invariants	Run node tools/quality/run-local-tests.mjs	2026-10-05T12:55:36.9886222Z   type: 'test'
local-invariants	Run node tools/quality/run-local-tests.mjs	2026-10-05T12:55:36.9886409Z   ...
local-invariants	Run node tools/quality/run-local-tests.mjs	2026-10-05T12:55:37.0705239Z # Subtest: dual-write defaults off and accepts only explicit strict mode
local-invariants	Run node tools/quality/run-local-tests.mjs	2026-10-05T12:55:37.0706445Z ok 98 - dual-write defaults off and accepts only explicit strict mode
local-invariants	Run node tools/quality/run-local-tests.mjs	2026-10-05T12:55:37.0707097Z   ---
local-invariants	Run node tools/quality/run-local-tests.mjs	2026-10-05T12:55:37.0707586Z   duration_ms: 0.960508
local-invariants	Run node tools/quality/run-local-tests.mjs	2026-10-05T12:55:37.0708041Z   type: 'test'
local-invariants	Run node tools/quality/run-local-tests.mjs	2026-10-05T12:55:37.0708344Z   ...
local-invariants	Run node tools/quality/run-local-tests.mjs	2026-10-05T12:55:37.0708983Z # Subtest: plans assignment creation for a backfilled mapping target
local-invariants	Run node tools/quality/run-local-tests.mjs	2026-10-05T12:55:37.0710333Z ok 99 - plans assignment creation for a backfilled mapping target
local-invariants	Run node tools/quality/run-local-tests.mjs	2026-10-05T12:55:37.0711012Z   ---
local-invariants	Run node tools/quality/run-local-tests.mjs	2026-10-05T12:55:37.0711311Z   duration_ms: 0.704828
local-invariants	Run node tools/quality/run-local-tests.mjs	2026-10-05T12:55:37.0711732Z   type: 'test'
local-invariants	Run node tools/quality/run-local-tests.mjs	2026-10-05T12:55:37.0712078Z   ...
local-invariants	Run node tools/quality/run-local-tests.mjs	2026-10-05T12:55:37.0714164Z # Subtest: is idempotent when legacy and sidecar stages already agree
local-invariants	Run node tools/quality/run-local-tests.mjs	2026-10-05T12:55:37.0715152Z ok 100 - is idempotent when legacy and sidecar stages already agree
local-invariants	Run node tools/quality/run-local-tests.mjs	2026-10-05T12:55:37.0715789Z   ---
local-invariants	Run node tools/quality/run-local-tests.mjs	2026-10-05T12:55:37.0716108Z   duration_ms: 0.142742
local-invariants	Run node tools/quality/run-local-tests.mjs	2026-10-05T12:55:37.0716517Z   type: 'test'
local-invariants	Run node tools/quality/run-local-tests.mjs	2026-10-05T12:55:37.0716814Z   ...
local-invariants	Run node tools/quality/run-local-tests.mjs	2026-10-05T12:55:37.0717646Z # Subtest: plans optimistic assignment update when stages drift
local-invariants	Run node tools/quality/run-local-tests.mjs	2026-10-05T12:55:37.0718408Z ok 101 - plans optimistic assignment update when stages drift
local-invariants	Run node tools/quality/run-local-tests.mjs	2026-10-05T12:55:37.0719005Z   ---
local-invariants	Run node tools/quality/run-local-tests.mjs	2026-10-05T12:55:37.0719301Z   duration_ms: 0.132787
local-invariants	Run node tools/quality/run-local-tests.mjs	2026-10-05T12:55:37.0719712Z   type: 'test'
local-invariants	Run node tools/quality/run-local-tests.mjs	2026-10-05T12:55:37.0720008Z   ...
local-invariants	Run node tools/quality/run-local-tests.mjs	2026-10-05T12:55:37.0720788Z # Subtest: fails closed for missing mapping, non-default mapping or semantic mismatch
local-invariants	Run node tools/quality/run-local-tests.mjs	2026-10-05T12:55:37.0721791Z ok 102 - fails closed for missing mapping, non-default mapping or semantic mismatch
local-invariants	Run node tools/quality/run-local-tests.mjs	2026-10-05T12:55:37.0722351Z   ---
local-invariants	Run node tools/quality/run-local-tests.mjs	2026-10-05T12:55:37.0722751Z   duration_ms: 0.255741
local-invariants	Run node tools/quality/run-local-tests.mjs	2026-10-05T12:55:37.0723119Z   type: 'test'
local-invariants	Run node tools/quality/run-local-tests.mjs	2026-10-05T12:55:37.0723399Z   ...
local-invariants	Run node tools/quality/run-local-tests.mjs	2026-10-05T12:55:37.2151101Z # Subtest: privileged operations derive dedicated workspace and recheck current membership
local-invariants	Run node tools/quality/run-local-tests.mjs	2026-10-05T12:55:37.2152657Z ok 103 - privileged operations derive dedicated workspace and recheck current membership
local-invariants	Run node tools/quality/run-local-tests.mjs	2026-10-05T12:55:37.2154966Z   ---
local-invariants	Run node tools/quality/run-local-tests.mjs	2026-10-05T12:55:37.2155526Z   duration_ms: 42.893741
local-invariants	Run node tools/quality/run-local-tests.mjs	2026-10-05T12:55:37.2155760Z   type: 'test'
local-invariants	Run node tools/quality/run-local-tests.mjs	2026-10-05T12:55:37.2155953Z   ...
local-invariants	Run node tools/quality/run-local-tests.mjs	2026-10-05T12:55:37.2323286Z # Subtest: disabled execution is a real server gate, not a disabled UI button
local-invariants	Run node tools/quality/run-local-tests.mjs	2026-10-05T12:55:37.2324447Z ok 104 - disabled execution is a real server gate, not a disabled UI button
local-invariants	Run node tools/quality/run-local-tests.mjs	2026-10-05T12:55:37.2324913Z   ---
local-invariants	Run node tools/quality/run-local-tests.mjs	2026-10-05T12:55:37.2325123Z   duration_ms: 17.234764
local-invariants	Run node tools/quality/run-local-tests.mjs	2026-10-05T12:55:37.2325404Z   type: 'test'
local-invariants	Run node tools/quality/run-local-tests.mjs	2026-10-05T12:55:37.2325594Z   ...
local-invariants	Run node tools/quality/run-local-tests.mjs	2026-10-05T12:55:37.2418521Z # Subtest: upload persists encrypted bytes and preview survives application recreation
local-invariants	Run node tools/quality/run-local-tests.mjs	2026-10-05T12:55:37.2419694Z ok 105 - upload persists encrypted bytes and preview survives application recreation
local-invariants	Run node tools/quality/run-local-tests.mjs	2026-10-05T12:55:37.2420398Z   ---
local-invariants	Run node tools/quality/run-local-tests.mjs	2026-10-05T12:55:37.2420659Z   duration_ms: 9.407513
local-invariants	Run node tools/quality/run-local-tests.mjs	2026-10-05T12:55:37.2420885Z   type: 'test'
local-invariants	Run node tools/quality/run-local-tests.mjs	2026-10-05T12:55:37.2421070Z   ...
local-invariants	Run node tools/quality/run-local-tests.mjs	2026-10-05T12:55:37.2455415Z # Subtest: invalid encoding, canonical base64, large files and XLSX fail before publication
local-invariants	Run node tools/quality/run-local-tests.mjs	2026-10-05T12:55:37.2457138Z ok 106 - invalid encoding, canonical base64, large files and XLSX fail before publication
local-invariants	Run node tools/quality/run-local-tests.mjs	2026-10-05T12:55:37.2457558Z   ---
local-invariants	Run node tools/quality/run-local-tests.mjs	2026-10-05T12:55:37.2457753Z   duration_ms: 3.618427
local-invariants	Run node tools/quality/run-local-tests.mjs	2026-10-05T12:55:37.2457962Z   type: 'test'
local-invariants	Run node tools/quality/run-local-tests.mjs	2026-10-05T12:55:37.2458142Z   ...
local-invariants	Run node tools/quality/run-local-tests.mjs	2026-10-05T12:55:37.2545564Z # Subtest: source fingerprints and cross-workspace source lookups fail closed
local-invariants	Run node tools/quality/run-local-tests.mjs	2026-10-05T12:55:37.2546906Z ok 107 - source fingerprints and cross-workspace source lookups fail closed
local-invariants	Run node tools/quality/run-local-tests.mjs	2026-10-05T12:55:37.2547722Z   ---
local-invariants	Run node tools/quality/run-local-tests.mjs	2026-10-05T12:55:37.2548258Z   duration_ms: 5.946386
local-invariants	Run node tools/quality/run-local-tests.mjs	2026-10-05T12:55:37.2548657Z   type: 'test'
local-invariants	Run node tools/quality/run-local-tests.mjs	2026-10-05T12:55:37.2548960Z   ...
local-invariants	Run node tools/quality/run-local-tests.mjs	2026-10-05T12:55:37.2643120Z # Subtest: mapping cannot assign owner/tenant fields; unsupported deal writes fail
local-invariants	Run node tools/quality/run-local-tests.mjs	2026-10-05T12:55:37.2643850Z ok 108 - mapping cannot assign owner/tenant fields; unsupported deal writes fail
local-invariants	Run node tools/quality/run-local-tests.mjs	2026-10-05T12:55:37.2644219Z   ---
local-invariants	Run node tools/quality/run-local-tests.mjs	2026-10-05T12:55:37.2644422Z   duration_ms: 12.605143
local-invariants	Run node tools/quality/run-local-tests.mjs	2026-10-05T12:55:37.2644638Z   type: 'test'
local-invariants	Run node tools/quality/run-local-tests.mjs	2026-10-05T12:55:37.2644881Z   ...
local-invariants	Run node tools/quality/run-local-tests.mjs	2026-10-05T12:55:37.2742322Z # Subtest: prepare is atomic, idempotent and immutable for the same command
local-invariants	Run node tools/quality/run-local-tests.mjs	2026-10-05T12:55:37.2743570Z ok 109 - prepare is atomic, idempotent and immutable for the same command
local-invariants	Run node tools/quality/run-local-tests.mjs	2026-10-05T12:55:37.2744278Z   ---
local-invariants	Run node tools/quality/run-local-tests.mjs	2026-10-05T12:55:37.2744611Z   duration_ms: 10.077019
local-invariants	Run node tools/quality/run-local-tests.mjs	2026-10-05T12:55:37.2744990Z   type: 'test'
local-invariants	Run node tools/quality/run-local-tests.mjs	2026-10-05T12:55:37.2745268Z   ...
local-invariants	Run node tools/quality/run-local-tests.mjs	2026-10-05T12:55:37.2830063Z # Subtest: preparation failure rolls back job, plan and issues together
local-invariants	Run node tools/quality/run-local-tests.mjs	2026-10-05T12:55:37.2831557Z ok 110 - preparation failure rolls back job, plan and issues together
local-invariants	Run node tools/quality/run-local-tests.mjs	2026-10-05T12:55:37.2832063Z   ---
local-invariants	Run node tools/quality/run-local-tests.mjs	2026-10-05T12:55:37.2832298Z   duration_ms: 8.573182
local-invariants	Run node tools/quality/run-local-tests.mjs	2026-10-05T12:55:37.2832513Z   type: 'test'
local-invariants	Run node tools/quality/run-local-tests.mjs	2026-10-05T12:55:37.2832807Z   ...
local-invariants	Run node tools/quality/run-local-tests.mjs	2026-10-05T12:55:37.2985306Z # Subtest: every valid row gets a receipt in the transaction creating the CRM record
local-invariants	Run node tools/quality/run-local-tests.mjs	2026-10-05T12:55:37.2986367Z ok 111 - every valid row gets a receipt in the transaction creating the CRM record
local-invariants	Run node tools/quality/run-local-tests.mjs	2026-10-05T12:55:37.2986973Z   ---
local-invariants	Run node tools/quality/run-local-tests.mjs	2026-10-05T12:55:37.2987260Z   duration_ms: 15.226828
local-invariants	Run node tools/quality/run-local-tests.mjs	2026-10-05T12:55:37.2987553Z   type: 'test'
local-invariants	Run node tools/quality/run-local-tests.mjs	2026-10-05T12:55:37.2987776Z   ...
local-invariants	Run node tools/quality/run-local-tests.mjs	2026-10-05T12:55:37.3138149Z # Subtest: repeat execution and repeat import never merge or overwrite exact contacts
local-invariants	Run node tools/quality/run-local-tests.mjs	2026-10-05T12:55:37.3138930Z ok 112 - repeat execution and repeat import never merge or overwrite exact contacts
local-invariants	Run node tools/quality/run-local-tests.mjs	2026-10-05T12:55:37.3139331Z   ---
local-invariants	Run node tools/quality/run-local-tests.mjs	2026-10-05T12:55:37.3139541Z   duration_ms: 15.364117
local-invariants	Run node tools/quality/run-local-tests.mjs	2026-10-05T12:55:37.3139768Z   type: 'test'
local-invariants	Run node tools/quality/run-local-tests.mjs	2026-10-05T12:55:37.3139998Z   ...
local-invariants	Run node tools/quality/run-local-tests.mjs	2026-10-05T12:55:37.3252375Z # Subtest: database receipt failure rolls back customer writes before any retry
local-invariants	Run node tools/quality/run-local-tests.mjs	2026-10-05T12:55:37.3254207Z ok 113 - database receipt failure rolls back customer writes before any retry
local-invariants	Run node tools/quality/run-local-tests.mjs	2026-10-05T12:55:37.3254804Z   ---
local-invariants	Run node tools/quality/run-local-tests.mjs	2026-10-05T12:55:37.3255096Z   duration_ms: 11.400988
local-invariants	Run node tools/quality/run-local-tests.mjs	2026-10-05T12:55:37.3255444Z   type: 'test'
local-invariants	Run node tools/quality/run-local-tests.mjs	2026-10-05T12:55:37.3255737Z   ...
local-invariants	Run node tools/quality/run-local-tests.mjs	2026-10-05T12:55:37.3416311Z # Subtest: crash after CRM commit but before batch settlement replays receipts, not writes
local-invariants	Run node tools/quality/run-local-tests.mjs	2026-10-05T12:55:37.3417716Z ok 114 - crash after CRM commit but before batch settlement replays receipts, not writes
local-invariants	Run node tools/quality/run-local-tests.mjs	2026-10-05T12:55:37.3418116Z   ---
local-invariants	Run node tools/quality/run-local-tests.mjs	2026-10-05T12:55:37.3418387Z   duration_ms: 16.041246
local-invariants	Run node tools/quality/run-local-tests.mjs	2026-10-05T12:55:37.3418716Z   type: 'test'
local-invariants	Run node tools/quality/run-local-tests.mjs	2026-10-05T12:55:37.3418988Z   ...
local-invariants	Run node tools/quality/run-local-tests.mjs	2026-10-05T12:55:37.3506736Z # Subtest: invalid rows and in-file duplicates remain separate, paginatable outcomes
local-invariants	Run node tools/quality/run-local-tests.mjs	2026-10-05T12:55:37.3508157Z ok 115 - invalid rows and in-file duplicates remain separate, paginatable outcomes
local-invariants	Run node tools/quality/run-local-tests.mjs	2026-10-05T12:55:37.3509182Z   ---
local-invariants	Run node tools/quality/run-local-tests.mjs	2026-10-05T12:55:37.3509391Z   duration_ms: 9.293768
local-invariants	Run node tools/quality/run-local-tests.mjs	2026-10-05T12:55:37.3509621Z   type: 'test'
local-invariants	Run node tools/quality/run-local-tests.mjs	2026-10-05T12:55:37.3509805Z   ...
local-invariants	Run node tools/quality/run-local-tests.mjs	2026-10-05T12:55:37.3578213Z # Subtest: source and plan tampering prevent writes
local-invariants	Run node tools/quality/run-local-tests.mjs	2026-10-05T12:55:37.3578721Z ok 116 - source and plan tampering prevent writes
local-invariants	Run node tools/quality/run-local-tests.mjs	2026-10-05T12:55:37.3579046Z   ---
local-invariants	Run node tools/quality/run-local-tests.mjs	2026-10-05T12:55:37.3579244Z   duration_ms: 7.153941
local-invariants	Run node tools/quality/run-local-tests.mjs	2026-10-05T12:55:37.3579456Z   type: 'test'
local-invariants	Run node tools/quality/run-local-tests.mjs	2026-10-05T12:55:37.3579651Z   ...
local-invariants	Run node tools/quality/run-local-tests.mjs	2026-10-05T12:55:37.3709093Z # Subtest: membership revocation between preview and execute prevents all writes
local-invariants	Run node tools/quality/run-local-tests.mjs	2026-10-05T12:55:37.3710339Z ok 117 - membership revocation between preview and execute prevents all writes
local-invariants	Run node tools/quality/run-local-tests.mjs	2026-10-05T12:55:37.3710964Z   ---
local-invariants	Run node tools/quality/run-local-tests.mjs	2026-10-05T12:55:37.3711258Z   duration_ms: 12.76069
local-invariants	Run node tools/quality/run-local-tests.mjs	2026-10-05T12:55:37.3711578Z   type: 'test'
local-invariants	Run node tools/quality/run-local-tests.mjs	2026-10-05T12:55:37.3711893Z   ...
local-invariants	Run node tools/quality/run-local-tests.mjs	2026-10-05T12:55:37.3884493Z # Subtest: cancellation is idempotent, stops new batches and does not claim rollback
local-invariants	Run node tools/quality/run-local-tests.mjs	2026-10-05T12:55:37.3885566Z ok 118 - cancellation is idempotent, stops new batches and does not claim rollback
local-invariants	Run node tools/quality/run-local-tests.mjs	2026-10-05T12:55:37.3886152Z   ---
local-invariants	Run node tools/quality/run-local-tests.mjs	2026-10-05T12:55:37.3887331Z   duration_ms: 17.541056
local-invariants	Run node tools/quality/run-local-tests.mjs	2026-10-05T12:55:37.3887699Z   type: 'test'
local-invariants	Run node tools/quality/run-local-tests.mjs	2026-10-05T12:55:37.3887974Z   ...
local-invariants	Run node tools/quality/run-local-tests.mjs	2026-10-05T12:55:37.3994965Z # Subtest: rollback previews first, requires exact confirmation, archives only own unchanged rows
local-invariants	Run node tools/quality/run-local-tests.mjs	2026-10-05T12:55:37.3995804Z ok 119 - rollback previews first, requires exact confirmation, archives only own unchanged rows
local-invariants	Run node tools/quality/run-local-tests.mjs	2026-10-05T12:55:37.3996246Z   ---
local-invariants	Run node tools/quality/run-local-tests.mjs	2026-10-05T12:55:37.3996447Z   duration_ms: 11.034578
local-invariants	Run node tools/quality/run-local-tests.mjs	2026-10-05T12:55:37.3996666Z   type: 'test'
local-invariants	Run node tools/quality/run-local-tests.mjs	2026-10-05T12:55:37.3996861Z   ...
local-invariants	Run node tools/quality/run-local-tests.mjs	2026-10-05T12:55:37.4096896Z # Subtest: rollback will not archive edited or linked CRM records
local-invariants	Run node tools/quality/run-local-tests.mjs	2026-10-05T12:55:37.4097720Z ok 120 - rollback will not archive edited or linked CRM records
local-invariants	Run node tools/quality/run-local-tests.mjs	2026-10-05T12:55:37.4098207Z   ---
local-invariants	Run node tools/quality/run-local-tests.mjs	2026-10-05T12:55:37.4098422Z   duration_ms: 10.154134
local-invariants	Run node tools/quality/run-local-tests.mjs	2026-10-05T12:55:37.4098642Z   type: 'test'
local-invariants	Run node tools/quality/run-local-tests.mjs	2026-10-05T12:55:37.4098868Z   ...
local-invariants	Run node tools/quality/run-local-tests.mjs	2026-10-05T12:55:37.4201399Z # Subtest: sources used by jobs are retained; unused sources can be tombstoned and physically removed
local-invariants	Run node tools/quality/run-local-tests.mjs	2026-10-05T12:55:37.4202718Z ok 121 - sources used by jobs are retained; unused sources can be tombstoned and physically removed
local-invariants	Run node tools/quality/run-local-tests.mjs	2026-10-05T12:55:37.4203174Z   ---
local-invariants	Run node tools/quality/run-local-tests.mjs	2026-10-05T12:55:37.4203378Z   duration_ms: 10.395702
local-invariants	Run node tools/quality/run-local-tests.mjs	2026-10-05T12:55:37.4203600Z   type: 'test'
local-invariants	Run node tools/quality/run-local-tests.mjs	2026-10-05T12:55:37.4203785Z   ...
local-invariants	Run node tools/quality/run-local-tests.mjs	2026-10-05T12:55:37.4286897Z # Subtest: company imports use source evidence and create-only exact duplicate checks
local-invariants	Run node tools/quality/run-local-tests.mjs	2026-10-05T12:55:37.4288250Z ok 122 - company imports use source evidence and create-only exact duplicate checks
local-invariants	Run node tools/quality/run-local-tests.mjs	2026-10-05T12:55:37.4288663Z   ---
local-invariants	Run node tools/quality/run-local-tests.mjs	2026-10-05T12:55:37.4288861Z   duration_ms: 8.499913
local-invariants	Run node tools/quality/run-local-tests.mjs	2026-10-05T12:55:37.4289175Z   type: 'test'
local-invariants	Run node tools/quality/run-local-tests.mjs	2026-10-05T12:55:37.4289457Z   ...
local-invariants	Run node tools/quality/run-local-tests.mjs	2026-10-05T12:55:37.4442948Z # Subtest: report refuses ambiguous row accounting instead of claiming completion
local-invariants	Run node tools/quality/run-local-tests.mjs	2026-10-05T12:55:37.4443915Z ok 123 - report refuses ambiguous row accounting instead of claiming completion
local-invariants	Run node tools/quality/run-local-tests.mjs	2026-10-05T12:55:37.4444542Z   ---
local-invariants	Run node tools/quality/run-local-tests.mjs	2026-10-05T12:55:37.4444784Z   duration_ms: 15.301304
local-invariants	Run node tools/quality/run-local-tests.mjs	2026-10-05T12:55:37.4445003Z   type: 'test'
local-invariants	Run node tools/quality/run-local-tests.mjs	2026-10-05T12:55:37.4445193Z   ...
local-invariants	Run node tools/quality/run-local-tests.mjs	2026-10-05T12:55:37.4550300Z # Subtest: a lease that expires during CRM writes aborts the entire write transaction
local-invariants	Run node tools/quality/run-local-tests.mjs	2026-10-05T12:55:37.4551334Z ok 124 - a lease that expires during CRM writes aborts the entire write transaction
local-invariants	Run node tools/quality/run-local-tests.mjs	2026-10-05T12:55:37.4551842Z   ---
local-invariants	Run node tools/quality/run-local-tests.mjs	2026-10-05T12:55:37.4552036Z   duration_ms: 10.827449
local-invariants	Run node tools/quality/run-local-tests.mjs	2026-10-05T12:55:37.4552674Z   type: 'test'
local-invariants	Run node tools/quality/run-local-tests.mjs	2026-10-05T12:55:37.4552860Z   ...
local-invariants	Run node tools/quality/run-local-tests.mjs	2026-10-05T12:55:37.4627537Z # Subtest: distinct contacts matching email and phone are rejected, never silently merged
local-invariants	Run node tools/quality/run-local-tests.mjs	2026-10-05T12:55:37.4628562Z ok 125 - distinct contacts matching email and phone are rejected, never silently merged
local-invariants	Run node tools/quality/run-local-tests.mjs	2026-10-05T12:55:37.4629195Z   ---
local-invariants	Run node tools/quality/run-local-tests.mjs	2026-10-05T12:55:37.4629470Z   duration_ms: 7.748361
local-invariants	Run node tools/quality/run-local-tests.mjs	2026-10-05T12:55:37.4629779Z   type: 'test'
local-invariants	Run node tools/quality/run-local-tests.mjs	2026-10-05T12:55:37.4630021Z   ...
local-invariants	Run node tools/quality/run-local-tests.mjs	2026-10-05T12:55:37.4713355Z # Subtest: a replacement admin cannot assign newly imported records to a removed owner
local-invariants	Run node tools/quality/run-local-tests.mjs	2026-10-05T12:55:37.4714424Z ok 126 - a replacement admin cannot assign newly imported records to a removed owner
local-invariants	Run node tools/quality/run-local-tests.mjs	2026-10-05T12:55:37.4714954Z   ---
local-invariants	Run node tools/quality/run-local-tests.mjs	2026-10-05T12:55:37.4715156Z   duration_ms: 8.466753
local-invariants	Run node tools/quality/run-local-tests.mjs	2026-10-05T12:55:37.4715378Z   type: 'test'
local-invariants	Run node tools/quality/run-local-tests.mjs	2026-10-05T12:55:37.4715567Z   ...
local-invariants	Run node tools/quality/run-local-tests.mjs	2026-10-05T12:55:37.4781691Z # Subtest: two application instances replay one prepared job instead of allocating duplicate intents
local-invariants	Run node tools/quality/run-local-tests.mjs	2026-10-05T12:55:37.4782982Z ok 127 - two application instances replay one prepared job instead of allocating duplicate intents
local-invariants	Run node tools/quality/run-local-tests.mjs	2026-10-05T12:55:37.4783409Z   ---
local-invariants	Run node tools/quality/run-local-tests.mjs	2026-10-05T12:55:37.4783680Z   duration_ms: 6.806955
local-invariants	Run node tools/quality/run-local-tests.mjs	2026-10-05T12:55:37.4783891Z   type: 'test'
local-invariants	Run node tools/quality/run-local-tests.mjs	2026-10-05T12:55:37.4784074Z   ...
local-invariants	Run node tools/quality/run-local-tests.mjs	2026-10-05T12:55:37.5412872Z # Subtest: multi-batch report pagination does not truncate row outcomes silently
local-invariants	Run node tools/quality/run-local-tests.mjs	2026-10-05T12:55:37.5413603Z ok 128 - multi-batch report pagination does not truncate row outcomes silently
local-invariants	Run node tools/quality/run-local-tests.mjs	2026-10-05T12:55:37.5414006Z   ---
local-invariants	Run node tools/quality/run-local-tests.mjs	2026-10-05T12:55:37.5414203Z   duration_ms: 63.016876
local-invariants	Run node tools/quality/run-local-tests.mjs	2026-10-05T12:55:37.5414439Z   type: 'test'
local-invariants	Run node tools/quality/run-local-tests.mjs	2026-10-05T12:55:37.5414624Z   ...
local-invariants	Run node tools/quality/run-local-tests.mjs	2026-10-05T12:55:37.5639099Z # Subtest: rollback preserves imported contacts referenced by calendarAttendee
local-invariants	Run node tools/quality/run-local-tests.mjs	2026-10-05T12:55:37.5640742Z ok 129 - rollback preserves imported contacts referenced by calendarAttendee
local-invariants	Run node tools/quality/run-local-tests.mjs	2026-10-05T12:55:37.5641488Z   ---
local-invariants	Run node tools/quality/run-local-tests.mjs	2026-10-05T12:55:37.5641918Z   duration_ms: 22.723729
local-invariants	Run node tools/quality/run-local-tests.mjs	2026-10-05T12:55:37.5642184Z   type: 'test'
local-invariants	Run node tools/quality/run-local-tests.mjs	2026-10-05T12:55:37.5642420Z   ...
local-invariants	Run node tools/quality/run-local-tests.mjs	2026-10-05T12:55:37.5715789Z # Subtest: rollback preserves imported contacts referenced by contactBrief
local-invariants	Run node tools/quality/run-local-tests.mjs	2026-10-05T12:55:37.5716692Z ok 130 - rollback preserves imported contacts referenced by contactBrief
local-invariants	Run node tools/quality/run-local-tests.mjs	2026-10-05T12:55:37.5717187Z   ---
local-invariants	Run node tools/quality/run-local-tests.mjs	2026-10-05T12:55:37.5717442Z   duration_ms: 7.675957
local-invariants	Run node tools/quality/run-local-tests.mjs	2026-10-05T12:55:37.5717758Z   type: 'test'
local-invariants	Run node tools/quality/run-local-tests.mjs	2026-10-05T12:55:37.5718006Z   ...
local-invariants	Run node tools/quality/run-local-tests.mjs	2026-10-05T12:55:37.6649220Z # Subtest: rollback preserves imported contacts referenced by company
local-invariants	Run node tools/quality/run-local-tests.mjs	2026-10-05T12:55:37.6649916Z ok 131 - rollback preserves imported contacts referenced by company
local-invariants	Run node tools/quality/run-local-tests.mjs	2026-10-05T12:55:37.6650441Z   ---
local-invariants	Run node tools/quality/run-local-tests.mjs	2026-10-05T12:55:37.6650734Z   duration_ms: 92.996553
local-invariants	Run node tools/quality/run-local-tests.mjs	2026-10-05T12:55:37.6651094Z   type: 'test'
local-invariants	Run node tools/quality/run-local-tests.mjs	2026-10-05T12:55:37.6651365Z   ...
local-invariants	Run node tools/quality/run-local-tests.mjs	2026-10-05T12:55:37.7251790Z # Subtest: full report export is one persisted snapshot, not the current 100-row page
local-invariants	Run node tools/quality/run-local-tests.mjs	2026-10-05T12:55:37.7252821Z ok 132 - full report export is one persisted snapshot, not the current 100-row page
local-invariants	Run node tools/quality/run-local-tests.mjs	2026-10-05T12:55:37.7253414Z   ---
local-invariants	Run node tools/quality/run-local-tests.mjs	2026-10-05T12:55:37.7253659Z   duration_ms: 60.089437
local-invariants	Run node tools/quality/run-local-tests.mjs	2026-10-05T12:55:37.7253934Z   type: 'test'
local-invariants	Run node tools/quality/run-local-tests.mjs	2026-10-05T12:55:37.7254183Z   ...
local-invariants	Run node tools/quality/run-local-tests.mjs	2026-10-05T12:55:37.7367131Z # Subtest: report CSV neutralizes formula-shaped metadata and includes no raw client contact fields
local-invariants	Run node tools/quality/run-local-tests.mjs	2026-10-05T12:55:37.7368487Z ok 133 - report CSV neutralizes formula-shaped metadata and includes no raw client contact fields
local-invariants	Run node tools/quality/run-local-tests.mjs	2026-10-05T12:55:37.7369145Z   ---
local-invariants	Run node tools/quality/run-local-tests.mjs	2026-10-05T12:55:37.7369343Z   duration_ms: 11.63402
local-invariants	Run node tools/quality/run-local-tests.mjs	2026-10-05T12:55:37.7369612Z   type: 'test'
local-invariants	Run node tools/quality/run-local-tests.mjs	2026-10-05T12:55:37.7369798Z   ...
local-invariants	Run node tools/quality/run-local-tests.mjs	2026-10-05T12:55:37.7429011Z # Subtest: export is reauthorized and never presents an active import as a final report
local-invariants	Run node tools/quality/run-local-tests.mjs	2026-10-05T12:55:37.7429742Z ok 134 - export is reauthorized and never presents an active import as a final report
local-invariants	Run node tools/quality/run-local-tests.mjs	2026-10-05T12:55:37.7430313Z   ---
local-invariants	Run node tools/quality/run-local-tests.mjs	2026-10-05T12:55:37.7430514Z   duration_ms: 6.29249
local-invariants	Run node tools/quality/run-local-tests.mjs	2026-10-05T12:55:37.7430739Z   type: 'test'
local-invariants	Run node tools/quality/run-local-tests.mjs	2026-10-05T12:55:37.7431015Z   ...
local-invariants	Run node tools/quality/run-local-tests.mjs	2026-10-05T12:55:37.7531038Z # Subtest: export audit failure aborts the download instead of silently losing its access record
local-invariants	Run node tools/quality/run-local-tests.mjs	2026-10-05T12:55:37.7532520Z ok 135 - export audit failure aborts the download instead of silently losing its access record
local-invariants	Run node tools/quality/run-local-tests.mjs	2026-10-05T12:55:37.7533055Z   ---
local-invariants	Run node tools/quality/run-local-tests.mjs	2026-10-05T12:55:37.7533326Z   duration_ms: 9.886726
local-invariants	Run node tools/quality/run-local-tests.mjs	2026-10-05T12:55:37.7533606Z   type: 'test'
local-invariants	Run node tools/quality/run-local-tests.mjs	2026-10-05T12:55:37.7533845Z   ...
local-invariants	Run node tools/quality/run-local-tests.mjs	2026-10-05T12:55:37.7598765Z # Subtest: source deletion persists intent, audit and physical-purge acknowledgement
local-invariants	Run node tools/quality/run-local-tests.mjs	2026-10-05T12:55:37.7599824Z ok 136 - source deletion persists intent, audit and physical-purge acknowledgement
local-invariants	Run node tools/quality/run-local-tests.mjs	2026-10-05T12:55:37.7600833Z   ---
local-invariants	Run node tools/quality/run-local-tests.mjs	2026-10-05T12:55:37.7601130Z   duration_ms: 6.834481
local-invariants	Run node tools/quality/run-local-tests.mjs	2026-10-05T12:55:37.7601443Z   type: 'test'
local-invariants	Run node tools/quality/run-local-tests.mjs	2026-10-05T12:55:37.7601697Z   ...
local-invariants	Run node tools/quality/run-local-tests.mjs	2026-10-05T12:55:37.7648884Z # Subtest: deletion audit failure rolls back intent and leaves encrypted bytes intact
local-invariants	Run node tools/quality/run-local-tests.mjs	2026-10-05T12:55:37.7649932Z ok 137 - deletion audit failure rolls back intent and leaves encrypted bytes intact
local-invariants	Run node tools/quality/run-local-tests.mjs	2026-10-05T12:55:37.7650677Z   ---
local-invariants	Run node tools/quality/run-local-tests.mjs	2026-10-05T12:55:37.7650919Z   duration_ms: 5.057047
local-invariants	Run node tools/quality/run-local-tests.mjs	2026-10-05T12:55:37.7651139Z   type: 'test'
local-invariants	Run node tools/quality/run-local-tests.mjs	2026-10-05T12:55:37.7651326Z   ...
local-invariants	Run node tools/quality/run-local-tests.mjs	2026-10-05T12:55:38.0184825Z # Subtest: crash after tombstone leaves visible pending purge and a new process can finish
local-invariants	Run node tools/quality/run-local-tests.mjs	2026-10-05T12:55:38.0185562Z ok 138 - crash after tombstone leaves visible pending purge and a new process can finish
local-invariants	Run node tools/quality/run-local-tests.mjs	2026-10-05T12:55:38.0185956Z   ---
local-invariants	Run node tools/quality/run-local-tests.mjs	2026-10-05T12:55:38.0186153Z   duration_ms: 253.390142
local-invariants	Run node tools/quality/run-local-tests.mjs	2026-10-05T12:55:38.0186379Z   type: 'test'
local-invariants	Run node tools/quality/run-local-tests.mjs	2026-10-05T12:55:38.0186602Z   ...
local-invariants	Run node tools/quality/run-local-tests.mjs	2026-10-05T12:55:38.0274911Z # Subtest: lost purge acknowledgement is reconciled from absent file without resurrecting source
local-invariants	Run node tools/quality/run-local-tests.mjs	2026-10-05T12:55:38.0276440Z ok 139 - lost purge acknowledgement is reconciled from absent file without resurrecting source
local-invariants	Run node tools/quality/run-local-tests.mjs	2026-10-05T12:55:38.0277090Z   ---
local-invariants	Run node tools/quality/run-local-tests.mjs	2026-10-05T12:55:38.0277332Z   duration_ms: 8.968289
local-invariants	Run node tools/quality/run-local-tests.mjs	2026-10-05T12:55:38.0277565Z   type: 'test'
local-invariants	Run node tools/quality/run-local-tests.mjs	2026-10-05T12:55:38.0277761Z   ...
local-invariants	Run node tools/quality/run-local-tests.mjs	2026-10-05T12:55:38.2171206Z # Subtest: retention is preview-first and protects recently uploaded and all job-referenced sources
local-invariants	Run node tools/quality/run-local-tests.mjs	2026-10-05T12:55:38.2172416Z ok 140 - retention is preview-first and protects recently uploaded and all job-referenced sources
local-invariants	Run node tools/quality/run-local-tests.mjs	2026-10-05T12:55:38.2173138Z   ---
local-invariants	Run node tools/quality/run-local-tests.mjs	2026-10-05T12:55:38.2173456Z   duration_ms: 189.513893
local-invariants	Run node tools/quality/run-local-tests.mjs	2026-10-05T12:55:38.2173792Z   type: 'test'
local-invariants	Run node tools/quality/run-local-tests.mjs	2026-10-05T12:55:38.2174084Z   ...
local-invariants	Run node tools/quality/run-local-tests.mjs	2026-10-05T12:55:38.2235134Z # Subtest: creating a job after cleanup preview invalidates the destructive plan
local-invariants	Run node tools/quality/run-local-tests.mjs	2026-10-05T12:55:38.2236146Z ok 141 - creating a job after cleanup preview invalidates the destructive plan
local-invariants	Run node tools/quality/run-local-tests.mjs	2026-10-05T12:55:38.2236683Z   ---
local-invariants	Run node tools/quality/run-local-tests.mjs	2026-10-05T12:55:38.2236873Z   duration_ms: 6.432092
local-invariants	Run node tools/quality/run-local-tests.mjs	2026-10-05T12:55:38.2237081Z   type: 'test'
local-invariants	Run node tools/quality/run-local-tests.mjs	2026-10-05T12:55:38.2237288Z   ...
local-invariants	Run node tools/quality/run-local-tests.mjs	2026-10-05T12:55:38.2347600Z # Subtest: source tombstone prevents late plan publication and new CRM writes
local-invariants	Run node tools/quality/run-local-tests.mjs	2026-10-05T12:55:38.2348848Z ok 142 - source tombstone prevents late plan publication and new CRM writes
local-invariants	Run node tools/quality/run-local-tests.mjs	2026-10-05T12:55:38.2349869Z   ---
local-invariants	Run node tools/quality/run-local-tests.mjs	2026-10-05T12:55:38.2350563Z   duration_ms: 11.033722
local-invariants	Run node tools/quality/run-local-tests.mjs	2026-10-05T12:55:38.2350878Z   type: 'test'
local-invariants	Run node tools/quality/run-local-tests.mjs	2026-10-05T12:55:38.2351082Z   ...
local-invariants	Run node tools/quality/run-local-tests.mjs	2026-10-05T12:55:38.2435940Z # Subtest: authenticated old orphan cleanup reserves a tombstone before deleting source bytes
local-invariants	Run node tools/quality/run-local-tests.mjs	2026-10-05T12:55:38.2437086Z ok 143 - authenticated old orphan cleanup reserves a tombstone before deleting source bytes
local-invariants	Run node tools/quality/run-local-tests.mjs	2026-10-05T12:55:38.2437556Z   ---
local-invariants	Run node tools/quality/run-local-tests.mjs	2026-10-05T12:55:38.2437751Z   duration_ms: 8.661574
local-invariants	Run node tools/quality/run-local-tests.mjs	2026-10-05T12:55:38.2437972Z   type: 'test'
local-invariants	Run node tools/quality/run-local-tests.mjs	2026-10-05T12:55:38.2438155Z   ...
local-invariants	Run node tools/quality/run-local-tests.mjs	2026-10-05T12:55:38.2488665Z # Subtest: cleanup denies a revoked admin and does not accept a newer-than-retention cutoff
local-invariants	Run node tools/quality/run-local-tests.mjs	2026-10-05T12:55:38.2489881Z ok 144 - cleanup denies a revoked admin and does not accept a newer-than-retention cutoff
local-invariants	Run node tools/quality/run-local-tests.mjs	2026-10-05T12:55:38.2490763Z   ---
local-invariants	Run node tools/quality/run-local-tests.mjs	2026-10-05T12:55:38.2491040Z   duration_ms: 5.555193
local-invariants	Run node tools/quality/run-local-tests.mjs	2026-10-05T12:55:38.2491393Z   type: 'test'
local-invariants	Run node tools/quality/run-local-tests.mjs	2026-10-05T12:55:38.2491740Z   ...
local-invariants	Run node tools/quality/run-local-tests.mjs	2026-10-05T12:55:38.2553278Z # Subtest: tampered encrypted source is never force-deleted by recovery cleanup
local-invariants	Run node tools/quality/run-local-tests.mjs	2026-10-05T12:55:38.2554559Z ok 145 - tampered encrypted source is never force-deleted by recovery cleanup
local-invariants	Run node tools/quality/run-local-tests.mjs	2026-10-05T12:55:38.2555004Z   ---
local-invariants	Run node tools/quality/run-local-tests.mjs	2026-10-05T12:55:38.2555240Z   duration_ms: 6.375433
local-invariants	Run node tools/quality/run-local-tests.mjs	2026-10-05T12:55:38.2555526Z   type: 'test'
local-invariants	Run node tools/quality/run-local-tests.mjs	2026-10-05T12:55:38.2555713Z   ...
local-invariants	Run node tools/quality/run-local-tests.mjs	2026-10-05T12:55:38.2599086Z # Subtest: fresh orphan is excluded until both encrypted timestamp and filesystem grace expire
local-invariants	Run node tools/quality/run-local-tests.mjs	2026-10-05T12:55:38.2600393Z ok 146 - fresh orphan is excluded until both encrypted timestamp and filesystem grace expire
local-invariants	Run node tools/quality/run-local-tests.mjs	2026-10-05T12:55:38.2601068Z   ---
local-invariants	Run node tools/quality/run-local-tests.mjs	2026-10-05T12:55:38.2601268Z   duration_ms: 4.588424
local-invariants	Run node tools/quality/run-local-tests.mjs	2026-10-05T12:55:38.2601485Z   type: 'test'
local-invariants	Run node tools/quality/run-local-tests.mjs	2026-10-05T12:55:38.2601668Z   ...
local-invariants	Run node tools/quality/run-local-tests.mjs	2026-10-05T12:55:38.2666294Z # Subtest: background import requires deployment flag and explicit consent for the exact job
local-invariants	Run node tools/quality/run-local-tests.mjs	2026-10-05T12:55:38.2667031Z ok 147 - background import requires deployment flag and explicit consent for the exact job
local-invariants	Run node tools/quality/run-local-tests.mjs	2026-10-05T12:55:38.2667427Z   ---
local-invariants	Run node tools/quality/run-local-tests.mjs	2026-10-05T12:55:38.2667680Z   duration_ms: 6.598395
local-invariants	Run node tools/quality/run-local-tests.mjs	2026-10-05T12:55:38.2667961Z   type: 'test'
local-invariants	Run node tools/quality/run-local-tests.mjs	2026-10-05T12:55:38.2668151Z   ...
local-invariants	Run node tools/quality/run-local-tests.mjs	2026-10-05T12:55:38.4758155Z # Subtest: background worker completes multiple batches across independent application instances
local-invariants	Run node tools/quality/run-local-tests.mjs	2026-10-05T12:55:38.4759005Z ok 148 - background worker completes multiple batches across independent application instances
local-invariants	Run node tools/quality/run-local-tests.mjs	2026-10-05T12:55:38.4759426Z   ---
local-invariants	Run node tools/quality/run-local-tests.mjs	2026-10-05T12:55:38.4759618Z   duration_ms: 209.015154
local-invariants	Run node tools/quality/run-local-tests.mjs	2026-10-05T12:55:38.4759838Z   type: 'test'
local-invariants	Run node tools/quality/run-local-tests.mjs	2026-10-05T12:55:38.4760018Z   ...
local-invariants	Run node tools/quality/run-local-tests.mjs	2026-10-05T12:55:38.4814534Z # Subtest: worker rechecks requester permissions and never substitutes its own privileges
local-invariants	Run node tools/quality/run-local-tests.mjs	2026-10-05T12:55:38.4815604Z ok 149 - worker rechecks requester permissions and never substitutes its own privileges
local-invariants	Run node tools/quality/run-local-tests.mjs	2026-10-05T12:55:38.4816172Z   ---
local-invariants	Run node tools/quality/run-local-tests.mjs	2026-10-05T12:55:38.4816417Z   duration_ms: 5.783422
local-invariants	Run node tools/quality/run-local-tests.mjs	2026-10-05T12:55:38.4816716Z   type: 'test'
local-invariants	Run node tools/quality/run-local-tests.mjs	2026-10-05T12:55:38.4816996Z   ...
local-invariants	Run node tools/quality/run-local-tests.mjs	2026-10-05T12:55:38.4897022Z # Subtest: pause during source loading prevents the next claim and does not fail the job
local-invariants	Run node tools/quality/run-local-tests.mjs	2026-10-05T12:55:38.4898597Z ok 150 - pause during source loading prevents the next claim and does not fail the job
local-invariants	Run node tools/quality/run-local-tests.mjs	2026-10-05T12:55:38.4899407Z   ---
local-invariants	Run node tools/quality/run-local-tests.mjs	2026-10-05T12:55:38.4899882Z   duration_ms: 8.063744
local-invariants	Run node tools/quality/run-local-tests.mjs	2026-10-05T12:55:38.4900314Z   type: 'test'
local-invariants	Run node tools/quality/run-local-tests.mjs	2026-10-05T12:55:38.4900559Z   ...
local-invariants	Run node tools/quality/run-local-tests.mjs	2026-10-05T12:55:38.4964603Z # Subtest: a pause drains a claimed batch but stale worker acknowledgement cannot re-enable scheduling
local-invariants	Run node tools/quality/run-local-tests.mjs	2026-10-05T12:55:38.4965403Z ok 151 - a pause drains a claimed batch but stale worker acknowledgement cannot re-enable scheduling
local-invariants	Run node tools/quality/run-local-tests.mjs	2026-10-05T12:55:38.4965865Z   ---
local-invariants	Run node tools/quality/run-local-tests.mjs	2026-10-05T12:55:38.4966064Z   duration_ms: 6.733516
local-invariants	Run node tools/quality/run-local-tests.mjs	2026-10-05T12:55:38.4966276Z   type: 'test'
local-invariants	Run node tools/quality/run-local-tests.mjs	2026-10-05T12:55:38.4966457Z   ...
local-invariants	Run node tools/quality/run-local-tests.mjs	2026-10-05T12:55:38.5069843Z # Subtest: revoked original owner cannot be silently replaced by a worker requester
local-invariants	Run node tools/quality/run-local-tests.mjs	2026-10-05T12:55:38.5071147Z ok 152 - revoked original owner cannot be silently replaced by a worker requester
local-invariants	Run node tools/quality/run-local-tests.mjs	2026-10-05T12:55:38.5071750Z   ---
local-invariants	Run node tools/quality/run-local-tests.mjs	2026-10-05T12:55:38.5072055Z   duration_ms: 10.414851
local-invariants	Run node tools/quality/run-local-tests.mjs	2026-10-05T12:55:38.5072424Z   type: 'test'
local-invariants	Run node tools/quality/run-local-tests.mjs	2026-10-05T12:55:38.5072646Z   ...
local-invariants	Run node tools/quality/run-local-tests.mjs	2026-10-05T12:55:38.5177788Z # Subtest: lost batch acknowledgement with transient database error retries receipts, not CRM creation
local-invariants	Run node tools/quality/run-local-tests.mjs	2026-10-05T12:55:38.5179496Z ok 153 - lost batch acknowledgement with transient database error retries receipts, not CRM creation
local-invariants	Run node tools/quality/run-local-tests.mjs	2026-10-05T12:55:38.5180427Z   ---
local-invariants	Run node tools/quality/run-local-tests.mjs	2026-10-05T12:55:38.5180694Z   duration_ms: 10.636871
local-invariants	Run node tools/quality/run-local-tests.mjs	2026-10-05T12:55:38.5180914Z   type: 'test'
local-invariants	Run node tools/quality/run-local-tests.mjs	2026-10-05T12:55:38.5181094Z   ...
local-invariants	Run node tools/quality/run-local-tests.mjs	2026-10-05T12:55:38.5265700Z # Subtest: unknown worker errors suspend processing without logging sensitive exception text
local-invariants	Run node tools/quality/run-local-tests.mjs	2026-10-05T12:55:38.5266460Z ok 154 - unknown worker errors suspend processing without logging sensitive exception text
local-invariants	Run node tools/quality/run-local-tests.mjs	2026-10-05T12:55:38.5266865Z   ---
local-invariants	Run node tools/quality/run-local-tests.mjs	2026-10-05T12:55:38.5267054Z   duration_ms: 8.848611
local-invariants	Run node tools/quality/run-local-tests.mjs	2026-10-05T12:55:38.5267263Z   type: 'test'
local-invariants	Run node tools/quality/run-local-tests.mjs	2026-10-05T12:55:38.5267448Z   ...
local-invariants	Run node tools/quality/run-local-tests.mjs	2026-10-05T12:55:38.6066084Z # Subtest: cancellation clears consent and worker claims; it is not interpreted as pause/resume
local-invariants	Run node tools/quality/run-local-tests.mjs	2026-10-05T12:55:38.6067775Z ok 155 - cancellation clears consent and worker claims; it is not interpreted as pause/resume
local-invariants	Run node tools/quality/run-local-tests.mjs	2026-10-05T12:55:38.6068409Z   ---
local-invariants	Run node tools/quality/run-local-tests.mjs	2026-10-05T12:55:38.6068689Z   duration_ms: 79.87103
local-invariants	Run node tools/quality/run-local-tests.mjs	2026-10-05T12:55:38.6068935Z   type: 'test'
local-invariants	Run node tools/quality/run-local-tests.mjs	2026-10-05T12:55:38.6069121Z   ...
local-invariants	Run node tools/quality/run-local-tests.mjs	2026-10-05T12:55:38.6118431Z # Subtest: worker ticks are bounded and an already-aborted signal processes no job
local-invariants	Run node tools/quality/run-local-tests.mjs	2026-10-05T12:55:38.6119157Z ok 156 - worker ticks are bounded and an already-aborted signal processes no job
local-invariants	Run node tools/quality/run-local-tests.mjs	2026-10-05T12:55:38.6119850Z   ---
local-invariants	Run node tools/quality/run-local-tests.mjs	2026-10-05T12:55:38.6120046Z   duration_ms: 5.369056
local-invariants	Run node tools/quality/run-local-tests.mjs	2026-10-05T12:55:38.6120477Z   type: 'test'
local-invariants	Run node tools/quality/run-local-tests.mjs	2026-10-05T12:55:38.6120675Z   ...
local-invariants	Run node tools/quality/run-local-tests.mjs	2026-10-05T12:55:38.6183681Z # Subtest: source cleanup protects files needed by an opted-in background import
local-invariants	Run node tools/quality/run-local-tests.mjs	2026-10-05T12:55:38.6185075Z ok 157 - source cleanup protects files needed by an opted-in background import
local-invariants	Run node tools/quality/run-local-tests.mjs	2026-10-05T12:55:38.6185711Z   ---
local-invariants	Run node tools/quality/run-local-tests.mjs	2026-10-05T12:55:38.6186039Z   duration_ms: 6.39404
local-invariants	Run node tools/quality/run-local-tests.mjs	2026-10-05T12:55:38.6186391Z   type: 'test'
local-invariants	Run node tools/quality/run-local-tests.mjs	2026-10-05T12:55:38.6186733Z   ...
local-invariants	Run node tools/quality/run-local-tests.mjs	2026-10-05T12:55:38.6258110Z # Subtest: two competing worker instances cannot claim the same queue lease
local-invariants	Run node tools/quality/run-local-tests.mjs	2026-10-05T12:55:38.6259043Z ok 158 - two competing worker instances cannot claim the same queue lease
local-invariants	Run node tools/quality/run-local-tests.mjs	2026-10-05T12:55:38.6259381Z   ---
local-invariants	Run node tools/quality/run-local-tests.mjs	2026-10-05T12:55:38.6259579Z   duration_ms: 7.295877
local-invariants	Run node tools/quality/run-local-tests.mjs	2026-10-05T12:55:38.6259810Z   type: 'test'
local-invariants	Run node tools/quality/run-local-tests.mjs	2026-10-05T12:55:38.6260002Z   ...
local-invariants	Run node tools/quality/run-local-tests.mjs	2026-10-05T12:55:38.6332128Z # Subtest: persisted queue claim recovers after lease expiry without changing the import intent
local-invariants	Run node tools/quality/run-local-tests.mjs	2026-10-05T12:55:38.6333217Z ok 159 - persisted queue claim recovers after lease expiry without changing the import intent
local-invariants	Run node tools/quality/run-local-tests.mjs	2026-10-05T12:55:38.6333612Z   ---
local-invariants	Run node tools/quality/run-local-tests.mjs	2026-10-05T12:55:38.6333812Z   duration_ms: 7.385124
local-invariants	Run node tools/quality/run-local-tests.mjs	2026-10-05T12:55:38.6334022Z   type: 'test'
local-invariants	Run node tools/quality/run-local-tests.mjs	2026-10-05T12:55:38.6334202Z   ...
local-invariants	Run node tools/quality/run-local-tests.mjs	2026-10-05T12:55:38.6407817Z # Subtest: cleanup fails closed if a source audit cannot be saved after physical removal
local-invariants	Run node tools/quality/run-local-tests.mjs	2026-10-05T12:55:38.6408782Z ok 160 - cleanup fails closed if a source audit cannot be saved after physical removal
local-invariants	Run node tools/quality/run-local-tests.mjs	2026-10-05T12:55:38.6409186Z   ---
local-invariants	Run node tools/quality/run-local-tests.mjs	2026-10-05T12:55:38.6409376Z   duration_ms: 7.709948
local-invariants	Run node tools/quality/run-local-tests.mjs	2026-10-05T12:55:38.6409581Z   type: 'test'
local-invariants	Run node tools/quality/run-local-tests.mjs	2026-10-05T12:55:38.6409768Z   ...
local-invariants	Run node tools/quality/run-local-tests.mjs	2026-10-05T12:55:38.7515137Z # Subtest: bounded operator body is preserved as raw JSON text for the tRPC reader
local-invariants	Run node tools/quality/run-local-tests.mjs	2026-10-05T12:55:38.7516252Z ok 161 - bounded operator body is preserved as raw JSON text for the tRPC reader
local-invariants	Run node tools/quality/run-local-tests.mjs	2026-10-05T12:55:38.7516830Z   ---
local-invariants	Run node tools/quality/run-local-tests.mjs	2026-10-05T12:55:38.7517109Z   duration_ms: 4.568475
local-invariants	Run node tools/quality/run-local-tests.mjs	2026-10-05T12:55:38.7517483Z   type: 'test'
local-invariants	Run node tools/quality/run-local-tests.mjs	2026-10-05T12:55:38.7517758Z   ...
local-invariants	Run node tools/quality/run-local-tests.mjs	2026-10-05T12:55:38.7527496Z # Subtest: oversized declared and chunked bodies are rejected before tRPC
local-invariants	Run node tools/quality/run-local-tests.mjs	2026-10-05T12:55:38.7528679Z ok 162 - oversized declared and chunked bodies are rejected before tRPC
local-invariants	Run node tools/quality/run-local-tests.mjs	2026-10-05T12:55:38.7529320Z   ---
local-invariants	Run node tools/quality/run-local-tests.mjs	2026-10-05T12:55:38.7529964Z   duration_ms: 1.248537
local-invariants	Run node tools/quality/run-local-tests.mjs	2026-10-05T12:55:38.7530601Z   type: 'test'
local-invariants	Run node tools/quality/run-local-tests.mjs	2026-10-05T12:55:38.7531051Z   ...
local-invariants	Run node tools/quality/run-local-tests.mjs	2026-10-05T12:55:38.7543332Z # Subtest: compressed bodies, non-JSON CSRF-like posts and invalid UTF-8 are rejected
local-invariants	Run node tools/quality/run-local-tests.mjs	2026-10-05T12:55:38.7544659Z ok 163 - compressed bodies, non-JSON CSRF-like posts and invalid UTF-8 are rejected
local-invariants	Run node tools/quality/run-local-tests.mjs	2026-10-05T12:55:38.7545612Z   ---
local-invariants	Run node tools/quality/run-local-tests.mjs	2026-10-05T12:55:38.7546240Z   duration_ms: 1.336168
local-invariants	Run node tools/quality/run-local-tests.mjs	2026-10-05T12:55:38.7547163Z   type: 'test'
local-invariants	Run node tools/quality/run-local-tests.mjs	2026-10-05T12:55:38.7547559Z   ...
local-invariants	Run node tools/quality/run-local-tests.mjs	2026-10-05T12:55:38.7548151Z # Subtest: unrelated CRM and webhook paths are not parsed or altered
local-invariants	Run node tools/quality/run-local-tests.mjs	2026-10-05T12:55:38.7549034Z ok 164 - unrelated CRM and webhook paths are not parsed or altered
local-invariants	Run node tools/quality/run-local-tests.mjs	2026-10-05T12:55:38.7549693Z   ---
local-invariants	Run node tools/quality/run-local-tests.mjs	2026-10-05T12:55:38.7550376Z   duration_ms: 0.360036
local-invariants	Run node tools/quality/run-local-tests.mjs	2026-10-05T12:55:38.7550762Z   type: 'test'
local-invariants	Run node tools/quality/run-local-tests.mjs	2026-10-05T12:55:38.7551036Z   ...
local-invariants	Run node tools/quality/run-local-tests.mjs	2026-10-05T12:55:38.7555942Z # Subtest: mixed batches and encoded procedure paths receive the same limit
local-invariants	Run node tools/quality/run-local-tests.mjs	2026-10-05T12:55:38.7557651Z ok 165 - mixed batches and encoded procedure paths receive the same limit
local-invariants	Run node tools/quality/run-local-tests.mjs	2026-10-05T12:55:38.7558183Z   ---
local-invariants	Run node tools/quality/run-local-tests.mjs	2026-10-05T12:55:38.7558469Z   duration_ms: 1.138874
local-invariants	Run node tools/quality/run-local-tests.mjs	2026-10-05T12:55:38.7558778Z   type: 'test'
local-invariants	Run node tools/quality/run-local-tests.mjs	2026-10-05T12:55:38.7559711Z   ...
local-invariants	Run node tools/quality/run-local-tests.mjs	2026-10-05T12:55:38.7570881Z # Subtest: inflight cap lasts through response completion, not just upload completion
local-invariants	Run node tools/quality/run-local-tests.mjs	2026-10-05T12:55:38.7571881Z ok 166 - inflight cap lasts through response completion, not just upload completion
local-invariants	Run node tools/quality/run-local-tests.mjs	2026-10-05T12:55:38.7572475Z   ---
local-invariants	Run node tools/quality/run-local-tests.mjs	2026-10-05T12:55:38.7572757Z   duration_ms: 1.396587
local-invariants	Run node tools/quality/run-local-tests.mjs	2026-10-05T12:55:38.7573091Z   type: 'test'
local-invariants	Run node tools/quality/run-local-tests.mjs	2026-10-05T12:55:38.7573368Z   ...
local-invariants	Run node tools/quality/run-local-tests.mjs	2026-10-05T12:55:38.8036099Z # Subtest: timeouts and aborted uploads free the slot
local-invariants	Run node tools/quality/run-local-tests.mjs	2026-10-05T12:55:38.8037645Z ok 167 - timeouts and aborted uploads free the slot
local-invariants	Run node tools/quality/run-local-tests.mjs	2026-10-05T12:55:38.8038407Z   ---
local-invariants	Run node tools/quality/run-local-tests.mjs	2026-10-05T12:55:38.8038870Z   duration_ms: 31.393154
local-invariants	Run node tools/quality/run-local-tests.mjs	2026-10-05T12:55:38.8039369Z   type: 'test'
local-invariants	Run node tools/quality/run-local-tests.mjs	2026-10-05T12:55:38.8039782Z   ...
local-invariants	Run node tools/quality/run-local-tests.mjs	2026-10-05T12:55:38.8257111Z # Subtest: real Node HTTP transport enforces streaming byte bounds on loopback
local-invariants	Run node tools/quality/run-local-tests.mjs	2026-10-05T12:55:38.8258852Z ok 168 - real Node HTTP transport enforces streaming byte bounds on loopback
local-invariants	Run node tools/quality/run-local-tests.mjs	2026-10-05T12:55:38.8259680Z   ---
local-invariants	Run node tools/quality/run-local-tests.mjs	2026-10-05T12:55:38.8260462Z   duration_ms: 36.798654
local-invariants	Run node tools/quality/run-local-tests.mjs	2026-10-05T12:55:38.8261075Z   type: 'test'
local-invariants	Run node tools/quality/run-local-tests.mjs	2026-10-05T12:55:38.8261397Z   ...
local-invariants	Run node tools/quality/run-local-tests.mjs	2026-10-05T12:55:38.9467789Z # Subtest: overview is current-admin only and dedicated-workspace bound
local-invariants	Run node tools/quality/run-local-tests.mjs	2026-10-05T12:55:38.9468871Z ok 169 - overview is current-admin only and dedicated-workspace bound
local-invariants	Run node tools/quality/run-local-tests.mjs	2026-10-05T12:55:38.9469527Z   ---
local-invariants	Run node tools/quality/run-local-tests.mjs	2026-10-05T12:55:38.9469840Z   duration_ms: 3.136075
local-invariants	Run node tools/quality/run-local-tests.mjs	2026-10-05T12:55:38.9470339Z   type: 'test'
local-invariants	Run node tools/quality/run-local-tests.mjs	2026-10-05T12:55:38.9470728Z   ...
local-invariants	Run node tools/quality/run-local-tests.mjs	2026-10-05T12:55:38.9471393Z # Subtest: private drafts and unrelated receipts do not leak into team overview
local-invariants	Run node tools/quality/run-local-tests.mjs	2026-10-05T12:55:38.9472386Z ok 170 - private drafts and unrelated receipts do not leak into team overview
local-invariants	Run node tools/quality/run-local-tests.mjs	2026-10-05T12:55:38.9473016Z   ---
local-invariants	Run node tools/quality/run-local-tests.mjs	2026-10-05T12:55:38.9473303Z   duration_ms: 2.002529
local-invariants	Run node tools/quality/run-local-tests.mjs	2026-10-05T12:55:38.9473700Z   type: 'test'
local-invariants	Run node tools/quality/run-local-tests.mjs	2026-10-05T12:55:38.9473970Z   ...
local-invariants	Run node tools/quality/run-local-tests.mjs	2026-10-05T12:55:38.9474599Z # Subtest: costs use exact micro-USD and report missing records separately
local-invariants	Run node tools/quality/run-local-tests.mjs	2026-10-05T12:55:38.9475481Z ok 171 - costs use exact micro-USD and report missing records separately
local-invariants	Run node tools/quality/run-local-tests.mjs	2026-10-05T12:55:38.9476106Z   ---
local-invariants	Run node tools/quality/run-local-tests.mjs	2026-10-05T12:55:38.9476395Z   duration_ms: 0.222521
local-invariants	Run node tools/quality/run-local-tests.mjs	2026-10-05T12:55:38.9476699Z   type: 'test'
local-invariants	Run node tools/quality/run-local-tests.mjs	2026-10-05T12:55:38.9476995Z   ...
local-invariants	Run node tools/quality/run-local-tests.mjs	2026-10-05T12:55:38.9477603Z # Subtest: missing, negative, invalid costs and zero-completion rates are not invented
local-invariants	Run node tools/quality/run-local-tests.mjs	2026-10-05T12:55:38.9479142Z ok 172 - missing, negative, invalid costs and zero-completion rates are not invented
local-invariants	Run node tools/quality/run-local-tests.mjs	2026-10-05T12:55:38.9480052Z   ---
local-invariants	Run node tools/quality/run-local-tests.mjs	2026-10-05T12:55:38.9480536Z   duration_ms: 0.119427
local-invariants	Run node tools/quality/run-local-tests.mjs	2026-10-05T12:55:38.9480871Z   type: 'test'
local-invariants	Run node tools/quality/run-local-tests.mjs	2026-10-05T12:55:38.9481141Z   ...
local-invariants	Run node tools/quality/run-local-tests.mjs	2026-10-05T12:55:38.9481750Z # Subtest: a truncated window cannot masquerade as a full success rate or cost total
local-invariants	Run node tools/quality/run-local-tests.mjs	2026-10-05T12:55:38.9482821Z ok 173 - a truncated window cannot masquerade as a full success rate or cost total
local-invariants	Run node tools/quality/run-local-tests.mjs	2026-10-05T12:55:38.9483527Z   ---
local-invariants	Run node tools/quality/run-local-tests.mjs	2026-10-05T12:55:38.9483873Z   duration_ms: 0.102462
local-invariants	Run node tools/quality/run-local-tests.mjs	2026-10-05T12:55:38.9484269Z   type: 'test'
local-invariants	Run node tools/quality/run-local-tests.mjs	2026-10-05T12:55:38.9484607Z   ...
local-invariants	Run node tools/quality/run-local-tests.mjs	2026-10-05T12:55:38.9486722Z # Subtest: read period has explicit rolling UTC bounds and rejects arbitrary large windows
local-invariants	Run node tools/quality/run-local-tests.mjs	2026-10-05T12:55:38.9487749Z ok 174 - read period has explicit rolling UTC bounds and rejects arbitrary large windows
local-invariants	Run node tools/quality/run-local-tests.mjs	2026-10-05T12:55:38.9488444Z   ---
local-invariants	Run node tools/quality/run-local-tests.mjs	2026-10-05T12:55:38.9488741Z   duration_ms: 1.511388
local-invariants	Run node tools/quality/run-local-tests.mjs	2026-10-05T12:55:38.9489137Z   type: 'test'
local-invariants	Run node tools/quality/run-local-tests.mjs	2026-10-05T12:55:38.9489428Z   ...
local-invariants	Run node tools/quality/run-local-tests.mjs	2026-10-05T12:55:38.9490339Z # Subtest: operations never turns lack of provider/outcome instrumentation into positive health
local-invariants	Run node tools/quality/run-local-tests.mjs	2026-10-05T12:55:38.9491603Z ok 175 - operations never turns lack of provider/outcome instrumentation into positive health
local-invariants	Run node tools/quality/run-local-tests.mjs	2026-10-05T12:55:38.9492314Z   ---
local-invariants	Run node tools/quality/run-local-tests.mjs	2026-10-05T12:55:38.9492612Z   duration_ms: 0.699661
local-invariants	Run node tools/quality/run-local-tests.mjs	2026-10-05T12:55:38.9492923Z   type: 'test'
local-invariants	Run node tools/quality/run-local-tests.mjs	2026-10-05T12:55:38.9493297Z   ...
local-invariants	Run node tools/quality/run-local-tests.mjs	2026-10-05T12:55:38.9506175Z # Subtest: unsafe database errors and prompt-like error messages are not returned to operators
local-invariants	Run node tools/quality/run-local-tests.mjs	2026-10-05T12:55:38.9507291Z ok 176 - unsafe database errors and prompt-like error messages are not returned to operators
local-invariants	Run node tools/quality/run-local-tests.mjs	2026-10-05T12:55:38.9508426Z   ---
local-invariants	Run node tools/quality/run-local-tests.mjs	2026-10-05T12:55:38.9508681Z   duration_ms: 0.671829
local-invariants	Run node tools/quality/run-local-tests.mjs	2026-10-05T12:55:38.9508969Z   type: 'test'
local-invariants	Run node tools/quality/run-local-tests.mjs	2026-10-05T12:55:38.9509234Z   ...
local-invariants	Run node tools/quality/run-local-tests.mjs	2026-10-05T12:55:38.9509788Z # Subtest: disabled approval lifecycle performs no mutation even for administrators
local-invariants	Run node tools/quality/run-local-tests.mjs	2026-10-05T12:55:38.9510792Z ok 177 - disabled approval lifecycle performs no mutation even for administrators
local-invariants	Run node tools/quality/run-local-tests.mjs	2026-10-05T12:55:38.9511282Z   ---
local-invariants	Run node tools/quality/run-local-tests.mjs	2026-10-05T12:55:38.9511519Z   duration_ms: 0.555827
local-invariants	Run node tools/quality/run-local-tests.mjs	2026-10-05T12:55:38.9512039Z   type: 'test'
local-invariants	Run node tools/quality/run-local-tests.mjs	2026-10-05T12:55:38.9512298Z   ...
local-invariants	Run node tools/quality/run-local-tests.mjs	2026-10-05T12:55:38.9512775Z # Subtest: empty team yields a true empty state, no seeded demo metrics
local-invariants	Run node tools/quality/run-local-tests.mjs	2026-10-05T12:55:38.9514218Z ok 178 - empty team yields a true empty state, no seeded demo metrics
local-invariants	Run node tools/quality/run-local-tests.mjs	2026-10-05T12:55:38.9514774Z   ---
local-invariants	Run node tools/quality/run-local-tests.mjs	2026-10-05T12:55:38.9520675Z   duration_ms: 0.710177
local-invariants	Run node tools/quality/run-local-tests.mjs	2026-10-05T12:55:38.9521310Z   type: 'test'
local-invariants	Run node tools/quality/run-local-tests.mjs	2026-10-05T12:55:38.9521588Z   ...
local-invariants	Run node tools/quality/run-local-tests.mjs	2026-10-05T12:55:38.9522386Z # Subtest: receipt correlation uses governed metadata, never the unrelated CRM requestHash
local-invariants	Run node tools/quality/run-local-tests.mjs	2026-10-05T12:55:38.9523507Z ok 179 - receipt correlation uses governed metadata, never the unrelated CRM requestHash
local-invariants	Run node tools/quality/run-local-tests.mjs	2026-10-05T12:55:38.9524176Z   ---
local-invariants	Run node tools/quality/run-local-tests.mjs	2026-10-05T12:55:38.9524461Z   duration_ms: 1.302527
local-invariants	Run node tools/quality/run-local-tests.mjs	2026-10-05T12:55:38.9524774Z   type: 'test'
local-invariants	Run node tools/quality/run-local-tests.mjs	2026-10-05T12:55:38.9525112Z   ...
local-invariants	Run node tools/quality/run-local-tests.mjs	2026-10-05T12:55:38.9525680Z # Subtest: a different action kind cannot borrow the digest correlation
local-invariants	Run node tools/quality/run-local-tests.mjs	2026-10-05T12:55:38.9526513Z ok 180 - a different action kind cannot borrow the digest correlation
local-invariants	Run node tools/quality/run-local-tests.mjs	2026-10-05T12:55:38.9527047Z   ---
local-invariants	Run node tools/quality/run-local-tests.mjs	2026-10-05T12:55:38.9527328Z   duration_ms: 0.795573
local-invariants	Run node tools/quality/run-local-tests.mjs	2026-10-05T12:55:38.9527705Z   type: 'test'
local-invariants	Run node tools/quality/run-local-tests.mjs	2026-10-05T12:55:38.9527967Z   ...
local-invariants	Run node tools/quality/run-local-tests.mjs	2026-10-05T12:55:38.9528451Z # Subtest: metadata lookup refuses accessors and inherited correlation
local-invariants	Run node tools/quality/run-local-tests.mjs	2026-10-05T12:55:38.9528986Z ok 181 - metadata lookup refuses accessors and inherited correlation
local-invariants	Run node tools/quality/run-local-tests.mjs	2026-10-05T12:55:38.9529333Z   ---
local-invariants	Run node tools/quality/run-local-tests.mjs	2026-10-05T12:55:38.9529527Z   duration_ms: 0.137234
local-invariants	Run node tools/quality/run-local-tests.mjs	2026-10-05T12:55:38.9529800Z   type: 'test'
local-invariants	Run node tools/quality/run-local-tests.mjs	2026-10-05T12:55:38.9529985Z   ...
local-invariants	Run node tools/quality/run-local-tests.mjs	2026-10-05T12:55:38.9530787Z # Subtest: continuation view is current-admin only, opt-in and exposes no lease/JWT/raw payload
local-invariants	Run node tools/quality/run-local-tests.mjs	2026-10-05T12:55:38.9531787Z ok 182 - continuation view is current-admin only, opt-in and exposes no lease/JWT/raw payload
local-invariants	Run node tools/quality/run-local-tests.mjs	2026-10-05T12:55:38.9532181Z   ---
local-invariants	Run node tools/quality/run-local-tests.mjs	2026-10-05T12:55:38.9532364Z   duration_ms: 1.338932
local-invariants	Run node tools/quality/run-local-tests.mjs	2026-10-05T12:55:38.9532567Z   type: 'test'
local-invariants	Run node tools/quality/run-local-tests.mjs	2026-10-05T12:55:38.9532747Z   ...
local-invariants	Run node tools/quality/run-local-tests.mjs	2026-10-05T12:55:38.9533163Z # Subtest: continuation pagination has stable tie-breaks and does not silently drop same-time rows
local-invariants	Run node tools/quality/run-local-tests.mjs	2026-10-05T12:55:38.9533872Z ok 183 - continuation pagination has stable tie-breaks and does not silently drop same-time rows
local-invariants	Run node tools/quality/run-local-tests.mjs	2026-10-05T12:55:38.9534278Z   ---
local-invariants	Run node tools/quality/run-local-tests.mjs	2026-10-05T12:55:38.9534453Z   duration_ms: 3.310934
local-invariants	Run node tools/quality/run-local-tests.mjs	2026-10-05T12:55:38.9534648Z   type: 'test'
local-invariants	Run node tools/quality/run-local-tests.mjs	2026-10-05T12:55:38.9534831Z   ...
local-invariants	Run node tools/quality/run-local-tests.mjs	2026-10-05T12:55:39.0596727Z # Subtest: maps workspace roles to least-privilege pipeline permissions
local-invariants	Run node tools/quality/run-local-tests.mjs	2026-10-05T12:55:39.0597765Z ok 184 - maps workspace roles to least-privilege pipeline permissions
local-invariants	Run node tools/quality/run-local-tests.mjs	2026-10-05T12:55:39.0598265Z   ---
local-invariants	Run node tools/quality/run-local-tests.mjs	2026-10-05T12:55:39.0598550Z   duration_ms: 1.583996
local-invariants	Run node tools/quality/run-local-tests.mjs	2026-10-05T12:55:39.0598846Z   type: 'test'
local-invariants	Run node tools/quality/run-local-tests.mjs	2026-10-05T12:55:39.0599154Z   ...
local-invariants	Run node tools/quality/run-local-tests.mjs	2026-10-05T12:55:39.0603453Z # Subtest: creates deterministic server-owned pipeline and stage identifiers
local-invariants	Run node tools/quality/run-local-tests.mjs	2026-10-05T12:55:39.0606699Z ok 185 - creates deterministic server-owned pipeline and stage identifiers
local-invariants	Run node tools/quality/run-local-tests.mjs	2026-10-05T12:55:39.0607245Z   ---
local-invariants	Run node tools/quality/run-local-tests.mjs	2026-10-05T12:55:39.0607530Z   duration_ms: 2.357626
local-invariants	Run node tools/quality/run-local-tests.mjs	2026-10-05T12:55:39.0607838Z   type: 'test'
local-invariants	Run node tools/quality/run-local-tests.mjs	2026-10-05T12:55:39.0608096Z   ...
local-invariants	Run node tools/quality/run-local-tests.mjs	2026-10-05T12:55:39.0608654Z # Subtest: preserves an explicit default request in the canonical create payload
local-invariants	Run node tools/quality/run-local-tests.mjs	2026-10-05T12:55:39.0609494Z ok 186 - preserves an explicit default request in the canonical create payload
local-invariants	Run node tools/quality/run-local-tests.mjs	2026-10-05T12:55:39.0610007Z   ---
local-invariants	Run node tools/quality/run-local-tests.mjs	2026-10-05T12:55:39.0610395Z   duration_ms: 0.467195
local-invariants	Run node tools/quality/run-local-tests.mjs	2026-10-05T12:55:39.0610695Z   type: 'test'
local-invariants	Run node tools/quality/run-local-tests.mjs	2026-10-05T12:55:39.0610945Z   ...
local-invariants	Run node tools/quality/run-local-tests.mjs	2026-10-05T12:55:39.0611326Z # Subtest: different tenants and command keys produce different server IDs
local-invariants	Run node tools/quality/run-local-tests.mjs	2026-10-05T12:55:39.0624816Z ok 187 - different tenants and command keys produce different server IDs
local-invariants	Run node tools/quality/run-local-tests.mjs	2026-10-05T12:55:39.0625260Z   ---
local-invariants	Run node tools/quality/run-local-tests.mjs	2026-10-05T12:55:39.0625461Z   duration_ms: 0.157934
local-invariants	Run node tools/quality/run-local-tests.mjs	2026-10-05T12:55:39.0625677Z   type: 'test'
local-invariants	Run node tools/quality/run-local-tests.mjs	2026-10-05T12:55:39.0625863Z   ...
local-invariants	Run node tools/quality/run-local-tests.mjs	2026-10-05T12:55:39.0626561Z # Subtest: preserves existing stage identity during update and creates only new IDs
local-invariants	Run node tools/quality/run-local-tests.mjs	2026-10-05T12:55:39.0627366Z ok 188 - preserves existing stage identity during update and creates only new IDs
local-invariants	Run node tools/quality/run-local-tests.mjs	2026-10-05T12:55:39.0628153Z   ---
local-invariants	Run node tools/quality/run-local-tests.mjs	2026-10-05T12:55:39.0628424Z   duration_ms: 0.612421
local-invariants	Run node tools/quality/run-local-tests.mjs	2026-10-05T12:55:39.0628834Z   type: 'test'
local-invariants	Run node tools/quality/run-local-tests.mjs	2026-10-05T12:55:39.0629135Z   ...
local-invariants	Run node tools/quality/run-local-tests.mjs	2026-10-05T12:55:39.0629625Z # Subtest: rejects foreign stage IDs and unknown transition keys
local-invariants	Run node tools/quality/run-local-tests.mjs	2026-10-05T12:55:39.0630087Z ok 189 - rejects foreign stage IDs and unknown transition keys
local-invariants	Run node tools/quality/run-local-tests.mjs	2026-10-05T12:55:39.0630931Z   ---
local-invariants	Run node tools/quality/run-local-tests.mjs	2026-10-05T12:55:39.0631241Z   duration_ms: 0.450811
local-invariants	Run node tools/quality/run-local-tests.mjs	2026-10-05T12:55:39.0631561Z   type: 'test'
local-invariants	Run node tools/quality/run-local-tests.mjs	2026-10-05T12:55:39.0631827Z   ...
local-invariants	Run node tools/quality/run-local-tests.mjs	2026-10-05T12:55:39.0632437Z # Subtest: rejects client-owned IDs on create and mismatched pipeline IDs on update
local-invariants	Run node tools/quality/run-local-tests.mjs	2026-10-05T12:55:39.0633323Z ok 190 - rejects client-owned IDs on create and mismatched pipeline IDs on update
local-invariants	Run node tools/quality/run-local-tests.mjs	2026-10-05T12:55:39.0633863Z   ---
local-invariants	Run node tools/quality/run-local-tests.mjs	2026-10-05T12:55:39.0634121Z   duration_ms: 0.485723
local-invariants	Run node tools/quality/run-local-tests.mjs	2026-10-05T12:55:39.0634417Z   type: 'test'
local-invariants	Run node tools/quality/run-local-tests.mjs	2026-10-05T12:55:39.0634671Z   ...
local-invariants	Run node tools/quality/run-local-tests.mjs	2026-10-05T12:55:39.0635057Z # Subtest: command payload excludes idempotency metadata and is immutable
local-invariants	Run node tools/quality/run-local-tests.mjs	2026-10-05T12:55:39.0635556Z ok 191 - command payload excludes idempotency metadata and is immutable
local-invariants	Run node tools/quality/run-local-tests.mjs	2026-10-05T12:55:39.0635865Z   ---
local-invariants	Run node tools/quality/run-local-tests.mjs	2026-10-05T12:55:39.0636031Z   duration_ms: 0.172977
local-invariants	Run node tools/quality/run-local-tests.mjs	2026-10-05T12:55:39.0636232Z   type: 'test'
local-invariants	Run node tools/quality/run-local-tests.mjs	2026-10-05T12:55:39.0636402Z   ...
local-invariants	Run node tools/quality/run-local-tests.mjs	2026-10-05T12:55:39.0636723Z # Subtest: command payload rejects unknown and accessor-backed input
local-invariants	Run node tools/quality/run-local-tests.mjs	2026-10-05T12:55:39.0637164Z ok 192 - command payload rejects unknown and accessor-backed input
local-invariants	Run node tools/quality/run-local-tests.mjs	2026-10-05T12:55:39.0637467Z   ---
local-invariants	Run node tools/quality/run-local-tests.mjs	2026-10-05T12:55:39.0637640Z   duration_ms: 0.301949
local-invariants	Run node tools/quality/run-local-tests.mjs	2026-10-05T12:55:39.0637837Z   type: 'test'
local-invariants	Run node tools/quality/run-local-tests.mjs	2026-10-05T12:55:39.0638011Z   ...
local-invariants	Run node tools/quality/run-local-tests.mjs	2026-10-05T12:55:39.0638336Z # Subtest: API output hides tenant identity and exposes transition keys
local-invariants	Run node tools/quality/run-local-tests.mjs	2026-10-05T12:55:39.0638789Z ok 193 - API output hides tenant identity and exposes transition keys
local-invariants	Run node tools/quality/run-local-tests.mjs	2026-10-05T12:55:39.0639091Z   ---
local-invariants	Run node tools/quality/run-local-tests.mjs	2026-10-05T12:55:39.0639263Z   duration_ms: 1.242979
local-invariants	Run node tools/quality/run-local-tests.mjs	2026-10-05T12:55:39.0639802Z   type: 'test'
local-invariants	Run node tools/quality/run-local-tests.mjs	2026-10-05T12:55:39.0640101Z   ...
local-invariants	Run node tools/quality/run-local-tests.mjs	2026-10-05T12:55:39.1515626Z # Subtest: unexpected server errors never expose raw diagnostic messages
local-invariants	Run node tools/quality/run-local-tests.mjs	2026-10-05T12:55:39.1516793Z ok 194 - unexpected server errors never expose raw diagnostic messages
local-invariants	Run node tools/quality/run-local-tests.mjs	2026-10-05T12:55:39.1517440Z   ---
local-invariants	Run node tools/quality/run-local-tests.mjs	2026-10-05T12:55:39.1517904Z   duration_ms: 0.704988
local-invariants	Run node tools/quality/run-local-tests.mjs	2026-10-05T12:55:39.1528616Z   type: 'test'
local-invariants	Run node tools/quality/run-local-tests.mjs	2026-10-05T12:55:39.1528944Z   ...
local-invariants	Run node tools/quality/run-local-tests.mjs	2026-10-05T12:55:39.1529604Z # Subtest: expected validation guidance remains useful but bounded and single-line
local-invariants	Run node tools/quality/run-local-tests.mjs	2026-10-05T12:55:39.1530701Z ok 195 - expected validation guidance remains useful but bounded and single-line
local-invariants	Run node tools/quality/run-local-tests.mjs	2026-10-05T12:55:39.1531267Z   ---
local-invariants	Run node tools/quality/run-local-tests.mjs	2026-10-05T12:55:39.1531548Z   duration_ms: 0.67245
local-invariants	Run node tools/quality/run-local-tests.mjs	2026-10-05T12:55:39.1531861Z   type: 'test'
local-invariants	Run node tools/quality/run-local-tests.mjs	2026-10-05T12:55:39.1532132Z   ...
local-invariants	Run node tools/quality/run-local-tests.mjs	2026-10-05T12:55:39.1532663Z # Subtest: misclassified internal or credential diagnostics are masked
local-invariants	Run node tools/quality/run-local-tests.mjs	2026-10-05T12:55:39.1533365Z ok 196 - misclassified internal or credential diagnostics are masked
local-invariants	Run node tools/quality/run-local-tests.mjs	2026-10-05T12:55:39.1533882Z   ---
local-invariants	Run node tools/quality/run-local-tests.mjs	2026-10-05T12:55:39.1534205Z   duration_ms: 0.199407
local-invariants	Run node tools/quality/run-local-tests.mjs	2026-10-05T12:55:39.1534531Z   type: 'test'
local-invariants	Run node tools/quality/run-local-tests.mjs	2026-10-05T12:55:39.1534812Z   ...
local-invariants	Run node tools/quality/run-local-tests.mjs	2026-10-05T12:55:39.2385769Z # Subtest: allows failed/cancelled runs only when no attempted side effects are recorded
local-invariants	Run node tools/quality/run-local-tests.mjs	2026-10-05T12:55:39.2386895Z ok 197 - allows failed/cancelled runs only when no attempted side effects are recorded
local-invariants	Run node tools/quality/run-local-tests.mjs	2026-10-05T12:55:39.2387514Z   ---
local-invariants	Run node tools/quality/run-local-tests.mjs	2026-10-05T12:55:39.2387807Z   duration_ms: 0.780691
local-invariants	Run node tools/quality/run-local-tests.mjs	2026-10-05T12:55:39.2388128Z   type: 'test'
local-invariants	Run node tools/quality/run-local-tests.mjs	2026-10-05T12:55:39.2388410Z   ...
local-invariants	Run node tools/quality/run-local-tests.mjs	2026-10-05T12:55:39.2389509Z # Subtest: blocks a succeeded action even when the run failed afterwards
local-invariants	Run node tools/quality/run-local-tests.mjs	2026-10-05T12:55:39.2390500Z ok 198 - blocks a succeeded action even when the run failed afterwards
local-invariants	Run node tools/quality/run-local-tests.mjs	2026-10-05T12:55:39.2391042Z   ---
local-invariants	Run node tools/quality/run-local-tests.mjs	2026-10-05T12:55:39.2391332Z   duration_ms: 0.121601
local-invariants	Run node tools/quality/run-local-tests.mjs	2026-10-05T12:55:39.2391648Z   type: 'test'
local-invariants	Run node tools/quality/run-local-tests.mjs	2026-10-05T12:55:39.2391920Z   ...
local-invariants	Run node tools/quality/run-local-tests.mjs	2026-10-05T12:55:39.2392545Z # Subtest: blocks uncertain remote outcomes and attempts that are marked failed
local-invariants	Run node tools/quality/run-local-tests.mjs	2026-10-05T12:55:39.2397811Z ok 199 - blocks uncertain remote outcomes and attempts that are marked failed
local-invariants	Run node tools/quality/run-local-tests.mjs	2026-10-05T12:55:39.2398532Z   ---
local-invariants	Run node tools/quality/run-local-tests.mjs	2026-10-05T12:55:39.2398955Z   duration_ms: 0.122412
local-invariants	Run node tools/quality/run-local-tests.mjs	2026-10-05T12:55:39.2399424Z   type: 'test'
local-invariants	Run node tools/quality/run-local-tests.mjs	2026-10-05T12:55:39.2399923Z   ...
local-invariants	Run node tools/quality/run-local-tests.mjs	2026-10-05T12:55:39.2400889Z # Subtest: missing/truncated history never becomes proof of no side effects
local-invariants	Run node tools/quality/run-local-tests.mjs	2026-10-05T12:55:39.2401875Z ok 200 - missing/truncated history never becomes proof of no side effects
local-invariants	Run node tools/quality/run-local-tests.mjs	2026-10-05T12:55:39.2402528Z   ---
local-invariants	Run node tools/quality/run-local-tests.mjs	2026-10-05T12:55:39.2402972Z   duration_ms: 0.125016
local-invariants	Run node tools/quality/run-local-tests.mjs	2026-10-05T12:55:39.2403424Z   type: 'test'
local-invariants	Run node tools/quality/run-local-tests.mjs	2026-10-05T12:55:39.2403817Z   ...
local-invariants	Run node tools/quality/run-local-tests.mjs	2026-10-05T12:55:39.2406344Z # Subtest: ambiguous receipt errors stay blocked even without an action mirror
local-invariants	Run node tools/quality/run-local-tests.mjs	2026-10-05T12:55:39.2407604Z ok 201 - ambiguous receipt errors stay blocked even without an action mirror
local-invariants	Run node tools/quality/run-local-tests.mjs	2026-10-05T12:55:39.2408135Z   ---
local-invariants	Run node tools/quality/run-local-tests.mjs	2026-10-05T12:55:39.2412085Z   duration_ms: 0.225786
local-invariants	Run node tools/quality/run-local-tests.mjs	2026-10-05T12:55:39.2412535Z   type: 'test'
local-invariants	Run node tools/quality/run-local-tests.mjs	2026-10-05T12:55:39.2412834Z   ...
local-invariants	Run node tools/quality/run-local-tests.mjs	2026-10-05T12:55:39.2413580Z # Subtest: successful, active and unknown run states are not retried under a failure label
local-invariants	Run node tools/quality/run-local-tests.mjs	2026-10-05T12:55:39.2414618Z ok 202 - successful, active and unknown run states are not retried under a failure label
local-invariants	Run node tools/quality/run-local-tests.mjs	2026-10-05T12:55:39.2415299Z   ---
local-invariants	Run node tools/quality/run-local-tests.mjs	2026-10-05T12:55:39.2415699Z   duration_ms: 0.19479
local-invariants	Run node tools/quality/run-local-tests.mjs	2026-10-05T12:55:39.2416086Z   type: 'test'
local-invariants	Run node tools/quality/run-local-tests.mjs	2026-10-05T12:55:39.2416454Z   ...
local-invariants	Run node tools/quality/run-local-tests.mjs	2026-10-05T12:55:39.2417123Z # Subtest: unknown attempt counters or action states fail closed
local-invariants	Run node tools/quality/run-local-tests.mjs	2026-10-05T12:55:39.2434516Z ok 203 - unknown attempt counters or action states fail closed
local-invariants	Run node tools/quality/run-local-tests.mjs	2026-10-05T12:55:39.2435268Z   ---
local-invariants	Run node tools/quality/run-local-tests.mjs	2026-10-05T12:55:39.2435663Z   duration_ms: 0.125327
local-invariants	Run node tools/quality/run-local-tests.mjs	2026-10-05T12:55:39.2435979Z   type: 'test'
local-invariants	Run node tools/quality/run-local-tests.mjs	2026-10-05T12:55:39.2436239Z   ...
local-invariants	Run node tools/quality/run-local-tests.mjs	2026-10-05T12:55:39.3343284Z # Subtest: auth revalidates current membership using trusted deployment identity
local-invariants	Run node tools/quality/run-local-tests.mjs	2026-10-05T12:55:39.3344523Z ok 204 - auth revalidates current membership using trusted deployment identity
local-invariants	Run node tools/quality/run-local-tests.mjs	2026-10-05T12:55:39.3345134Z   ---
local-invariants	Run node tools/quality/run-local-tests.mjs	2026-10-05T12:55:39.3345477Z   duration_ms: 1.347344
local-invariants	Run node tools/quality/run-local-tests.mjs	2026-10-05T12:55:39.3345809Z   type: 'test'
local-invariants	Run node tools/quality/run-local-tests.mjs	2026-10-05T12:55:39.3346094Z   ...
local-invariants	Run node tools/quality/run-local-tests.mjs	2026-10-05T12:55:39.3347585Z # Subtest: removed member with otherwise live session is forbidden immediately
local-invariants	Run node tools/quality/run-local-tests.mjs	2026-10-05T12:55:39.3348467Z ok 205 - removed member with otherwise live session is forbidden immediately
local-invariants	Run node tools/quality/run-local-tests.mjs	2026-10-05T12:55:39.3349024Z   ---
local-invariants	Run node tools/quality/run-local-tests.mjs	2026-10-05T12:55:39.3349274Z   duration_ms: 0.52431
local-invariants	Run node tools/quality/run-local-tests.mjs	2026-10-05T12:55:39.3349560Z   type: 'test'
local-invariants	Run node tools/quality/run-local-tests.mjs	2026-10-05T12:55:39.3349816Z   ...
local-invariants	Run node tools/quality/run-local-tests.mjs	2026-10-05T12:55:39.3359276Z # Subtest: foreign workspace session cannot read singleton CRM tables
local-invariants	Run node tools/quality/run-local-tests.mjs	2026-10-05T12:55:39.3366592Z ok 206 - foreign workspace session cannot read singleton CRM tables
local-invariants	Run node tools/quality/run-local-tests.mjs	2026-10-05T12:55:39.3378698Z   ---
local-invariants	Run node tools/quality/run-local-tests.mjs	2026-10-05T12:55:39.3379046Z   duration_ms: 0.193988
local-invariants	Run node tools/quality/run-local-tests.mjs	2026-10-05T12:55:39.3379382Z   type: 'test'
local-invariants	Run node tools/quality/run-local-tests.mjs	2026-10-05T12:55:39.3379664Z   ...
local-invariants	Run node tools/quality/run-local-tests.mjs	2026-10-05T12:55:39.3380580Z # Subtest: API-key synthetic session without active organization still needs membership
local-invariants	Run node tools/quality/run-local-tests.mjs	2026-10-05T12:55:39.3381621Z ok 207 - API-key synthetic session without active organization still needs membership
local-invariants	Run node tools/quality/run-local-tests.mjs	2026-10-05T12:55:39.3382260Z   ---
local-invariants	Run node tools/quality/run-local-tests.mjs	2026-10-05T12:55:39.3382541Z   duration_ms: 0.209832
local-invariants	Run node tools/quality/run-local-tests.mjs	2026-10-05T12:55:39.3382868Z   type: 'test'
local-invariants	Run node tools/quality/run-local-tests.mjs	2026-10-05T12:55:39.3383153Z   ...
local-invariants	Run node tools/quality/run-local-tests.mjs	2026-10-05T12:55:39.3383708Z # Subtest: expired, mismatched, missing or malformed sessions fail closed
local-invariants	Run node tools/quality/run-local-tests.mjs	2026-10-05T12:55:39.3384561Z ok 208 - expired, mismatched, missing or malformed sessions fail closed
local-invariants	Run node tools/quality/run-local-tests.mjs	2026-10-05T12:55:39.3385098Z   ---
local-invariants	Run node tools/quality/run-local-tests.mjs	2026-10-05T12:55:39.3385387Z   duration_ms: 0.53723
local-invariants	Run node tools/quality/run-local-tests.mjs	2026-10-05T12:55:39.3386230Z   type: 'test'
local-invariants	Run node tools/quality/run-local-tests.mjs	2026-10-05T12:55:39.3386500Z   ...
local-invariants	Run node tools/quality/run-local-tests.mjs	2026-10-05T12:55:39.3387128Z # Subtest: unrecognized membership roles are denied rather than promoted to member
local-invariants	Run node tools/quality/run-local-tests.mjs	2026-10-05T12:55:39.3388085Z ok 209 - unrecognized membership roles are denied rather than promoted to member
local-invariants	Run node tools/quality/run-local-tests.mjs	2026-10-05T12:55:39.3388669Z   ---
local-invariants	Run node tools/quality/run-local-tests.mjs	2026-10-05T12:55:39.3388951Z   duration_ms: 0.383119
local-invariants	Run node tools/quality/run-local-tests.mjs	2026-10-05T12:55:39.3389273Z   type: 'test'
local-invariants	Run node tools/quality/run-local-tests.mjs	2026-10-05T12:55:39.3389544Z   ...
local-invariants	Run node tools/quality/run-local-tests.mjs	2026-10-05T12:55:39.4252657Z # Subtest: approval submission carries the exact current immutable snapshot, never tenant or action input
local-invariants	Run node tools/quality/run-local-tests.mjs	2026-10-05T12:55:39.4254562Z ok 210 - approval submission carries the exact current immutable snapshot, never tenant or action input
local-invariants	Run node tools/quality/run-local-tests.mjs	2026-10-05T12:55:39.4255272Z   ---
local-invariants	Run node tools/quality/run-local-tests.mjs	2026-10-05T12:55:39.4255575Z   duration_ms: 1.156761
local-invariants	Run node tools/quality/run-local-tests.mjs	2026-10-05T12:55:39.4255908Z   type: 'test'
local-invariants	Run node tools/quality/run-local-tests.mjs	2026-10-05T12:55:39.4256197Z   ...
local-invariants	Run node tools/quality/run-local-tests.mjs	2026-10-05T12:55:39.4257070Z # Subtest: expired, unbound, redacted or disabled snapshots cannot submit approval
local-invariants	Run node tools/quality/run-local-tests.mjs	2026-10-05T12:55:39.4258318Z ok 211 - expired, unbound, redacted or disabled snapshots cannot submit approval
local-invariants	Run node tools/quality/run-local-tests.mjs	2026-10-05T12:55:39.4258856Z   ---
local-invariants	Run node tools/quality/run-local-tests.mjs	2026-10-05T12:55:39.4259134Z   duration_ms: 0.542267
local-invariants	Run node tools/quality/run-local-tests.mjs	2026-10-05T12:55:39.4259451Z   type: 'test'
local-invariants	Run node tools/quality/run-local-tests.mjs	2026-10-05T12:55:39.4259731Z   ...
local-invariants	Run node tools/quality/run-local-tests.mjs	2026-10-05T12:55:39.4265365Z # Subtest: only unconsumed consent may be revoked; terminal actions cannot be resubmitted
local-invariants	Run node tools/quality/run-local-tests.mjs	2026-10-05T12:55:39.4267942Z ok 212 - only unconsumed consent may be revoked; terminal actions cannot be resubmitted
local-invariants	Run node tools/quality/run-local-tests.mjs	2026-10-05T12:55:39.4268603Z   ---
local-invariants	Run node tools/quality/run-local-tests.mjs	2026-10-05T12:55:39.4268888Z   duration_ms: 0.219586
local-invariants	Run node tools/quality/run-local-tests.mjs	2026-10-05T12:55:39.4269213Z   type: 'test'
local-invariants	Run node tools/quality/run-local-tests.mjs	2026-10-05T12:55:39.4269490Z   ...
local-invariants	Run node tools/quality/run-local-tests.mjs	2026-10-05T12:55:39.4270068Z # Subtest: operator notes are bounded and no arbitrary decision is accepted
local-invariants	Run node tools/quality/run-local-tests.mjs	2026-10-05T12:55:39.4271164Z ok 213 - operator notes are bounded and no arbitrary decision is accepted
local-invariants	Run node tools/quality/run-local-tests.mjs	2026-10-05T12:55:39.4271655Z   ---
local-invariants	Run node tools/quality/run-local-tests.mjs	2026-10-05T12:55:39.4271896Z   duration_ms: 0.125176
local-invariants	Run node tools/quality/run-local-tests.mjs	2026-10-05T12:55:39.4272171Z   type: 'test'
local-invariants	Run node tools/quality/run-local-tests.mjs	2026-10-05T12:55:39.4272459Z   ...
local-invariants	Run node tools/quality/run-local-tests.mjs	2026-10-05T12:55:39.5149845Z # Subtest: operation language catalogs contain the same complete set of nonempty keys
local-invariants	Run node tools/quality/run-local-tests.mjs	2026-10-05T12:55:39.5151135Z ok 214 - operation language catalogs contain the same complete set of nonempty keys
local-invariants	Run node tools/quality/run-local-tests.mjs	2026-10-05T12:55:39.5151718Z   ---
local-invariants	Run node tools/quality/run-local-tests.mjs	2026-10-05T12:55:39.5152007Z   duration_ms: 1.314796
local-invariants	Run node tools/quality/run-local-tests.mjs	2026-10-05T12:55:39.5152320Z   type: 'test'
local-invariants	Run node tools/quality/run-local-tests.mjs	2026-10-05T12:55:39.5152592Z   ...
local-invariants	Run node tools/quality/run-local-tests.mjs	2026-10-05T12:55:39.5153158Z # Subtest: display never treats missing counts as completed work
local-invariants	Run node tools/quality/run-local-tests.mjs	2026-10-05T12:55:39.5154317Z ok 215 - display never treats missing counts as completed work
local-invariants	Run node tools/quality/run-local-tests.mjs	2026-10-05T12:55:39.5154963Z   ---
local-invariants	Run node tools/quality/run-local-tests.mjs	2026-10-05T12:55:39.5155748Z   duration_ms: 0.197153
local-invariants	Run node tools/quality/run-local-tests.mjs	2026-10-05T12:55:39.5156256Z   type: 'test'
local-invariants	Run node tools/quality/run-local-tests.mjs	2026-10-05T12:55:39.5156516Z   ...
local-invariants	Run node tools/quality/run-local-tests.mjs	2026-10-05T12:55:39.5166339Z # Subtest: UI execution respects server capability and terminal state
local-invariants	Run node tools/quality/run-local-tests.mjs	2026-10-05T12:55:39.5167484Z ok 216 - UI execution respects server capability and terminal state
local-invariants	Run node tools/quality/run-local-tests.mjs	2026-10-05T12:55:39.5168235Z   ---
local-invariants	Run node tools/quality/run-local-tests.mjs	2026-10-05T12:55:39.5168675Z   duration_ms: 0.124816
local-invariants	Run node tools/quality/run-local-tests.mjs	2026-10-05T12:55:39.5169166Z   type: 'test'
local-invariants	Run node tools/quality/run-local-tests.mjs	2026-10-05T12:55:39.5169580Z   ...
local-invariants	Run node tools/quality/run-local-tests.mjs	2026-10-05T12:55:39.5170516Z # Subtest: required mapping cannot be omitted and skipped columns are not sent
local-invariants	Run node tools/quality/run-local-tests.mjs	2026-10-05T12:55:39.5171561Z ok 217 - required mapping cannot be omitted and skipped columns are not sent
local-invariants	Run node tools/quality/run-local-tests.mjs	2026-10-05T12:55:39.5172275Z   ---
local-invariants	Run node tools/quality/run-local-tests.mjs	2026-10-05T12:55:39.5172711Z   duration_ms: 0.223262
local-invariants	Run node tools/quality/run-local-tests.mjs	2026-10-05T12:55:39.5173190Z   type: 'test'
local-invariants	Run node tools/quality/run-local-tests.mjs	2026-10-05T12:55:39.5173621Z   ...
local-invariants	Run node tools/quality/run-local-tests.mjs	2026-10-05T12:55:39.6026573Z # Subtest: reuses the same key for a retry of an unchanged command
local-invariants	Run node tools/quality/run-local-tests.mjs	2026-10-05T12:55:39.6027557Z ok 218 - reuses the same key for a retry of an unchanged command
local-invariants	Run node tools/quality/run-local-tests.mjs	2026-10-05T12:55:39.6028172Z   ---
local-invariants	Run node tools/quality/run-local-tests.mjs	2026-10-05T12:55:39.6028531Z   duration_ms: 0.930714
local-invariants	Run node tools/quality/run-local-tests.mjs	2026-10-05T12:55:39.6028859Z   type: 'test'
local-invariants	Run node tools/quality/run-local-tests.mjs	2026-10-05T12:55:39.6029269Z   ...
local-invariants	Run node tools/quality/run-local-tests.mjs	2026-10-05T12:55:39.6030693Z # Subtest: rotates the key when the command payload changes
local-invariants	Run node tools/quality/run-local-tests.mjs	2026-10-05T12:55:39.6033041Z ok 219 - rotates the key when the command payload changes
local-invariants	Run node tools/quality/run-local-tests.mjs	2026-10-05T12:55:39.6033997Z   ---
local-invariants	Run node tools/quality/run-local-tests.mjs	2026-10-05T12:55:39.6034330Z   duration_ms: 0.194289
local-invariants	Run node tools/quality/run-local-tests.mjs	2026-10-05T12:55:39.6034717Z   type: 'test'
local-invariants	Run node tools/quality/run-local-tests.mjs	2026-10-05T12:55:39.6034996Z   ...
local-invariants	Run node tools/quality/run-local-tests.mjs	2026-10-05T12:55:39.6036802Z # Subtest: clears only the key that completed
local-invariants	Run node tools/quality/run-local-tests.mjs	2026-10-05T12:55:39.6037889Z ok 220 - clears only the key that completed
local-invariants	Run node tools/quality/run-local-tests.mjs	2026-10-05T12:55:39.6038374Z   ---
local-invariants	Run node tools/quality/run-local-tests.mjs	2026-10-05T12:55:39.6038648Z   duration_ms: 0.150584
local-invariants	Run node tools/quality/run-local-tests.mjs	2026-10-05T12:55:39.6039046Z   type: 'test'
local-invariants	Run node tools/quality/run-local-tests.mjs	2026-10-05T12:55:39.6039369Z   ...
local-invariants	Run node tools/quality/run-local-tests.mjs	2026-10-05T12:55:39.6040882Z # Subtest: bounds retained failed-command keys
local-invariants	Run node tools/quality/run-local-tests.mjs	2026-10-05T12:55:39.6042007Z ok 221 - bounds retained failed-command keys
local-invariants	Run node tools/quality/run-local-tests.mjs	2026-10-05T12:55:39.6042483Z   ---
local-invariants	Run node tools/quality/run-local-tests.mjs	2026-10-05T12:55:39.6042760Z   duration_ms: 0.193108
local-invariants	Run node tools/quality/run-local-tests.mjs	2026-10-05T12:55:39.6043146Z   type: 'test'
local-invariants	Run node tools/quality/run-local-tests.mjs	2026-10-05T12:55:39.6043463Z   ...
local-invariants	Run node tools/quality/run-local-tests.mjs	2026-10-05T12:55:39.6045060Z # Subtest: rejects malformed scopes, fingerprints and generated keys
local-invariants	Run node tools/quality/run-local-tests.mjs	2026-10-05T12:55:39.6046079Z ok 222 - rejects malformed scopes, fingerprints and generated keys
local-invariants	Run node tools/quality/run-local-tests.mjs	2026-10-05T12:55:39.6046556Z   ---
local-invariants	Run node tools/quality/run-local-tests.mjs	2026-10-05T12:55:39.6047213Z   duration_ms: 0.441457
local-invariants	Run node tools/quality/run-local-tests.mjs	2026-10-05T12:55:39.6047519Z   type: 'test'
local-invariants	Run node tools/quality/run-local-tests.mjs	2026-10-05T12:55:39.6047778Z   ...
local-invariants	Run node tools/quality/run-local-tests.mjs	2026-10-05T12:55:39.6980468Z # Subtest: default draft is complete and valid
local-invariants	Run node tools/quality/run-local-tests.mjs	2026-10-05T12:55:39.6981438Z ok 223 - default draft is complete and valid
local-invariants	Run node tools/quality/run-local-tests.mjs	2026-10-05T12:55:39.6981975Z   ---
local-invariants	Run node tools/quality/run-local-tests.mjs	2026-10-05T12:55:39.6982317Z   duration_ms: 1.697636
local-invariants	Run node tools/quality/run-local-tests.mjs	2026-10-05T12:55:39.6982657Z   type: 'test'
local-invariants	Run node tools/quality/run-local-tests.mjs	2026-10-05T12:55:39.6983041Z   ...
local-invariants	Run node tools/quality/run-local-tests.mjs	2026-10-05T12:55:39.6983570Z # Subtest: renaming a stage key updates transition references
local-invariants	Run node tools/quality/run-local-tests.mjs	2026-10-05T12:55:39.6984355Z ok 224 - renaming a stage key updates transition references
local-invariants	Run node tools/quality/run-local-tests.mjs	2026-10-05T12:55:39.6984932Z   ---
local-invariants	Run node tools/quality/run-local-tests.mjs	2026-10-05T12:55:39.6985238Z   duration_ms: 0.431642
local-invariants	Run node tools/quality/run-local-tests.mjs	2026-10-05T12:55:39.6985574Z   type: 'test'
local-invariants	Run node tools/quality/run-local-tests.mjs	2026-10-05T12:55:39.6985858Z   ...
local-invariants	Run node tools/quality/run-local-tests.mjs	2026-10-05T12:55:39.6986598Z # Subtest: terminal and open stage probabilities remain deterministic
local-invariants	Run node tools/quality/run-local-tests.mjs	2026-10-05T12:55:39.6987443Z ok 225 - terminal and open stage probabilities remain deterministic
local-invariants	Run node tools/quality/run-local-tests.mjs	2026-10-05T12:55:39.6988173Z   ---
local-invariants	Run node tools/quality/run-local-tests.mjs	2026-10-05T12:55:39.6990787Z   duration_ms: 0.149262
local-invariants	Run node tools/quality/run-local-tests.mjs	2026-10-05T12:55:39.6991152Z   type: 'test'
local-invariants	Run node tools/quality/run-local-tests.mjs	2026-10-05T12:55:39.6991447Z   ...
local-invariants	Run node tools/quality/run-local-tests.mjs	2026-10-05T12:55:39.6992163Z # Subtest: reordering and removal keep contiguous positions and remove dangling transitions
local-invariants	Run node tools/quality/run-local-tests.mjs	2026-10-05T12:55:39.6993236Z ok 226 - reordering and removal keep contiguous positions and remove dangling transitions
local-invariants	Run node tools/quality/run-local-tests.mjs	2026-10-05T12:55:39.6993872Z   ---
local-invariants	Run node tools/quality/run-local-tests.mjs	2026-10-05T12:55:39.6994161Z   duration_ms: 0.397642
local-invariants	Run node tools/quality/run-local-tests.mjs	2026-10-05T12:55:39.6994502Z   type: 'test'
local-invariants	Run node tools/quality/run-local-tests.mjs	2026-10-05T12:55:39.6994810Z   ...
local-invariants	Run node tools/quality/run-local-tests.mjs	2026-10-05T12:55:39.6995473Z # Subtest: create mutation excludes server-owned identity and preserves default intent
local-invariants	Run node tools/quality/run-local-tests.mjs	2026-10-05T12:55:39.6996492Z ok 227 - create mutation excludes server-owned identity and preserves default intent
local-invariants	Run node tools/quality/run-local-tests.mjs	2026-10-05T12:55:39.6997089Z   ---
local-invariants	Run node tools/quality/run-local-tests.mjs	2026-10-05T12:55:39.6997370Z   duration_ms: 0.430841
local-invariants	Run node tools/quality/run-local-tests.mjs	2026-10-05T12:55:39.6997694Z   type: 'test'
local-invariants	Run node tools/quality/run-local-tests.mjs	2026-10-05T12:55:39.6997973Z   ...
local-invariants	Run node tools/quality/run-local-tests.mjs	2026-10-05T12:55:39.6998619Z # Subtest: update mutation preserves optimistic version and existing stage identity
local-invariants	Run node tools/quality/run-local-tests.mjs	2026-10-05T12:55:39.6999604Z ok 228 - update mutation preserves optimistic version and existing stage identity
local-invariants	Run node tools/quality/run-local-tests.mjs	2026-10-05T12:55:39.7000373Z   ---
local-invariants	Run node tools/quality/run-local-tests.mjs	2026-10-05T12:55:39.7000657Z   duration_ms: 0.506994
local-invariants	Run node tools/quality/run-local-tests.mjs	2026-10-05T12:55:39.7000981Z   type: 'test'
local-invariants	Run node tools/quality/run-local-tests.mjs	2026-10-05T12:55:39.7001257Z   ...
local-invariants	Run node tools/quality/run-local-tests.mjs	2026-10-05T12:55:39.7001944Z # Subtest: validation rejects malformed probabilities, colors, positions and transitions
local-invariants	Run node tools/quality/run-local-tests.mjs	2026-10-05T12:55:39.7002968Z ok 229 - validation rejects malformed probabilities, colors, positions and transitions
local-invariants	Run node tools/quality/run-local-tests.mjs	2026-10-05T12:55:39.7003570Z   ---
local-invariants	Run node tools/quality/run-local-tests.mjs	2026-10-05T12:55:39.7003846Z   duration_ms: 0.24191
local-invariants	Run node tools/quality/run-local-tests.mjs	2026-10-05T12:55:39.7004146Z   type: 'test'
local-invariants	Run node tools/quality/run-local-tests.mjs	2026-10-05T12:55:39.7004414Z   ...
local-invariants	Run node tools/quality/run-local-tests.mjs	2026-10-05T12:55:39.7004977Z # Subtest: mutation conversion refuses invalid drafts and idempotency keys
local-invariants	Run node tools/quality/run-local-tests.mjs	2026-10-05T12:55:39.7005826Z ok 230 - mutation conversion refuses invalid drafts and idempotency keys
local-invariants	Run node tools/quality/run-local-tests.mjs	2026-10-05T12:55:39.7006355Z   ---
local-invariants	Run node tools/quality/run-local-tests.mjs	2026-10-05T12:55:39.7006626Z   duration_ms: 0.483219
local-invariants	Run node tools/quality/run-local-tests.mjs	2026-10-05T12:55:39.7006943Z   type: 'test'
local-invariants	Run node tools/quality/run-local-tests.mjs	2026-10-05T12:55:39.7007734Z   ...
local-invariants	Run node tools/quality/run-local-tests.mjs	2026-10-05T12:55:39.8058630Z # Subtest: summaries use visible facts, exclude archived review and disclose old-server coverage
local-invariants	Run node tools/quality/run-local-tests.mjs	2026-10-05T12:55:39.8063104Z ok 231 - summaries use visible facts, exclude archived review and disclose old-server coverage
local-invariants	Run node tools/quality/run-local-tests.mjs	2026-10-05T12:55:39.8063666Z   ---
local-invariants	Run node tools/quality/run-local-tests.mjs	2026-10-05T12:55:39.8064025Z   duration_ms: 1.221397
local-invariants	Run node tools/quality/run-local-tests.mjs	2026-10-05T12:55:39.8064447Z   type: 'test'
local-invariants	Run node tools/quality/run-local-tests.mjs	2026-10-05T12:55:39.8064786Z   ...
local-invariants	Run node tools/quality/run-local-tests.mjs	2026-10-05T12:55:39.8065413Z # Subtest: current filter excludes archived without hiding it from the all view
local-invariants	Run node tools/quality/run-local-tests.mjs	2026-10-05T12:55:39.8066599Z ok 232 - current filter excludes archived without hiding it from the all view
local-invariants	Run node tools/quality/run-local-tests.mjs	2026-10-05T12:55:39.8067095Z   ---
local-invariants	Run node tools/quality/run-local-tests.mjs	2026-10-05T12:55:39.8067365Z   duration_ms: 0.226177
local-invariants	Run node tools/quality/run-local-tests.mjs	2026-10-05T12:55:39.8067754Z   type: 'test'
local-invariants	Run node tools/quality/run-local-tests.mjs	2026-10-05T12:55:39.8068074Z   ...
local-invariants	Run node tools/quality/run-local-tests.mjs	2026-10-05T12:55:39.8089286Z # Subtest: review is explicitly the latest run, not a global approval count
local-invariants	Run node tools/quality/run-local-tests.mjs	2026-10-05T12:55:39.8090318Z ok 233 - review is explicitly the latest run, not a global approval count
local-invariants	Run node tools/quality/run-local-tests.mjs	2026-10-05T12:55:39.8090896Z   ---
local-invariants	Run node tools/quality/run-local-tests.mjs	2026-10-05T12:55:39.8091175Z   duration_ms: 0.216312
local-invariants	Run node tools/quality/run-local-tests.mjs	2026-10-05T12:55:39.8091644Z   type: 'test'
local-invariants	Run node tools/quality/run-local-tests.mjs	2026-10-05T12:55:39.8091925Z   ...
local-invariants	Run node tools/quality/run-local-tests.mjs	2026-10-05T12:55:39.8092456Z # Subtest: search is trimmed case insensitive and matches description
local-invariants	Run node tools/quality/run-local-tests.mjs	2026-10-05T12:55:39.8093207Z ok 234 - search is trimmed case insensitive and matches description
local-invariants	Run node tools/quality/run-local-tests.mjs	2026-10-05T12:55:39.8093683Z   ---
local-invariants	Run node tools/quality/run-local-tests.mjs	2026-10-05T12:55:39.8093952Z   duration_ms: 0.186447
local-invariants	Run node tools/quality/run-local-tests.mjs	2026-10-05T12:55:39.8094279Z   type: 'test'
local-invariants	Run node tools/quality/run-local-tests.mjs	2026-10-05T12:55:39.8094551Z   ...
local-invariants	Run node tools/quality/run-local-tests.mjs	2026-10-05T12:55:39.8095060Z # Subtest: zero cost is real recorded cost; unknown does not become zero
local-invariants	Run node tools/quality/run-local-tests.mjs	2026-10-05T12:55:39.8095863Z ok 235 - zero cost is real recorded cost; unknown does not become zero
local-invariants	Run node tools/quality/run-local-tests.mjs	2026-10-05T12:55:39.8096338Z   ---
local-invariants	Run node tools/quality/run-local-tests.mjs	2026-10-05T12:55:39.8096603Z   duration_ms: 14.778661
local-invariants	Run node tools/quality/run-local-tests.mjs	2026-10-05T12:55:39.8096909Z   type: 'test'
local-invariants	Run node tools/quality/run-local-tests.mjs	2026-10-05T12:55:39.8097180Z   ...
local-invariants	Run node tools/quality/run-local-tests.mjs	2026-10-05T12:55:39.8097730Z # Subtest: empty data never produces invented runs, savings or success rates
local-invariants	Run node tools/quality/run-local-tests.mjs	2026-10-05T12:55:39.8098274Z ok 236 - empty data never produces invented runs, savings or success rates
local-invariants	Run node tools/quality/run-local-tests.mjs	2026-10-05T12:55:39.8098595Z   ---
local-invariants	Run node tools/quality/run-local-tests.mjs	2026-10-05T12:55:39.8098770Z   duration_ms: 0.283933
local-invariants	Run node tools/quality/run-local-tests.mjs	2026-10-05T12:55:39.8098977Z   type: 'test'
local-invariants	Run node tools/quality/run-local-tests.mjs	2026-10-05T12:55:39.8099165Z   ...
local-invariants	Run node tools/quality/run-local-tests.mjs	2026-10-05T12:55:39.9191354Z # Subtest: registers immutable typed action entries without exposing a direct execution path
local-invariants	Run node tools/quality/run-local-tests.mjs	2026-10-05T12:55:39.9194662Z ok 237 - registers immutable typed action entries without exposing a direct execution path
local-invariants	Run node tools/quality/run-local-tests.mjs	2026-10-05T12:55:39.9195407Z   ---
local-invariants	Run node tools/quality/run-local-tests.mjs	2026-10-05T12:55:39.9195709Z   duration_ms: 1.613711
local-invariants	Run node tools/quality/run-local-tests.mjs	2026-10-05T12:55:39.9196041Z   type: 'test'
local-invariants	Run node tools/quality/run-local-tests.mjs	2026-10-05T12:55:39.9196318Z   ...
local-invariants	Run node tools/quality/run-local-tests.mjs	2026-10-05T12:55:39.9197015Z # Subtest: normalizes legacy risk and idempotency vocabulary into the governed runtime contract
local-invariants	Run node tools/quality/run-local-tests.mjs	2026-10-05T12:55:39.9198091Z ok 238 - normalizes legacy risk and idempotency vocabulary into the governed runtime contract
local-invariants	Run node tools/quality/run-local-tests.mjs	2026-10-05T12:55:39.9198736Z   ---
local-invariants	Run node tools/quality/run-local-tests.mjs	2026-10-05T12:55:39.9199009Z   duration_ms: 0.426134
local-invariants	Run node tools/quality/run-local-tests.mjs	2026-10-05T12:55:39.9199347Z   type: 'test'
local-invariants	Run node tools/quality/run-local-tests.mjs	2026-10-05T12:55:39.9199622Z   ...
local-invariants	Run node tools/quality/run-local-tests.mjs	2026-10-05T12:55:39.9200072Z # Subtest: converts JSON schemas into runtime validators
local-invariants	Run node tools/quality/run-local-tests.mjs	2026-10-05T12:55:39.9200901Z ok 239 - converts JSON schemas into runtime validators
local-invariants	Run node tools/quality/run-local-tests.mjs	2026-10-05T12:55:39.9201341Z   ---
local-invariants	Run node tools/quality/run-local-tests.mjs	2026-10-05T12:55:39.9201620Z   duration_ms: 1.15681
local-invariants	Run node tools/quality/run-local-tests.mjs	2026-10-05T12:55:39.9201939Z   type: 'test'
local-invariants	Run node tools/quality/run-local-tests.mjs	2026-10-05T12:55:39.9202217Z   ...
local-invariants	Run node tools/quality/run-local-tests.mjs	2026-10-05T12:55:39.9203102Z # Subtest: defensively snapshots schemas, metadata, permissions and retry configuration
local-invariants	Run node tools/quality/run-local-tests.mjs	2026-10-05T12:55:39.9204402Z ok 240 - defensively snapshots schemas, metadata, permissions and retry configuration
local-invariants	Run node tools/quality/run-local-tests.mjs	2026-10-05T12:55:39.9205009Z   ---
local-invariants	Run node tools/quality/run-local-tests.mjs	2026-10-05T12:55:39.9205292Z   duration_ms: 0.338083
local-invariants	Run node tools/quality/run-local-tests.mjs	2026-10-05T12:55:39.9205626Z   type: 'test'
local-invariants	Run node tools/quality/run-local-tests.mjs	2026-10-05T12:55:39.9205902Z   ...
local-invariants	Run node tools/quality/run-local-tests.mjs	2026-10-05T12:55:39.9206294Z # Subtest: rejects duplicate action identifiers
local-invariants	Run node tools/quality/run-local-tests.mjs	2026-10-05T12:55:39.9206847Z ok 241 - rejects duplicate action identifiers
local-invariants	Run node tools/quality/run-local-tests.mjs	2026-10-05T12:55:39.9207382Z   ---
local-invariants	Run node tools/quality/run-local-tests.mjs	2026-10-05T12:55:39.9208289Z   duration_ms: 0.294558
local-invariants	Run node tools/quality/run-local-tests.mjs	2026-10-05T12:55:39.9208686Z   type: 'test'
local-invariants	Run node tools/quality/run-local-tests.mjs	2026-10-05T12:55:39.9209008Z   ...
local-invariants	Run node tools/quality/run-local-tests.mjs	2026-10-05T12:55:39.9209664Z # Subtest: rejects execution-state options because execution belongs to the governed runtime
local-invariants	Run node tools/quality/run-local-tests.mjs	2026-10-05T12:55:39.9211056Z ok 242 - rejects execution-state options because execution belongs to the governed runtime
local-invariants	Run node tools/quality/run-local-tests.mjs	2026-10-05T12:55:39.9211630Z   ---
local-invariants	Run node tools/quality/run-local-tests.mjs	2026-10-05T12:55:39.9211883Z   duration_ms: 0.138727
local-invariants	Run node tools/quality/run-local-tests.mjs	2026-10-05T12:55:39.9212194Z   type: 'test'
local-invariants	Run node tools/quality/run-local-tests.mjs	2026-10-05T12:55:39.9212716Z   ...
local-invariants	Run node tools/quality/run-local-tests.mjs	2026-10-05T12:55:39.9213242Z # Subtest: rejects a mutating manifest without idempotency
local-invariants	Run node tools/quality/run-local-tests.mjs	2026-10-05T12:55:39.9215745Z ok 243 - rejects a mutating manifest without idempotency
local-invariants	Run node tools/quality/run-local-tests.mjs	2026-10-05T12:55:39.9216163Z   ---
local-invariants	Run node tools/quality/run-local-tests.mjs	2026-10-05T12:55:39.9216427Z   duration_ms: 0.846799
local-invariants	Run node tools/quality/run-local-tests.mjs	2026-10-05T12:55:39.9216742Z   type: 'test'
local-invariants	Run node tools/quality/run-local-tests.mjs	2026-10-05T12:55:39.9217002Z   ...
local-invariants	Run node tools/quality/run-local-tests.mjs	2026-10-05T12:55:39.9217446Z # Subtest: rejects manifests without explicit permissions
local-invariants	Run node tools/quality/run-local-tests.mjs	2026-10-05T12:55:39.9218170Z ok 244 - rejects manifests without explicit permissions
local-invariants	Run node tools/quality/run-local-tests.mjs	2026-10-05T12:55:39.9218718Z   ---
local-invariants	Run node tools/quality/run-local-tests.mjs	2026-10-05T12:55:39.9219071Z   duration_ms: 0.162912
local-invariants	Run node tools/quality/run-local-tests.mjs	2026-10-05T12:55:39.9219459Z   type: 'test'
local-invariants	Run node tools/quality/run-local-tests.mjs	2026-10-05T12:55:39.9219744Z   ...
local-invariants	Run node tools/quality/run-local-tests.mjs	2026-10-05T12:55:39.9220439Z # Subtest: rejects unsafe retry policies for mutating actions
local-invariants	Run node tools/quality/run-local-tests.mjs	2026-10-05T12:55:39.9221221Z ok 245 - rejects unsafe retry policies for mutating actions
local-invariants	Run node tools/quality/run-local-tests.mjs	2026-10-05T12:55:39.9221772Z   ---
local-invariants	Run node tools/quality/run-local-tests.mjs	2026-10-05T12:55:39.9222095Z   duration_ms: 0.28906
local-invariants	Run node tools/quality/run-local-tests.mjs	2026-10-05T12:55:39.9222493Z   type: 'test'
local-invariants	Run node tools/quality/run-local-tests.mjs	2026-10-05T12:55:39.9222807Z   ...
local-invariants	Run node tools/quality/run-local-tests.mjs	2026-10-05T12:55:39.9223392Z # Subtest: rejects non-integer and non-finite retry configuration
local-invariants	Run node tools/quality/run-local-tests.mjs	2026-10-05T12:55:39.9224195Z ok 246 - rejects non-integer and non-finite retry configuration
local-invariants	Run node tools/quality/run-local-tests.mjs	2026-10-05T12:55:39.9224767Z   ---
local-invariants	Run node tools/quality/run-local-tests.mjs	2026-10-05T12:55:39.9225060Z   duration_ms: 0.594154
local-invariants	Run node tools/quality/run-local-tests.mjs	2026-10-05T12:55:39.9225449Z   type: 'test'
local-invariants	Run node tools/quality/run-local-tests.mjs	2026-10-05T12:55:39.9225740Z   ...
local-invariants	Run node tools/quality/run-local-tests.mjs	2026-10-05T12:55:39.9226425Z # Subtest: registerMany accepts tuple and entry forms and returns stable sorted manifests
local-invariants	Run node tools/quality/run-local-tests.mjs	2026-10-05T12:55:39.9227521Z ok 247 - registerMany accepts tuple and entry forms and returns stable sorted manifests
local-invariants	Run node tools/quality/run-local-tests.mjs	2026-10-05T12:55:39.9228211Z   ---
local-invariants	Run node tools/quality/run-local-tests.mjs	2026-10-05T12:55:39.9228530Z   duration_ms: 6.684252
local-invariants	Run node tools/quality/run-local-tests.mjs	2026-10-05T12:55:39.9228860Z   type: 'test'
local-invariants	Run node tools/quality/run-local-tests.mjs	2026-10-05T12:55:39.9229107Z   ...
local-invariants	Run node tools/quality/run-local-tests.mjs	2026-10-05T12:55:39.9229599Z # Subtest: requires own properties instead of inherited prototype properties
local-invariants	Run node tools/quality/run-local-tests.mjs	2026-10-05T12:55:39.9230702Z ok 248 - requires own properties instead of inherited prototype properties
local-invariants	Run node tools/quality/run-local-tests.mjs	2026-10-05T12:55:39.9231323Z   ---
local-invariants	Run node tools/quality/run-local-tests.mjs	2026-10-05T12:55:39.9231640Z   duration_ms: 0.286556
local-invariants	Run node tools/quality/run-local-tests.mjs	2026-10-05T12:55:39.9232017Z   type: 'test'
local-invariants	Run node tools/quality/run-local-tests.mjs	2026-10-05T12:55:39.9232363Z   ...
local-invariants	Run node tools/quality/run-local-tests.mjs	2026-10-05T12:55:39.9232864Z # Subtest: rejects unsafe JSON-schema and metadata object keys
local-invariants	Run node tools/quality/run-local-tests.mjs	2026-10-05T12:55:39.9233566Z ok 249 - rejects unsafe JSON-schema and metadata object keys
local-invariants	Run node tools/quality/run-local-tests.mjs	2026-10-05T12:55:39.9234039Z   ---
local-invariants	Run node tools/quality/run-local-tests.mjs	2026-10-05T12:55:39.9234301Z   duration_ms: 0.175902
local-invariants	Run node tools/quality/run-local-tests.mjs	2026-10-05T12:55:39.9234615Z   type: 'test'
local-invariants	Run node tools/quality/run-local-tests.mjs	2026-10-05T12:55:39.9234895Z   ...
local-invariants	Run node tools/quality/run-local-tests.mjs	2026-10-05T12:55:40.0353880Z # Subtest: executes a validated authorized action and records redacted audit events
local-invariants	Run node tools/quality/run-local-tests.mjs	2026-10-05T12:55:40.0354996Z ok 250 - executes a validated authorized action and records redacted audit events
local-invariants	Run node tools/quality/run-local-tests.mjs	2026-10-05T12:55:40.0355582Z   ---
local-invariants	Run node tools/quality/run-local-tests.mjs	2026-10-05T12:55:40.0355860Z   duration_ms: 4.416539
local-invariants	Run node tools/quality/run-local-tests.mjs	2026-10-05T12:55:40.0356182Z   type: 'test'
local-invariants	Run node tools/quality/run-local-tests.mjs	2026-10-05T12:55:40.0356453Z   ...
local-invariants	Run node tools/quality/run-local-tests.mjs	2026-10-05T12:55:40.0356954Z # Subtest: rejects tenant ownership fields at any nesting depth
local-invariants	Run node tools/quality/run-local-tests.mjs	2026-10-05T12:55:40.0357679Z ok 251 - rejects tenant ownership fields at any nesting depth
local-invariants	Run node tools/quality/run-local-tests.mjs	2026-10-05T12:55:40.0358170Z   ---
local-invariants	Run node tools/quality/run-local-tests.mjs	2026-10-05T12:55:40.0358443Z   duration_ms: 0.588035
local-invariants	Run node tools/quality/run-local-tests.mjs	2026-10-05T12:55:40.0358764Z   type: 'test'
local-invariants	Run node tools/quality/run-local-tests.mjs	2026-10-05T12:55:40.0359033Z   ...
local-invariants	Run node tools/quality/run-local-tests.mjs	2026-10-05T12:55:40.0361514Z # Subtest: rejects missing permissions and object-level authorization
local-invariants	Run node tools/quality/run-local-tests.mjs	2026-10-05T12:55:40.0362344Z ok 252 - rejects missing permissions and object-level authorization
local-invariants	Run node tools/quality/run-local-tests.mjs	2026-10-05T12:55:40.0362846Z   ---
local-invariants	Run node tools/quality/run-local-tests.mjs	2026-10-05T12:55:40.0363124Z   duration_ms: 0.474966
local-invariants	Run node tools/quality/run-local-tests.mjs	2026-10-05T12:55:40.0363443Z   type: 'test'
local-invariants	Run node tools/quality/run-local-tests.mjs	2026-10-05T12:55:40.0364230Z   ...
local-invariants	Run node tools/quality/run-local-tests.mjs	2026-10-05T12:55:40.0364867Z # Subtest: replays a completed idempotent result without executing again
local-invariants	Run node tools/quality/run-local-tests.mjs	2026-10-05T12:55:40.0367549Z ok 253 - replays a completed idempotent result without executing again
local-invariants	Run node tools/quality/run-local-tests.mjs	2026-10-05T12:55:40.0368179Z   ---
local-invariants	Run node tools/quality/run-local-tests.mjs	2026-10-05T12:55:40.0368475Z   duration_ms: 1.960516
local-invariants	Run node tools/quality/run-local-tests.mjs	2026-10-05T12:55:40.0368792Z   type: 'test'
local-invariants	Run node tools/quality/run-local-tests.mjs	2026-10-05T12:55:40.0369063Z   ...
local-invariants	Run node tools/quality/run-local-tests.mjs	2026-10-05T12:55:40.0369620Z # Subtest: rejects reuse of an idempotency key for another payload
local-invariants	Run node tools/quality/run-local-tests.mjs	2026-10-05T12:55:40.0371000Z ok 254 - rejects reuse of an idempotency key for another payload
local-invariants	Run node tools/quality/run-local-tests.mjs	2026-10-05T12:55:40.0371668Z   ---
local-invariants	Run node tools/quality/run-local-tests.mjs	2026-10-05T12:55:40.0372152Z   duration_ms: 0.911355
local-invariants	Run node tools/quality/run-local-tests.mjs	2026-10-05T12:55:40.0372467Z   type: 'test'
local-invariants	Run node tools/quality/run-local-tests.mjs	2026-10-05T12:55:40.0372720Z   ...
local-invariants	Run node tools/quality/run-local-tests.mjs	2026-10-05T12:55:40.0373362Z # Subtest: rejects changed payload after an approval failure acquired the same idempotency key
local-invariants	Run node tools/quality/run-local-tests.mjs	2026-10-05T12:55:40.0374405Z ok 255 - rejects changed payload after an approval failure acquired the same idempotency key
local-invariants	Run node tools/quality/run-local-tests.mjs	2026-10-05T12:55:40.0375069Z   ---
local-invariants	Run node tools/quality/run-local-tests.mjs	2026-10-05T12:55:40.0375340Z   duration_ms: 0.729876
local-invariants	Run node tools/quality/run-local-tests.mjs	2026-10-05T12:55:40.0375645Z   type: 'test'
local-invariants	Run node tools/quality/run-local-tests.mjs	2026-10-05T12:55:40.0375908Z   ...
local-invariants	Run node tools/quality/run-local-tests.mjs	2026-10-05T12:55:40.0414499Z # Subtest: allows only one concurrent execution for the same receipt
local-invariants	Run node tools/quality/run-local-tests.mjs	2026-10-05T12:55:40.0415682Z ok 256 - allows only one concurrent execution for the same receipt
local-invariants	Run node tools/quality/run-local-tests.mjs	2026-10-05T12:55:40.0416183Z   ---
local-invariants	Run node tools/quality/run-local-tests.mjs	2026-10-05T12:55:40.0416472Z   duration_ms: 8.012097
local-invariants	Run node tools/quality/run-local-tests.mjs	2026-10-05T12:55:40.0416782Z   type: 'test'
local-invariants	Run node tools/quality/run-local-tests.mjs	2026-10-05T12:55:40.0417079Z   ...
local-invariants	Run node tools/quality/run-local-tests.mjs	2026-10-05T12:55:40.0417671Z # Subtest: requires payload-bound tenant-bound approval for high-risk actions
local-invariants	Run node tools/quality/run-local-tests.mjs	2026-10-05T12:55:40.0418560Z ok 257 - requires payload-bound tenant-bound approval for high-risk actions
local-invariants	Run node tools/quality/run-local-tests.mjs	2026-10-05T12:55:40.0419057Z   ---
local-invariants	Run node tools/quality/run-local-tests.mjs	2026-10-05T12:55:40.0419330Z   duration_ms: 1.434264
local-invariants	Run node tools/quality/run-local-tests.mjs	2026-10-05T12:55:40.0419629Z   type: 'test'
local-invariants	Run node tools/quality/run-local-tests.mjs	2026-10-05T12:55:40.0419901Z   ...
local-invariants	Run node tools/quality/run-local-tests.mjs	2026-10-05T12:55:40.0420660Z # Subtest: rejects approval bound to another tenant or modified payload
local-invariants	Run node tools/quality/run-local-tests.mjs	2026-10-05T12:55:40.0421693Z ok 258 - rejects approval bound to another tenant or modified payload
local-invariants	Run node tools/quality/run-local-tests.mjs	2026-10-05T12:55:40.0422136Z   ---
local-invariants	Run node tools/quality/run-local-tests.mjs	2026-10-05T12:55:40.0422372Z   duration_ms: 0.67901
local-invariants	Run node tools/quality/run-local-tests.mjs	2026-10-05T12:55:40.0422651Z   type: 'test'
local-invariants	Run node tools/quality/run-local-tests.mjs	2026-10-05T12:55:40.0422916Z   ...
local-invariants	Run node tools/quality/run-local-tests.mjs	2026-10-05T12:55:40.0733995Z # Subtest: times out a non-cooperative executor and records failure
local-invariants	Run node tools/quality/run-local-tests.mjs	2026-10-05T12:55:40.0734938Z ok 259 - times out a non-cooperative executor and records failure
local-invariants	Run node tools/quality/run-local-tests.mjs	2026-10-05T12:55:40.0735398Z   ---
local-invariants	Run node tools/quality/run-local-tests.mjs	2026-10-05T12:55:40.0735740Z   duration_ms: 22.316033
local-invariants	Run node tools/quality/run-local-tests.mjs	2026-10-05T12:55:40.0736199Z   type: 'test'
local-invariants	Run node tools/quality/run-local-tests.mjs	2026-10-05T12:55:40.0736530Z   ...
local-invariants	Run node tools/quality/run-local-tests.mjs	2026-10-05T12:55:40.0736982Z # Subtest: propagates cancellation and does not retry it
local-invariants	Run node tools/quality/run-local-tests.mjs	2026-10-05T12:55:40.0737606Z ok 260 - propagates cancellation and does not retry it
local-invariants	Run node tools/quality/run-local-tests.mjs	2026-10-05T12:55:40.0738028Z   ---
local-invariants	Run node tools/quality/run-local-tests.mjs	2026-10-05T12:55:40.0738293Z   duration_ms: 0.504891
local-invariants	Run node tools/quality/run-local-tests.mjs	2026-10-05T12:55:40.0738606Z   type: 'test'
local-invariants	Run node tools/quality/run-local-tests.mjs	2026-10-05T12:55:40.0738873Z   ...
local-invariants	Run node tools/quality/run-local-tests.mjs	2026-10-05T12:55:40.0739388Z # Subtest: keeps the success receipt when the success audit write fails
local-invariants	Run node tools/quality/run-local-tests.mjs	2026-10-05T12:55:40.0740296Z ok 261 - keeps the success receipt when the success audit write fails
local-invariants	Run node tools/quality/run-local-tests.mjs	2026-10-05T12:55:40.0740777Z   ---
local-invariants	Run node tools/quality/run-local-tests.mjs	2026-10-05T12:55:40.0741045Z   duration_ms: 0.626181
local-invariants	Run node tools/quality/run-local-tests.mjs	2026-10-05T12:55:40.0741361Z   type: 'test'
local-invariants	Run node tools/quality/run-local-tests.mjs	2026-10-05T12:55:40.0741621Z   ...
local-invariants	Run node tools/quality/run-local-tests.mjs	2026-10-05T12:55:40.0743574Z # Subtest: propagates the operation digest and idempotency key to the executor
local-invariants	Run node tools/quality/run-local-tests.mjs	2026-10-05T12:55:40.0762327Z ok 262 - propagates the operation digest and idempotency key to the executor
local-invariants	Run node tools/quality/run-local-tests.mjs	2026-10-05T12:55:40.0763024Z   ---
local-invariants	Run node tools/quality/run-local-tests.mjs	2026-10-05T12:55:40.0763340Z   duration_ms: 0.364862
local-invariants	Run node tools/quality/run-local-tests.mjs	2026-10-05T12:55:40.0763640Z   type: 'test'
local-invariants	Run node tools/quality/run-local-tests.mjs	2026-10-05T12:55:40.0763830Z   ...
local-invariants	Run node tools/quality/run-local-tests.mjs	2026-10-05T12:55:40.0764161Z # Subtest: validates untrusted model input and executor output
local-invariants	Run node tools/quality/run-local-tests.mjs	2026-10-05T12:55:40.0764601Z ok 263 - validates untrusted model input and executor output
local-invariants	Run node tools/quality/run-local-tests.mjs	2026-10-05T12:55:40.0764889Z   ---
local-invariants	Run node tools/quality/run-local-tests.mjs	2026-10-05T12:55:40.0765073Z   duration_ms: 0.65262
local-invariants	Run node tools/quality/run-local-tests.mjs	2026-10-05T12:55:40.0765284Z   type: 'test'
local-invariants	Run node tools/quality/run-local-tests.mjs	2026-10-05T12:55:40.0765473Z   ...
local-invariants	Run node tools/quality/run-local-tests.mjs	2026-10-05T12:55:40.0766183Z # Subtest: rejects mutating manifests without idempotency
local-invariants	Run node tools/quality/run-local-tests.mjs	2026-10-05T12:55:40.0766580Z ok 264 - rejects mutating manifests without idempotency
local-invariants	Run node tools/quality/run-local-tests.mjs	2026-10-05T12:55:40.0766852Z   ---
local-invariants	Run node tools/quality/run-local-tests.mjs	2026-10-05T12:55:40.0767040Z   duration_ms: 0.166178
local-invariants	Run node tools/quality/run-local-tests.mjs	2026-10-05T12:55:40.0767243Z   type: 'test'
local-invariants	Run node tools/quality/run-local-tests.mjs	2026-10-05T12:55:40.0767417Z   ...
local-invariants	Run node tools/quality/run-local-tests.mjs	2026-10-05T12:55:40.0777939Z # Subtest: rejects manifests without explicit permissions
local-invariants	Run node tools/quality/run-local-tests.mjs	2026-10-05T12:55:40.0801243Z ok 265 - rejects manifests without explicit permissions
local-invariants	Run node tools/quality/run-local-tests.mjs	2026-10-05T12:55:40.0802800Z   ---
local-invariants	Run node tools/quality/run-local-tests.mjs	2026-10-05T12:55:40.0803260Z   duration_ms: 0.153879
local-invariants	Run node tools/quality/run-local-tests.mjs	2026-10-05T12:55:40.0803739Z   type: 'test'
local-invariants	Run node tools/quality/run-local-tests.mjs	2026-10-05T12:55:40.0804157Z   ...
local-invariants	Run node tools/quality/run-local-tests.mjs	2026-10-05T12:55:40.0804833Z # Subtest: rejects non-integer, non-finite and unsafe retry policies
local-invariants	Run node tools/quality/run-local-tests.mjs	2026-10-05T12:55:40.0805783Z ok 266 - rejects non-integer, non-finite and unsafe retry policies
local-invariants	Run node tools/quality/run-local-tests.mjs	2026-10-05T12:55:40.0806437Z   ---
local-invariants	Run node tools/quality/run-local-tests.mjs	2026-10-05T12:55:40.0806868Z   duration_ms: 0.490009
local-invariants	Run node tools/quality/run-local-tests.mjs	2026-10-05T12:55:40.0807333Z   type: 'test'
local-invariants	Run node tools/quality/run-local-tests.mjs	2026-10-05T12:55:40.0807768Z   ...
local-invariants	Run node tools/quality/run-local-tests.mjs	2026-10-05T12:55:40.0808561Z # Subtest: passes an immutable permission snapshot to validators, policy and executor
local-invariants	Run node tools/quality/run-local-tests.mjs	2026-10-05T12:55:40.0809664Z ok 267 - passes an immutable permission snapshot to validators, policy and executor
local-invariants	Run node tools/quality/run-local-tests.mjs	2026-10-05T12:55:40.0810572Z   ---
local-invariants	Run node tools/quality/run-local-tests.mjs	2026-10-05T12:55:40.0810992Z   duration_ms: 0.486944
local-invariants	Run node tools/quality/run-local-tests.mjs	2026-10-05T12:55:40.0811465Z   type: 'test'
local-invariants	Run node tools/quality/run-local-tests.mjs	2026-10-05T12:55:40.0811888Z   ...
local-invariants	Run node tools/quality/run-local-tests.mjs	2026-10-05T12:55:40.0812672Z # Subtest: passes immutable validated input to business validation and authorization
local-invariants	Run node tools/quality/run-local-tests.mjs	2026-10-05T12:55:40.0813846Z ok 268 - passes immutable validated input to business validation and authorization
local-invariants	Run node tools/quality/run-local-tests.mjs	2026-10-05T12:55:40.0814577Z   ---
local-invariants	Run node tools/quality/run-local-tests.mjs	2026-10-05T12:55:40.0815005Z   duration_ms: 0.432133
local-invariants	Run node tools/quality/run-local-tests.mjs	2026-10-05T12:55:40.0815466Z   type: 'test'
local-invariants	Run node tools/quality/run-local-tests.mjs	2026-10-05T12:55:40.0815885Z   ...
local-invariants	Run node tools/quality/run-local-tests.mjs	2026-10-05T12:55:40.0816555Z # Subtest: rejects invalid clock values before durable state mutation
local-invariants	Run node tools/quality/run-local-tests.mjs	2026-10-05T12:55:40.0817457Z ok 269 - rejects invalid clock values before durable state mutation
local-invariants	Run node tools/quality/run-local-tests.mjs	2026-10-05T12:55:40.0818105Z   ---
local-invariants	Run node tools/quality/run-local-tests.mjs	2026-10-05T12:55:40.0818623Z   duration_ms: 0.368668
local-invariants	Run node tools/quality/run-local-tests.mjs	2026-10-05T12:55:40.0819073Z   type: 'test'
local-invariants	Run node tools/quality/run-local-tests.mjs	2026-10-05T12:55:40.0819492Z   ...
local-invariants	Run node tools/quality/run-local-tests.mjs	2026-10-05T12:55:40.0823431Z # Subtest: rejects plain object registries that could expose prototype-backed actions
local-invariants	Run node tools/quality/run-local-tests.mjs	2026-10-05T12:55:40.0824542Z ok 270 - rejects plain object registries that could expose prototype-backed actions
local-invariants	Run node tools/quality/run-local-tests.mjs	2026-10-05T12:55:40.0825300Z   ---
local-invariants	Run node tools/quality/run-local-tests.mjs	2026-10-05T12:55:40.0825717Z   duration_ms: 0.155001
local-invariants	Run node tools/quality/run-local-tests.mjs	2026-10-05T12:55:40.0826181Z   type: 'test'
local-invariants	Run node tools/quality/run-local-tests.mjs	2026-10-05T12:55:40.0826601Z   ...
local-invariants	Run node tools/quality/run-local-tests.mjs	2026-10-05T12:55:40.0827450Z # Subtest: invalid approval expiry is rejected instead of being treated as non-expiring
local-invariants	Run node tools/quality/run-local-tests.mjs	2026-10-05T12:55:40.0828779Z ok 271 - invalid approval expiry is rejected instead of being treated as non-expiring
local-invariants	Run node tools/quality/run-local-tests.mjs	2026-10-05T12:55:40.0829427Z   ---
local-invariants	Run node tools/quality/run-local-tests.mjs	2026-10-05T12:55:40.0829758Z   duration_ms: 0.304663
local-invariants	Run node tools/quality/run-local-tests.mjs	2026-10-05T12:55:40.0830094Z   type: 'test'
local-invariants	Run node tools/quality/run-local-tests.mjs	2026-10-05T12:55:40.0830528Z   ...
local-invariants	Run node tools/quality/run-local-tests.mjs	2026-10-05T12:55:40.0831112Z # Subtest: rejects unknown request and execution-option control fields
local-invariants	Run node tools/quality/run-local-tests.mjs	2026-10-05T12:55:40.0831954Z ok 272 - rejects unknown request and execution-option control fields
local-invariants	Run node tools/quality/run-local-tests.mjs	2026-10-05T12:55:40.0832474Z   ---
local-invariants	Run node tools/quality/run-local-tests.mjs	2026-10-05T12:55:40.0832771Z   duration_ms: 0.292305
local-invariants	Run node tools/quality/run-local-tests.mjs	2026-10-05T12:55:40.0833110Z   type: 'test'
local-invariants	Run node tools/quality/run-local-tests.mjs	2026-10-05T12:55:40.0833394Z   ...
local-invariants	Run node tools/quality/run-local-tests.mjs	2026-10-05T12:55:40.0834101Z # Subtest: requires both input and output validators even for a custom registry implementation
local-invariants	Run node tools/quality/run-local-tests.mjs	2026-10-05T12:55:40.0835181Z ok 273 - requires both input and output validators even for a custom registry implementation
local-invariants	Run node tools/quality/run-local-tests.mjs	2026-10-05T12:55:40.0835819Z   ---
local-invariants	Run node tools/quality/run-local-tests.mjs	2026-10-05T12:55:40.0836093Z   duration_ms: 0.320086
local-invariants	Run node tools/quality/run-local-tests.mjs	2026-10-05T12:55:40.0836407Z   type: 'test'
local-invariants	Run node tools/quality/run-local-tests.mjs	2026-10-05T12:55:40.0836688Z   ...
local-invariants	Run node tools/quality/run-local-tests.mjs	2026-10-05T12:55:40.0837375Z # Subtest: normalizes failures from business validation, authorization and policy evaluation
local-invariants	Run node tools/quality/run-local-tests.mjs	2026-10-05T12:55:40.0838482Z ok 274 - normalizes failures from business validation, authorization and policy evaluation
local-invariants	Run node tools/quality/run-local-tests.mjs	2026-10-05T12:55:40.0852641Z   ---
local-invariants	Run node tools/quality/run-local-tests.mjs	2026-10-05T12:55:40.0856709Z   duration_ms: 0.584319
local-invariants	Run node tools/quality/run-local-tests.mjs	2026-10-05T12:55:40.0857437Z   type: 'test'
local-invariants	Run node tools/quality/run-local-tests.mjs	2026-10-05T12:55:40.0857814Z   ...
local-invariants	Run node tools/quality/run-local-tests.mjs	2026-10-05T12:55:40.0858445Z # Subtest: redacts common secret values even when the property name is generic
local-invariants	Run node tools/quality/run-local-tests.mjs	2026-10-05T12:55:40.0859404Z ok 275 - redacts common secret values even when the property name is generic
local-invariants	Run node tools/quality/run-local-tests.mjs	2026-10-05T12:55:40.0859973Z   ---
local-invariants	Run node tools/quality/run-local-tests.mjs	2026-10-05T12:55:40.0862777Z   duration_ms: 0.513584
local-invariants	Run node tools/quality/run-local-tests.mjs	2026-10-05T12:55:40.0863097Z   type: 'test'
local-invariants	Run node tools/quality/run-local-tests.mjs	2026-10-05T12:55:40.0863336Z   ...
local-invariants	Run node tools/quality/run-local-tests.mjs	2026-10-05T12:55:40.0863944Z # Subtest: memory receipt store validates its lease configuration and fails closed on lost leases
local-invariants	Run node tools/quality/run-local-tests.mjs	2026-10-05T12:55:40.0865301Z ok 276 - memory receipt store validates its lease configuration and fails closed on lost leases
local-invariants	Run node tools/quality/run-local-tests.mjs	2026-10-05T12:55:40.0865960Z   ---
local-invariants	Run node tools/quality/run-local-tests.mjs	2026-10-05T12:55:40.0866245Z   duration_ms: 0.203112
local-invariants	Run node tools/quality/run-local-tests.mjs	2026-10-05T12:55:40.0866650Z   type: 'test'
local-invariants	Run node tools/quality/run-local-tests.mjs	2026-10-05T12:55:40.0866918Z   ...
local-invariants	Run node tools/quality/run-local-tests.mjs	2026-10-05T12:55:40.0867628Z # Subtest: a pre-aborted request does not acquire a receipt, consume approval or call an executor
local-invariants	Run node tools/quality/run-local-tests.mjs	2026-10-05T12:55:40.0868687Z ok 277 - a pre-aborted request does not acquire a receipt, consume approval or call an executor
local-invariants	Run node tools/quality/run-local-tests.mjs	2026-10-05T12:55:40.0869305Z   ---
local-invariants	Run node tools/quality/run-local-tests.mjs	2026-10-05T12:55:40.0869754Z   duration_ms: 0.244253
local-invariants	Run node tools/quality/run-local-tests.mjs	2026-10-05T12:55:40.0870306Z   type: 'test'
local-invariants	Run node tools/quality/run-local-tests.mjs	2026-10-05T12:55:40.0870680Z   ...
local-invariants	Run node tools/quality/run-local-tests.mjs	2026-10-05T12:55:40.0871302Z # Subtest: canonical JSON rejects cyclic arrays and unsafe object keys
local-invariants	Run node tools/quality/run-local-tests.mjs	2026-10-05T12:55:40.0872122Z ok 278 - canonical JSON rejects cyclic arrays and unsafe object keys
local-invariants	Run node tools/quality/run-local-tests.mjs	2026-10-05T12:55:40.0872632Z   ---
local-invariants	Run node tools/quality/run-local-tests.mjs	2026-10-05T12:55:40.0872943Z   duration_ms: 0.286336
local-invariants	Run node tools/quality/run-local-tests.mjs	2026-10-05T12:55:40.0873268Z   type: 'test'
local-invariants	Run node tools/quality/run-local-tests.mjs	2026-10-05T12:55:40.0873555Z   ...
local-invariants	Run node tools/quality/run-local-tests.mjs	2026-10-05T12:55:40.0874229Z # Subtest: audit redaction stores unsafe property names without invoking prototype setters
local-invariants	Run node tools/quality/run-local-tests.mjs	2026-10-05T12:55:40.0875228Z ok 279 - audit redaction stores unsafe property names without invoking prototype setters
local-invariants	Run node tools/quality/run-local-tests.mjs	2026-10-05T12:55:40.0875834Z   ---
local-invariants	Run node tools/quality/run-local-tests.mjs	2026-10-05T12:55:40.0876115Z   duration_ms: 0.117935
local-invariants	Run node tools/quality/run-local-tests.mjs	2026-10-05T12:55:40.0876425Z   type: 'test'
local-invariants	Run node tools/quality/run-local-tests.mjs	2026-10-05T12:55:40.0876694Z   ...
local-invariants	Run node tools/quality/run-local-tests.mjs	2026-10-05T12:55:40.0877187Z # Subtest: rejects malformed trusted correlation identifiers
local-invariants	Run node tools/quality/run-local-tests.mjs	2026-10-05T12:55:40.0877867Z ok 280 - rejects malformed trusted correlation identifiers
local-invariants	Run node tools/quality/run-local-tests.mjs	2026-10-05T12:55:40.0878283Z   ---
local-invariants	Run node tools/quality/run-local-tests.mjs	2026-10-05T12:55:40.0878543Z   duration_ms: 0.24889
local-invariants	Run node tools/quality/run-local-tests.mjs	2026-10-05T12:55:40.0878858Z   type: 'test'
local-invariants	Run node tools/quality/run-local-tests.mjs	2026-10-05T12:55:40.0879131Z   ...
local-invariants	Run node tools/quality/run-local-tests.mjs	2026-10-05T12:55:40.0879652Z # Subtest: fails closed when policy approval metadata is malformed
local-invariants	Run node tools/quality/run-local-tests.mjs	2026-10-05T12:55:40.0880611Z ok 281 - fails closed when policy approval metadata is malformed
local-invariants	Run node tools/quality/run-local-tests.mjs	2026-10-05T12:55:40.0881114Z   ---
local-invariants	Run node tools/quality/run-local-tests.mjs	2026-10-05T12:55:40.0881381Z   duration_ms: 0.244744
local-invariants	Run node tools/quality/run-local-tests.mjs	2026-10-05T12:55:40.0881712Z   type: 'test'
local-invariants	Run node tools/quality/run-local-tests.mjs	2026-10-05T12:55:40.0881994Z   ...
local-invariants	Run node tools/quality/run-local-tests.mjs	2026-10-05T12:55:40.0882664Z # Subtest: rejects non-plain request objects without invoking custom serialization hooks
local-invariants	Run node tools/quality/run-local-tests.mjs	2026-10-05T12:55:40.0883649Z ok 282 - rejects non-plain request objects without invoking custom serialization hooks
local-invariants	Run node tools/quality/run-local-tests.mjs	2026-10-05T12:55:40.0884257Z   ---
local-invariants	Run node tools/quality/run-local-tests.mjs	2026-10-05T12:55:40.0884545Z   duration_ms: 0.190203
local-invariants	Run node tools/quality/run-local-tests.mjs	2026-10-05T12:55:40.0884887Z   type: 'test'
local-invariants	Run node tools/quality/run-local-tests.mjs	2026-10-05T12:55:40.0885177Z   ...
local-invariants	Run node tools/quality/run-local-tests.mjs	2026-10-05T12:55:40.0885789Z # Subtest: revalidates validator-transformed input for tenant ownership fields
local-invariants	Run node tools/quality/run-local-tests.mjs	2026-10-05T12:55:40.0886702Z ok 283 - revalidates validator-transformed input for tenant ownership fields
local-invariants	Run node tools/quality/run-local-tests.mjs	2026-10-05T12:55:40.0887269Z   ---
local-invariants	Run node tools/quality/run-local-tests.mjs	2026-10-05T12:55:40.0887550Z   duration_ms: 0.204495
local-invariants	Run node tools/quality/run-local-tests.mjs	2026-10-05T12:55:40.0887867Z   type: 'test'
local-invariants	Run node tools/quality/run-local-tests.mjs	2026-10-05T12:55:40.0888124Z   ...
local-invariants	Run node tools/quality/run-local-tests.mjs	2026-10-05T12:55:40.0888894Z # Subtest: preflight shares authorization but only requests consent: no receipt, consumption or side effects
local-invariants	Run node tools/quality/run-local-tests.mjs	2026-10-05T12:55:40.0890318Z ok 284 - preflight shares authorization but only requests consent: no receipt, consumption or side effects
local-invariants	Run node tools/quality/run-local-tests.mjs	2026-10-05T12:55:40.0891040Z   ---
local-invariants	Run node tools/quality/run-local-tests.mjs	2026-10-05T12:55:40.0891320Z   duration_ms: 0.525612
local-invariants	Run node tools/quality/run-local-tests.mjs	2026-10-05T12:55:40.0891655Z   type: 'test'
local-invariants	Run node tools/quality/run-local-tests.mjs	2026-10-05T12:55:40.0891937Z   ...
local-invariants	Run node tools/quality/run-local-tests.mjs	2026-10-05T12:55:40.0892674Z # Subtest: preflight cannot grant authority, skip policy or silently use missing approval persistence
local-invariants	Run node tools/quality/run-local-tests.mjs	2026-10-05T12:55:40.0893771Z ok 285 - preflight cannot grant authority, skip policy or silently use missing approval persistence
local-invariants	Run node tools/quality/run-local-tests.mjs	2026-10-05T12:55:40.0894209Z   ---
local-invariants	Run node tools/quality/run-local-tests.mjs	2026-10-05T12:55:40.0894400Z   duration_ms: 0.477601
local-invariants	Run node tools/quality/run-local-tests.mjs	2026-10-05T12:55:40.0894615Z   type: 'test'
local-invariants	Run node tools/quality/run-local-tests.mjs	2026-10-05T12:55:40.0894797Z   ...
local-invariants	Run node tools/quality/run-local-tests.mjs	2026-10-05T12:55:40.1948506Z # Subtest: canonical hashing rejects accessor properties without invoking them
local-invariants	Run node tools/quality/run-local-tests.mjs	2026-10-05T12:55:40.1949699Z ok 286 - canonical hashing rejects accessor properties without invoking them
local-invariants	Run node tools/quality/run-local-tests.mjs	2026-10-05T12:55:40.1951355Z   ---
local-invariants	Run node tools/quality/run-local-tests.mjs	2026-10-05T12:55:40.1951664Z   duration_ms: 1.173816
local-invariants	Run node tools/quality/run-local-tests.mjs	2026-10-05T12:55:40.1951999Z   type: 'test'
local-invariants	Run node tools/quality/run-local-tests.mjs	2026-10-05T12:55:40.1952279Z   ...
local-invariants	Run node tools/quality/run-local-tests.mjs	2026-10-05T12:55:40.1952863Z # Subtest: rejects sparse arrays so absent elements cannot alias explicit null
local-invariants	Run node tools/quality/run-local-tests.mjs	2026-10-05T12:55:40.1953726Z ok 287 - rejects sparse arrays so absent elements cannot alias explicit null
local-invariants	Run node tools/quality/run-local-tests.mjs	2026-10-05T12:55:40.1954267Z   ---
local-invariants	Run node tools/quality/run-local-tests.mjs	2026-10-05T12:55:40.1954542Z   duration_ms: 0.176833
local-invariants	Run node tools/quality/run-local-tests.mjs	2026-10-05T12:55:40.1954852Z   type: 'test'
local-invariants	Run node tools/quality/run-local-tests.mjs	2026-10-05T12:55:40.1955144Z   ...
local-invariants	Run node tools/quality/run-local-tests.mjs	2026-10-05T12:55:40.1956219Z # Subtest: rejects over-depth inputs with a bounded domain error rather than stack overflow
local-invariants	Run node tools/quality/run-local-tests.mjs	2026-10-05T12:55:40.1957186Z ok 288 - rejects over-depth inputs with a bounded domain error rather than stack overflow
local-invariants	Run node tools/quality/run-local-tests.mjs	2026-10-05T12:55:40.1957745Z   ---
local-invariants	Run node tools/quality/run-local-tests.mjs	2026-10-05T12:55:40.1958017Z   duration_ms: 0.339164
local-invariants	Run node tools/quality/run-local-tests.mjs	2026-10-05T12:55:40.1958313Z   type: 'test'
local-invariants	Run node tools/quality/run-local-tests.mjs	2026-10-05T12:55:40.1958569Z   ...
local-invariants	Run node tools/quality/run-local-tests.mjs	2026-10-05T12:55:40.1965019Z # Subtest: rejects oversized strings and excessive node counts
local-invariants	Run node tools/quality/run-local-tests.mjs	2026-10-05T12:55:40.1965889Z ok 289 - rejects oversized strings and excessive node counts
local-invariants	Run node tools/quality/run-local-tests.mjs	2026-10-05T12:55:40.1966444Z   ---
local-invariants	Run node tools/quality/run-local-tests.mjs	2026-10-05T12:55:40.1966756Z   duration_ms: 7.920781
local-invariants	Run node tools/quality/run-local-tests.mjs	2026-10-05T12:55:40.1967149Z   type: 'test'
local-invariants	Run node tools/quality/run-local-tests.mjs	2026-10-05T12:55:40.1967450Z   ...
local-invariants	Run node tools/quality/run-local-tests.mjs	2026-10-05T12:55:40.1967933Z # Subtest: input snapshot rejects a getter before execution
local-invariants	Run node tools/quality/run-local-tests.mjs	2026-10-05T12:55:40.1968659Z ok 290 - input snapshot rejects a getter before execution
local-invariants	Run node tools/quality/run-local-tests.mjs	2026-10-05T12:55:40.1969181Z   ---
local-invariants	Run node tools/quality/run-local-tests.mjs	2026-10-05T12:55:40.1969487Z   duration_ms: 1.283048
local-invariants	Run node tools/quality/run-local-tests.mjs	2026-10-05T12:55:40.1969795Z   type: 'test'
local-invariants	Run node tools/quality/run-local-tests.mjs	2026-10-05T12:55:40.1970326Z   ...
local-invariants	Run node tools/quality/run-local-tests.mjs	2026-10-05T12:55:40.1970972Z # Subtest: normal JSON digests remain stable and object undefined fields stay omitted
local-invariants	Run node tools/quality/run-local-tests.mjs	2026-10-05T12:55:40.1971952Z ok 291 - normal JSON digests remain stable and object undefined fields stay omitted
local-invariants	Run node tools/quality/run-local-tests.mjs	2026-10-05T12:55:40.1972516Z   ---
local-invariants	Run node tools/quality/run-local-tests.mjs	2026-10-05T12:55:40.1972787Z   duration_ms: 0.273067
local-invariants	Run node tools/quality/run-local-tests.mjs	2026-10-05T12:55:40.1973077Z   type: 'test'
local-invariants	Run node tools/quality/run-local-tests.mjs	2026-10-05T12:55:40.1973357Z   ...
local-invariants	Run node tools/quality/run-local-tests.mjs	2026-10-05T12:55:40.2952870Z # Subtest: unknown actions default to denial
local-invariants	Run node tools/quality/run-local-tests.mjs	2026-10-05T12:55:40.2953682Z ok 292 - unknown actions default to denial
local-invariants	Run node tools/quality/run-local-tests.mjs	2026-10-05T12:55:40.2954216Z   ---
local-invariants	Run node tools/quality/run-local-tests.mjs	2026-10-05T12:55:40.2954744Z   duration_ms: 1.100367
local-invariants	Run node tools/quality/run-local-tests.mjs	2026-10-05T12:55:40.2955238Z   type: 'test'
local-invariants	Run node tools/quality/run-local-tests.mjs	2026-10-05T12:55:40.2955536Z   ...
local-invariants	Run node tools/quality/run-local-tests.mjs	2026-10-05T12:55:40.2957994Z # Subtest: exact ALLOW rule permits only already-authorized low-risk action
local-invariants	Run node tools/quality/run-local-tests.mjs	2026-10-05T12:55:40.2958852Z ok 293 - exact ALLOW rule permits only already-authorized low-risk action
local-invariants	Run node tools/quality/run-local-tests.mjs	2026-10-05T12:55:40.2959415Z   ---
local-invariants	Run node tools/quality/run-local-tests.mjs	2026-10-05T12:55:40.2959694Z   duration_ms: 0.466043
local-invariants	Run node tools/quality/run-local-tests.mjs	2026-10-05T12:55:40.2960023Z   type: 'test'
local-invariants	Run node tools/quality/run-local-tests.mjs	2026-10-05T12:55:40.2960485Z   ...
local-invariants	Run node tools/quality/run-local-tests.mjs	2026-10-05T12:55:40.2961162Z # Subtest: high and critical risks cannot be downgraded by an ALLOW rule
local-invariants	Run node tools/quality/run-local-tests.mjs	2026-10-05T12:55:40.2961960Z ok 294 - high and critical risks cannot be downgraded by an ALLOW rule
local-invariants	Run node tools/quality/run-local-tests.mjs	2026-10-05T12:55:40.2962448Z   ---
local-invariants	Run node tools/quality/run-local-tests.mjs	2026-10-05T12:55:40.2962724Z   duration_ms: 0.244724
local-invariants	Run node tools/quality/run-local-tests.mjs	2026-10-05T12:55:40.2963033Z   type: 'test'
local-invariants	Run node tools/quality/run-local-tests.mjs	2026-10-05T12:55:40.2963318Z   ...
local-invariants	Run node tools/quality/run-local-tests.mjs	2026-10-05T12:55:40.2964293Z # Subtest: read-only overrides allow and approval for mutating actions
local-invariants	Run node tools/quality/run-local-tests.mjs	2026-10-05T12:55:40.2965175Z ok 295 - read-only overrides allow and approval for mutating actions
local-invariants	Run node tools/quality/run-local-tests.mjs	2026-10-05T12:55:40.2965666Z   ---
local-invariants	Run node tools/quality/run-local-tests.mjs	2026-10-05T12:55:40.2965933Z   duration_ms: 0.111136
local-invariants	Run node tools/quality/run-local-tests.mjs	2026-10-05T12:55:40.2966248Z   type: 'test'
local-invariants	Run node tools/quality/run-local-tests.mjs	2026-10-05T12:55:40.2966502Z   ...
local-invariants	Run node tools/quality/run-local-tests.mjs	2026-10-05T12:55:40.2967053Z # Subtest: explicit REQUIRE_APPROVAL is honored for low-risk actions
local-invariants	Run node tools/quality/run-local-tests.mjs	2026-10-05T12:55:40.2968278Z ok 296 - explicit REQUIRE_APPROVAL is honored for low-risk actions
local-invariants	Run node tools/quality/run-local-tests.mjs	2026-10-05T12:55:40.2968756Z   ---
local-invariants	Run node tools/quality/run-local-tests.mjs	2026-10-05T12:55:40.2968989Z   duration_ms: 0.155041
local-invariants	Run node tools/quality/run-local-tests.mjs	2026-10-05T12:55:40.2969303Z   type: 'test'
local-invariants	Run node tools/quality/run-local-tests.mjs	2026-10-05T12:55:40.2969573Z   ...
local-invariants	Run node tools/quality/run-local-tests.mjs	2026-10-05T12:55:40.2971524Z # Subtest: malformed rules, wildcards and getters are rejected without execution
local-invariants	Run node tools/quality/run-local-tests.mjs	2026-10-05T12:55:40.2972513Z ok 297 - malformed rules, wildcards and getters are rejected without execution
local-invariants	Run node tools/quality/run-local-tests.mjs	2026-10-05T12:55:40.2973077Z   ---
local-invariants	Run node tools/quality/run-local-tests.mjs	2026-10-05T12:55:40.2973846Z   duration_ms: 0.313607
local-invariants	Run node tools/quality/run-local-tests.mjs	2026-10-05T12:55:40.2974203Z   type: 'test'
local-invariants	Run node tools/quality/run-local-tests.mjs	2026-10-05T12:55:40.2974541Z   ...
local-invariants	Run node tools/quality/run-local-tests.mjs	2026-10-05T12:55:40.2975073Z # Subtest: malformed risk never becomes an implicitly allowed action
local-invariants	Run node tools/quality/run-local-tests.mjs	2026-10-05T12:55:40.2975931Z ok 298 - malformed risk never becomes an implicitly allowed action
local-invariants	Run node tools/quality/run-local-tests.mjs	2026-10-05T12:55:40.2987452Z   ---
local-invariants	Run node tools/quality/run-local-tests.mjs	2026-10-05T12:55:40.2987831Z   duration_ms: 0.165175
local-invariants	Run node tools/quality/run-local-tests.mjs	2026-10-05T12:55:40.2988147Z   type: 'test'
local-invariants	Run node tools/quality/run-local-tests.mjs	2026-10-05T12:55:40.2988424Z   ...
local-invariants	Run node tools/quality/run-local-tests.mjs	2026-10-05T12:55:40.2988916Z # Subtest: model-supplied policy fields have no authority
local-invariants	Run node tools/quality/run-local-tests.mjs	2026-10-05T12:55:40.2989560Z ok 299 - model-supplied policy fields have no authority
local-invariants	Run node tools/quality/run-local-tests.mjs	2026-10-05T12:55:40.2990023Z   ---
local-invariants	Run node tools/quality/run-local-tests.mjs	2026-10-05T12:55:40.2990466Z   duration_ms: 0.109132
local-invariants	Run node tools/quality/run-local-tests.mjs	2026-10-05T12:55:40.2990781Z   type: 'test'
local-invariants	Run node tools/quality/run-local-tests.mjs	2026-10-05T12:55:40.2991055Z   ...
local-invariants	Run node tools/quality/run-local-tests.mjs	2026-10-05T12:55:40.4010478Z # Subtest: receipt store atomically acquires, completes and replays
local-invariants	Run node tools/quality/run-local-tests.mjs	2026-10-05T12:55:40.4011298Z ok 300 - receipt store atomically acquires, completes and replays
local-invariants	Run node tools/quality/run-local-tests.mjs	2026-10-05T12:55:40.4011701Z   ---
local-invariants	Run node tools/quality/run-local-tests.mjs	2026-10-05T12:55:40.4011901Z   duration_ms: 2.79033
local-invariants	Run node tools/quality/run-local-tests.mjs	2026-10-05T12:55:40.4012171Z   type: 'test'
local-invariants	Run node tools/quality/run-local-tests.mjs	2026-10-05T12:55:40.4012448Z   ...
local-invariants	Run node tools/quality/run-local-tests.mjs	2026-10-05T12:55:40.4021953Z # Subtest: receipt rejects same key with another digest
local-invariants	Run node tools/quality/run-local-tests.mjs	2026-10-05T12:55:40.4022760Z ok 301 - receipt rejects same key with another digest
local-invariants	Run node tools/quality/run-local-tests.mjs	2026-10-05T12:55:40.4023310Z   ---
local-invariants	Run node tools/quality/run-local-tests.mjs	2026-10-05T12:55:40.4023628Z   duration_ms: 0.740051
local-invariants	Run node tools/quality/run-local-tests.mjs	2026-10-05T12:55:40.4023974Z   type: 'test'
local-invariants	Run node tools/quality/run-local-tests.mjs	2026-10-05T12:55:40.4024266Z   ...
local-invariants	Run node tools/quality/run-local-tests.mjs	2026-10-05T12:55:40.4031743Z # Subtest: receipt completion requires the acquired lease token
local-invariants	Run node tools/quality/run-local-tests.mjs	2026-10-05T12:55:40.4032596Z ok 302 - receipt completion requires the acquired lease token
local-invariants	Run node tools/quality/run-local-tests.mjs	2026-10-05T12:55:40.4033190Z   ---
local-invariants	Run node tools/quality/run-local-tests.mjs	2026-10-05T12:55:40.4033519Z   duration_ms: 0.288809
local-invariants	Run node tools/quality/run-local-tests.mjs	2026-10-05T12:55:40.4033742Z   type: 'test'
local-invariants	Run node tools/quality/run-local-tests.mjs	2026-10-05T12:55:40.4033938Z   ...
local-invariants	Run node tools/quality/run-local-tests.mjs	2026-10-05T12:55:40.4034541Z # Subtest: approval consumption is tenant, action, digest and expiry bound
local-invariants	Run node tools/quality/run-local-tests.mjs	2026-10-05T12:55:40.4035383Z ok 303 - approval consumption is tenant, action, digest and expiry bound
local-invariants	Run node tools/quality/run-local-tests.mjs	2026-10-05T12:55:40.4035953Z   ---
local-invariants	Run node tools/quality/run-local-tests.mjs	2026-10-05T12:55:40.4036240Z   duration_ms: 0.450781
local-invariants	Run node tools/quality/run-local-tests.mjs	2026-10-05T12:55:40.4036559Z   type: 'test'
local-invariants	Run node tools/quality/run-local-tests.mjs	2026-10-05T12:55:40.4036837Z   ...
local-invariants	Run node tools/quality/run-local-tests.mjs	2026-10-05T12:55:40.4037296Z # Subtest: audit sink redacts secret-bearing properties
local-invariants	Run node tools/quality/run-local-tests.mjs	2026-10-05T12:55:40.4037907Z ok 304 - audit sink redacts secret-bearing properties
local-invariants	Run node tools/quality/run-local-tests.mjs	2026-10-05T12:55:40.4038259Z   ---
local-invariants	Run node tools/quality/run-local-tests.mjs	2026-10-05T12:55:40.4038449Z   duration_ms: 0.896033
local-invariants	Run node tools/quality/run-local-tests.mjs	2026-10-05T12:55:40.4038661Z   type: 'test'
local-invariants	Run node tools/quality/run-local-tests.mjs	2026-10-05T12:55:40.4038863Z   ...
local-invariants	Run node tools/quality/run-local-tests.mjs	2026-10-05T12:55:40.4039544Z # Subtest: expired unsafe receipt is quarantined instead of repeating an unknown external side effect
local-invariants	Run node tools/quality/run-local-tests.mjs	2026-10-05T12:55:40.4040476Z ok 305 - expired unsafe receipt is quarantined instead of repeating an unknown external side effect
local-invariants	Run node tools/quality/run-local-tests.mjs	2026-10-05T12:55:40.4041122Z   ---
local-invariants	Run node tools/quality/run-local-tests.mjs	2026-10-05T12:55:40.4041366Z   duration_ms: 0.520445
local-invariants	Run node tools/quality/run-local-tests.mjs	2026-10-05T12:55:40.4041581Z   type: 'test'
local-invariants	Run node tools/quality/run-local-tests.mjs	2026-10-05T12:55:40.4041766Z   ...
local-invariants	Run node tools/quality/run-local-tests.mjs	2026-10-05T12:55:40.4042180Z # Subtest: expired receipt may replay only with an explicit safe adapter capability
local-invariants	Run node tools/quality/run-local-tests.mjs	2026-10-05T12:55:40.4042758Z ok 306 - expired receipt may replay only with an explicit safe adapter capability
local-invariants	Run node tools/quality/run-local-tests.mjs	2026-10-05T12:55:40.4043254Z   ---
local-invariants	Run node tools/quality/run-local-tests.mjs	2026-10-05T12:55:40.4043497Z   duration_ms: 0.649135
local-invariants	Run node tools/quality/run-local-tests.mjs	2026-10-05T12:55:40.4043708Z   type: 'test'
local-invariants	Run node tools/quality/run-local-tests.mjs	2026-10-05T12:55:40.4043893Z   ...
local-invariants	Run node tools/quality/run-local-tests.mjs	2026-10-05T12:55:40.4044237Z # Subtest: receipt lease covers the complete declared execution/retry budget
local-invariants	Run node tools/quality/run-local-tests.mjs	2026-10-05T12:55:40.4044733Z ok 307 - receipt lease covers the complete declared execution/retry budget
local-invariants	Run node tools/quality/run-local-tests.mjs	2026-10-05T12:55:40.4045452Z   ---
local-invariants	Run node tools/quality/run-local-tests.mjs	2026-10-05T12:55:40.4045630Z   duration_ms: 0.264313
local-invariants	Run node tools/quality/run-local-tests.mjs	2026-10-05T12:55:40.4045829Z   type: 'test'
local-invariants	Run node tools/quality/run-local-tests.mjs	2026-10-05T12:55:40.4046006Z   ...
local-invariants	Run node tools/quality/run-local-tests.mjs	2026-10-05T12:55:40.4976432Z # Subtest: memory reference adapter quarantines expired unsafe execution too
local-invariants	Run node tools/quality/run-local-tests.mjs	2026-10-05T12:55:40.4978011Z ok 308 - memory reference adapter quarantines expired unsafe execution too
local-invariants	Run node tools/quality/run-local-tests.mjs	2026-10-05T12:55:40.4978539Z   ---
local-invariants	Run node tools/quality/run-local-tests.mjs	2026-10-05T12:55:40.4978755Z   duration_ms: 1.52578
local-invariants	Run node tools/quality/run-local-tests.mjs	2026-10-05T12:55:40.4979545Z   type: 'test'
local-invariants	Run node tools/quality/run-local-tests.mjs	2026-10-05T12:55:40.4979735Z   ...
local-invariants	Run node tools/quality/run-local-tests.mjs	2026-10-05T12:55:40.6075410Z # Subtest: canonical JSON is stable across object key order
local-invariants	Run node tools/quality/run-local-tests.mjs	2026-10-05T12:55:40.6076230Z ok 309 - canonical JSON is stable across object key order
local-invariants	Run node tools/quality/run-local-tests.mjs	2026-10-05T12:55:40.6076686Z   ---
local-invariants	Run node tools/quality/run-local-tests.mjs	2026-10-05T12:55:40.6076955Z   duration_ms: 1.213184
local-invariants	Run node tools/quality/run-local-tests.mjs	2026-10-05T12:55:40.6077278Z   type: 'test'
local-invariants	Run node tools/quality/run-local-tests.mjs	2026-10-05T12:55:40.6077469Z   ...
local-invariants	Run node tools/quality/run-local-tests.mjs	2026-10-05T12:55:40.6095428Z # Subtest: idempotency key is deterministic and tenant scoped
local-invariants	Run node tools/quality/run-local-tests.mjs	2026-10-05T12:55:40.6096193Z ok 310 - idempotency key is deterministic and tenant scoped
local-invariants	Run node tools/quality/run-local-tests.mjs	2026-10-05T12:55:40.6096704Z   ---
local-invariants	Run node tools/quality/run-local-tests.mjs	2026-10-05T12:55:40.6096975Z   duration_ms: 0.688754
local-invariants	Run node tools/quality/run-local-tests.mjs	2026-10-05T12:55:40.6097281Z   type: 'test'
local-invariants	Run node tools/quality/run-local-tests.mjs	2026-10-05T12:55:40.6097547Z   ...
local-invariants	Run node tools/quality/run-local-tests.mjs	2026-10-05T12:55:40.6101607Z # Subtest: money avoids floating point and uses explicit rounding
local-invariants	Run node tools/quality/run-local-tests.mjs	2026-10-05T12:55:40.6102512Z ok 311 - money avoids floating point and uses explicit rounding
local-invariants	Run node tools/quality/run-local-tests.mjs	2026-10-05T12:55:40.6103107Z   ---
local-invariants	Run node tools/quality/run-local-tests.mjs	2026-10-05T12:55:40.6103420Z   duration_ms: 0.520815
local-invariants	Run node tools/quality/run-local-tests.mjs	2026-10-05T12:55:40.6103879Z   type: 'test'
local-invariants	Run node tools/quality/run-local-tests.mjs	2026-10-05T12:55:40.6104236Z   ...
local-invariants	Run node tools/quality/run-local-tests.mjs	2026-10-05T12:55:40.6104828Z # Subtest: agent policy is deny by default and approval is payload-bound
local-invariants	Run node tools/quality/run-local-tests.mjs	2026-10-05T12:55:40.6105759Z ok 312 - agent policy is deny by default and approval is payload-bound
local-invariants	Run node tools/quality/run-local-tests.mjs	2026-10-05T12:55:40.6106371Z   ---
local-invariants	Run node tools/quality/run-local-tests.mjs	2026-10-05T12:55:40.6106703Z   duration_ms: 0.498491
local-invariants	Run node tools/quality/run-local-tests.mjs	2026-10-05T12:55:40.6107032Z   type: 'test'
local-invariants	Run node tools/quality/run-local-tests.mjs	2026-10-05T12:55:40.6107317Z   ...
local-invariants	Run node tools/quality/run-local-tests.mjs	2026-10-05T12:55:40.6107846Z # Subtest: retry is bounded and uses injected deterministic sleep
local-invariants	Run node tools/quality/run-local-tests.mjs	2026-10-05T12:55:40.6108611Z ok 313 - retry is bounded and uses injected deterministic sleep
local-invariants	Run node tools/quality/run-local-tests.mjs	2026-10-05T12:55:40.6109084Z   ---
local-invariants	Run node tools/quality/run-local-tests.mjs	2026-10-05T12:55:40.6109361Z   duration_ms: 0.866339
local-invariants	Run node tools/quality/run-local-tests.mjs	2026-10-05T12:55:40.6109703Z   type: 'test'
local-invariants	Run node tools/quality/run-local-tests.mjs	2026-10-05T12:55:40.6109975Z   ...
local-invariants	Run node tools/quality/run-local-tests.mjs	2026-10-05T12:55:40.6110854Z # Subtest: integration URL policy blocks local, credential and rebinding targets
local-invariants	Run node tools/quality/run-local-tests.mjs	2026-10-05T12:55:40.6111932Z ok 314 - integration URL policy blocks local, credential and rebinding targets
local-invariants	Run node tools/quality/run-local-tests.mjs	2026-10-05T12:55:40.6112594Z   ---
local-invariants	Run node tools/quality/run-local-tests.mjs	2026-10-05T12:55:40.6112931Z   duration_ms: 4.965646
local-invariants	Run node tools/quality/run-local-tests.mjs	2026-10-05T12:55:40.6113312Z   type: 'test'
local-invariants	Run node tools/quality/run-local-tests.mjs	2026-10-05T12:55:40.6113672Z   ...
local-invariants	Run node tools/quality/run-local-tests.mjs	2026-10-05T12:55:40.6114550Z # Subtest: pipeline validates terminal semantics and transition policy
local-invariants	Run node tools/quality/run-local-tests.mjs	2026-10-05T12:55:40.6115378Z ok 315 - pipeline validates terminal semantics and transition policy
local-invariants	Run node tools/quality/run-local-tests.mjs	2026-10-05T12:55:40.6115893Z   ---
local-invariants	Run node tools/quality/run-local-tests.mjs	2026-10-05T12:55:40.6116182Z   duration_ms: 0.469128
local-invariants	Run node tools/quality/run-local-tests.mjs	2026-10-05T12:55:40.6116504Z   type: 'test'
local-invariants	Run node tools/quality/run-local-tests.mjs	2026-10-05T12:55:40.6116801Z   ...
local-invariants	Run node tools/quality/run-local-tests.mjs	2026-10-05T12:55:40.6117306Z # Subtest: deal health returns deterministic evidence factors
local-invariants	Run node tools/quality/run-local-tests.mjs	2026-10-05T12:55:40.6117993Z ok 316 - deal health returns deterministic evidence factors
local-invariants	Run node tools/quality/run-local-tests.mjs	2026-10-05T12:55:40.6118468Z   ---
local-invariants	Run node tools/quality/run-local-tests.mjs	2026-10-05T12:55:40.6118747Z   duration_ms: 0.364161
local-invariants	Run node tools/quality/run-local-tests.mjs	2026-10-05T12:55:40.6119064Z   type: 'test'
local-invariants	Run node tools/quality/run-local-tests.mjs	2026-10-05T12:55:40.6119352Z   ...
local-invariants	Run node tools/quality/run-local-tests.mjs	2026-10-05T12:55:40.6119930Z # Subtest: contact normalization supports Uzbekistan and safe mapping errors
local-invariants	Run node tools/quality/run-local-tests.mjs	2026-10-05T12:55:40.6120998Z ok 317 - contact normalization supports Uzbekistan and safe mapping errors
local-invariants	Run node tools/quality/run-local-tests.mjs	2026-10-05T12:55:40.6121524Z   ---
local-invariants	Run node tools/quality/run-local-tests.mjs	2026-10-05T12:55:40.6121790Z   duration_ms: 0.484871
local-invariants	Run node tools/quality/run-local-tests.mjs	2026-10-05T12:55:40.6122122Z   type: 'test'
local-invariants	Run node tools/quality/run-local-tests.mjs	2026-10-05T12:55:40.6122405Z   ...
local-invariants	Run node tools/quality/run-local-tests.mjs	2026-10-05T12:55:40.6122820Z # Subtest: ROI calculation uses integer arithmetic
local-invariants	Run node tools/quality/run-local-tests.mjs	2026-10-05T12:55:40.6123386Z ok 318 - ROI calculation uses integer arithmetic
local-invariants	Run node tools/quality/run-local-tests.mjs	2026-10-05T12:55:40.6123797Z   ---
local-invariants	Run node tools/quality/run-local-tests.mjs	2026-10-05T12:55:40.6124067Z   duration_ms: 0.434196
local-invariants	Run node tools/quality/run-local-tests.mjs	2026-10-05T12:55:40.6124384Z   type: 'test'
local-invariants	Run node tools/quality/run-local-tests.mjs	2026-10-05T12:55:40.6125194Z   ...
local-invariants	Run node tools/quality/run-local-tests.mjs	2026-10-05T12:55:40.6125711Z # Subtest: approval payload hash changes when action data changes
local-invariants	Run node tools/quality/run-local-tests.mjs	2026-10-05T12:55:40.6126290Z ok 319 - approval payload hash changes when action data changes
local-invariants	Run node tools/quality/run-local-tests.mjs	2026-10-05T12:55:40.6126608Z   ---
local-invariants	Run node tools/quality/run-local-tests.mjs	2026-10-05T12:55:40.6126793Z   duration_ms: 0.174319
local-invariants	Run node tools/quality/run-local-tests.mjs	2026-10-05T12:55:40.6127012Z   type: 'test'
local-invariants	Run node tools/quality/run-local-tests.mjs	2026-10-05T12:55:40.6127209Z   ...
local-invariants	Run node tools/quality/run-local-tests.mjs	2026-10-05T12:55:40.6970082Z # Subtest: decimal money input converts exactly without binary floating-point rounding
local-invariants	Run node tools/quality/run-local-tests.mjs	2026-10-05T12:55:40.6972266Z ok 320 - decimal money input converts exactly without binary floating-point rounding
local-invariants	Run node tools/quality/run-local-tests.mjs	2026-10-05T12:55:40.6972860Z   ---
local-invariants	Run node tools/quality/run-local-tests.mjs	2026-10-05T12:55:40.6973159Z   duration_ms: 0.900429
local-invariants	Run node tools/quality/run-local-tests.mjs	2026-10-05T12:55:40.6973487Z   type: 'test'
local-invariants	Run node tools/quality/run-local-tests.mjs	2026-10-05T12:55:40.6973790Z   ...
local-invariants	Run node tools/quality/run-local-tests.mjs	2026-10-05T12:55:40.6975578Z # Subtest: rejects parseFloat-style trailing junk, grouping, exponent, negative and overprecision
local-invariants	Run node tools/quality/run-local-tests.mjs	2026-10-05T12:55:40.6976757Z ok 321 - rejects parseFloat-style trailing junk, grouping, exponent, negative and overprecision
local-invariants	Run node tools/quality/run-local-tests.mjs	2026-10-05T12:55:40.6977438Z   ---
local-invariants	Run node tools/quality/run-local-tests.mjs	2026-10-05T12:55:40.6977715Z   duration_ms: 0.517149
local-invariants	Run node tools/quality/run-local-tests.mjs	2026-10-05T12:55:40.6978050Z   type: 'test'
local-invariants	Run node tools/quality/run-local-tests.mjs	2026-10-05T12:55:40.6978330Z   ...
local-invariants	Run node tools/quality/run-local-tests.mjs	2026-10-05T12:55:40.6980845Z # Subtest: maximum supported amount round trips exactly and overflow is rejected
local-invariants	Run node tools/quality/run-local-tests.mjs	2026-10-05T12:55:40.6982495Z ok 322 - maximum supported amount round trips exactly and overflow is rejected
local-invariants	Run node tools/quality/run-local-tests.mjs	2026-10-05T12:55:40.6983060Z   ---
local-invariants	Run node tools/quality/run-local-tests.mjs	2026-10-05T12:55:40.6983358Z   duration_ms: 0.290883
local-invariants	Run node tools/quality/run-local-tests.mjs	2026-10-05T12:55:40.6983804Z   type: 'test'
local-invariants	Run node tools/quality/run-local-tests.mjs	2026-10-05T12:55:40.6984171Z   ...
local-invariants	Run node tools/quality/run-local-tests.mjs	2026-10-05T12:55:40.6985572Z # Subtest: input formatter does not turn absent data into zero or accept corrupt stored cents
local-invariants	Run node tools/quality/run-local-tests.mjs	2026-10-05T12:55:40.6986848Z ok 323 - input formatter does not turn absent data into zero or accept corrupt stored cents
local-invariants	Run node tools/quality/run-local-tests.mjs	2026-10-05T12:55:40.6987366Z   ---
local-invariants	Run node tools/quality/run-local-tests.mjs	2026-10-05T12:55:40.6987696Z   duration_ms: 0.158375
local-invariants	Run node tools/quality/run-local-tests.mjs	2026-10-05T12:55:40.6987977Z   type: 'test'
local-invariants	Run node tools/quality/run-local-tests.mjs	2026-10-05T12:55:40.6988245Z   ...
local-invariants	Run node tools/quality/run-local-tests.mjs	2026-10-05T12:55:40.7917060Z # Subtest: test DB never derives a target from DATABASE_URL
local-invariants	Run node tools/quality/run-local-tests.mjs	2026-10-05T12:55:40.7918431Z ok 324 - test DB never derives a target from DATABASE_URL
local-invariants	Run node tools/quality/run-local-tests.mjs	2026-10-05T12:55:40.7919464Z   ---
local-invariants	Run node tools/quality/run-local-tests.mjs	2026-10-05T12:55:40.7923527Z   duration_ms: 1.106846
local-invariants	Run node tools/quality/run-local-tests.mjs	2026-10-05T12:55:40.7931611Z   type: 'test'
local-invariants	Run node tools/quality/run-local-tests.mjs	2026-10-05T12:55:40.7932192Z   ...
local-invariants	Run node tools/quality/run-local-tests.mjs	2026-10-05T12:55:40.7933177Z # Subtest: explicit disposable loopback target is accepted without leaking configuration
local-invariants	Run node tools/quality/run-local-tests.mjs	2026-10-05T12:55:40.7934472Z ok 325 - explicit disposable loopback target is accepted without leaking configuration
local-invariants	Run node tools/quality/run-local-tests.mjs	2026-10-05T12:55:40.7935381Z   ---
local-invariants	Run node tools/quality/run-local-tests.mjs	2026-10-05T12:55:40.7935910Z   duration_ms: 0.402599
local-invariants	Run node tools/quality/run-local-tests.mjs	2026-10-05T12:55:40.7936468Z   type: 'test'
local-invariants	Run node tools/quality/run-local-tests.mjs	2026-10-05T12:55:40.7936976Z   ...
local-invariants	Run node tools/quality/run-local-tests.mjs	2026-10-05T12:55:40.7937854Z # Subtest: same DB is rejected despite changed credentials, scheme, port default and query
local-invariants	Run node tools/quality/run-local-tests.mjs	2026-10-05T12:55:40.7939091Z ok 326 - same DB is rejected despite changed credentials, scheme, port default and query
local-invariants	Run node tools/quality/run-local-tests.mjs	2026-10-05T12:55:40.7939894Z   ---
local-invariants	Run node tools/quality/run-local-tests.mjs	2026-10-05T12:55:40.7940575Z   duration_ms: 0.287017
local-invariants	Run node tools/quality/run-local-tests.mjs	2026-10-05T12:55:40.7941192Z   type: 'test'
local-invariants	Run node tools/quality/run-local-tests.mjs	2026-10-05T12:55:40.7941696Z   ...
local-invariants	Run node tools/quality/run-local-tests.mjs	2026-10-05T12:55:40.7942535Z # Subtest: remote targets require opt-in and still reject normalized live identity
local-invariants	Run node tools/quality/run-local-tests.mjs	2026-10-05T12:55:40.7943642Z ok 327 - remote targets require opt-in and still reject normalized live identity
local-invariants	Run node tools/quality/run-local-tests.mjs	2026-10-05T12:55:40.7944409Z   ---
local-invariants	Run node tools/quality/run-local-tests.mjs	2026-10-05T12:55:40.7944888Z   duration_ms: 0.278745
local-invariants	Run node tools/quality/run-local-tests.mjs	2026-10-05T12:55:40.7945393Z   type: 'test'
local-invariants	Run node tools/quality/run-local-tests.mjs	2026-10-05T12:55:40.7945855Z   ...
local-invariants	Run node tools/quality/run-local-tests.mjs	2026-10-05T12:55:40.7946558Z # Subtest: unsafe database identifiers and ambiguous paths fail closed
local-invariants	Run node tools/quality/run-local-tests.mjs	2026-10-05T12:55:40.7947401Z ok 328 - unsafe database identifiers and ambiguous paths fail closed
local-invariants	Run node tools/quality/run-local-tests.mjs	2026-10-05T12:55:40.7948095Z   ---
local-invariants	Run node tools/quality/run-local-tests.mjs	2026-10-05T12:55:40.7948617Z   duration_ms: 0.366825
local-invariants	Run node tools/quality/run-local-tests.mjs	2026-10-05T12:55:40.7949133Z   type: 'test'
local-invariants	Run node tools/quality/run-local-tests.mjs	2026-10-05T12:55:40.7949434Z   ...
local-invariants	Run node tools/quality/run-local-tests.mjs	2026-10-05T12:55:40.7949915Z # Subtest: connection redirection, schema changes and repeated params are rejected
local-invariants	Run node tools/quality/run-local-tests.mjs	2026-10-05T12:55:40.7950711Z ok 329 - connection redirection, schema changes and repeated params are rejected
local-invariants	Run node tools/quality/run-local-tests.mjs	2026-10-05T12:55:40.7951389Z   ---
local-invariants	Run node tools/quality/run-local-tests.mjs	2026-10-05T12:55:40.7951582Z   duration_ms: 0.513013
local-invariants	Run node tools/quality/run-local-tests.mjs	2026-10-05T12:55:40.7951794Z   type: 'test'
local-invariants	Run node tools/quality/run-local-tests.mjs	2026-10-05T12:55:40.7951979Z   ...
local-invariants	Run node tools/quality/run-local-tests.mjs	2026-10-05T12:55:40.7952275Z # Subtest: invalid URLs do not echo credentials in errors
local-invariants	Run node tools/quality/run-local-tests.mjs	2026-10-05T12:55:40.7952666Z ok 330 - invalid URLs do not echo credentials in errors
local-invariants	Run node tools/quality/run-local-tests.mjs	2026-10-05T12:55:40.7952941Z   ---
local-invariants	Run node tools/quality/run-local-tests.mjs	2026-10-05T12:55:40.7953122Z   duration_ms: 0.264975
local-invariants	Run node tools/quality/run-local-tests.mjs	2026-10-05T12:55:40.7953321Z   type: 'test'
local-invariants	Run node tools/quality/run-local-tests.mjs	2026-10-05T12:55:40.7953644Z   ...
local-invariants	Run node tools/quality/run-local-tests.mjs	2026-10-05T12:55:40.7953906Z # Subtest: reset needs separate explicit consent
local-invariants	Run node tools/quality/run-local-tests.mjs	2026-10-05T12:55:40.7954386Z ok 331 - reset needs separate explicit consent
local-invariants	Run node tools/quality/run-local-tests.mjs	2026-10-05T12:55:40.7954795Z   ---
local-invariants	Run node tools/quality/run-local-tests.mjs	2026-10-05T12:55:40.7955073Z   duration_ms: 0.19542
local-invariants	Run node tools/quality/run-local-tests.mjs	2026-10-05T12:55:40.7955400Z   type: 'test'
local-invariants	Run node tools/quality/run-local-tests.mjs	2026-10-05T12:55:40.7955676Z   ...
local-invariants	Run node tools/quality/run-local-tests.mjs	2026-10-05T12:55:40.7956458Z # Subtest: test DB implementation has no implicit live fallback, auto-reset or credential printing
local-invariants	Run node tools/quality/run-local-tests.mjs	2026-10-05T12:55:40.7957262Z ok 332 - test DB implementation has no implicit live fallback, auto-reset or credential printing
local-invariants	Run node tools/quality/run-local-tests.mjs	2026-10-05T12:55:40.7957661Z   ---
local-invariants	Run node tools/quality/run-local-tests.mjs	2026-10-05T12:55:40.7957848Z   duration_ms: 0.512122
local-invariants	Run node tools/quality/run-local-tests.mjs	2026-10-05T12:55:40.7958053Z   type: 'test'
local-invariants	Run node tools/quality/run-local-tests.mjs	2026-10-05T12:55:40.7958231Z   ...
local-invariants	Run node tools/quality/run-local-tests.mjs	2026-10-05T12:55:40.9234367Z # Subtest: blocks private, loopback, link-local, metadata, documentation and multicast IP ranges
local-invariants	Run node tools/quality/run-local-tests.mjs	2026-10-05T12:55:40.9236036Z ok 333 - blocks private, loopback, link-local, metadata, documentation and multicast IP ranges
local-invariants	Run node tools/quality/run-local-tests.mjs	2026-10-05T12:55:40.9237358Z   ---
local-invariants	Run node tools/quality/run-local-tests.mjs	2026-10-05T12:55:40.9237914Z   duration_ms: 6.118641
local-invariants	Run node tools/quality/run-local-tests.mjs	2026-10-05T12:55:40.9238431Z   type: 'test'
local-invariants	Run node tools/quality/run-local-tests.mjs	2026-10-05T12:55:40.9238937Z   ...
local-invariants	Run node tools/quality/run-local-tests.mjs	2026-10-05T12:55:40.9239809Z # Subtest: rejects URL credentials and DNS rebinding to a private address
local-invariants	Run node tools/quality/run-local-tests.mjs	2026-10-05T12:55:40.9241088Z ok 334 - rejects URL credentials and DNS rebinding to a private address
local-invariants	Run node tools/quality/run-local-tests.mjs	2026-10-05T12:55:40.9241761Z   ---
local-invariants	Run node tools/quality/run-local-tests.mjs	2026-10-05T12:55:40.9242208Z   duration_ms: 0.951215
local-invariants	Run node tools/quality/run-local-tests.mjs	2026-10-05T12:55:40.9242686Z   type: 'test'
local-invariants	Run node tools/quality/run-local-tests.mjs	2026-10-05T12:55:40.9243132Z   ...
local-invariants	Run node tools/quality/run-local-tests.mjs	2026-10-05T12:55:40.9243816Z # Subtest: enforces connector host allowlists
local-invariants	Run node tools/quality/run-local-tests.mjs	2026-10-05T12:55:40.9245356Z ok 335 - enforces connector host allowlists
local-invariants	Run node tools/quality/run-local-tests.mjs	2026-10-05T12:55:40.9245947Z   ---
local-invariants	Run node tools/quality/run-local-tests.mjs	2026-10-05T12:55:40.9246411Z   duration_ms: 0.276341
local-invariants	Run node tools/quality/run-local-tests.mjs	2026-10-05T12:55:40.9246907Z   type: 'test'
local-invariants	Run node tools/quality/run-local-tests.mjs	2026-10-05T12:55:40.9247350Z   ...
local-invariants	Run node tools/quality/run-local-tests.mjs	2026-10-05T12:55:40.9332302Z # Subtest: executes a pinned bounded request and parses JSON
local-invariants	Run node tools/quality/run-local-tests.mjs	2026-10-05T12:55:40.9333482Z ok 336 - executes a pinned bounded request and parses JSON
local-invariants	Run node tools/quality/run-local-tests.mjs	2026-10-05T12:55:40.9334426Z   ---
local-invariants	Run node tools/quality/run-local-tests.mjs	2026-10-05T12:55:40.9335043Z   duration_ms: 17.335054
local-invariants	Run node tools/quality/run-local-tests.mjs	2026-10-05T12:55:40.9335597Z   type: 'test'
local-invariants	Run node tools/quality/run-local-tests.mjs	2026-10-05T12:55:40.9336061Z   ...
local-invariants	Run node tools/quality/run-local-tests.mjs	2026-10-05T12:55:40.9336696Z # Subtest: rejects mutation retry without idempotency
local-invariants	Run node tools/quality/run-local-tests.mjs	2026-10-05T12:55:40.9337547Z ok 337 - rejects mutation retry without idempotency
local-invariants	Run node tools/quality/run-local-tests.mjs	2026-10-05T12:55:40.9338168Z   ---
local-invariants	Run node tools/quality/run-local-tests.mjs	2026-10-05T12:55:40.9338651Z   duration_ms: 0.405373
local-invariants	Run node tools/quality/run-local-tests.mjs	2026-10-05T12:55:40.9339165Z   type: 'test'
local-invariants	Run node tools/quality/run-local-tests.mjs	2026-10-05T12:55:40.9339630Z   ...
local-invariants	Run node tools/quality/run-local-tests.mjs	2026-10-05T12:55:40.9414684Z # Subtest: rejects redirect to a private destination
local-invariants	Run node tools/quality/run-local-tests.mjs	2026-10-05T12:55:40.9440375Z ok 338 - rejects redirect to a private destination
local-invariants	Run node tools/quality/run-local-tests.mjs	2026-10-05T12:55:40.9440915Z   ---
local-invariants	Run node tools/quality/run-local-tests.mjs	2026-10-05T12:55:40.9441200Z   duration_ms: 3.88591
local-invariants	Run node tools/quality/run-local-tests.mjs	2026-10-05T12:55:40.9441516Z   type: 'test'
local-invariants	Run node tools/quality/run-local-tests.mjs	2026-10-05T12:55:40.9441797Z   ...
local-invariants	Run node tools/quality/run-local-tests.mjs	2026-10-05T12:55:40.9442226Z # Subtest: verifies HMAC webhooks and rejects replay
local-invariants	Run node tools/quality/run-local-tests.mjs	2026-10-05T12:55:40.9446901Z ok 339 - verifies HMAC webhooks and rejects replay
local-invariants	Run node tools/quality/run-local-tests.mjs	2026-10-05T12:55:40.9447422Z   ---
local-invariants	Run node tools/quality/run-local-tests.mjs	2026-10-05T12:55:40.9447712Z   duration_ms: 1.307375
local-invariants	Run node tools/quality/run-local-tests.mjs	2026-10-05T12:55:40.9448049Z   type: 'test'
local-invariants	Run node tools/quality/run-local-tests.mjs	2026-10-05T12:55:40.9448328Z   ...
local-invariants	Run node tools/quality/run-local-tests.mjs	2026-10-05T12:55:40.9448700Z # Subtest: rejects tampered webhook body
local-invariants	Run node tools/quality/run-local-tests.mjs	2026-10-05T12:55:40.9449195Z ok 340 - rejects tampered webhook body
local-invariants	Run node tools/quality/run-local-tests.mjs	2026-10-05T12:55:40.9449551Z   ---
local-invariants	Run node tools/quality/run-local-tests.mjs	2026-10-05T12:55:40.9449813Z   duration_ms: 0.470039
local-invariants	Run node tools/quality/run-local-tests.mjs	2026-10-05T12:55:40.9450564Z   type: 'test'
local-invariants	Run node tools/quality/run-local-tests.mjs	2026-10-05T12:55:40.9450860Z   ...
local-invariants	Run node tools/quality/run-local-tests.mjs	2026-10-05T12:55:40.9451414Z # Subtest: compiles bounded OpenAPI operations and classifies risk
local-invariants	Run node tools/quality/run-local-tests.mjs	2026-10-05T12:55:40.9452627Z ok 341 - compiles bounded OpenAPI operations and classifies risk
local-invariants	Run node tools/quality/run-local-tests.mjs	2026-10-05T12:55:40.9453125Z   ---
local-invariants	Run node tools/quality/run-local-tests.mjs	2026-10-05T12:55:40.9453396Z   duration_ms: 0.831928
local-invariants	Run node tools/quality/run-local-tests.mjs	2026-10-05T12:55:40.9453723Z   type: 'test'
local-invariants	Run node tools/quality/run-local-tests.mjs	2026-10-05T12:55:40.9454000Z   ...
local-invariants	Run node tools/quality/run-local-tests.mjs	2026-10-05T12:55:40.9454401Z # Subtest: rejects external OpenAPI references
local-invariants	Run node tools/quality/run-local-tests.mjs	2026-10-05T12:55:40.9454917Z ok 342 - rejects external OpenAPI references
local-invariants	Run node tools/quality/run-local-tests.mjs	2026-10-05T12:55:40.9455299Z   ---
local-invariants	Run node tools/quality/run-local-tests.mjs	2026-10-05T12:55:40.9455572Z   duration_ms: 0.435829
local-invariants	Run node tools/quality/run-local-tests.mjs	2026-10-05T12:55:40.9456089Z   type: 'test'
local-invariants	Run node tools/quality/run-local-tests.mjs	2026-10-05T12:55:40.9456365Z   ...
local-invariants	Run node tools/quality/run-local-tests.mjs	2026-10-05T12:55:40.9456900Z # Subtest: rejects malformed resolver results before opening a socket
local-invariants	Run node tools/quality/run-local-tests.mjs	2026-10-05T12:55:40.9457688Z ok 343 - rejects malformed resolver results before opening a socket
local-invariants	Run node tools/quality/run-local-tests.mjs	2026-10-05T12:55:40.9458186Z   ---
local-invariants	Run node tools/quality/run-local-tests.mjs	2026-10-05T12:55:40.9458457Z   duration_ms: 0.409639
local-invariants	Run node tools/quality/run-local-tests.mjs	2026-10-05T12:55:40.9458777Z   type: 'test'
local-invariants	Run node tools/quality/run-local-tests.mjs	2026-10-05T12:55:40.9459059Z   ...
local-invariants	Run node tools/quality/run-local-tests.mjs	2026-10-05T12:55:40.9459433Z # Subtest: validates the retry-delay boundary
local-invariants	Run node tools/quality/run-local-tests.mjs	2026-10-05T12:55:40.9459929Z ok 344 - validates the retry-delay boundary
local-invariants	Run node tools/quality/run-local-tests.mjs	2026-10-05T12:55:40.9460449Z   ---
local-invariants	Run node tools/quality/run-local-tests.mjs	2026-10-05T12:55:40.9460728Z   duration_ms: 0.273637
local-invariants	Run node tools/quality/run-local-tests.mjs	2026-10-05T12:55:40.9461041Z   type: 'test'
local-invariants	Run node tools/quality/run-local-tests.mjs	2026-10-05T12:55:40.9461315Z   ...
local-invariants	Run node tools/quality/run-local-tests.mjs	2026-10-05T12:55:41.0443832Z # Subtest: enforces a total request deadline even while response bytes keep arriving
local-invariants	Run node tools/quality/run-local-tests.mjs	2026-10-05T12:55:41.0445293Z ok 345 - enforces a total request deadline even while response bytes keep arriving
local-invariants	Run node tools/quality/run-local-tests.mjs	2026-10-05T12:55:41.0446228Z   ---
local-invariants	Run node tools/quality/run-local-tests.mjs	2026-10-05T12:55:41.0446763Z   duration_ms: 103.851563
local-invariants	Run node tools/quality/run-local-tests.mjs	2026-10-05T12:55:41.0447144Z   type: 'test'
local-invariants	Run node tools/quality/run-local-tests.mjs	2026-10-05T12:55:41.0447464Z   ...
local-invariants	Run node tools/quality/run-local-tests.mjs	2026-10-05T12:55:41.1771850Z # Subtest: SSRF: all mapped, expanded, reserved and transition representations are blocked
local-invariants	Run node tools/quality/run-local-tests.mjs	2026-10-05T12:55:41.1773567Z ok 346 - SSRF: all mapped, expanded, reserved and transition representations are blocked
local-invariants	Run node tools/quality/run-local-tests.mjs	2026-10-05T12:55:41.1774393Z   ---
local-invariants	Run node tools/quality/run-local-tests.mjs	2026-10-05T12:55:41.1774915Z   duration_ms: 6.303035
local-invariants	Run node tools/quality/run-local-tests.mjs	2026-10-05T12:55:41.1775274Z   type: 'test'
local-invariants	Run node tools/quality/run-local-tests.mjs	2026-10-05T12:55:41.1775598Z   ...
local-invariants	Run node tools/quality/run-local-tests.mjs	2026-10-05T12:55:41.1857208Z # Subtest: HTTP: cross-origin redirect cannot forward secrets or reach its destination
local-invariants	Run node tools/quality/run-local-tests.mjs	2026-10-05T12:55:41.1858797Z ok 347 - HTTP: cross-origin redirect cannot forward secrets or reach its destination
local-invariants	Run node tools/quality/run-local-tests.mjs	2026-10-05T12:55:41.1859664Z   ---
local-invariants	Run node tools/quality/run-local-tests.mjs	2026-10-05T12:55:41.1860359Z   duration_ms: 18.738865
local-invariants	Run node tools/quality/run-local-tests.mjs	2026-10-05T12:55:41.1860931Z   type: 'test'
local-invariants	Run node tools/quality/run-local-tests.mjs	2026-10-05T12:55:41.1861434Z   ...
local-invariants	Run node tools/quality/run-local-tests.mjs	2026-10-05T12:55:41.1914675Z # Subtest: HTTP: safe same-origin GET redirect still works
local-invariants	Run node tools/quality/run-local-tests.mjs	2026-10-05T12:55:41.1915657Z ok 348 - HTTP: safe same-origin GET redirect still works
local-invariants	Run node tools/quality/run-local-tests.mjs	2026-10-05T12:55:41.1916180Z   ---
local-invariants	Run node tools/quality/run-local-tests.mjs	2026-10-05T12:55:41.1916480Z   duration_ms: 4.478671
local-invariants	Run node tools/quality/run-local-tests.mjs	2026-10-05T12:55:41.1916907Z   type: 'test'
local-invariants	Run node tools/quality/run-local-tests.mjs	2026-10-05T12:55:41.1917569Z   ...
local-invariants	Run node tools/quality/run-local-tests.mjs	2026-10-05T12:55:41.1918474Z # Subtest: HTTP: an idempotency header alone does not prove the provider can safely retry
local-invariants	Run node tools/quality/run-local-tests.mjs	2026-10-05T12:55:41.1919477Z ok 349 - HTTP: an idempotency header alone does not prove the provider can safely retry
local-invariants	Run node tools/quality/run-local-tests.mjs	2026-10-05T12:55:41.1920300Z   ---
local-invariants	Run node tools/quality/run-local-tests.mjs	2026-10-05T12:55:41.1920819Z   duration_ms: 0.351289
local-invariants	Run node tools/quality/run-local-tests.mjs	2026-10-05T12:55:41.1921149Z   type: 'test'
local-invariants	Run node tools/quality/run-local-tests.mjs	2026-10-05T12:55:41.1921461Z   ...
local-invariants	Run node tools/quality/run-local-tests.mjs	2026-10-05T12:55:41.1922150Z # Subtest: HTTP: abort before dispatch performs no DNS lookup
local-invariants	Run node tools/quality/run-local-tests.mjs	2026-10-05T12:55:41.1923428Z ok 350 - HTTP: abort before dispatch performs no DNS lookup
local-invariants	Run node tools/quality/run-local-tests.mjs	2026-10-05T12:55:41.1924136Z   ---
local-invariants	Run node tools/quality/run-local-tests.mjs	2026-10-05T12:55:41.1924467Z   duration_ms: 0.230531
local-invariants	Run node tools/quality/run-local-tests.mjs	2026-10-05T12:55:41.1924865Z   type: 'test'
local-invariants	Run node tools/quality/run-local-tests.mjs	2026-10-05T12:55:41.1925231Z   ...
local-invariants	Run node tools/quality/run-local-tests.mjs	2026-10-05T12:55:41.2944906Z # Subtest: HTTP: deadline includes stalled DNS resolution
local-invariants	Run node tools/quality/run-local-tests.mjs	2026-10-05T12:55:41.2945687Z ok 351 - HTTP: deadline includes stalled DNS resolution
local-invariants	Run node tools/quality/run-local-tests.mjs	2026-10-05T12:55:41.2946169Z   ---
local-invariants	Run node tools/quality/run-local-tests.mjs	2026-10-05T12:55:41.2946491Z   duration_ms: 100.334028
local-invariants	Run node tools/quality/run-local-tests.mjs	2026-10-05T12:55:41.2946848Z   type: 'test'
local-invariants	Run node tools/quality/run-local-tests.mjs	2026-10-05T12:55:41.2947158Z   ...
local-invariants	Run node tools/quality/run-local-tests.mjs	2026-10-05T12:55:41.2947689Z # Subtest: Webhook: replay protection must not silently disappear
local-invariants	Run node tools/quality/run-local-tests.mjs	2026-10-05T12:55:41.2948483Z ok 352 - Webhook: replay protection must not silently disappear
local-invariants	Run node tools/quality/run-local-tests.mjs	2026-10-05T12:55:41.2949447Z   ---
local-invariants	Run node tools/quality/run-local-tests.mjs	2026-10-05T12:55:41.2949759Z   duration_ms: 1.298577
local-invariants	Run node tools/quality/run-local-tests.mjs	2026-10-05T12:55:41.2950267Z   type: 'test'
local-invariants	Run node tools/quality/run-local-tests.mjs	2026-10-05T12:55:41.2950574Z   ...
local-invariants	Run node tools/quality/run-local-tests.mjs	2026-10-05T12:55:41.2951123Z # Subtest: Webhook: ambiguous duplicate signature fields are rejected
local-invariants	Run node tools/quality/run-local-tests.mjs	2026-10-05T12:55:41.2952036Z ok 353 - Webhook: ambiguous duplicate signature fields are rejected
local-invariants	Run node tools/quality/run-local-tests.mjs	2026-10-05T12:55:41.2952596Z   ---
local-invariants	Run node tools/quality/run-local-tests.mjs	2026-10-05T12:55:41.2952894Z   duration_ms: 0.432862
local-invariants	Run node tools/quality/run-local-tests.mjs	2026-10-05T12:55:41.2953242Z   type: 'test'
local-invariants	Run node tools/quality/run-local-tests.mjs	2026-10-05T12:55:41.2953824Z   ...
local-invariants	Run node tools/quality/run-local-tests.mjs	2026-10-05T12:55:41.2954511Z # Subtest: OpenAPI: server base path is retained and schema is an immutable snapshot
local-invariants	Run node tools/quality/run-local-tests.mjs	2026-10-05T12:55:41.2955420Z ok 354 - OpenAPI: server base path is retained and schema is an immutable snapshot
local-invariants	Run node tools/quality/run-local-tests.mjs	2026-10-05T12:55:41.2955973Z   ---
local-invariants	Run node tools/quality/run-local-tests.mjs	2026-10-05T12:55:41.2956190Z   duration_ms: 0.912504
local-invariants	Run node tools/quality/run-local-tests.mjs	2026-10-05T12:55:41.2956428Z   type: 'test'
local-invariants	Run node tools/quality/run-local-tests.mjs	2026-10-05T12:55:41.2956616Z   ...
local-invariants	Run node tools/quality/run-local-tests.mjs	2026-10-05T12:55:41.2956953Z # Subtest: OpenAPI: reject host-changing and traversal paths
local-invariants	Run node tools/quality/run-local-tests.mjs	2026-10-05T12:55:41.2959112Z ok 355 - OpenAPI: reject host-changing and traversal paths
local-invariants	Run node tools/quality/run-local-tests.mjs	2026-10-05T12:55:41.2959824Z   ---
local-invariants	Run node tools/quality/run-local-tests.mjs	2026-10-05T12:55:41.2960352Z   duration_ms: 0.762836
local-invariants	Run node tools/quality/run-local-tests.mjs	2026-10-05T12:55:41.2960728Z   type: 'test'
local-invariants	Run node tools/quality/run-local-tests.mjs	2026-10-05T12:55:41.2961045Z   ...
local-invariants	Run node tools/quality/run-local-tests.mjs	2026-10-05T12:55:41.2984967Z # Subtest: OpenAPI: cyclic objects are bounded failures, not stack overflows
local-invariants	Run node tools/quality/run-local-tests.mjs	2026-10-05T12:55:41.2988667Z ok 356 - OpenAPI: cyclic objects are bounded failures, not stack overflows
local-invariants	Run node tools/quality/run-local-tests.mjs	2026-10-05T12:55:41.2989179Z   ---
local-invariants	Run node tools/quality/run-local-tests.mjs	2026-10-05T12:55:41.2989473Z   duration_ms: 0.190947
local-invariants	Run node tools/quality/run-local-tests.mjs	2026-10-05T12:55:41.2989774Z   type: 'test'
local-invariants	Run node tools/quality/run-local-tests.mjs	2026-10-05T12:55:41.2990029Z   ...
local-invariants	Run node tools/quality/run-local-tests.mjs	2026-10-05T12:55:41.4014723Z # Subtest: CSV: auto-detection works beyond the 30-row sampling boundary
local-invariants	Run node tools/quality/run-local-tests.mjs	2026-10-05T12:55:41.4015901Z ok 357 - CSV: auto-detection works beyond the 30-row sampling boundary
local-invariants	Run node tools/quality/run-local-tests.mjs	2026-10-05T12:55:41.4016551Z   ---
local-invariants	Run node tools/quality/run-local-tests.mjs	2026-10-05T12:55:41.4016924Z   duration_ms: 3.541215
local-invariants	Run node tools/quality/run-local-tests.mjs	2026-10-05T12:55:41.4017359Z   type: 'test'
local-invariants	Run node tools/quality/run-local-tests.mjs	2026-10-05T12:55:41.4017724Z   ...
local-invariants	Run node tools/quality/run-local-tests.mjs	2026-10-05T12:55:41.4018327Z # Subtest: CSV: rejects text or a second quoted string after a closing quote
local-invariants	Run node tools/quality/run-local-tests.mjs	2026-10-05T12:55:41.4019388Z ok 358 - CSV: rejects text or a second quoted string after a closing quote
local-invariants	Run node tools/quality/run-local-tests.mjs	2026-10-05T12:55:41.4019935Z   ---
local-invariants	Run node tools/quality/run-local-tests.mjs	2026-10-05T12:55:41.4020666Z   duration_ms: 0.514616
local-invariants	Run node tools/quality/run-local-tests.mjs	2026-10-05T12:55:41.4021014Z   type: 'test'
local-invariants	Run node tools/quality/run-local-tests.mjs	2026-10-05T12:55:41.4021302Z   ...
local-invariants	Run node tools/quality/run-local-tests.mjs	2026-10-05T12:55:41.4023965Z # Subtest: CSV: single-column imports are valid without explicit delimiter selection
local-invariants	Run node tools/quality/run-local-tests.mjs	2026-10-05T12:55:41.4025182Z ok 359 - CSV: single-column imports are valid without explicit delimiter selection
local-invariants	Run node tools/quality/run-local-tests.mjs	2026-10-05T12:55:41.4026041Z   ---
local-invariants	Run node tools/quality/run-local-tests.mjs	2026-10-05T12:55:41.4026513Z   duration_ms: 0.690401
local-invariants	Run node tools/quality/run-local-tests.mjs	2026-10-05T12:55:41.4027024Z   type: 'test'
local-invariants	Run node tools/quality/run-local-tests.mjs	2026-10-05T12:55:41.4027495Z   ...
local-invariants	Run node tools/quality/run-local-tests.mjs	2026-10-05T12:55:41.4028286Z # Subtest: CSV: formula escaping includes line breaks and Unicode whitespace
local-invariants	Run node tools/quality/run-local-tests.mjs	2026-10-05T12:55:41.4029342Z ok 360 - CSV: formula escaping includes line breaks and Unicode whitespace
local-invariants	Run node tools/quality/run-local-tests.mjs	2026-10-05T12:55:41.4030073Z   ---
local-invariants	Run node tools/quality/run-local-tests.mjs	2026-10-05T12:55:41.4030823Z   duration_ms: 0.278183
local-invariants	Run node tools/quality/run-local-tests.mjs	2026-10-05T12:55:41.4031339Z   type: 'test'
local-invariants	Run node tools/quality/run-local-tests.mjs	2026-10-05T12:55:41.4031781Z   ...
local-invariants	Run node tools/quality/run-local-tests.mjs	2026-10-05T12:55:41.4032479Z # Subtest: CSV: limits cannot be disabled by NaN or Infinity
local-invariants	Run node tools/quality/run-local-tests.mjs	2026-10-05T12:55:41.4033348Z ok 361 - CSV: limits cannot be disabled by NaN or Infinity
local-invariants	Run node tools/quality/run-local-tests.mjs	2026-10-05T12:55:41.4033991Z   ---
local-invariants	Run node tools/quality/run-local-tests.mjs	2026-10-05T12:55:41.4034455Z   duration_ms: 0.237587
local-invariants	Run node tools/quality/run-local-tests.mjs	2026-10-05T12:55:41.4034959Z   type: 'test'
local-invariants	Run node tools/quality/run-local-tests.mjs	2026-10-05T12:55:41.4035413Z   ...
local-invariants	Run node tools/quality/run-local-tests.mjs	2026-10-05T12:55:41.4036102Z # Subtest: CSV: source row numbers survive blank and multiline records
local-invariants	Run node tools/quality/run-local-tests.mjs	2026-10-05T12:55:41.4037053Z ok 362 - CSV: source row numbers survive blank and multiline records
local-invariants	Run node tools/quality/run-local-tests.mjs	2026-10-05T12:55:41.4037699Z   ---
local-invariants	Run node tools/quality/run-local-tests.mjs	2026-10-05T12:55:41.4038023Z   duration_ms: 1.443466
local-invariants	Run node tools/quality/run-local-tests.mjs	2026-10-05T12:55:41.4038355Z   type: 'test'
local-invariants	Run node tools/quality/run-local-tests.mjs	2026-10-05T12:55:41.4038655Z   ...
local-invariants	Run node tools/quality/run-local-tests.mjs	2026-10-05T12:55:41.4039206Z # Subtest: CSV: format detection rejects backslash paths and control characters on every OS
local-invariants	Run node tools/quality/run-local-tests.mjs	2026-10-05T12:55:41.4039980Z ok 363 - CSV: format detection rejects backslash paths and control characters on every OS
local-invariants	Run node tools/quality/run-local-tests.mjs	2026-10-05T12:55:41.4041317Z   ---
local-invariants	Run node tools/quality/run-local-tests.mjs	2026-10-05T12:55:41.4041601Z   duration_ms: 0.496798
local-invariants	Run node tools/quality/run-local-tests.mjs	2026-10-05T12:55:41.4041906Z   type: 'test'
local-invariants	Run node tools/quality/run-local-tests.mjs	2026-10-05T12:55:41.4042181Z   ...
local-invariants	Run node tools/quality/run-local-tests.mjs	2026-10-05T12:55:41.5013984Z # Subtest: rejects inherited targets instead of resolving Object.prototype
local-invariants	Run node tools/quality/run-local-tests.mjs	2026-10-05T12:55:41.5014968Z ok 364 - rejects inherited targets instead of resolving Object.prototype
local-invariants	Run node tools/quality/run-local-tests.mjs	2026-10-05T12:55:41.5015515Z   ---
local-invariants	Run node tools/quality/run-local-tests.mjs	2026-10-05T12:55:41.5015807Z   duration_ms: 1.329403
local-invariants	Run node tools/quality/run-local-tests.mjs	2026-10-05T12:55:41.5016143Z   type: 'test'
local-invariants	Run node tools/quality/run-local-tests.mjs	2026-10-05T12:55:41.5016989Z   ...
local-invariants	Run node tools/quality/run-local-tests.mjs	2026-10-05T12:55:41.5022833Z # Subtest: rejects prototype transformer names
local-invariants	Run node tools/quality/run-local-tests.mjs	2026-10-05T12:55:41.5023398Z ok 365 - rejects prototype transformer names
local-invariants	Run node tools/quality/run-local-tests.mjs	2026-10-05T12:55:41.5023806Z   ---
local-invariants	Run node tools/quality/run-local-tests.mjs	2026-10-05T12:55:41.5024083Z   duration_ms: 0.151122
local-invariants	Run node tools/quality/run-local-tests.mjs	2026-10-05T12:55:41.5024399Z   type: 'test'
local-invariants	Run node tools/quality/run-local-tests.mjs	2026-10-05T12:55:41.5024677Z   ...
local-invariants	Run node tools/quality/run-local-tests.mjs	2026-10-05T12:55:41.5025319Z # Subtest: rejects duplicate and blank headers without choosing an arbitrary column
local-invariants	Run node tools/quality/run-local-tests.mjs	2026-10-05T12:55:41.5026263Z ok 366 - rejects duplicate and blank headers without choosing an arbitrary column
local-invariants	Run node tools/quality/run-local-tests.mjs	2026-10-05T12:55:41.5026853Z   ---
local-invariants	Run node tools/quality/run-local-tests.mjs	2026-10-05T12:55:41.5027135Z   duration_ms: 0.131891
local-invariants	Run node tools/quality/run-local-tests.mjs	2026-10-05T12:55:41.5027458Z   type: 'test'
local-invariants	Run node tools/quality/run-local-tests.mjs	2026-10-05T12:55:41.5027722Z   ...
local-invariants	Run node tools/quality/run-local-tests.mjs	2026-10-05T12:55:41.5028313Z # Subtest: compiled defaults are immutable snapshots, not caller-owned objects
local-invariants	Run node tools/quality/run-local-tests.mjs	2026-10-05T12:55:41.5029195Z ok 367 - compiled defaults are immutable snapshots, not caller-owned objects
local-invariants	Run node tools/quality/run-local-tests.mjs	2026-10-05T12:55:41.5029747Z   ---
local-invariants	Run node tools/quality/run-local-tests.mjs	2026-10-05T12:55:41.5030027Z   duration_ms: 0.434475
local-invariants	Run node tools/quality/run-local-tests.mjs	2026-10-05T12:55:41.5030576Z   type: 'test'
local-invariants	Run node tools/quality/run-local-tests.mjs	2026-10-05T12:55:41.5030854Z   ...
local-invariants	Run node tools/quality/run-local-tests.mjs	2026-10-05T12:55:41.5031408Z # Subtest: accessor field definitions are rejected without invoking them
local-invariants	Run node tools/quality/run-local-tests.mjs	2026-10-05T12:55:41.5032226Z ok 368 - accessor field definitions are rejected without invoking them
local-invariants	Run node tools/quality/run-local-tests.mjs	2026-10-05T12:55:41.5032733Z   ---
local-invariants	Run node tools/quality/run-local-tests.mjs	2026-10-05T12:55:41.5033015Z   duration_ms: 0.160633
local-invariants	Run node tools/quality/run-local-tests.mjs	2026-10-05T12:55:41.5033325Z   type: 'test'
local-invariants	Run node tools/quality/run-local-tests.mjs	2026-10-05T12:55:41.5033598Z   ...
local-invariants	Run node tools/quality/run-local-tests.mjs	2026-10-05T12:55:41.5034155Z # Subtest: rejects object defaults and unsafe reserved destination fields
local-invariants	Run node tools/quality/run-local-tests.mjs	2026-10-05T12:55:41.5034975Z ok 369 - rejects object defaults and unsafe reserved destination fields
local-invariants	Run node tools/quality/run-local-tests.mjs	2026-10-05T12:55:41.5035488Z   ---
local-invariants	Run node tools/quality/run-local-tests.mjs	2026-10-05T12:55:41.5035770Z   duration_ms: 0.163288
local-invariants	Run node tools/quality/run-local-tests.mjs	2026-10-05T12:55:41.5036087Z   type: 'test'
local-invariants	Run node tools/quality/run-local-tests.mjs	2026-10-05T12:55:41.5036361Z   ...
local-invariants	Run node tools/quality/run-local-tests.mjs	2026-10-05T12:55:41.5036907Z # Subtest: rejects non-cell values rather than executing coercion hooks
local-invariants	Run node tools/quality/run-local-tests.mjs	2026-10-05T12:55:41.5037701Z ok 370 - rejects non-cell values rather than executing coercion hooks
local-invariants	Run node tools/quality/run-local-tests.mjs	2026-10-05T12:55:41.5038200Z   ---
local-invariants	Run node tools/quality/run-local-tests.mjs	2026-10-05T12:55:41.5038495Z   duration_ms: 0.21122
local-invariants	Run node tools/quality/run-local-tests.mjs	2026-10-05T12:55:41.5038804Z   type: 'test'
local-invariants	Run node tools/quality/run-local-tests.mjs	2026-10-05T12:55:41.5039067Z   ...
local-invariants	Run node tools/quality/run-local-tests.mjs	2026-10-05T12:55:41.5039669Z # Subtest: rejects unsupported entity types before creating an executable migration plan
local-invariants	Run node tools/quality/run-local-tests.mjs	2026-10-05T12:55:41.5040821Z ok 371 - rejects unsupported entity types before creating an executable migration plan
local-invariants	Run node tools/quality/run-local-tests.mjs	2026-10-05T12:55:41.5041399Z   ---
local-invariants	Run node tools/quality/run-local-tests.mjs	2026-10-05T12:55:41.5041647Z   duration_ms: 0.432562
local-invariants	Run node tools/quality/run-local-tests.mjs	2026-10-05T12:55:41.5041952Z   type: 'test'
local-invariants	Run node tools/quality/run-local-tests.mjs	2026-10-05T12:55:41.5042213Z   ...
local-invariants	Run node tools/quality/run-local-tests.mjs	2026-10-05T12:55:41.6075736Z # Subtest: parses RFC4180 quoted commas, newlines, and escaped quotes
local-invariants	Run node tools/quality/run-local-tests.mjs	2026-10-05T12:55:41.6076829Z ok 372 - parses RFC4180 quoted commas, newlines, and escaped quotes
local-invariants	Run node tools/quality/run-local-tests.mjs	2026-10-05T12:55:41.6077454Z   ---
local-invariants	Run node tools/quality/run-local-tests.mjs	2026-10-05T12:55:41.6077772Z   duration_ms: 1.729775
local-invariants	Run node tools/quality/run-local-tests.mjs	2026-10-05T12:55:41.6078137Z   type: 'test'
local-invariants	Run node tools/quality/run-local-tests.mjs	2026-10-05T12:55:41.6078413Z   ...
local-invariants	Run node tools/quality/run-local-tests.mjs	2026-10-05T12:55:41.6078919Z # Subtest: detects a semicolon delimiter
local-invariants	Run node tools/quality/run-local-tests.mjs	2026-10-05T12:55:41.6079555Z ok 373 - detects a semicolon delimiter
local-invariants	Run node tools/quality/run-local-tests.mjs	2026-10-05T12:55:41.6080008Z   ---
local-invariants	Run node tools/quality/run-local-tests.mjs	2026-10-05T12:55:41.6080865Z   duration_ms: 0.38978
local-invariants	Run node tools/quality/run-local-tests.mjs	2026-10-05T12:55:41.6081209Z   type: 'test'
local-invariants	Run node tools/quality/run-local-tests.mjs	2026-10-05T12:55:41.6081510Z   ...
local-invariants	Run node tools/quality/run-local-tests.mjs	2026-10-05T12:55:41.6081923Z # Subtest: removes UTF-8 BOM from the first header
local-invariants	Run node tools/quality/run-local-tests.mjs	2026-10-05T12:55:41.6082493Z ok 374 - removes UTF-8 BOM from the first header
local-invariants	Run node tools/quality/run-local-tests.mjs	2026-10-05T12:55:41.6082906Z   ---
local-invariants	Run node tools/quality/run-local-tests.mjs	2026-10-05T12:55:41.6083180Z   duration_ms: 0.132742
local-invariants	Run node tools/quality/run-local-tests.mjs	2026-10-05T12:55:41.6083496Z   type: 'test'
local-invariants	Run node tools/quality/run-local-tests.mjs	2026-10-05T12:55:41.6084256Z   ...
local-invariants	Run node tools/quality/run-local-tests.mjs	2026-10-05T12:55:41.6084733Z # Subtest: rejects an unclosed quote
local-invariants	Run node tools/quality/run-local-tests.mjs	2026-10-05T12:55:41.6085209Z ok 375 - rejects an unclosed quote
local-invariants	Run node tools/quality/run-local-tests.mjs	2026-10-05T12:55:41.6085590Z   ---
local-invariants	Run node tools/quality/run-local-tests.mjs	2026-10-05T12:55:41.6085863Z   duration_ms: 0.385001
local-invariants	Run node tools/quality/run-local-tests.mjs	2026-10-05T12:55:41.6086157Z   type: 'test'
local-invariants	Run node tools/quality/run-local-tests.mjs	2026-10-05T12:55:41.6086412Z   ...
local-invariants	Run node tools/quality/run-local-tests.mjs	2026-10-05T12:55:41.6086781Z # Subtest: rejects duplicate normalized headers
local-invariants	Run node tools/quality/run-local-tests.mjs	2026-10-05T12:55:41.6087266Z ok 376 - rejects duplicate normalized headers
local-invariants	Run node tools/quality/run-local-tests.mjs	2026-10-05T12:55:41.6087845Z   ---
local-invariants	Run node tools/quality/run-local-tests.mjs	2026-10-05T12:55:41.6088087Z   duration_ms: 0.199705
local-invariants	Run node tools/quality/run-local-tests.mjs	2026-10-05T12:55:41.6088354Z   type: 'test'
local-invariants	Run node tools/quality/run-local-tests.mjs	2026-10-05T12:55:41.6088598Z   ...
local-invariants	Run node tools/quality/run-local-tests.mjs	2026-10-05T12:55:41.6103524Z # Subtest: enforces row limits
local-invariants	Run node tools/quality/run-local-tests.mjs	2026-10-05T12:55:41.6103930Z ok 377 - enforces row limits
local-invariants	Run node tools/quality/run-local-tests.mjs	2026-10-05T12:55:41.6104253Z   ---
local-invariants	Run node tools/quality/run-local-tests.mjs	2026-10-05T12:55:41.6104513Z   duration_ms: 0.115035
local-invariants	Run node tools/quality/run-local-tests.mjs	2026-10-05T12:55:41.6104826Z   type: 'test'
local-invariants	Run node tools/quality/run-local-tests.mjs	2026-10-05T12:55:41.6105105Z   ...
local-invariants	Run node tools/quality/run-local-tests.mjs	2026-10-05T12:55:41.6105592Z # Subtest: neutralizes spreadsheet formulas in exported reports
local-invariants	Run node tools/quality/run-local-tests.mjs	2026-10-05T12:55:41.6106298Z ok 378 - neutralizes spreadsheet formulas in exported reports
local-invariants	Run node tools/quality/run-local-tests.mjs	2026-10-05T12:55:41.6106741Z   ---
local-invariants	Run node tools/quality/run-local-tests.mjs	2026-10-05T12:55:41.6106977Z   duration_ms: 0.237216
local-invariants	Run node tools/quality/run-local-tests.mjs	2026-10-05T12:55:41.6107180Z   type: 'test'
local-invariants	Run node tools/quality/run-local-tests.mjs	2026-10-05T12:55:41.6107370Z   ...
local-invariants	Run node tools/quality/run-local-tests.mjs	2026-10-05T12:55:41.6107657Z # Subtest: serializes error reports with formula protection
local-invariants	Run node tools/quality/run-local-tests.mjs	2026-10-05T12:55:41.6108069Z ok 379 - serializes error reports with formula protection
local-invariants	Run node tools/quality/run-local-tests.mjs	2026-10-05T12:55:41.6108345Z   ---
local-invariants	Run node tools/quality/run-local-tests.mjs	2026-10-05T12:55:41.6108528Z   duration_ms: 0.277481
local-invariants	Run node tools/quality/run-local-tests.mjs	2026-10-05T12:55:41.6108731Z   type: 'test'
local-invariants	Run node tools/quality/run-local-tests.mjs	2026-10-05T12:55:41.6108914Z   ...
local-invariants	Run node tools/quality/run-local-tests.mjs	2026-10-05T12:55:41.6109198Z # Subtest: parses money deterministically in minor units
local-invariants	Run node tools/quality/run-local-tests.mjs	2026-10-05T12:55:41.6109574Z ok 380 - parses money deterministically in minor units
local-invariants	Run node tools/quality/run-local-tests.mjs	2026-10-05T12:55:41.6118842Z   ---
local-invariants	Run node tools/quality/run-local-tests.mjs	2026-10-05T12:55:41.6119144Z   duration_ms: 0.473349
local-invariants	Run node tools/quality/run-local-tests.mjs	2026-10-05T12:55:41.6119483Z   type: 'test'
local-invariants	Run node tools/quality/run-local-tests.mjs	2026-10-05T12:55:41.6119765Z   ...
local-invariants	Run node tools/quality/run-local-tests.mjs	2026-10-05T12:55:41.6120328Z # Subtest: normalizes Uzbekistan phone numbers
local-invariants	Run node tools/quality/run-local-tests.mjs	2026-10-05T12:55:41.6120693Z ok 381 - normalizes Uzbekistan phone numbers
local-invariants	Run node tools/quality/run-local-tests.mjs	2026-10-05T12:55:41.6120969Z   ---
local-invariants	Run node tools/quality/run-local-tests.mjs	2026-10-05T12:55:41.6121150Z   duration_ms: 0.416507
local-invariants	Run node tools/quality/run-local-tests.mjs	2026-10-05T12:55:41.6121362Z   type: 'test'
local-invariants	Run node tools/quality/run-local-tests.mjs	2026-10-05T12:55:41.6121546Z   ...
local-invariants	Run node tools/quality/run-local-tests.mjs	2026-10-05T12:55:41.6121884Z # Subtest: validates extension, MIME, and XLSX ZIP signature
local-invariants	Run node tools/quality/run-local-tests.mjs	2026-10-05T12:55:41.6122299Z ok 382 - validates extension, MIME, and XLSX ZIP signature
local-invariants	Run node tools/quality/run-local-tests.mjs	2026-10-05T12:55:41.6122582Z   ---
local-invariants	Run node tools/quality/run-local-tests.mjs	2026-10-05T12:55:41.6122754Z   duration_ms: 0.369567
local-invariants	Run node tools/quality/run-local-tests.mjs	2026-10-05T12:55:41.6122958Z   type: 'test'
local-invariants	Run node tools/quality/run-local-tests.mjs	2026-10-05T12:55:41.6123134Z   ...
local-invariants	Run node tools/quality/run-local-tests.mjs	2026-10-05T12:55:41.6123462Z # Subtest: compiles deterministic mappings and validates required fields
local-invariants	Run node tools/quality/run-local-tests.mjs	2026-10-05T12:55:41.6123950Z ok 383 - compiles deterministic mappings and validates required fields
local-invariants	Run node tools/quality/run-local-tests.mjs	2026-10-05T12:55:41.6124260Z   ---
local-invariants	Run node tools/quality/run-local-tests.mjs	2026-10-05T12:55:41.6124442Z   duration_ms: 0.550854
local-invariants	Run node tools/quality/run-local-tests.mjs	2026-10-05T12:55:41.6124641Z   type: 'test'
local-invariants	Run node tools/quality/run-local-tests.mjs	2026-10-05T12:55:41.6124819Z   ...
local-invariants	Run node tools/quality/run-local-tests.mjs	2026-10-05T12:55:41.6125132Z # Subtest: creates deterministic dry-run batches and duplicate issues
local-invariants	Run node tools/quality/run-local-tests.mjs	2026-10-05T12:55:41.6125585Z ok 384 - creates deterministic dry-run batches and duplicate issues
local-invariants	Run node tools/quality/run-local-tests.mjs	2026-10-05T12:55:41.6125876Z   ---
local-invariants	Run node tools/quality/run-local-tests.mjs	2026-10-05T12:55:41.6126173Z   duration_ms: 1.542386
local-invariants	Run node tools/quality/run-local-tests.mjs	2026-10-05T12:55:41.6126391Z   type: 'test'
local-invariants	Run node tools/quality/run-local-tests.mjs	2026-10-05T12:55:41.6126577Z   ...
local-invariants	Run node tools/quality/run-local-tests.mjs	2026-10-05T12:55:41.6126968Z # Subtest: marks existing-record matches as warnings without silently dropping the row
local-invariants	Run node tools/quality/run-local-tests.mjs	2026-10-05T12:55:41.6127580Z ok 385 - marks existing-record matches as warnings without silently dropping the row
local-invariants	Run node tools/quality/run-local-tests.mjs	2026-10-05T12:55:41.6128155Z   ---
local-invariants	Run node tools/quality/run-local-tests.mjs	2026-10-05T12:55:41.6128443Z   duration_ms: 0.32394
local-invariants	Run node tools/quality/run-local-tests.mjs	2026-10-05T12:55:41.6128702Z   type: 'test'
local-invariants	Run node tools/quality/run-local-tests.mjs	2026-10-05T12:55:41.6128936Z   ...
local-invariants	Run node tools/quality/run-local-tests.mjs	2026-10-05T12:55:41.7123733Z # Subtest: migration: a stale claim cannot settle a newer lease even with the same workerId
local-invariants	Run node tools/quality/run-local-tests.mjs	2026-10-05T12:55:41.7124905Z ok 386 - migration: a stale claim cannot settle a newer lease even with the same workerId
local-invariants	Run node tools/quality/run-local-tests.mjs	2026-10-05T12:55:41.7125549Z   ---
local-invariants	Run node tools/quality/run-local-tests.mjs	2026-10-05T12:55:41.7125847Z   duration_ms: 6.658836
local-invariants	Run node tools/quality/run-local-tests.mjs	2026-10-05T12:55:41.7126699Z   type: 'test'
local-invariants	Run node tools/quality/run-local-tests.mjs	2026-10-05T12:55:41.7126991Z   ...
local-invariants	Run node tools/quality/run-local-tests.mjs	2026-10-05T12:55:41.7141764Z # Subtest: migration: process crashes consume attempts and eventually quarantine the batch
local-invariants	Run node tools/quality/run-local-tests.mjs	2026-10-05T12:55:41.7143185Z ok 387 - migration: process crashes consume attempts and eventually quarantine the batch
local-invariants	Run node tools/quality/run-local-tests.mjs	2026-10-05T12:55:41.7143636Z   ---
local-invariants	Run node tools/quality/run-local-tests.mjs	2026-10-05T12:55:41.7143838Z   duration_ms: 2.150662
local-invariants	Run node tools/quality/run-local-tests.mjs	2026-10-05T12:55:41.7144052Z   type: 'test'
local-invariants	Run node tools/quality/run-local-tests.mjs	2026-10-05T12:55:41.7144237Z   ...
local-invariants	Run node tools/quality/run-local-tests.mjs	2026-10-05T12:55:41.7168663Z # Subtest: migration: failure after cancellation cannot overwrite CANCELLED with FAILED
local-invariants	Run node tools/quality/run-local-tests.mjs	2026-10-05T12:55:41.7169823Z ok 388 - migration: failure after cancellation cannot overwrite CANCELLED with FAILED
local-invariants	Run node tools/quality/run-local-tests.mjs	2026-10-05T12:55:41.7170722Z   ---
local-invariants	Run node tools/quality/run-local-tests.mjs	2026-10-05T12:55:41.7171036Z   duration_ms: 1.261998
local-invariants	Run node tools/quality/run-local-tests.mjs	2026-10-05T12:55:41.7171414Z   type: 'test'
local-invariants	Run node tools/quality/run-local-tests.mjs	2026-10-05T12:55:41.7171724Z   ...
local-invariants	Run node tools/quality/run-local-tests.mjs	2026-10-05T12:55:41.7172365Z # Subtest: migration: invalid importer result is a terminal contract error
local-invariants	Run node tools/quality/run-local-tests.mjs	2026-10-05T12:55:41.7173313Z ok 389 - migration: invalid importer result is a terminal contract error
local-invariants	Run node tools/quality/run-local-tests.mjs	2026-10-05T12:55:41.7173966Z   ---
local-invariants	Run node tools/quality/run-local-tests.mjs	2026-10-05T12:55:41.7174269Z   duration_ms: 0.735276
local-invariants	Run node tools/quality/run-local-tests.mjs	2026-10-05T12:55:41.7174686Z   type: 'test'
local-invariants	Run node tools/quality/run-local-tests.mjs	2026-10-05T12:55:41.7174995Z   ...
local-invariants	Run node tools/quality/run-local-tests.mjs	2026-10-05T12:55:41.7176994Z # Subtest: migration: tenant/job delimiter ambiguity cannot alias storage keys
local-invariants	Run node tools/quality/run-local-tests.mjs	2026-10-05T12:55:41.7177797Z ok 390 - migration: tenant/job delimiter ambiguity cannot alias storage keys
local-invariants	Run node tools/quality/run-local-tests.mjs	2026-10-05T12:55:41.7178194Z   ---
local-invariants	Run node tools/quality/run-local-tests.mjs	2026-10-05T12:55:41.7178498Z   duration_ms: 0.905719
local-invariants	Run node tools/quality/run-local-tests.mjs	2026-10-05T12:55:41.7178817Z   type: 'test'
local-invariants	Run node tools/quality/run-local-tests.mjs	2026-10-05T12:55:41.7179092Z   ...
local-invariants	Run node tools/quality/run-local-tests.mjs	2026-10-05T12:55:41.8240720Z # Subtest: uses serializable transactions and scopes durable job reads by tenant
local-invariants	Run node tools/quality/run-local-tests.mjs	2026-10-05T12:55:41.8241801Z ok 391 - uses serializable transactions and scopes durable job reads by tenant
local-invariants	Run node tools/quality/run-local-tests.mjs	2026-10-05T12:55:41.8242360Z   ---
local-invariants	Run node tools/quality/run-local-tests.mjs	2026-10-05T12:55:41.8242638Z   duration_ms: 2.325985
local-invariants	Run node tools/quality/run-local-tests.mjs	2026-10-05T12:55:41.8242948Z   type: 'test'
local-invariants	Run node tools/quality/run-local-tests.mjs	2026-10-05T12:55:41.8243219Z   ...
local-invariants	Run node tools/quality/run-local-tests.mjs	2026-10-05T12:55:41.8244699Z # Subtest: persists batch leases, counters and optimistic versions
local-invariants	Run node tools/quality/run-local-tests.mjs	2026-10-05T12:55:41.8246511Z ok 392 - persists batch leases, counters and optimistic versions
local-invariants	Run node tools/quality/run-local-tests.mjs	2026-10-05T12:55:41.8247032Z   ---
local-invariants	Run node tools/quality/run-local-tests.mjs	2026-10-05T12:55:41.8247311Z   duration_ms: 1.068646
local-invariants	Run node tools/quality/run-local-tests.mjs	2026-10-05T12:55:41.8247697Z   type: 'test'
local-invariants	Run node tools/quality/run-local-tests.mjs	2026-10-05T12:55:41.8248023Z   ...
local-invariants	Run node tools/quality/run-local-tests.mjs	2026-10-05T12:55:41.8250574Z # Subtest: fails closed on a stale batch instead of silently losing a worker update
local-invariants	Run node tools/quality/run-local-tests.mjs	2026-10-05T12:55:41.8251646Z ok 393 - fails closed on a stale batch instead of silently losing a worker update
local-invariants	Run node tools/quality/run-local-tests.mjs	2026-10-05T12:55:41.8252178Z   ---
local-invariants	Run node tools/quality/run-local-tests.mjs	2026-10-05T12:55:41.8252444Z   duration_ms: 1.30467
local-invariants	Run node tools/quality/run-local-tests.mjs	2026-10-05T12:55:41.8252773Z   type: 'test'
local-invariants	Run node tools/quality/run-local-tests.mjs	2026-10-05T12:55:41.8253035Z   ...
local-invariants	Run node tools/quality/run-local-tests.mjs	2026-10-05T12:55:41.8254237Z # Subtest: persists an append-only runtime event with operational details
local-invariants	Run node tools/quality/run-local-tests.mjs	2026-10-05T12:55:41.8256227Z ok 394 - persists an append-only runtime event with operational details
local-invariants	Run node tools/quality/run-local-tests.mjs	2026-10-05T12:55:41.8256640Z   ---
local-invariants	Run node tools/quality/run-local-tests.mjs	2026-10-05T12:55:41.8256834Z   duration_ms: 0.458928
local-invariants	Run node tools/quality/run-local-tests.mjs	2026-10-05T12:55:41.8257129Z   type: 'test'
local-invariants	Run node tools/quality/run-local-tests.mjs	2026-10-05T12:55:41.8257325Z   ...
local-invariants	Run node tools/quality/run-local-tests.mjs	2026-10-05T12:55:41.8261647Z # Subtest: sanitizes event details to durable JSON and rejects non-serializable values
local-invariants	Run node tools/quality/run-local-tests.mjs	2026-10-05T12:55:41.8263997Z ok 395 - sanitizes event details to durable JSON and rejects non-serializable values
local-invariants	Run node tools/quality/run-local-tests.mjs	2026-10-05T12:55:41.8264626Z   ---
local-invariants	Run node tools/quality/run-local-tests.mjs	2026-10-05T12:55:41.8264919Z   duration_ms: 0.522182
local-invariants	Run node tools/quality/run-local-tests.mjs	2026-10-05T12:55:41.8265250Z   type: 'test'
local-invariants	Run node tools/quality/run-local-tests.mjs	2026-10-05T12:55:41.8265530Z   ...
local-invariants	Run node tools/quality/run-local-tests.mjs	2026-10-05T12:55:41.8266225Z # Subtest: coordinator can restart on the Prisma repository without losing durable batch state
local-invariants	Run node tools/quality/run-local-tests.mjs	2026-10-05T12:55:41.8267015Z ok 396 - coordinator can restart on the Prisma repository without losing durable batch state
local-invariants	Run node tools/quality/run-local-tests.mjs	2026-10-05T12:55:41.8267590Z   ---
local-invariants	Run node tools/quality/run-local-tests.mjs	2026-10-05T12:55:41.8267782Z   duration_ms: 2.841884
local-invariants	Run node tools/quality/run-local-tests.mjs	2026-10-05T12:55:41.8267993Z   type: 'test'
local-invariants	Run node tools/quality/run-local-tests.mjs	2026-10-05T12:55:41.8268181Z   ...
local-invariants	Run node tools/quality/run-local-tests.mjs	2026-10-05T12:55:41.9365707Z # Subtest: rejects invalid state transitions
local-invariants	Run node tools/quality/run-local-tests.mjs	2026-10-05T12:55:41.9366573Z ok 397 - rejects invalid state transitions
local-invariants	Run node tools/quality/run-local-tests.mjs	2026-10-05T12:55:41.9367652Z   ---
local-invariants	Run node tools/quality/run-local-tests.mjs	2026-10-05T12:55:41.9367986Z   duration_ms: 1.157105
local-invariants	Run node tools/quality/run-local-tests.mjs	2026-10-05T12:55:41.9368310Z   type: 'test'
local-invariants	Run node tools/quality/run-local-tests.mjs	2026-10-05T12:55:41.9368598Z   ...
local-invariants	Run node tools/quality/run-local-tests.mjs	2026-10-05T12:55:41.9369025Z # Subtest: rejects a dry-run from another tenant
local-invariants	Run node tools/quality/run-local-tests.mjs	2026-10-05T12:55:41.9369587Z ok 398 - rejects a dry-run from another tenant
local-invariants	Run node tools/quality/run-local-tests.mjs	2026-10-05T12:55:41.9370008Z   ---
local-invariants	Run node tools/quality/run-local-tests.mjs	2026-10-05T12:55:41.9370438Z   duration_ms: 1.176086
local-invariants	Run node tools/quality/run-local-tests.mjs	2026-10-05T12:55:41.9370697Z   type: 'test'
local-invariants	Run node tools/quality/run-local-tests.mjs	2026-10-05T12:55:41.9370880Z   ...
local-invariants	Run node tools/quality/run-local-tests.mjs	2026-10-05T12:55:41.9371466Z # Subtest: processes bounded batches and completes after the last checkpoint
local-invariants	Run node tools/quality/run-local-tests.mjs	2026-10-05T12:55:41.9372315Z ok 399 - processes bounded batches and completes after the last checkpoint
local-invariants	Run node tools/quality/run-local-tests.mjs	2026-10-05T12:55:41.9372750Z   ---
local-invariants	Run node tools/quality/run-local-tests.mjs	2026-10-05T12:55:41.9372939Z   duration_ms: 2.442373
local-invariants	Run node tools/quality/run-local-tests.mjs	2026-10-05T12:55:41.9373297Z   type: 'test'
local-invariants	Run node tools/quality/run-local-tests.mjs	2026-10-05T12:55:41.9373579Z   ...
local-invariants	Run node tools/quality/run-local-tests.mjs	2026-10-05T12:55:41.9396321Z # Subtest: concurrent workers claim distinct batches and never duplicate the same lease
local-invariants	Run node tools/quality/run-local-tests.mjs	2026-10-05T12:55:41.9397275Z ok 400 - concurrent workers claim distinct batches and never duplicate the same lease
local-invariants	Run node tools/quality/run-local-tests.mjs	2026-10-05T12:55:41.9397832Z   ---
local-invariants	Run node tools/quality/run-local-tests.mjs	2026-10-05T12:55:41.9398086Z   duration_ms: 5.682015
local-invariants	Run node tools/quality/run-local-tests.mjs	2026-10-05T12:55:41.9398378Z   type: 'test'
local-invariants	Run node tools/quality/run-local-tests.mjs	2026-10-05T12:55:41.9398644Z   ...
local-invariants	Run node tools/quality/run-local-tests.mjs	2026-10-05T12:55:41.9475887Z # Subtest: an expired RUNNING lease is reclaimed with the same operation identity
local-invariants	Run node tools/quality/run-local-tests.mjs	2026-10-05T12:55:41.9476941Z ok 401 - an expired RUNNING lease is reclaimed with the same operation identity
local-invariants	Run node tools/quality/run-local-tests.mjs	2026-10-05T12:55:41.9477649Z   ---
local-invariants	Run node tools/quality/run-local-tests.mjs	2026-10-05T12:55:41.9478153Z   duration_ms: 1.974205
local-invariants	Run node tools/quality/run-local-tests.mjs	2026-10-05T12:55:41.9478624Z   type: 'test'
local-invariants	Run node tools/quality/run-local-tests.mjs	2026-10-05T12:55:41.9478901Z   ...
local-invariants	Run node tools/quality/run-local-tests.mjs	2026-10-05T12:55:41.9479431Z # Subtest: retries a transient failure with the same idempotency key
local-invariants	Run node tools/quality/run-local-tests.mjs	2026-10-05T12:55:41.9480314Z ok 402 - retries a transient failure with the same idempotency key
local-invariants	Run node tools/quality/run-local-tests.mjs	2026-10-05T12:55:41.9480886Z   ---
local-invariants	Run node tools/quality/run-local-tests.mjs	2026-10-05T12:55:41.9492335Z   duration_ms: 1.197271
local-invariants	Run node tools/quality/run-local-tests.mjs	2026-10-05T12:55:41.9492714Z   type: 'test'
local-invariants	Run node tools/quality/run-local-tests.mjs	2026-10-05T12:55:41.9493003Z   ...
local-invariants	Run node tools/quality/run-local-tests.mjs	2026-10-05T12:55:41.9493581Z # Subtest: moves a poison batch and job to FAILED after bounded attempts
local-invariants	Run node tools/quality/run-local-tests.mjs	2026-10-05T12:55:41.9494417Z ok 403 - moves a poison batch and job to FAILED after bounded attempts
local-invariants	Run node tools/quality/run-local-tests.mjs	2026-10-05T12:55:41.9494926Z   ---
local-invariants	Run node tools/quality/run-local-tests.mjs	2026-10-05T12:55:41.9495206Z   duration_ms: 1.136571
local-invariants	Run node tools/quality/run-local-tests.mjs	2026-10-05T12:55:41.9495529Z   type: 'test'
local-invariants	Run node tools/quality/run-local-tests.mjs	2026-10-05T12:55:41.9495815Z   ...
local-invariants	Run node tools/quality/run-local-tests.mjs	2026-10-05T12:55:41.9496278Z # Subtest: cancellation is terminal and prevents execution
local-invariants	Run node tools/quality/run-local-tests.mjs	2026-10-05T12:55:41.9496929Z ok 404 - cancellation is terminal and prevents execution
local-invariants	Run node tools/quality/run-local-tests.mjs	2026-10-05T12:55:41.9497394Z   ---
local-invariants	Run node tools/quality/run-local-tests.mjs	2026-10-05T12:55:41.9497677Z   duration_ms: 0.457063
local-invariants	Run node tools/quality/run-local-tests.mjs	2026-10-05T12:55:41.9498003Z   type: 'test'
local-invariants	Run node tools/quality/run-local-tests.mjs	2026-10-05T12:55:41.9498283Z   ...
local-invariants	Run node tools/quality/run-local-tests.mjs	2026-10-05T12:55:41.9498730Z # Subtest: rejects a dry-run for a different entity type
local-invariants	Run node tools/quality/run-local-tests.mjs	2026-10-05T12:55:41.9499362Z ok 405 - rejects a dry-run for a different entity type
local-invariants	Run node tools/quality/run-local-tests.mjs	2026-10-05T12:55:41.9499792Z   ---
local-invariants	Run node tools/quality/run-local-tests.mjs	2026-10-05T12:55:41.9500066Z   duration_ms: 0.416387
local-invariants	Run node tools/quality/run-local-tests.mjs	2026-10-05T12:55:41.9500663Z   type: 'test'
local-invariants	Run node tools/quality/run-local-tests.mjs	2026-10-05T12:55:41.9500936Z   ...
local-invariants	Run node tools/quality/run-local-tests.mjs	2026-10-05T12:55:41.9501421Z # Subtest: rejects non-contiguous batch indexes and count drift
local-invariants	Run node tools/quality/run-local-tests.mjs	2026-10-05T12:55:41.9502121Z ok 406 - rejects non-contiguous batch indexes and count drift
local-invariants	Run node tools/quality/run-local-tests.mjs	2026-10-05T12:55:41.9502607Z   ---
local-invariants	Run node tools/quality/run-local-tests.mjs	2026-10-05T12:55:41.9502881Z   duration_ms: 0.857327
local-invariants	Run node tools/quality/run-local-tests.mjs	2026-10-05T12:55:41.9503211Z   type: 'test'
local-invariants	Run node tools/quality/run-local-tests.mjs	2026-10-05T12:55:41.9503498Z   ...
local-invariants	Run node tools/quality/run-local-tests.mjs	2026-10-05T12:55:41.9503992Z # Subtest: rejects unsafe source filenames before persistence
local-invariants	Run node tools/quality/run-local-tests.mjs	2026-10-05T12:55:41.9504659Z ok 407 - rejects unsafe source filenames before persistence
local-invariants	Run node tools/quality/run-local-tests.mjs	2026-10-05T12:55:41.9505086Z   ---
local-invariants	Run node tools/quality/run-local-tests.mjs	2026-10-05T12:55:41.9505355Z   duration_ms: 0.407328
local-invariants	Run node tools/quality/run-local-tests.mjs	2026-10-05T12:55:41.9505667Z   type: 'test'
local-invariants	Run node tools/quality/run-local-tests.mjs	2026-10-05T12:55:41.9505936Z   ...
local-invariants	Run node tools/quality/run-local-tests.mjs	2026-10-05T12:55:41.9506561Z # Subtest: fails immediately when importer counters do not reconcile to the claimed batch
local-invariants	Run node tools/quality/run-local-tests.mjs	2026-10-05T12:55:41.9507543Z ok 408 - fails immediately when importer counters do not reconcile to the claimed batch
local-invariants	Run node tools/quality/run-local-tests.mjs	2026-10-05T12:55:41.9508149Z   ---
local-invariants	Run node tools/quality/run-local-tests.mjs	2026-10-05T12:55:41.9508424Z   duration_ms: 0.825569
local-invariants	Run node tools/quality/run-local-tests.mjs	2026-10-05T12:55:41.9509185Z   type: 'test'
local-invariants	Run node tools/quality/run-local-tests.mjs	2026-10-05T12:55:41.9509457Z   ...
local-invariants	Run node tools/quality/run-local-tests.mjs	2026-10-05T12:55:42.0465323Z # Subtest: source storage refuses unsupported filesystem capabilities before publishing directories
local-invariants	Run node tools/quality/run-local-tests.mjs	2026-10-05T12:55:42.0468920Z ok 409 - source storage refuses unsupported filesystem capabilities before publishing directories
local-invariants	Run node tools/quality/run-local-tests.mjs	2026-10-05T12:55:42.0469989Z   ---
local-invariants	Run node tools/quality/run-local-tests.mjs	2026-10-05T12:55:42.0470828Z   duration_ms: 5.654897
local-invariants	Run node tools/quality/run-local-tests.mjs	2026-10-05T12:55:42.0471217Z   type: 'test'
local-invariants	Run node tools/quality/run-local-tests.mjs	2026-10-05T12:55:42.0471517Z   ...
local-invariants	Run node tools/quality/run-local-tests.mjs	2026-10-05T12:55:42.1973872Z # Subtest: real filesystem encrypted source survives a fresh process and contains no plaintext customer data
local-invariants	Run node tools/quality/run-local-tests.mjs	2026-10-05T12:55:42.1974866Z ok 410 - real filesystem encrypted source survives a fresh process and contains no plaintext customer data
local-invariants	Run node tools/quality/run-local-tests.mjs	2026-10-05T12:55:42.1975324Z   ---
local-invariants	Run node tools/quality/run-local-tests.mjs	2026-10-05T12:55:42.1975520Z   duration_ms: 54.322787
local-invariants	Run node tools/quality/run-local-tests.mjs	2026-10-05T12:55:42.1975736Z   type: 'test'
local-invariants	Run node tools/quality/run-local-tests.mjs	2026-10-05T12:55:42.1975924Z   ...
local-invariants	Run node tools/quality/run-local-tests.mjs	2026-10-05T12:55:42.2056634Z # Subtest: same source bytes can be uploaded as distinct import intents
local-invariants	Run node tools/quality/run-local-tests.mjs	2026-10-05T12:55:42.2057615Z ok 411 - same source bytes can be uploaded as distinct import intents
local-invariants	Run node tools/quality/run-local-tests.mjs	2026-10-05T12:55:42.2058138Z   ---
local-invariants	Run node tools/quality/run-local-tests.mjs	2026-10-05T12:55:42.2058409Z   duration_ms: 8.330389
local-invariants	Run node tools/quality/run-local-tests.mjs	2026-10-05T12:55:42.2058723Z   type: 'test'
local-invariants	Run node tools/quality/run-local-tests.mjs	2026-10-05T12:55:42.2058943Z   ...
local-invariants	Run node tools/quality/run-local-tests.mjs	2026-10-05T12:55:42.2148647Z # Subtest: tenant, hash and ciphertext tampering fail closed
local-invariants	Run node tools/quality/run-local-tests.mjs	2026-10-05T12:55:42.2149845Z ok 412 - tenant, hash and ciphertext tampering fail closed
local-invariants	Run node tools/quality/run-local-tests.mjs	2026-10-05T12:55:42.2150646Z   ---
local-invariants	Run node tools/quality/run-local-tests.mjs	2026-10-05T12:55:42.2151144Z   duration_ms: 8.934363
local-invariants	Run node tools/quality/run-local-tests.mjs	2026-10-05T12:55:42.2151671Z   type: 'test'
local-invariants	Run node tools/quality/run-local-tests.mjs	2026-10-05T12:55:42.2152101Z   ...
local-invariants	Run node tools/quality/run-local-tests.mjs	2026-10-05T12:55:42.2428480Z # Subtest: old source keys remain readable across active-key rotation
local-invariants	Run node tools/quality/run-local-tests.mjs	2026-10-05T12:55:42.2429498Z ok 413 - old source keys remain readable across active-key rotation
local-invariants	Run node tools/quality/run-local-tests.mjs	2026-10-05T12:55:42.2430038Z   ---
local-invariants	Run node tools/quality/run-local-tests.mjs	2026-10-05T12:55:42.2430421Z   duration_ms: 27.872733
local-invariants	Run node tools/quality/run-local-tests.mjs	2026-10-05T12:55:42.2430660Z   type: 'test'
local-invariants	Run node tools/quality/run-local-tests.mjs	2026-10-05T12:55:42.2430850Z   ...
local-invariants	Run node tools/quality/run-local-tests.mjs	2026-10-05T12:55:42.2483362Z # Subtest: opaque identifiers, file limits and symlinks cannot access arbitrary paths
local-invariants	Run node tools/quality/run-local-tests.mjs	2026-10-05T12:55:42.2484706Z ok 414 - opaque identifiers, file limits and symlinks cannot access arbitrary paths
local-invariants	Run node tools/quality/run-local-tests.mjs	2026-10-05T12:55:42.2485410Z   ---
local-invariants	Run node tools/quality/run-local-tests.mjs	2026-10-05T12:55:42.2485728Z   duration_ms: 5.355615
local-invariants	Run node tools/quality/run-local-tests.mjs	2026-10-05T12:55:42.2485957Z   type: 'test'
local-invariants	Run node tools/quality/run-local-tests.mjs	2026-10-05T12:55:42.2579181Z   ...
local-invariants	Run node tools/quality/run-local-tests.mjs	2026-10-05T12:55:42.2579931Z # Subtest: concurrent ID collision publishes exactly one source without overwriting
local-invariants	Run node tools/quality/run-local-tests.mjs	2026-10-05T12:55:42.2581079Z ok 415 - concurrent ID collision publishes exactly one source without overwriting
local-invariants	Run node tools/quality/run-local-tests.mjs	2026-10-05T12:55:42.2581495Z   ---
local-invariants	Run node tools/quality/run-local-tests.mjs	2026-10-05T12:55:42.2581686Z   duration_ms: 9.646406
local-invariants	Run node tools/quality/run-local-tests.mjs	2026-10-05T12:55:42.2581898Z   type: 'test'
local-invariants	Run node tools/quality/run-local-tests.mjs	2026-10-05T12:55:42.2582090Z   ...
local-invariants	Run node tools/quality/run-local-tests.mjs	2026-10-05T12:55:42.2661706Z # Subtest: preparation plans from reloaded persisted bytes, preserving physical source rows
local-invariants	Run node tools/quality/run-local-tests.mjs	2026-10-05T12:55:42.2663008Z ok 416 - preparation plans from reloaded persisted bytes, preserving physical source rows
local-invariants	Run node tools/quality/run-local-tests.mjs	2026-10-05T12:55:42.2663768Z   ---
local-invariants	Run node tools/quality/run-local-tests.mjs	2026-10-05T12:55:42.2664325Z   duration_ms: 8.206165
local-invariants	Run node tools/quality/run-local-tests.mjs	2026-10-05T12:55:42.2664680Z   type: 'test'
local-invariants	Run node tools/quality/run-local-tests.mjs	2026-10-05T12:55:42.2664942Z   ...
local-invariants	Run node tools/quality/run-local-tests.mjs	2026-10-05T12:55:42.2694298Z # Subtest: unsupported XLSX and invalid UTF-8 are rejected before storage side effects
local-invariants	Run node tools/quality/run-local-tests.mjs	2026-10-05T12:55:42.2695145Z ok 417 - unsupported XLSX and invalid UTF-8 are rejected before storage side effects
local-invariants	Run node tools/quality/run-local-tests.mjs	2026-10-05T12:55:42.2695516Z   ---
local-invariants	Run node tools/quality/run-local-tests.mjs	2026-10-05T12:55:42.2695744Z   duration_ms: 3.249583
local-invariants	Run node tools/quality/run-local-tests.mjs	2026-10-05T12:55:42.2696056Z   type: 'test'
local-invariants	Run node tools/quality/run-local-tests.mjs	2026-10-05T12:55:42.2696368Z   ...
local-invariants	Run node tools/quality/run-local-tests.mjs	2026-10-05T12:55:42.2711632Z # Subtest: a private root inside an attacker-writable ancestor is rejected
local-invariants	Run node tools/quality/run-local-tests.mjs	2026-10-05T12:55:42.2713987Z ok 418 - a private root inside an attacker-writable ancestor is rejected
local-invariants	Run node tools/quality/run-local-tests.mjs	2026-10-05T12:55:42.2714532Z   ---
local-invariants	Run node tools/quality/run-local-tests.mjs	2026-10-05T12:55:42.2714807Z   duration_ms: 1.724509
local-invariants	Run node tools/quality/run-local-tests.mjs	2026-10-05T12:55:42.2715122Z   type: 'test'
local-invariants	Run node tools/quality/run-local-tests.mjs	2026-10-05T12:55:42.2715374Z   ...
local-invariants	Run node tools/quality/run-local-tests.mjs	2026-10-05T12:55:42.2782772Z # Subtest: directory permissions are rechecked when an existing store is used
local-invariants	Run node tools/quality/run-local-tests.mjs	2026-10-05T12:55:42.2784531Z ok 419 - directory permissions are rechecked when an existing store is used
local-invariants	Run node tools/quality/run-local-tests.mjs	2026-10-05T12:55:42.2785364Z   ---
local-invariants	Run node tools/quality/run-local-tests.mjs	2026-10-05T12:55:42.2785668Z   duration_ms: 6.786668
local-invariants	Run node tools/quality/run-local-tests.mjs	2026-10-05T12:55:42.2785984Z   type: 'test'
local-invariants	Run node tools/quality/run-local-tests.mjs	2026-10-05T12:55:42.2786269Z   ...
local-invariants	Run node tools/quality/run-local-tests.mjs	2026-10-05T12:55:42.2869260Z # Subtest: inventory is tenant-local, bounded and ignores symlinks and unfinished uploads
local-invariants	Run node tools/quality/run-local-tests.mjs	2026-10-05T12:55:42.2870027Z ok 420 - inventory is tenant-local, bounded and ignores symlinks and unfinished uploads
local-invariants	Run node tools/quality/run-local-tests.mjs	2026-10-05T12:55:42.2871845Z   ---
local-invariants	Run node tools/quality/run-local-tests.mjs	2026-10-05T12:55:42.2872151Z   duration_ms: 8.388065
local-invariants	Run node tools/quality/run-local-tests.mjs	2026-10-05T12:55:42.2872487Z   type: 'test'
local-invariants	Run node tools/quality/run-local-tests.mjs	2026-10-05T12:55:42.2872764Z   ...
local-invariants	Run node tools/quality/run-local-tests.mjs	2026-10-05T12:55:42.2962427Z # Subtest: simultaneous physical purges are idempotent and always require an exact digest
local-invariants	Run node tools/quality/run-local-tests.mjs	2026-10-05T12:55:42.2963733Z ok 421 - simultaneous physical purges are idempotent and always require an exact digest
local-invariants	Run node tools/quality/run-local-tests.mjs	2026-10-05T12:55:42.2964311Z   ---
local-invariants	Run node tools/quality/run-local-tests.mjs	2026-10-05T12:55:42.2964675Z   duration_ms: 9.557188
local-invariants	Run node tools/quality/run-local-tests.mjs	2026-10-05T12:55:42.2965158Z   type: 'test'
local-invariants	Run node tools/quality/run-local-tests.mjs	2026-10-05T12:55:42.2965665Z   ...
local-invariants	Run node tools/quality/run-local-tests.mjs	2026-10-05T12:55:42.3013539Z # Subtest: inventory never enters a symlinked tenant directory
local-invariants	Run node tools/quality/run-local-tests.mjs	2026-10-05T12:55:42.3014338Z ok 422 - inventory never enters a symlinked tenant directory
local-invariants	Run node tools/quality/run-local-tests.mjs	2026-10-05T12:55:42.3014748Z   ---
local-invariants	Run node tools/quality/run-local-tests.mjs	2026-10-05T12:55:42.3014939Z   duration_ms: 5.20459
local-invariants	Run node tools/quality/run-local-tests.mjs	2026-10-05T12:55:42.3015156Z   type: 'test'
local-invariants	Run node tools/quality/run-local-tests.mjs	2026-10-05T12:55:42.3015346Z   ...
local-invariants	Run node tools/quality/run-local-tests.mjs	2026-10-05T12:55:42.3100875Z # Subtest: a FIFO substituted for source ciphertext is rejected instead of blocking the file reader
local-invariants	Run node tools/quality/run-local-tests.mjs	2026-10-05T12:55:42.3102159Z ok 423 - a FIFO substituted for source ciphertext is rejected instead of blocking the file reader
local-invariants	Run node tools/quality/run-local-tests.mjs	2026-10-05T12:55:42.3102721Z   ---
local-invariants	Run node tools/quality/run-local-tests.mjs	2026-10-05T12:55:42.3103018Z   duration_ms: 8.604671
local-invariants	Run node tools/quality/run-local-tests.mjs	2026-10-05T12:55:42.3103422Z   type: 'test'
local-invariants	Run node tools/quality/run-local-tests.mjs	2026-10-05T12:55:42.3103754Z   ...
local-invariants	Run node tools/quality/run-local-tests.mjs	2026-10-05T12:55:42.4156702Z # Subtest: compiles a complete deterministic legacy stage map
local-invariants	Run node tools/quality/run-local-tests.mjs	2026-10-05T12:55:42.4157729Z ok 424 - compiles a complete deterministic legacy stage map
local-invariants	Run node tools/quality/run-local-tests.mjs	2026-10-05T12:55:42.4158209Z   ---
local-invariants	Run node tools/quality/run-local-tests.mjs	2026-10-05T12:55:42.4158456Z   duration_ms: 3.094892
local-invariants	Run node tools/quality/run-local-tests.mjs	2026-10-05T12:55:42.4158722Z   type: 'test'
local-invariants	Run node tools/quality/run-local-tests.mjs	2026-10-05T12:55:42.4158924Z   ...
local-invariants	Run node tools/quality/run-local-tests.mjs	2026-10-05T12:55:42.4159211Z # Subtest: requires every legacy stage to be mapped
local-invariants	Run node tools/quality/run-local-tests.mjs	2026-10-05T12:55:42.4159629Z ok 425 - requires every legacy stage to be mapped
local-invariants	Run node tools/quality/run-local-tests.mjs	2026-10-05T12:55:42.4159946Z   ---
local-invariants	Run node tools/quality/run-local-tests.mjs	2026-10-05T12:55:42.4160326Z   duration_ms: 0.520193
local-invariants	Run node tools/quality/run-local-tests.mjs	2026-10-05T12:55:42.4160785Z   type: 'test'
local-invariants	Run node tools/quality/run-local-tests.mjs	2026-10-05T12:55:42.4161179Z   ...
local-invariants	Run node tools/quality/run-local-tests.mjs	2026-10-05T12:55:42.4161813Z # Subtest: rejects semantic mismatch between legacy outcome and pipeline stage type
local-invariants	Run node tools/quality/run-local-tests.mjs	2026-10-05T12:55:42.4162618Z ok 426 - rejects semantic mismatch between legacy outcome and pipeline stage type
local-invariants	Run node tools/quality/run-local-tests.mjs	2026-10-05T12:55:42.4162959Z   ---
local-invariants	Run node tools/quality/run-local-tests.mjs	2026-10-05T12:55:42.4163134Z   duration_ms: 0.203593
local-invariants	Run node tools/quality/run-local-tests.mjs	2026-10-05T12:55:42.4163340Z   type: 'test'
local-invariants	Run node tools/quality/run-local-tests.mjs	2026-10-05T12:55:42.4163527Z   ...
local-invariants	Run node tools/quality/run-local-tests.mjs	2026-10-05T12:55:42.4163922Z # Subtest: reconciliation reports missing, wrong and orphan assignments deterministically
local-invariants	Run node tools/quality/run-local-tests.mjs	2026-10-05T12:55:42.4164733Z ok 427 - reconciliation reports missing, wrong and orphan assignments deterministically
local-invariants	Run node tools/quality/run-local-tests.mjs	2026-10-05T12:55:42.4165307Z   ---
local-invariants	Run node tools/quality/run-local-tests.mjs	2026-10-05T12:55:42.4165488Z   duration_ms: 1.12251
local-invariants	Run node tools/quality/run-local-tests.mjs	2026-10-05T12:55:42.4165692Z   type: 'test'
local-invariants	Run node tools/quality/run-local-tests.mjs	2026-10-05T12:55:42.4165873Z   ...
local-invariants	Run node tools/quality/run-local-tests.mjs	2026-10-05T12:55:42.5191283Z # Subtest: normalizes a safe pipeline slug
local-invariants	Run node tools/quality/run-local-tests.mjs	2026-10-05T12:55:42.5192150Z ok 428 - normalizes a safe pipeline slug
local-invariants	Run node tools/quality/run-local-tests.mjs	2026-10-05T12:55:42.5192670Z   ---
local-invariants	Run node tools/quality/run-local-tests.mjs	2026-10-05T12:55:42.5192977Z   duration_ms: 1.153445
local-invariants	Run node tools/quality/run-local-tests.mjs	2026-10-05T12:55:42.5193334Z   type: 'test'
local-invariants	Run node tools/quality/run-local-tests.mjs	2026-10-05T12:55:42.5193675Z   ...
local-invariants	Run node tools/quality/run-local-tests.mjs	2026-10-05T12:55:42.5194094Z # Subtest: accepts a complete pipeline definition
local-invariants	Run node tools/quality/run-local-tests.mjs	2026-10-05T12:55:42.5194691Z ok 429 - accepts a complete pipeline definition
local-invariants	Run node tools/quality/run-local-tests.mjs	2026-10-05T12:55:42.5195109Z   ---
local-invariants	Run node tools/quality/run-local-tests.mjs	2026-10-05T12:55:42.5195399Z   duration_ms: 0.777967
local-invariants	Run node tools/quality/run-local-tests.mjs	2026-10-05T12:55:42.5195721Z   type: 'test'
local-invariants	Run node tools/quality/run-local-tests.mjs	2026-10-05T12:55:42.5196001Z   ...
local-invariants	Run node tools/quality/run-local-tests.mjs	2026-10-05T12:55:42.5196376Z # Subtest: rejects duplicate stage IDs
local-invariants	Run node tools/quality/run-local-tests.mjs	2026-10-05T12:55:42.5196883Z ok 430 - rejects duplicate stage IDs
local-invariants	Run node tools/quality/run-local-tests.mjs	2026-10-05T12:55:42.5197254Z   ---
local-invariants	Run node tools/quality/run-local-tests.mjs	2026-10-05T12:55:42.5198121Z   duration_ms: 0.494746
local-invariants	Run node tools/quality/run-local-tests.mjs	2026-10-05T12:55:42.5198433Z   type: 'test'
local-invariants	Run node tools/quality/run-local-tests.mjs	2026-10-05T12:55:42.5198709Z   ...
local-invariants	Run node tools/quality/run-local-tests.mjs	2026-10-05T12:55:42.5207210Z # Subtest: rejects non-contiguous positions
local-invariants	Run node tools/quality/run-local-tests.mjs	2026-10-05T12:55:42.5207850Z ok 431 - rejects non-contiguous positions
local-invariants	Run node tools/quality/run-local-tests.mjs	2026-10-05T12:55:42.5208277Z   ---
local-invariants	Run node tools/quality/run-local-tests.mjs	2026-10-05T12:55:42.5208564Z   duration_ms: 0.298925
local-invariants	Run node tools/quality/run-local-tests.mjs	2026-10-05T12:55:42.5208899Z   type: 'test'
local-invariants	Run node tools/quality/run-local-tests.mjs	2026-10-05T12:55:42.5209181Z   ...
local-invariants	Run node tools/quality/run-local-tests.mjs	2026-10-05T12:55:42.5209613Z # Subtest: rejects invalid terminal probability
local-invariants	Run node tools/quality/run-local-tests.mjs	2026-10-05T12:55:42.5210758Z ok 432 - rejects invalid terminal probability
local-invariants	Run node tools/quality/run-local-tests.mjs	2026-10-05T12:55:42.5211177Z   ---
local-invariants	Run node tools/quality/run-local-tests.mjs	2026-10-05T12:55:42.5211459Z   duration_ms: 0.175571
local-invariants	Run node tools/quality/run-local-tests.mjs	2026-10-05T12:55:42.5211782Z   type: 'test'
local-invariants	Run node tools/quality/run-local-tests.mjs	2026-10-05T12:55:42.5212060Z   ...
local-invariants	Run node tools/quality/run-local-tests.mjs	2026-10-05T12:55:42.5212470Z # Subtest: rejects an archived default pipeline
local-invariants	Run node tools/quality/run-local-tests.mjs	2026-10-05T12:55:42.5213032Z ok 433 - rejects an archived default pipeline
local-invariants	Run node tools/quality/run-local-tests.mjs	2026-10-05T12:55:42.5213427Z   ---
local-invariants	Run node tools/quality/run-local-tests.mjs	2026-10-05T12:55:42.5213702Z   duration_ms: 0.199917
local-invariants	Run node tools/quality/run-local-tests.mjs	2026-10-05T12:55:42.5214026Z   type: 'test'
local-invariants	Run node tools/quality/run-local-tests.mjs	2026-10-05T12:55:42.5214303Z   ...
local-invariants	Run node tools/quality/run-local-tests.mjs	2026-10-05T12:55:42.5221209Z # Subtest: plans an allowed transition with optimistic version increment
local-invariants	Run node tools/quality/run-local-tests.mjs	2026-10-05T12:55:42.5222264Z ok 434 - plans an allowed transition with optimistic version increment
local-invariants	Run node tools/quality/run-local-tests.mjs	2026-10-05T12:55:42.5223031Z   ---
local-invariants	Run node tools/quality/run-local-tests.mjs	2026-10-05T12:55:42.5223317Z   duration_ms: 0.418553
local-invariants	Run node tools/quality/run-local-tests.mjs	2026-10-05T12:55:42.5223635Z   type: 'test'
local-invariants	Run node tools/quality/run-local-tests.mjs	2026-10-05T12:55:42.5223912Z   ...
local-invariants	Run node tools/quality/run-local-tests.mjs	2026-10-05T12:55:42.5224326Z # Subtest: treats same-stage movement as idempotent
local-invariants	Run node tools/quality/run-local-tests.mjs	2026-10-05T12:55:42.5224934Z ok 435 - treats same-stage movement as idempotent
local-invariants	Run node tools/quality/run-local-tests.mjs	2026-10-05T12:55:42.5225349Z   ---
local-invariants	Run node tools/quality/run-local-tests.mjs	2026-10-05T12:55:42.5225620Z   duration_ms: 0.16126
local-invariants	Run node tools/quality/run-local-tests.mjs	2026-10-05T12:55:42.5225919Z   type: 'test'
local-invariants	Run node tools/quality/run-local-tests.mjs	2026-10-05T12:55:42.5226143Z   ...
local-invariants	Run node tools/quality/run-local-tests.mjs	2026-10-05T12:55:42.5226440Z # Subtest: rejects a transition that violates stage rules
local-invariants	Run node tools/quality/run-local-tests.mjs	2026-10-05T12:55:42.5226846Z ok 436 - rejects a transition that violates stage rules
local-invariants	Run node tools/quality/run-local-tests.mjs	2026-10-05T12:55:42.5227206Z   ---
local-invariants	Run node tools/quality/run-local-tests.mjs	2026-10-05T12:55:42.5227469Z   duration_ms: 0.319886
local-invariants	Run node tools/quality/run-local-tests.mjs	2026-10-05T12:55:42.5227791Z   type: 'test'
local-invariants	Run node tools/quality/run-local-tests.mjs	2026-10-05T12:55:42.5228053Z   ...
local-invariants	Run node tools/quality/run-local-tests.mjs	2026-10-05T12:55:42.5228373Z # Subtest: rejects stale optimistic version
local-invariants	Run node tools/quality/run-local-tests.mjs	2026-10-05T12:55:42.5228703Z ok 437 - rejects stale optimistic version
local-invariants	Run node tools/quality/run-local-tests.mjs	2026-10-05T12:55:42.5228951Z   ---
local-invariants	Run node tools/quality/run-local-tests.mjs	2026-10-05T12:55:42.5229201Z   duration_ms: 0.422539
local-invariants	Run node tools/quality/run-local-tests.mjs	2026-10-05T12:55:42.5229502Z   type: 'test'
local-invariants	Run node tools/quality/run-local-tests.mjs	2026-10-05T12:55:42.5229776Z   ...
local-invariants	Run node tools/quality/run-local-tests.mjs	2026-10-05T12:55:42.5230292Z # Subtest: rejects cross-tenant assignment
local-invariants	Run node tools/quality/run-local-tests.mjs	2026-10-05T12:55:42.5230668Z ok 438 - rejects cross-tenant assignment
local-invariants	Run node tools/quality/run-local-tests.mjs	2026-10-05T12:55:42.5230927Z   ---
local-invariants	Run node tools/quality/run-local-tests.mjs	2026-10-05T12:55:42.5231100Z   duration_ms: 0.172587
local-invariants	Run node tools/quality/run-local-tests.mjs	2026-10-05T12:55:42.5231300Z   type: 'test'
local-invariants	Run node tools/quality/run-local-tests.mjs	2026-10-05T12:55:42.5231473Z   ...
local-invariants	Run node tools/quality/run-local-tests.mjs	2026-10-05T12:55:42.5231978Z # Subtest: requires explicit permission to reopen a terminal deal
local-invariants	Run node tools/quality/run-local-tests.mjs	2026-10-05T12:55:42.5232689Z ok 439 - requires explicit permission to reopen a terminal deal
local-invariants	Run node tools/quality/run-local-tests.mjs	2026-10-05T12:55:42.5233149Z   ---
local-invariants	Run node tools/quality/run-local-tests.mjs	2026-10-05T12:55:42.5233402Z   duration_ms: 0.149052
local-invariants	Run node tools/quality/run-local-tests.mjs	2026-10-05T12:55:42.5233679Z   type: 'test'
local-invariants	Run node tools/quality/run-local-tests.mjs	2026-10-05T12:55:42.5233859Z   ...
local-invariants	Run node tools/quality/run-local-tests.mjs	2026-10-05T12:55:42.5234152Z # Subtest: allows an explicitly authorized terminal reopen
local-invariants	Run node tools/quality/run-local-tests.mjs	2026-10-05T12:55:42.5234545Z ok 440 - allows an explicitly authorized terminal reopen
local-invariants	Run node tools/quality/run-local-tests.mjs	2026-10-05T12:55:42.5234817Z   ---
local-invariants	Run node tools/quality/run-local-tests.mjs	2026-10-05T12:55:42.5235001Z   duration_ms: 0.141921
local-invariants	Run node tools/quality/run-local-tests.mjs	2026-10-05T12:55:42.5235201Z   type: 'test'
local-invariants	Run node tools/quality/run-local-tests.mjs	2026-10-05T12:55:42.5235371Z   ...
local-invariants	Run node tools/quality/run-local-tests.mjs	2026-10-05T12:55:42.5235733Z # Subtest: builds deterministic legacy assignments
local-invariants	Run node tools/quality/run-local-tests.mjs	2026-10-05T12:55:42.5236290Z ok 441 - builds deterministic legacy assignments
local-invariants	Run node tools/quality/run-local-tests.mjs	2026-10-05T12:55:42.5236706Z   ---
local-invariants	Run node tools/quality/run-local-tests.mjs	2026-10-05T12:55:42.5237008Z   duration_ms: 0.790786
local-invariants	Run node tools/quality/run-local-tests.mjs	2026-10-05T12:55:42.5237316Z   type: 'test'
local-invariants	Run node tools/quality/run-local-tests.mjs	2026-10-05T12:55:42.5237577Z   ...
local-invariants	Run node tools/quality/run-local-tests.mjs	2026-10-05T12:55:42.5238022Z # Subtest: fails closed when a legacy stage has no mapping
local-invariants	Run node tools/quality/run-local-tests.mjs	2026-10-05T12:55:42.5238651Z ok 442 - fails closed when a legacy stage has no mapping
local-invariants	Run node tools/quality/run-local-tests.mjs	2026-10-05T12:55:42.5239090Z   ---
local-invariants	Run node tools/quality/run-local-tests.mjs	2026-10-05T12:55:42.5239351Z   duration_ms: 0.243892
local-invariants	Run node tools/quality/run-local-tests.mjs	2026-10-05T12:55:42.5239644Z   type: 'test'
local-invariants	Run node tools/quality/run-local-tests.mjs	2026-10-05T12:55:42.5239903Z   ...
local-invariants	Run node tools/quality/run-local-tests.mjs	2026-10-05T12:55:42.5240965Z # Subtest: calculates exact minor-unit analytics without floating point
local-invariants	Run node tools/quality/run-local-tests.mjs	2026-10-05T12:55:42.5241600Z ok 443 - calculates exact minor-unit analytics without floating point
local-invariants	Run node tools/quality/run-local-tests.mjs	2026-10-05T12:55:42.5241926Z   ---
local-invariants	Run node tools/quality/run-local-tests.mjs	2026-10-05T12:55:42.5242101Z   duration_ms: 0.661063
local-invariants	Run node tools/quality/run-local-tests.mjs	2026-10-05T12:55:42.5242303Z   type: 'test'
local-invariants	Run node tools/quality/run-local-tests.mjs	2026-10-05T12:55:42.5242483Z   ...
local-invariants	Run node tools/quality/run-local-tests.mjs	2026-10-05T12:55:42.6382128Z # Subtest: maps Prisma pipeline rows into the domain shape
local-invariants	Run node tools/quality/run-local-tests.mjs	2026-10-05T12:55:42.6383216Z ok 444 - maps Prisma pipeline rows into the domain shape
local-invariants	Run node tools/quality/run-local-tests.mjs	2026-10-05T12:55:42.6384251Z   ---
local-invariants	Run node tools/quality/run-local-tests.mjs	2026-10-05T12:55:42.6384468Z   duration_ms: 2.206081
local-invariants	Run node tools/quality/run-local-tests.mjs	2026-10-05T12:55:42.6384778Z   type: 'test'
local-invariants	Run node tools/quality/run-local-tests.mjs	2026-10-05T12:55:42.6385084Z   ...
local-invariants	Run node tools/quality/run-local-tests.mjs	2026-10-05T12:55:42.6385572Z # Subtest: scopes every pipeline read by workspace and bounds the list
local-invariants	Run node tools/quality/run-local-tests.mjs	2026-10-05T12:55:42.6386360Z ok 445 - scopes every pipeline read by workspace and bounds the list
local-invariants	Run node tools/quality/run-local-tests.mjs	2026-10-05T12:55:42.6386873Z   ---
local-invariants	Run node tools/quality/run-local-tests.mjs	2026-10-05T12:55:42.6387126Z   duration_ms: 0.948822
local-invariants	Run node tools/quality/run-local-tests.mjs	2026-10-05T12:55:42.6387414Z   type: 'test'
local-invariants	Run node tools/quality/run-local-tests.mjs	2026-10-05T12:55:42.6387738Z   ...
local-invariants	Run node tools/quality/run-local-tests.mjs	2026-10-05T12:55:42.6392913Z # Subtest: uses serializable interactive transactions
local-invariants	Run node tools/quality/run-local-tests.mjs	2026-10-05T12:55:42.6393548Z ok 446 - uses serializable interactive transactions
local-invariants	Run node tools/quality/run-local-tests.mjs	2026-10-05T12:55:42.6393966Z   ---
local-invariants	Run node tools/quality/run-local-tests.mjs	2026-10-05T12:55:42.6394230Z   duration_ms: 0.340797
local-invariants	Run node tools/quality/run-local-tests.mjs	2026-10-05T12:55:42.6394539Z   type: 'test'
local-invariants	Run node tools/quality/run-local-tests.mjs	2026-10-05T12:55:42.6394732Z   ...
local-invariants	Run node tools/quality/run-local-tests.mjs	2026-10-05T12:55:42.6395052Z # Subtest: retries only bounded Prisma serialization conflicts
local-invariants	Run node tools/quality/run-local-tests.mjs	2026-10-05T12:55:42.6395650Z ok 447 - retries only bounded Prisma serialization conflicts
local-invariants	Run node tools/quality/run-local-tests.mjs	2026-10-05T12:55:42.6396132Z   ---
local-invariants	Run node tools/quality/run-local-tests.mjs	2026-10-05T12:55:42.6396388Z   duration_ms: 0.381076
local-invariants	Run node tools/quality/run-local-tests.mjs	2026-10-05T12:55:42.6396697Z   type: 'test'
local-invariants	Run node tools/quality/run-local-tests.mjs	2026-10-05T12:55:42.6396976Z   ...
local-invariants	Run node tools/quality/run-local-tests.mjs	2026-10-05T12:55:42.6397428Z # Subtest: does not retry permanent Prisma errors
local-invariants	Run node tools/quality/run-local-tests.mjs	2026-10-05T12:55:42.6401167Z ok 448 - does not retry permanent Prisma errors
local-invariants	Run node tools/quality/run-local-tests.mjs	2026-10-05T12:55:42.6401867Z   ---
local-invariants	Run node tools/quality/run-local-tests.mjs	2026-10-05T12:55:42.6402533Z   duration_ms: 0.323421
local-invariants	Run node tools/quality/run-local-tests.mjs	2026-10-05T12:55:42.6403130Z   type: 'test'
local-invariants	Run node tools/quality/run-local-tests.mjs	2026-10-05T12:55:42.6403640Z   ...
local-invariants	Run node tools/quality/run-local-tests.mjs	2026-10-05T12:55:42.6404312Z # Subtest: maps exhausted serialization retries to a stable runtime error
local-invariants	Run node tools/quality/run-local-tests.mjs	2026-10-05T12:55:42.6405242Z ok 449 - maps exhausted serialization retries to a stable runtime error
local-invariants	Run node tools/quality/run-local-tests.mjs	2026-10-05T12:55:42.6405988Z   ---
local-invariants	Run node tools/quality/run-local-tests.mjs	2026-10-05T12:55:42.6406470Z   duration_ms: 1.236669
local-invariants	Run node tools/quality/run-local-tests.mjs	2026-10-05T12:55:42.6406999Z   type: 'test'
local-invariants	Run node tools/quality/run-local-tests.mjs	2026-10-05T12:55:42.6407481Z   ...
local-invariants	Run node tools/quality/run-local-tests.mjs	2026-10-05T12:55:42.6408220Z # Subtest: rejects an invalid retry jitter source before sleeping
local-invariants	Run node tools/quality/run-local-tests.mjs	2026-10-05T12:55:42.6409190Z ok 450 - rejects an invalid retry jitter source before sleeping
local-invariants	Run node tools/quality/run-local-tests.mjs	2026-10-05T12:55:42.6409880Z   ---
local-invariants	Run node tools/quality/run-local-tests.mjs	2026-10-05T12:55:42.6410547Z   duration_ms: 0.333867
local-invariants	Run node tools/quality/run-local-tests.mjs	2026-10-05T12:55:42.6411076Z   type: 'test'
local-invariants	Run node tools/quality/run-local-tests.mjs	2026-10-05T12:55:42.6411559Z   ...
local-invariants	Run node tools/quality/run-local-tests.mjs	2026-10-05T12:55:42.6412382Z # Subtest: persists command receipts and audit events using workspace-owned fields
local-invariants	Run node tools/quality/run-local-tests.mjs	2026-10-05T12:55:42.6413531Z ok 451 - persists command receipts and audit events using workspace-owned fields
local-invariants	Run node tools/quality/run-local-tests.mjs	2026-10-05T12:55:42.6414330Z   ---
local-invariants	Run node tools/quality/run-local-tests.mjs	2026-10-05T12:55:42.6414827Z   duration_ms: 0.34239
local-invariants	Run node tools/quality/run-local-tests.mjs	2026-10-05T12:55:42.6415347Z   type: 'test'
local-invariants	Run node tools/quality/run-local-tests.mjs	2026-10-05T12:55:42.6415790Z   ...
local-invariants	Run node tools/quality/run-local-tests.mjs	2026-10-05T12:55:42.6416528Z # Subtest: enforces the maximum number of pipelines inside the transaction
local-invariants	Run node tools/quality/run-local-tests.mjs	2026-10-05T12:55:42.6417581Z ok 452 - enforces the maximum number of pipelines inside the transaction
local-invariants	Run node tools/quality/run-local-tests.mjs	2026-10-05T12:55:42.6418309Z   ---
local-invariants	Run node tools/quality/run-local-tests.mjs	2026-10-05T12:55:42.6418784Z   duration_ms: 0.759279
local-invariants	Run node tools/quality/run-local-tests.mjs	2026-10-05T12:55:42.6419297Z   type: 'test'
local-invariants	Run node tools/quality/run-local-tests.mjs	2026-10-05T12:55:42.6419770Z   ...
local-invariants	Run node tools/quality/run-local-tests.mjs	2026-10-05T12:55:42.6420740Z # Subtest: atomically hands off the default during pipeline creation
local-invariants	Run node tools/quality/run-local-tests.mjs	2026-10-05T12:55:42.6421811Z ok 453 - atomically hands off the default during pipeline creation
local-invariants	Run node tools/quality/run-local-tests.mjs	2026-10-05T12:55:42.6422532Z   ---
local-invariants	Run node tools/quality/run-local-tests.mjs	2026-10-05T12:55:42.6423045Z   duration_ms: 0.777216
local-invariants	Run node tools/quality/run-local-tests.mjs	2026-10-05T12:55:42.6423553Z   type: 'test'
local-invariants	Run node tools/quality/run-local-tests.mjs	2026-10-05T12:55:42.6424014Z   ...
local-invariants	Run node tools/quality/run-local-tests.mjs	2026-10-05T12:55:42.6424686Z # Subtest: maps a duplicate slug to a stable domain error
local-invariants	Run node tools/quality/run-local-tests.mjs	2026-10-05T12:55:42.6425547Z ok 454 - maps a duplicate slug to a stable domain error
local-invariants	Run node tools/quality/run-local-tests.mjs	2026-10-05T12:55:42.6426689Z   ---
local-invariants	Run node tools/quality/run-local-tests.mjs	2026-10-05T12:55:42.6427159Z   duration_ms: 0.31633
local-invariants	Run node tools/quality/run-local-tests.mjs	2026-10-05T12:55:42.6427672Z   type: 'test'
local-invariants	Run node tools/quality/run-local-tests.mjs	2026-10-05T12:55:42.6428136Z   ...
local-invariants	Run node tools/quality/run-local-tests.mjs	2026-10-05T12:55:42.6428963Z # Subtest: neutralizes stage keys and positions before an ordered replacement
local-invariants	Run node tools/quality/run-local-tests.mjs	2026-10-05T12:55:42.6430271Z ok 455 - neutralizes stage keys and positions before an ordered replacement
local-invariants	Run node tools/quality/run-local-tests.mjs	2026-10-05T12:55:42.6431038Z   ---
local-invariants	Run node tools/quality/run-local-tests.mjs	2026-10-05T12:55:42.6431518Z   duration_ms: 1.399912
local-invariants	Run node tools/quality/run-local-tests.mjs	2026-10-05T12:55:42.6432023Z   type: 'test'
local-invariants	Run node tools/quality/run-local-tests.mjs	2026-10-05T12:55:42.6432787Z   ...
local-invariants	Run node tools/quality/run-local-tests.mjs	2026-10-05T12:55:42.6433491Z # Subtest: blocks removal of a stage that already owns assignments
local-invariants	Run node tools/quality/run-local-tests.mjs	2026-10-05T12:55:42.6434387Z ok 456 - blocks removal of a stage that already owns assignments
local-invariants	Run node tools/quality/run-local-tests.mjs	2026-10-05T12:55:42.6434970Z   ---
local-invariants	Run node tools/quality/run-local-tests.mjs	2026-10-05T12:55:42.6435401Z   duration_ms: 0.358813
local-invariants	Run node tools/quality/run-local-tests.mjs	2026-10-05T12:55:42.6435863Z   type: 'test'
local-invariants	Run node tools/quality/run-local-tests.mjs	2026-10-05T12:55:42.6436299Z   ...
local-invariants	Run node tools/quality/run-local-tests.mjs	2026-10-05T12:55:42.6436980Z # Subtest: maps a foreign-key race during stage deletion to STAGE_IN_USE
local-invariants	Run node tools/quality/run-local-tests.mjs	2026-10-05T12:55:42.6437937Z ok 457 - maps a foreign-key race during stage deletion to STAGE_IN_USE
local-invariants	Run node tools/quality/run-local-tests.mjs	2026-10-05T12:55:42.6438572Z   ---
local-invariants	Run node tools/quality/run-local-tests.mjs	2026-10-05T12:55:42.6439007Z   duration_ms: 0.421036
local-invariants	Run node tools/quality/run-local-tests.mjs	2026-10-05T12:55:42.6439462Z   type: 'test'
local-invariants	Run node tools/quality/run-local-tests.mjs	2026-10-05T12:55:42.6439854Z   ...
local-invariants	Run node tools/quality/run-local-tests.mjs	2026-10-05T12:55:42.6440791Z # Subtest: sets the default pipeline with an optimistic version predicate
local-invariants	Run node tools/quality/run-local-tests.mjs	2026-10-05T12:55:42.6441719Z ok 458 - sets the default pipeline with an optimistic version predicate
local-invariants	Run node tools/quality/run-local-tests.mjs	2026-10-05T12:55:42.6442377Z   ---
local-invariants	Run node tools/quality/run-local-tests.mjs	2026-10-05T12:55:42.6442828Z   duration_ms: 0.353586
local-invariants	Run node tools/quality/run-local-tests.mjs	2026-10-05T12:55:42.6443304Z   type: 'test'
local-invariants	Run node tools/quality/run-local-tests.mjs	2026-10-05T12:55:42.6443744Z   ...
local-invariants	Run node tools/quality/run-local-tests.mjs	2026-10-05T12:55:42.6444469Z # Subtest: rejects a stale default-pipeline request before changing any defaults
local-invariants	Run node tools/quality/run-local-tests.mjs	2026-10-05T12:55:42.6445359Z ok 459 - rejects a stale default-pipeline request before changing any defaults
local-invariants	Run node tools/quality/run-local-tests.mjs	2026-10-05T12:55:42.6445988Z   ---
local-invariants	Run node tools/quality/run-local-tests.mjs	2026-10-05T12:55:42.6446321Z   duration_ms: 0.236031
local-invariants	Run node tools/quality/run-local-tests.mjs	2026-10-05T12:55:42.6446696Z   type: 'test'
local-invariants	Run node tools/quality/run-local-tests.mjs	2026-10-05T12:55:42.6447032Z   ...
local-invariants	Run node tools/quality/run-local-tests.mjs	2026-10-05T12:55:42.7837855Z # Subtest: creates an idempotent pipeline and writes one audit event
local-invariants	Run node tools/quality/run-local-tests.mjs	2026-10-05T12:55:42.7839134Z ok 460 - creates an idempotent pipeline and writes one audit event
local-invariants	Run node tools/quality/run-local-tests.mjs	2026-10-05T12:55:42.7840016Z   ---
local-invariants	Run node tools/quality/run-local-tests.mjs	2026-10-05T12:55:42.7840914Z   duration_ms: 5.728139
local-invariants	Run node tools/quality/run-local-tests.mjs	2026-10-05T12:55:42.7841548Z   type: 'test'
local-invariants	Run node tools/quality/run-local-tests.mjs	2026-10-05T12:55:42.7842040Z   ...
local-invariants	Run node tools/quality/run-local-tests.mjs	2026-10-05T12:55:42.7842985Z # Subtest: forces the first pipeline to default even when the caller does not request it
local-invariants	Run node tools/quality/run-local-tests.mjs	2026-10-05T12:55:42.7844231Z ok 461 - forces the first pipeline to default even when the caller does not request it
local-invariants	Run node tools/quality/run-local-tests.mjs	2026-10-05T12:55:42.7845161Z   ---
local-invariants	Run node tools/quality/run-local-tests.mjs	2026-10-05T12:55:42.7845683Z   duration_ms: 0.623367
local-invariants	Run node tools/quality/run-local-tests.mjs	2026-10-05T12:55:42.7846207Z   type: 'test'
local-invariants	Run node tools/quality/run-local-tests.mjs	2026-10-05T12:55:42.7846678Z   ...
local-invariants	Run node tools/quality/run-local-tests.mjs	2026-10-05T12:55:42.7847543Z # Subtest: atomically promotes an explicitly default second pipeline during creation
local-invariants	Run node tools/quality/run-local-tests.mjs	2026-10-05T12:55:42.7848771Z ok 462 - atomically promotes an explicitly default second pipeline during creation
local-invariants	Run node tools/quality/run-local-tests.mjs	2026-10-05T12:55:42.7849590Z   ---
local-invariants	Run node tools/quality/run-local-tests.mjs	2026-10-05T12:55:42.7850271Z   duration_ms: 7.508787
local-invariants	Run node tools/quality/run-local-tests.mjs	2026-10-05T12:55:42.7850807Z   type: 'test'
local-invariants	Run node tools/quality/run-local-tests.mjs	2026-10-05T12:55:42.7851286Z   ...
local-invariants	Run node tools/quality/run-local-tests.mjs	2026-10-05T12:55:42.7851997Z # Subtest: keeps an explicitly non-default later pipeline non-default
local-invariants	Run node tools/quality/run-local-tests.mjs	2026-10-05T12:55:42.7852970Z ok 463 - keeps an explicitly non-default later pipeline non-default
local-invariants	Run node tools/quality/run-local-tests.mjs	2026-10-05T12:55:42.7853693Z   ---
local-invariants	Run node tools/quality/run-local-tests.mjs	2026-10-05T12:55:42.7854170Z   duration_ms: 1.052034
local-invariants	Run node tools/quality/run-local-tests.mjs	2026-10-05T12:55:42.7854679Z   type: 'test'
local-invariants	Run node tools/quality/run-local-tests.mjs	2026-10-05T12:55:42.7855125Z   ...
local-invariants	Run node tools/quality/run-local-tests.mjs	2026-10-05T12:55:42.7855965Z # Subtest: replays a concurrently committed command after a deterministic mutation race
local-invariants	Run node tools/quality/run-local-tests.mjs	2026-10-05T12:55:42.7857182Z ok 464 - replays a concurrently committed command after a deterministic mutation race
local-invariants	Run node tools/quality/run-local-tests.mjs	2026-10-05T12:55:42.7857979Z   ---
local-invariants	Run node tools/quality/run-local-tests.mjs	2026-10-05T12:55:42.7858418Z   duration_ms: 0.936132
local-invariants	Run node tools/quality/run-local-tests.mjs	2026-10-05T12:55:42.7858908Z   type: 'test'
local-invariants	Run node tools/quality/run-local-tests.mjs	2026-10-05T12:55:42.7859351Z   ...
local-invariants	Run node tools/quality/run-local-tests.mjs	2026-10-05T12:55:42.7860106Z # Subtest: canonical payload hashing never invokes object or array accessors
local-invariants	Run node tools/quality/run-local-tests.mjs	2026-10-05T12:55:42.7861327Z ok 465 - canonical payload hashing never invokes object or array accessors
local-invariants	Run node tools/quality/run-local-tests.mjs	2026-10-05T12:55:42.7862524Z   ---
local-invariants	Run node tools/quality/run-local-tests.mjs	2026-10-05T12:55:42.7862961Z   duration_ms: 0.54468
local-invariants	Run node tools/quality/run-local-tests.mjs	2026-10-05T12:55:42.7863443Z   type: 'test'
local-invariants	Run node tools/quality/run-local-tests.mjs	2026-10-05T12:55:42.7863882Z   ...
local-invariants	Run node tools/quality/run-local-tests.mjs	2026-10-05T12:55:42.7864756Z # Subtest: canonical payload hashing rejects cycles, sparse arrays and custom serialization
local-invariants	Run node tools/quality/run-local-tests.mjs	2026-10-05T12:55:42.7865976Z ok 466 - canonical payload hashing rejects cycles, sparse arrays and custom serialization
local-invariants	Run node tools/quality/run-local-tests.mjs	2026-10-05T12:55:42.7866764Z   ---
local-invariants	Run node tools/quality/run-local-tests.mjs	2026-10-05T12:55:42.7867559Z   duration_ms: 0.257373
local-invariants	Run node tools/quality/run-local-tests.mjs	2026-10-05T12:55:42.7868055Z   type: 'test'
local-invariants	Run node tools/quality/run-local-tests.mjs	2026-10-05T12:55:42.7868511Z   ...
local-invariants	Run node tools/quality/run-local-tests.mjs	2026-10-05T12:55:42.7869270Z # Subtest: replays a command by its stable API payload before service-side reads
local-invariants	Run node tools/quality/run-local-tests.mjs	2026-10-05T12:55:42.7870522Z ok 467 - replays a command by its stable API payload before service-side reads
local-invariants	Run node tools/quality/run-local-tests.mjs	2026-10-05T12:55:42.7871345Z   ---
local-invariants	Run node tools/quality/run-local-tests.mjs	2026-10-05T12:55:42.7871788Z   duration_ms: 1.012636
local-invariants	Run node tools/quality/run-local-tests.mjs	2026-10-05T12:55:42.7872286Z   type: 'test'
local-invariants	Run node tools/quality/run-local-tests.mjs	2026-10-05T12:55:42.7872734Z   ...
local-invariants	Run node tools/quality/run-local-tests.mjs	2026-10-05T12:55:42.7873424Z # Subtest: rejects an idempotency key reused with another payload
local-invariants	Run node tools/quality/run-local-tests.mjs	2026-10-05T12:55:42.7876766Z ok 468 - rejects an idempotency key reused with another payload
local-invariants	Run node tools/quality/run-local-tests.mjs	2026-10-05T12:55:42.7877486Z   ---
local-invariants	Run node tools/quality/run-local-tests.mjs	2026-10-05T12:55:42.7877953Z   duration_ms: 1.120386
local-invariants	Run node tools/quality/run-local-tests.mjs	2026-10-05T12:55:42.7878448Z   type: 'test'
local-invariants	Run node tools/quality/run-local-tests.mjs	2026-10-05T12:55:42.7878897Z   ...
local-invariants	Run node tools/quality/run-local-tests.mjs	2026-10-05T12:55:42.7879562Z # Subtest: rejects tenant ownership supplied for another tenant
local-invariants	Run node tools/quality/run-local-tests.mjs	2026-10-05T12:55:42.7880627Z ok 469 - rejects tenant ownership supplied for another tenant
local-invariants	Run node tools/quality/run-local-tests.mjs	2026-10-05T12:55:42.7881121Z   ---
local-invariants	Run node tools/quality/run-local-tests.mjs	2026-10-05T12:55:42.7881523Z   duration_ms: 0.480425
local-invariants	Run node tools/quality/run-local-tests.mjs	2026-10-05T12:55:42.7881899Z   type: 'test'
local-invariants	Run node tools/quality/run-local-tests.mjs	2026-10-05T12:55:42.7882217Z   ...
local-invariants	Run node tools/quality/run-local-tests.mjs	2026-10-05T12:55:42.7882742Z # Subtest: normalizes pipeline-domain validation failures at the runtime boundary
local-invariants	Run node tools/quality/run-local-tests.mjs	2026-10-05T12:55:42.7883479Z ok 470 - normalizes pipeline-domain validation failures at the runtime boundary
local-invariants	Run node tools/quality/run-local-tests.mjs	2026-10-05T12:55:42.7883989Z   ---
local-invariants	Run node tools/quality/run-local-tests.mjs	2026-10-05T12:55:42.7884312Z   duration_ms: 0.350511
local-invariants	Run node tools/quality/run-local-tests.mjs	2026-10-05T12:55:42.7884676Z   type: 'test'
local-invariants	Run node tools/quality/run-local-tests.mjs	2026-10-05T12:55:42.7885001Z   ...
local-invariants	Run node tools/quality/run-local-tests.mjs	2026-10-05T12:55:42.7885484Z # Subtest: enforces action permission at the operation boundary
local-invariants	Run node tools/quality/run-local-tests.mjs	2026-10-05T12:55:42.7886068Z ok 471 - enforces action permission at the operation boundary
local-invariants	Run node tools/quality/run-local-tests.mjs	2026-10-05T12:55:42.7886794Z   ---
local-invariants	Run node tools/quality/run-local-tests.mjs	2026-10-05T12:55:42.7887236Z   duration_ms: 0.240298
local-invariants	Run node tools/quality/run-local-tests.mjs	2026-10-05T12:55:42.7887569Z   type: 'test'
local-invariants	Run node tools/quality/run-local-tests.mjs	2026-10-05T12:55:42.7887832Z   ...
local-invariants	Run node tools/quality/run-local-tests.mjs	2026-10-05T12:55:42.7888316Z # Subtest: transitions a seeded deal with optimistic concurrency
local-invariants	Run node tools/quality/run-local-tests.mjs	2026-10-05T12:55:42.7889026Z ok 472 - transitions a seeded deal with optimistic concurrency
local-invariants	Run node tools/quality/run-local-tests.mjs	2026-10-05T12:55:42.7889482Z   ---
local-invariants	Run node tools/quality/run-local-tests.mjs	2026-10-05T12:55:42.7889746Z   duration_ms: 2.295945
local-invariants	Run node tools/quality/run-local-tests.mjs	2026-10-05T12:55:42.7890059Z   type: 'test'
local-invariants	Run node tools/quality/run-local-tests.mjs	2026-10-05T12:55:42.7890464Z   ...
local-invariants	Run node tools/quality/run-local-tests.mjs	2026-10-05T12:55:42.7891025Z # Subtest: serializes two concurrent transitions so only one stale version wins
local-invariants	Run node tools/quality/run-local-tests.mjs	2026-10-05T12:55:42.7891878Z ok 473 - serializes two concurrent transitions so only one stale version wins
local-invariants	Run node tools/quality/run-local-tests.mjs	2026-10-05T12:55:42.7892411Z   ---
local-invariants	Run node tools/quality/run-local-tests.mjs	2026-10-05T12:55:42.7892684Z   duration_ms: 0.997814
local-invariants	Run node tools/quality/run-local-tests.mjs	2026-10-05T12:55:42.7892992Z   type: 'test'
local-invariants	Run node tools/quality/run-local-tests.mjs	2026-10-05T12:55:42.7893249Z   ...
local-invariants	Run node tools/quality/run-local-tests.mjs	2026-10-05T12:55:42.7893749Z # Subtest: prevents deleting a stage that still owns a deal assignment
local-invariants	Run node tools/quality/run-local-tests.mjs	2026-10-05T12:55:42.7894487Z ok 474 - prevents deleting a stage that still owns a deal assignment
local-invariants	Run node tools/quality/run-local-tests.mjs	2026-10-05T12:55:42.7894973Z   ---
local-invariants	Run node tools/quality/run-local-tests.mjs	2026-10-05T12:55:42.7895231Z   duration_ms: 1.076982
local-invariants	Run node tools/quality/run-local-tests.mjs	2026-10-05T12:55:42.7895540Z   type: 'test'
local-invariants	Run node tools/quality/run-local-tests.mjs	2026-10-05T12:55:42.7895795Z   ...
local-invariants	Run node tools/quality/run-local-tests.mjs	2026-10-05T12:55:42.7896363Z # Subtest: atomically switches the default pipeline with optimistic concurrency
local-invariants	Run node tools/quality/run-local-tests.mjs	2026-10-05T12:55:42.7897220Z ok 475 - atomically switches the default pipeline with optimistic concurrency
local-invariants	Run node tools/quality/run-local-tests.mjs	2026-10-05T12:55:42.7897572Z   ---
local-invariants	Run node tools/quality/run-local-tests.mjs	2026-10-05T12:55:42.7897747Z   duration_ms: 1.376557
local-invariants	Run node tools/quality/run-local-tests.mjs	2026-10-05T12:55:42.7897950Z   type: 'test'
local-invariants	Run node tools/quality/run-local-tests.mjs	2026-10-05T12:55:42.7898119Z   ...
local-invariants	Run node tools/quality/run-local-tests.mjs	2026-10-05T12:55:42.7903007Z # Subtest: restore requires its own permission rather than archive permission
local-invariants	Run node tools/quality/run-local-tests.mjs	2026-10-05T12:55:42.7904169Z ok 476 - restore requires its own permission rather than archive permission
local-invariants	Run node tools/quality/run-local-tests.mjs	2026-10-05T12:55:42.7905313Z   ---
local-invariants	Run node tools/quality/run-local-tests.mjs	2026-10-05T12:55:42.7905711Z   duration_ms: 1.811364
local-invariants	Run node tools/quality/run-local-tests.mjs	2026-10-05T12:55:42.7906031Z   type: 'test'
local-invariants	Run node tools/quality/run-local-tests.mjs	2026-10-05T12:55:42.7906291Z   ...
local-invariants	Run node tools/quality/run-local-tests.mjs	2026-10-05T12:55:42.7906906Z # Subtest: in-memory keys do not collide when tenant and entity IDs contain colons
local-invariants	Run node tools/quality/run-local-tests.mjs	2026-10-05T12:55:42.7907476Z ok 477 - in-memory keys do not collide when tenant and entity IDs contain colons
local-invariants	Run node tools/quality/run-local-tests.mjs	2026-10-05T12:55:42.7907829Z   ---
local-invariants	Run node tools/quality/run-local-tests.mjs	2026-10-05T12:55:42.7908206Z   duration_ms: 0.304503
local-invariants	Run node tools/quality/run-local-tests.mjs	2026-10-05T12:55:42.7908417Z   type: 'test'
local-invariants	Run node tools/quality/run-local-tests.mjs	2026-10-05T12:55:42.7908602Z   ...
local-invariants	Run node tools/quality/run-local-tests.mjs	2026-10-05T12:55:42.7908855Z # Subtest: enforces the bounded pipeline count
local-invariants	Run node tools/quality/run-local-tests.mjs	2026-10-05T12:55:42.7909191Z ok 478 - enforces the bounded pipeline count
local-invariants	Run node tools/quality/run-local-tests.mjs	2026-10-05T12:55:42.7909435Z   ---
local-invariants	Run node tools/quality/run-local-tests.mjs	2026-10-05T12:55:42.7909613Z   duration_ms: 10.956725
local-invariants	Run node tools/quality/run-local-tests.mjs	2026-10-05T12:55:42.7909822Z   type: 'test'
local-invariants	Run node tools/quality/run-local-tests.mjs	2026-10-05T12:55:42.7910003Z   ...
local-invariants	Run node tools/quality/run-local-tests.mjs	2026-10-05T12:55:42.8963162Z # Subtest: givenPlainCredential_whenSealingAndOpening_thenReturnsValidatedPlaintext
local-invariants	Run node tools/quality/run-local-tests.mjs	2026-10-05T12:55:42.8964212Z ok 479 - givenPlainCredential_whenSealingAndOpening_thenReturnsValidatedPlaintext
local-invariants	Run node tools/quality/run-local-tests.mjs	2026-10-05T12:55:42.8964655Z   ---
local-invariants	Run node tools/quality/run-local-tests.mjs	2026-10-05T12:55:42.8964966Z   duration_ms: 3.521768
local-invariants	Run node tools/quality/run-local-tests.mjs	2026-10-05T12:55:42.8965292Z   type: 'test'
local-invariants	Run node tools/quality/run-local-tests.mjs	2026-10-05T12:55:42.8965562Z   ...
local-invariants	Run node tools/quality/run-local-tests.mjs	2026-10-05T12:55:42.8967634Z # Subtest: givenLegacyPlaintextAndStrictMode_whenOpening_thenRejects
local-invariants	Run node tools/quality/run-local-tests.mjs	2026-10-05T12:55:42.8968486Z ok 480 - givenLegacyPlaintextAndStrictMode_whenOpening_thenRejects
local-invariants	Run node tools/quality/run-local-tests.mjs	2026-10-05T12:55:42.8969102Z   ---
local-invariants	Run node tools/quality/run-local-tests.mjs	2026-10-05T12:55:42.8969327Z   duration_ms: 0.615235
local-invariants	Run node tools/quality/run-local-tests.mjs	2026-10-05T12:55:42.8969535Z   type: 'test'
local-invariants	Run node tools/quality/run-local-tests.mjs	2026-10-05T12:55:42.8969716Z   ...
local-invariants	Run node tools/quality/run-local-tests.mjs	2026-10-05T12:55:42.8971888Z # Subtest: givenLegacyPlaintextAndMigrationMode_whenOpening_thenMarksMigrationRequired
local-invariants	Run node tools/quality/run-local-tests.mjs	2026-10-05T12:55:42.8973088Z ok 481 - givenLegacyPlaintextAndMigrationMode_whenOpening_thenMarksMigrationRequired
local-invariants	Run node tools/quality/run-local-tests.mjs	2026-10-05T12:55:42.8973877Z   ---
local-invariants	Run node tools/quality/run-local-tests.mjs	2026-10-05T12:55:42.8974190Z   duration_ms: 0.497881
local-invariants	Run node tools/quality/run-local-tests.mjs	2026-10-05T12:55:42.8974603Z   type: 'test'
local-invariants	Run node tools/quality/run-local-tests.mjs	2026-10-05T12:55:42.8974994Z   ...
local-invariants	Run node tools/quality/run-local-tests.mjs	2026-10-05T12:55:42.8975674Z # Subtest: givenEncryptedValue_whenSealingAgain_thenPreventsDoubleEncryption
local-invariants	Run node tools/quality/run-local-tests.mjs	2026-10-05T12:55:42.8978276Z ok 482 - givenEncryptedValue_whenSealingAgain_thenPreventsDoubleEncryption
local-invariants	Run node tools/quality/run-local-tests.mjs	2026-10-05T12:55:42.8979043Z   ---
local-invariants	Run node tools/quality/run-local-tests.mjs	2026-10-05T12:55:42.8979433Z   duration_ms: 0.425112
local-invariants	Run node tools/quality/run-local-tests.mjs	2026-10-05T12:55:42.8979843Z   type: 'test'
local-invariants	Run node tools/quality/run-local-tests.mjs	2026-10-05T12:55:42.8980353Z   ...
local-invariants	Run node tools/quality/run-local-tests.mjs	2026-10-05T12:55:43.0046599Z # Subtest: givenValidContext_whenEncryptingAndDecrypting_thenRoundTripsWithoutPlaintextLeakage
local-invariants	Run node tools/quality/run-local-tests.mjs	2026-10-05T12:55:43.0048017Z ok 483 - givenValidContext_whenEncryptingAndDecrypting_thenRoundTripsWithoutPlaintextLeakage
local-invariants	Run node tools/quality/run-local-tests.mjs	2026-10-05T12:55:43.0048539Z   ---
local-invariants	Run node tools/quality/run-local-tests.mjs	2026-10-05T12:55:43.0048752Z   duration_ms: 3.730568
local-invariants	Run node tools/quality/run-local-tests.mjs	2026-10-05T12:55:43.0049004Z   type: 'test'
local-invariants	Run node tools/quality/run-local-tests.mjs	2026-10-05T12:55:43.0049204Z   ...
local-invariants	Run node tools/quality/run-local-tests.mjs	2026-10-05T12:55:43.0058498Z # Subtest: givenSamePlaintext_whenEncryptedTwice_thenRandomIvProducesDifferentEnvelopes
local-invariants	Run node tools/quality/run-local-tests.mjs	2026-10-05T12:55:43.0059741Z ok 484 - givenSamePlaintext_whenEncryptedTwice_thenRandomIvProducesDifferentEnvelopes
local-invariants	Run node tools/quality/run-local-tests.mjs	2026-10-05T12:55:43.0060718Z   ---
local-invariants	Run node tools/quality/run-local-tests.mjs	2026-10-05T12:55:43.0061025Z   duration_ms: 0.67894
local-invariants	Run node tools/quality/run-local-tests.mjs	2026-10-05T12:55:43.0061443Z   type: 'test'
local-invariants	Run node tools/quality/run-local-tests.mjs	2026-10-05T12:55:43.0061735Z   ...
local-invariants	Run node tools/quality/run-local-tests.mjs	2026-10-05T12:55:43.0062390Z # Subtest: givenWrongTenantContext_whenDecrypting_thenAuthenticationFails
local-invariants	Run node tools/quality/run-local-tests.mjs	2026-10-05T12:55:43.0063354Z ok 485 - givenWrongTenantContext_whenDecrypting_thenAuthenticationFails
local-invariants	Run node tools/quality/run-local-tests.mjs	2026-10-05T12:55:43.0063989Z   ---
local-invariants	Run node tools/quality/run-local-tests.mjs	2026-10-05T12:55:43.0064290Z   duration_ms: 0.773751
local-invariants	Run node tools/quality/run-local-tests.mjs	2026-10-05T12:55:43.0064702Z   type: 'test'
local-invariants	Run node tools/quality/run-local-tests.mjs	2026-10-05T12:55:43.0065060Z   ...
local-invariants	Run node tools/quality/run-local-tests.mjs	2026-10-05T12:55:43.0065645Z # Subtest: givenTamperedCiphertext_whenDecrypting_thenAuthenticationFails
local-invariants	Run node tools/quality/run-local-tests.mjs	2026-10-05T12:55:43.0066591Z ok 486 - givenTamperedCiphertext_whenDecrypting_thenAuthenticationFails
local-invariants	Run node tools/quality/run-local-tests.mjs	2026-10-05T12:55:43.0067090Z   ---
local-invariants	Run node tools/quality/run-local-tests.mjs	2026-10-05T12:55:43.0067345Z   duration_ms: 0.557198
local-invariants	Run node tools/quality/run-local-tests.mjs	2026-10-05T12:55:43.0067648Z   type: 'test'
local-invariants	Run node tools/quality/run-local-tests.mjs	2026-10-05T12:55:43.0067948Z   ...
local-invariants	Run node tools/quality/run-local-tests.mjs	2026-10-05T12:55:43.0068558Z # Subtest: givenMissingHistoricalKey_whenDecrypting_thenFailsWithoutLeakingSecret
local-invariants	Run node tools/quality/run-local-tests.mjs	2026-10-05T12:55:43.0069988Z ok 487 - givenMissingHistoricalKey_whenDecrypting_thenFailsWithoutLeakingSecret
local-invariants	Run node tools/quality/run-local-tests.mjs	2026-10-05T12:55:43.0070761Z   ---
local-invariants	Run node tools/quality/run-local-tests.mjs	2026-10-05T12:55:43.0079860Z   duration_ms: 0.572071
local-invariants	Run node tools/quality/run-local-tests.mjs	2026-10-05T12:55:43.0080540Z   type: 'test'
local-invariants	Run node tools/quality/run-local-tests.mjs	2026-10-05T12:55:43.0080831Z   ...
local-invariants	Run node tools/quality/run-local-tests.mjs	2026-10-05T12:55:43.0081516Z # Subtest: givenHistoricalKeyAndNewActiveKey_whenRotating_thenReencryptsWithNewKey
local-invariants	Run node tools/quality/run-local-tests.mjs	2026-10-05T12:55:43.0082500Z ok 488 - givenHistoricalKeyAndNewActiveKey_whenRotating_thenReencryptsWithNewKey
local-invariants	Run node tools/quality/run-local-tests.mjs	2026-10-05T12:55:43.0083440Z   ---
local-invariants	Run node tools/quality/run-local-tests.mjs	2026-10-05T12:55:43.0083708Z   duration_ms: 0.739309
local-invariants	Run node tools/quality/run-local-tests.mjs	2026-10-05T12:55:43.0084009Z   type: 'test'
local-invariants	Run node tools/quality/run-local-tests.mjs	2026-10-05T12:55:43.0084278Z   ...
local-invariants	Run node tools/quality/run-local-tests.mjs	2026-10-05T12:55:43.0084887Z # Subtest: givenPlaintext_whenDecrypting_thenRejectsImplicitLegacyFallback
local-invariants	Run node tools/quality/run-local-tests.mjs	2026-10-05T12:55:43.0085747Z ok 489 - givenPlaintext_whenDecrypting_thenRejectsImplicitLegacyFallback
local-invariants	Run node tools/quality/run-local-tests.mjs	2026-10-05T12:55:43.0086285Z   ---
local-invariants	Run node tools/quality/run-local-tests.mjs	2026-10-05T12:55:43.0086551Z   duration_ms: 0.309219
local-invariants	Run node tools/quality/run-local-tests.mjs	2026-10-05T12:55:43.0086848Z   type: 'test'
local-invariants	Run node tools/quality/run-local-tests.mjs	2026-10-05T12:55:43.0087116Z   ...
local-invariants	Run node tools/quality/run-local-tests.mjs	2026-10-05T12:55:43.0087633Z # Subtest: givenInvalidKeyLength_whenCreatingProvider_thenFailsFast
local-invariants	Run node tools/quality/run-local-tests.mjs	2026-10-05T12:55:43.0088389Z ok 490 - givenInvalidKeyLength_whenCreatingProvider_thenFailsFast
local-invariants	Run node tools/quality/run-local-tests.mjs	2026-10-05T12:55:43.0088789Z   ---
local-invariants	Run node tools/quality/run-local-tests.mjs	2026-10-05T12:55:43.0089036Z   duration_ms: 0.18832
local-invariants	Run node tools/quality/run-local-tests.mjs	2026-10-05T12:55:43.0089298Z   type: 'test'
local-invariants	Run node tools/quality/run-local-tests.mjs	2026-10-05T12:55:43.0089545Z   ...
local-invariants	Run node tools/quality/run-local-tests.mjs	2026-10-05T12:55:43.0089932Z # Subtest: givenEnvironmentKeyring_whenCreatingProvider_thenValidatesAndDecrypts
local-invariants	Run node tools/quality/run-local-tests.mjs	2026-10-05T12:55:43.0090768Z ok 491 - givenEnvironmentKeyring_whenCreatingProvider_thenValidatesAndDecrypts
local-invariants	Run node tools/quality/run-local-tests.mjs	2026-10-05T12:55:43.0091134Z   ---
local-invariants	Run node tools/quality/run-local-tests.mjs	2026-10-05T12:55:43.0091313Z   duration_ms: 0.660702
local-invariants	Run node tools/quality/run-local-tests.mjs	2026-10-05T12:55:43.0091556Z   type: 'test'
local-invariants	Run node tools/quality/run-local-tests.mjs	2026-10-05T12:55:43.0091816Z   ...
local-invariants	Run node tools/quality/run-local-tests.mjs	2026-10-05T12:55:43.0092440Z # Subtest: givenEnvelope_whenRedactingAndFingerprinting_thenNeverReturnsPlaintext
local-invariants	Run node tools/quality/run-local-tests.mjs	2026-10-05T12:55:43.0093369Z ok 492 - givenEnvelope_whenRedactingAndFingerprinting_thenNeverReturnsPlaintext
local-invariants	Run node tools/quality/run-local-tests.mjs	2026-10-05T12:55:43.0093948Z   ---
local-invariants	Run node tools/quality/run-local-tests.mjs	2026-10-05T12:55:43.0094214Z   duration_ms: 1.004274
local-invariants	Run node tools/quality/run-local-tests.mjs	2026-10-05T12:55:43.0094511Z   type: 'test'
local-invariants	Run node tools/quality/run-local-tests.mjs	2026-10-05T12:55:43.0094775Z   ...
local-invariants	Run node tools/quality/run-local-tests.mjs	2026-10-05T12:55:43.0095368Z # Subtest: givenOversizedPlaintext_whenEncrypting_thenRejectsBeforeEncryption
local-invariants	Run node tools/quality/run-local-tests.mjs	2026-10-05T12:55:43.0096250Z ok 493 - givenOversizedPlaintext_whenEncrypting_thenRejectsBeforeEncryption
local-invariants	Run node tools/quality/run-local-tests.mjs	2026-10-05T12:55:43.0096598Z   ---
local-invariants	Run node tools/quality/run-local-tests.mjs	2026-10-05T12:55:43.0096771Z   duration_ms: 0.22868
local-invariants	Run node tools/quality/run-local-tests.mjs	2026-10-05T12:55:43.0096969Z   type: 'test'
local-invariants	Run node tools/quality/run-local-tests.mjs	2026-10-05T12:55:43.0097158Z   ...
local-invariants	Run node tools/quality/run-local-tests.mjs	2026-10-05T12:55:43.1139246Z # Subtest: givenUnscopedWhere_whenScoping_thenInjectsActiveTenant
local-invariants	Run node tools/quality/run-local-tests.mjs	2026-10-05T12:55:43.1146937Z ok 494 - givenUnscopedWhere_whenScoping_thenInjectsActiveTenant
local-invariants	Run node tools/quality/run-local-tests.mjs	2026-10-05T12:55:43.1147530Z   ---
local-invariants	Run node tools/quality/run-local-tests.mjs	2026-10-05T12:55:43.1147819Z   duration_ms: 2.200993
local-invariants	Run node tools/quality/run-local-tests.mjs	2026-10-05T12:55:43.1148140Z   type: 'test'
local-invariants	Run node tools/quality/run-local-tests.mjs	2026-10-05T12:55:43.1148413Z   ...
local-invariants	Run node tools/quality/run-local-tests.mjs	2026-10-05T12:55:43.1148907Z # Subtest: givenCrossTenantSelector_whenScoping_thenRejects
local-invariants	Run node tools/quality/run-local-tests.mjs	2026-10-05T12:55:43.1149587Z ok 495 - givenCrossTenantSelector_whenScoping_thenRejects
local-invariants	Run node tools/quality/run-local-tests.mjs	2026-10-05T12:55:43.1150094Z   ---
local-invariants	Run node tools/quality/run-local-tests.mjs	2026-10-05T12:55:43.1150513Z   duration_ms: 0.415468
local-invariants	Run node tools/quality/run-local-tests.mjs	2026-10-05T12:55:43.1150773Z   type: 'test'
local-invariants	Run node tools/quality/run-local-tests.mjs	2026-10-05T12:55:43.1150956Z   ...
local-invariants	Run node tools/quality/run-local-tests.mjs	2026-10-05T12:55:43.1151305Z # Subtest: givenCreatePayloadForAnotherTenant_whenScoping_thenRejects
local-invariants	Run node tools/quality/run-local-tests.mjs	2026-10-05T12:55:43.1151823Z ok 496 - givenCreatePayloadForAnotherTenant_whenScoping_thenRejects
local-invariants	Run node tools/quality/run-local-tests.mjs	2026-10-05T12:55:43.1152174Z   ---
local-invariants	Run node tools/quality/run-local-tests.mjs	2026-10-05T12:55:43.1152358Z   duration_ms: 0.186337
local-invariants	Run node tools/quality/run-local-tests.mjs	2026-10-05T12:55:43.1152593Z   type: 'test'
local-invariants	Run node tools/quality/run-local-tests.mjs	2026-10-05T12:55:43.1152774Z   ...
local-invariants	Run node tools/quality/run-local-tests.mjs	2026-10-05T12:55:43.1153120Z # Subtest: givenAttemptedTenantReassignment_whenUpdating_thenRejects
local-invariants	Run node tools/quality/run-local-tests.mjs	2026-10-05T12:55:43.1153604Z ok 497 - givenAttemptedTenantReassignment_whenUpdating_thenRejects
local-invariants	Run node tools/quality/run-local-tests.mjs	2026-10-05T12:55:43.1153924Z   ---
local-invariants	Run node tools/quality/run-local-tests.mjs	2026-10-05T12:55:43.1154104Z   duration_ms: 0.24191
local-invariants	Run node tools/quality/run-local-tests.mjs	2026-10-05T12:55:43.1154307Z   type: 'test'
local-invariants	Run node tools/quality/run-local-tests.mjs	2026-10-05T12:55:43.1154492Z   ...
local-invariants	Run node tools/quality/run-local-tests.mjs	2026-10-05T12:55:43.1154860Z # Subtest: givenUniqueSelector_whenScoping_thenKeepsUniqueFieldAndAddsTenant
local-invariants	Run node tools/quality/run-local-tests.mjs	2026-10-05T12:55:43.1155799Z ok 498 - givenUniqueSelector_whenScoping_thenKeepsUniqueFieldAndAddsTenant
local-invariants	Run node tools/quality/run-local-tests.mjs	2026-10-05T12:55:43.1156159Z   ---
local-invariants	Run node tools/quality/run-local-tests.mjs	2026-10-05T12:55:43.1156335Z   duration_ms: 0.221189
local-invariants	Run node tools/quality/run-local-tests.mjs	2026-10-05T12:55:43.1156536Z   type: 'test'
local-invariants	Run node tools/quality/run-local-tests.mjs	2026-10-05T12:55:43.1156717Z   ...
local-invariants	Run node tools/quality/run-local-tests.mjs	2026-10-05T12:55:43.1157143Z # Subtest: givenSameOperationInDifferentTenants_whenBuildingIdempotencyKey_thenKeysDiffer
local-invariants	Run node tools/quality/run-local-tests.mjs	2026-10-05T12:55:43.1157822Z ok 499 - givenSameOperationInDifferentTenants_whenBuildingIdempotencyKey_thenKeysDiffer
local-invariants	Run node tools/quality/run-local-tests.mjs	2026-10-05T12:55:43.1158378Z   ---
local-invariants	Run node tools/quality/run-local-tests.mjs	2026-10-05T12:55:43.1158566Z   duration_ms: 0.596407
local-invariants	Run node tools/quality/run-local-tests.mjs	2026-10-05T12:55:43.1158775Z   type: 'test'
local-invariants	Run node tools/quality/run-local-tests.mjs	2026-10-05T12:55:43.1158961Z   ...
local-invariants	Run node tools/quality/run-local-tests.mjs	2026-10-05T12:55:43.1159399Z # Subtest: givenTenantScopedDelegate_whenReading_thenAlwaysInjectsTenantAndValidatesResults
local-invariants	Run node tools/quality/run-local-tests.mjs	2026-10-05T12:55:43.1160077Z ok 500 - givenTenantScopedDelegate_whenReading_thenAlwaysInjectsTenantAndValidatesResults
local-invariants	Run node tools/quality/run-local-tests.mjs	2026-10-05T12:55:43.1160681Z   ---
local-invariants	Run node tools/quality/run-local-tests.mjs	2026-10-05T12:55:43.1160866Z   duration_ms: 0.470259
local-invariants	Run node tools/quality/run-local-tests.mjs	2026-10-05T12:55:43.1161076Z   type: 'test'
local-invariants	Run node tools/quality/run-local-tests.mjs	2026-10-05T12:55:43.1161253Z   ...
local-invariants	Run node tools/quality/run-local-tests.mjs	2026-10-05T12:55:43.1161663Z # Subtest: givenCompromisedDelegateReturningAnotherTenant_whenReading_thenFailsClosed
local-invariants	Run node tools/quality/run-local-tests.mjs	2026-10-05T12:55:43.1162300Z ok 501 - givenCompromisedDelegateReturningAnotherTenant_whenReading_thenFailsClosed
local-invariants	Run node tools/quality/run-local-tests.mjs	2026-10-05T12:55:43.1162695Z   ---
local-invariants	Run node tools/quality/run-local-tests.mjs	2026-10-05T12:55:43.1162870Z   duration_ms: 0.279836
local-invariants	Run node tools/quality/run-local-tests.mjs	2026-10-05T12:55:43.1163081Z   type: 'test'
local-invariants	Run node tools/quality/run-local-tests.mjs	2026-10-05T12:55:43.1163265Z   ...
local-invariants	Run node tools/quality/run-local-tests.mjs	2026-10-05T12:55:43.1163667Z # Subtest: givenScopedMutation_whenUpdating_thenScopesWhereAndForbidsOwnershipChange
local-invariants	Run node tools/quality/run-local-tests.mjs	2026-10-05T12:55:43.1164284Z ok 502 - givenScopedMutation_whenUpdating_thenScopesWhereAndForbidsOwnershipChange
local-invariants	Run node tools/quality/run-local-tests.mjs	2026-10-05T12:55:43.1164674Z   ---
local-invariants	Run node tools/quality/run-local-tests.mjs	2026-10-05T12:55:43.1164852Z   duration_ms: 0.489628
local-invariants	Run node tools/quality/run-local-tests.mjs	2026-10-05T12:55:43.1165055Z   type: 'test'
local-invariants	Run node tools/quality/run-local-tests.mjs	2026-10-05T12:55:43.1165235Z   ...
local-invariants	Run node tools/quality/run-local-tests.mjs	2026-10-05T12:55:43.1165559Z # Subtest: givenPrototypePollutionKey_whenScoping_thenRejectsInput
local-invariants	Run node tools/quality/run-local-tests.mjs	2026-10-05T12:55:43.1166073Z ok 503 - givenPrototypePollutionKey_whenScoping_thenRejectsInput
local-invariants	Run node tools/quality/run-local-tests.mjs	2026-10-05T12:55:43.1166432Z   ---
local-invariants	Run node tools/quality/run-local-tests.mjs	2026-10-05T12:55:43.1166602Z   duration_ms: 0.381968
local-invariants	Run node tools/quality/run-local-tests.mjs	2026-10-05T12:55:43.1166826Z   type: 'test'
local-invariants	Run node tools/quality/run-local-tests.mjs	2026-10-05T12:55:43.1167008Z   ...
local-invariants	Run node tools/quality/run-local-tests.mjs	2026-10-05T12:55:43.1167569Z # Subtest: givenCallerSelectExcludesTenantField_whenReading_thenVerifiesInternallyAndRestoresRequestedShape
local-invariants	Run node tools/quality/run-local-tests.mjs	2026-10-05T12:55:43.1168431Z ok 504 - givenCallerSelectExcludesTenantField_whenReading_thenVerifiesInternallyAndRestoresRequestedShape
local-invariants	Run node tools/quality/run-local-tests.mjs	2026-10-05T12:55:43.1168938Z   ---
local-invariants	Run node tools/quality/run-local-tests.mjs	2026-10-05T12:55:43.1169123Z   duration_ms: 0.308609
local-invariants	Run node tools/quality/run-local-tests.mjs	2026-10-05T12:55:43.1169345Z   type: 'test'
local-invariants	Run node tools/quality/run-local-tests.mjs	2026-10-05T12:55:43.1169532Z   ...
local-invariants	Run node tools/quality/run-local-tests.mjs	2026-10-05T12:55:43.2102785Z # Subtest: graphite/light: semantic text and controls meet contrast thresholds
local-invariants	Run node tools/quality/run-local-tests.mjs	2026-10-05T12:55:43.2103800Z ok 505 - graphite/light: semantic text and controls meet contrast thresholds
local-invariants	Run node tools/quality/run-local-tests.mjs	2026-10-05T12:55:43.2104552Z   ---
local-invariants	Run node tools/quality/run-local-tests.mjs	2026-10-05T12:55:43.2104923Z   duration_ms: 1.330619
local-invariants	Run node tools/quality/run-local-tests.mjs	2026-10-05T12:55:43.2105248Z   type: 'test'
local-invariants	Run node tools/quality/run-local-tests.mjs	2026-10-05T12:55:43.2105520Z   ...
local-invariants	Run node tools/quality/run-local-tests.mjs	2026-10-05T12:55:43.2106152Z # Subtest: graphite/dark: semantic text and controls meet contrast thresholds
local-invariants	Run node tools/quality/run-local-tests.mjs	2026-10-05T12:55:43.2107108Z ok 506 - graphite/dark: semantic text and controls meet contrast thresholds
local-invariants	Run node tools/quality/run-local-tests.mjs	2026-10-05T12:55:43.2107634Z   ---
local-invariants	Run node tools/quality/run-local-tests.mjs	2026-10-05T12:55:43.2107893Z   duration_ms: 0.34302
local-invariants	Run node tools/quality/run-local-tests.mjs	2026-10-05T12:55:43.2117481Z   type: 'test'
local-invariants	Run node tools/quality/run-local-tests.mjs	2026-10-05T12:55:43.2117766Z   ...
local-invariants	Run node tools/quality/run-local-tests.mjs	2026-10-05T12:55:43.2118336Z # Subtest: grove/light: semantic text and controls meet contrast thresholds
local-invariants	Run node tools/quality/run-local-tests.mjs	2026-10-05T12:55:43.2118904Z ok 507 - grove/light: semantic text and controls meet contrast thresholds
local-invariants	Run node tools/quality/run-local-tests.mjs	2026-10-05T12:55:43.2119432Z   ---
local-invariants	Run node tools/quality/run-local-tests.mjs	2026-10-05T12:55:43.2119720Z   duration_ms: 0.89443
local-invariants	Run node tools/quality/run-local-tests.mjs	2026-10-05T12:55:43.2120052Z   type: 'test'
local-invariants	Run node tools/quality/run-local-tests.mjs	2026-10-05T12:55:43.2120476Z   ...
local-invariants	Run node tools/quality/run-local-tests.mjs	2026-10-05T12:55:43.2121039Z # Subtest: grove/dark: semantic text and controls meet contrast thresholds
local-invariants	Run node tools/quality/run-local-tests.mjs	2026-10-05T12:55:43.2121841Z ok 508 - grove/dark: semantic text and controls meet contrast thresholds
local-invariants	Run node tools/quality/run-local-tests.mjs	2026-10-05T12:55:43.2122355Z   ---
local-invariants	Run node tools/quality/run-local-tests.mjs	2026-10-05T12:55:43.2122632Z   duration_ms: 0.160829
local-invariants	Run node tools/quality/run-local-tests.mjs	2026-10-05T12:55:43.2123443Z   type: 'test'
local-invariants	Run node tools/quality/run-local-tests.mjs	2026-10-05T12:55:43.2123701Z   ...
local-invariants	Run node tools/quality/run-local-tests.mjs	2026-10-05T12:55:43.2124231Z # Subtest: sand/light: semantic text and controls meet contrast thresholds
local-invariants	Run node tools/quality/run-local-tests.mjs	2026-10-05T12:55:43.2125009Z ok 509 - sand/light: semantic text and controls meet contrast thresholds
local-invariants	Run node tools/quality/run-local-tests.mjs	2026-10-05T12:55:43.2125510Z   ---
local-invariants	Run node tools/quality/run-local-tests.mjs	2026-10-05T12:55:43.2125774Z   duration_ms: 0.20808
local-invariants	Run node tools/quality/run-local-tests.mjs	2026-10-05T12:55:43.2126093Z   type: 'test'
local-invariants	Run node tools/quality/run-local-tests.mjs	2026-10-05T12:55:43.2126356Z   ...
local-invariants	Run node tools/quality/run-local-tests.mjs	2026-10-05T12:55:43.2126871Z # Subtest: sand/dark: semantic text and controls meet contrast thresholds
local-invariants	Run node tools/quality/run-local-tests.mjs	2026-10-05T12:55:43.2127815Z ok 510 - sand/dark: semantic text and controls meet contrast thresholds
local-invariants	Run node tools/quality/run-local-tests.mjs	2026-10-05T12:55:43.2128300Z   ---
local-invariants	Run node tools/quality/run-local-tests.mjs	2026-10-05T12:55:43.2128562Z   duration_ms: 0.143474
local-invariants	Run node tools/quality/run-local-tests.mjs	2026-10-05T12:55:43.2128883Z   type: 'test'
local-invariants	Run node tools/quality/run-local-tests.mjs	2026-10-05T12:55:43.2129139Z   ...
local-invariants	Run node tools/quality/run-local-tests.mjs	2026-10-05T12:55:43.2129677Z # Subtest: indigo/light: semantic text and controls meet contrast thresholds
local-invariants	Run node tools/quality/run-local-tests.mjs	2026-10-05T12:55:43.2130690Z ok 511 - indigo/light: semantic text and controls meet contrast thresholds
local-invariants	Run node tools/quality/run-local-tests.mjs	2026-10-05T12:55:43.2131201Z   ---
local-invariants	Run node tools/quality/run-local-tests.mjs	2026-10-05T12:55:43.2131459Z   duration_ms: 0.121952
local-invariants	Run node tools/quality/run-local-tests.mjs	2026-10-05T12:55:43.2131764Z   type: 'test'
local-invariants	Run node tools/quality/run-local-tests.mjs	2026-10-05T12:55:43.2132016Z   ...
local-invariants	Run node tools/quality/run-local-tests.mjs	2026-10-05T12:55:43.2132540Z # Subtest: indigo/dark: semantic text and controls meet contrast thresholds
local-invariants	Run node tools/quality/run-local-tests.mjs	2026-10-05T12:55:43.2133302Z ok 512 - indigo/dark: semantic text and controls meet contrast thresholds
local-invariants	Run node tools/quality/run-local-tests.mjs	2026-10-05T12:55:43.2133795Z   ---
local-invariants	Run node tools/quality/run-local-tests.mjs	2026-10-05T12:55:43.2134052Z   duration_ms: 0.185747
local-invariants	Run node tools/quality/run-local-tests.mjs	2026-10-05T12:55:43.2134354Z   type: 'test'
local-invariants	Run node tools/quality/run-local-tests.mjs	2026-10-05T12:55:43.2134622Z   ...
local-invariants	Run node tools/quality/run-local-tests.mjs	2026-10-05T12:55:43.2135215Z # Subtest: invalid, oversized or future-version stored preferences fall back safely
local-invariants	Run node tools/quality/run-local-tests.mjs	2026-10-05T12:55:43.2136109Z ok 513 - invalid, oversized or future-version stored preferences fall back safely
local-invariants	Run node tools/quality/run-local-tests.mjs	2026-10-05T12:55:43.2136647Z   ---
local-invariants	Run node tools/quality/run-local-tests.mjs	2026-10-05T12:55:43.2136915Z   duration_ms: 0.930103
local-invariants	Run node tools/quality/run-local-tests.mjs	2026-10-05T12:55:43.2137213Z   type: 'test'
local-invariants	Run node tools/quality/run-local-tests.mjs	2026-10-05T12:55:43.2137476Z   ...
local-invariants	Run node tools/quality/run-local-tests.mjs	2026-10-05T12:55:43.2138177Z # Subtest: whitelisted preferences survive parsing and DOM application; unrelated attributes remain
local-invariants	Run node tools/quality/run-local-tests.mjs	2026-10-05T12:55:43.2139288Z ok 514 - whitelisted preferences survive parsing and DOM application; unrelated attributes remain
local-invariants	Run node tools/quality/run-local-tests.mjs	2026-10-05T12:55:43.2139932Z   ---
local-invariants	Run node tools/quality/run-local-tests.mjs	2026-10-05T12:55:43.2140379Z   duration_ms: 0.42373
local-invariants	Run node tools/quality/run-local-tests.mjs	2026-10-05T12:55:43.2140693Z   type: 'test'
local-invariants	Run node tools/quality/run-local-tests.mjs	2026-10-05T12:55:43.2140949Z   ...
local-invariants	Run node tools/quality/run-local-tests.mjs	2026-10-05T12:55:43.2141532Z # Subtest: pre-paint bootstrap and parser agree, including unavailable storage
local-invariants	Run node tools/quality/run-local-tests.mjs	2026-10-05T12:55:43.2142382Z ok 515 - pre-paint bootstrap and parser agree, including unavailable storage
local-invariants	Run node tools/quality/run-local-tests.mjs	2026-10-05T12:55:43.2142918Z   ---
local-invariants	Run node tools/quality/run-local-tests.mjs	2026-10-05T12:55:43.2143172Z   duration_ms: 2.961365
local-invariants	Run node tools/quality/run-local-tests.mjs	2026-10-05T12:55:43.2143490Z   type: 'test'
local-invariants	Run node tools/quality/run-local-tests.mjs	2026-10-05T12:55:43.2143691Z   ...
local-invariants	Run node tools/quality/run-local-tests.mjs	2026-10-05T12:55:43.2170921Z # Subtest: generated CSS is exactly derived from the tested token registry
local-invariants	Run node tools/quality/run-local-tests.mjs	2026-10-05T12:55:43.2172197Z ok 516 - generated CSS is exactly derived from the tested token registry
local-invariants	Run node tools/quality/run-local-tests.mjs	2026-10-05T12:55:43.2172714Z   ---
local-invariants	Run node tools/quality/run-local-tests.mjs	2026-10-05T12:55:43.2172972Z   duration_ms: 9.344759
local-invariants	Run node tools/quality/run-local-tests.mjs	2026-10-05T12:55:43.2173209Z   type: 'test'
local-invariants	Run node tools/quality/run-local-tests.mjs	2026-10-05T12:55:43.2173390Z   ...
local-invariants	Run node tools/quality/run-local-tests.mjs	2026-10-05T12:55:43.2174116Z # Subtest: palette contracts are immutable and equally capable
local-invariants	Run node tools/quality/run-local-tests.mjs	2026-10-05T12:55:43.2175070Z ok 517 - palette contracts are immutable and equally capable
local-invariants	Run node tools/quality/run-local-tests.mjs	2026-10-05T12:55:43.2175525Z   ---
local-invariants	Run node tools/quality/run-local-tests.mjs	2026-10-05T12:55:43.2175917Z   duration_ms: 0.595205
local-invariants	Run node tools/quality/run-local-tests.mjs	2026-10-05T12:55:43.2176228Z   type: 'test'
local-invariants	Run node tools/quality/run-local-tests.mjs	2026-10-05T12:55:43.2176494Z   ...
local-invariants	Run node tools/quality/run-local-tests.mjs	2026-10-05T12:55:43.3057211Z # Subtest: semantic check-types is mandatory, not an absent typecheck alias
local-invariants	Run node tools/quality/run-local-tests.mjs	2026-10-05T12:55:43.3058255Z ok 518 - semantic check-types is mandatory, not an absent typecheck alias
local-invariants	Run node tools/quality/run-local-tests.mjs	2026-10-05T12:55:43.3058724Z   ---
local-invariants	Run node tools/quality/run-local-tests.mjs	2026-10-05T12:55:43.3059058Z   duration_ms: 1.399772
local-invariants	Run node tools/quality/run-local-tests.mjs	2026-10-05T12:55:43.3059444Z   type: 'test'
local-invariants	Run node tools/quality/run-local-tests.mjs	2026-10-05T12:55:43.3059650Z   ...
local-invariants	Run node tools/quality/run-local-tests.mjs	2026-10-05T12:55:43.3062409Z # Subtest: a full quality gate cannot silently skip build
local-invariants	Run node tools/quality/run-local-tests.mjs	2026-10-05T12:55:43.3065098Z ok 519 - a full quality gate cannot silently skip build
local-invariants	Run node tools/quality/run-local-tests.mjs	2026-10-05T12:55:43.3065582Z   ---
local-invariants	Run node tools/quality/run-local-tests.mjs	2026-10-05T12:55:43.3066240Z   duration_ms: 0.153398
local-invariants	Run node tools/quality/run-local-tests.mjs	2026-10-05T12:55:43.3066457Z   type: 'test'
local-invariants	Run node tools/quality/run-local-tests.mjs	2026-10-05T12:55:43.3066649Z   ...
local-invariants	Run node tools/quality/run-local-tests.mjs	2026-10-05T12:55:43.3999087Z # Subtest: given clean repository when audited then returns no findings
local-invariants	Run node tools/quality/run-local-tests.mjs	2026-10-05T12:55:43.3999944Z ok 520 - given clean repository when audited then returns no findings
local-invariants	Run node tools/quality/run-local-tests.mjs	2026-10-05T12:55:43.4000567Z   ---
local-invariants	Run node tools/quality/run-local-tests.mjs	2026-10-05T12:55:43.4000772Z   duration_ms: 7.326838
local-invariants	Run node tools/quality/run-local-tests.mjs	2026-10-05T12:55:43.4000987Z   type: 'test'
local-invariants	Run node tools/quality/run-local-tests.mjs	2026-10-05T12:55:43.4001176Z   ...
local-invariants	Run node tools/quality/run-local-tests.mjs	2026-10-05T12:55:43.4026267Z # Subtest: given UTF-8 BOM package manifest when audited then reports JSON_BOM
local-invariants	Run node tools/quality/run-local-tests.mjs	2026-10-05T12:55:43.4028467Z ok 521 - given UTF-8 BOM package manifest when audited then reports JSON_BOM
local-invariants	Run node tools/quality/run-local-tests.mjs	2026-10-05T12:55:43.4029059Z   ---
local-invariants	Run node tools/quality/run-local-tests.mjs	2026-10-05T12:55:43.4029314Z   duration_ms: 2.579166
local-invariants	Run node tools/quality/run-local-tests.mjs	2026-10-05T12:55:43.4029676Z   type: 'test'
local-invariants	Run node tools/quality/run-local-tests.mjs	2026-10-05T12:55:43.4029966Z   ...
local-invariants	Run node tools/quality/run-local-tests.mjs	2026-10-05T12:55:43.4051845Z # Subtest: given legacy identity in source when audited then reports it
local-invariants	Run node tools/quality/run-local-tests.mjs	2026-10-05T12:55:43.4052733Z ok 522 - given legacy identity in source when audited then reports it
local-invariants	Run node tools/quality/run-local-tests.mjs	2026-10-05T12:55:43.4053307Z   ---
local-invariants	Run node tools/quality/run-local-tests.mjs	2026-10-05T12:55:43.4053601Z   duration_ms: 2.574179
local-invariants	Run node tools/quality/run-local-tests.mjs	2026-10-05T12:55:43.4053869Z   type: 'test'
local-invariants	Run node tools/quality/run-local-tests.mjs	2026-10-05T12:55:43.4054057Z   ...
local-invariants	Run node tools/quality/run-local-tests.mjs	2026-10-05T12:55:43.4071041Z # Subtest: given secret-like token in source when audited then reports without exposing token
local-invariants	Run node tools/quality/run-local-tests.mjs	2026-10-05T12:55:43.4072174Z ok 523 - given secret-like token in source when audited then reports without exposing token
local-invariants	Run node tools/quality/run-local-tests.mjs	2026-10-05T12:55:43.4072788Z   ---
local-invariants	Run node tools/quality/run-local-tests.mjs	2026-10-05T12:55:43.4073089Z   duration_ms: 1.880467
local-invariants	Run node tools/quality/run-local-tests.mjs	2026-10-05T12:55:43.4073419Z   type: 'test'
local-invariants	Run node tools/quality/run-local-tests.mjs	2026-10-05T12:55:43.4073697Z   ...
local-invariants	Run node tools/quality/run-local-tests.mjs	2026-10-05T12:55:43.4100295Z # Subtest: given secret placeholder in .env.example when audited then does not treat it as committed secret
local-invariants	Run node tools/quality/run-local-tests.mjs	2026-10-05T12:55:43.4101401Z ok 524 - given secret placeholder in .env.example when audited then does not treat it as committed secret
local-invariants	Run node tools/quality/run-local-tests.mjs	2026-10-05T12:55:43.4102118Z   ---
local-invariants	Run node tools/quality/run-local-tests.mjs	2026-10-05T12:55:43.4102538Z   duration_ms: 2.856609
local-invariants	Run node tools/quality/run-local-tests.mjs	2026-10-05T12:55:43.4102872Z   type: 'test'
local-invariants	Run node tools/quality/run-local-tests.mjs	2026-10-05T12:55:43.4103178Z   ...
local-invariants	Run node tools/quality/run-local-tests.mjs	2026-10-05T12:55:43.5003108Z # Subtest: worker once processes one tick and returns without claiming an asynchronous promise
local-invariants	Run node tools/quality/run-local-tests.mjs	2026-10-05T12:55:43.5004923Z ok 525 - worker once processes one tick and returns without claiming an asynchronous promise
local-invariants	Run node tools/quality/run-local-tests.mjs	2026-10-05T12:55:43.5005349Z   ---
local-invariants	Run node tools/quality/run-local-tests.mjs	2026-10-05T12:55:43.5005543Z   duration_ms: 0.769835
local-invariants	Run node tools/quality/run-local-tests.mjs	2026-10-05T12:55:43.5005757Z   type: 'test'
local-invariants	Run node tools/quality/run-local-tests.mjs	2026-10-05T12:55:43.5006037Z   ...
local-invariants	Run node tools/quality/run-local-tests.mjs	2026-10-05T12:55:43.5011443Z # Subtest: worker shutdown drains the current tick and does not start a replacement tick
local-invariants	Run node tools/quality/run-local-tests.mjs	2026-10-05T12:55:43.5012927Z ok 526 - worker shutdown drains the current tick and does not start a replacement tick
local-invariants	Run node tools/quality/run-local-tests.mjs	2026-10-05T12:55:43.5013821Z   ---
local-invariants	Run node tools/quality/run-local-tests.mjs	2026-10-05T12:55:43.5014342Z   duration_ms: 0.689325
local-invariants	Run node tools/quality/run-local-tests.mjs	2026-10-05T12:55:43.5014676Z   type: 'test'
local-invariants	Run node tools/quality/run-local-tests.mjs	2026-10-05T12:55:43.5014952Z   ...
local-invariants	Run node tools/quality/run-local-tests.mjs	2026-10-05T12:55:43.5015546Z # Subtest: worker exits for review on once failure and emits no raw credentials
local-invariants	Run node tools/quality/run-local-tests.mjs	2026-10-05T12:55:43.5016266Z ok 527 - worker exits for review on once failure and emits no raw credentials
local-invariants	Run node tools/quality/run-local-tests.mjs	2026-10-05T12:55:43.5016836Z   ---
local-invariants	Run node tools/quality/run-local-tests.mjs	2026-10-05T12:55:43.5017128Z   duration_ms: 0.5381
local-invariants	Run node tools/quality/run-local-tests.mjs	2026-10-05T12:55:43.5017431Z   type: 'test'
local-invariants	Run node tools/quality/run-local-tests.mjs	2026-10-05T12:55:43.5017690Z   ...
local-invariants	Run node tools/quality/run-local-tests.mjs	2026-10-05T12:55:43.5018231Z # Subtest: worker validates poll bounds and honors already-aborted signal
local-invariants	Run node tools/quality/run-local-tests.mjs	2026-10-05T12:55:43.5018806Z ok 528 - worker validates poll bounds and honors already-aborted signal
local-invariants	Run node tools/quality/run-local-tests.mjs	2026-10-05T12:55:43.5019133Z   ---
local-invariants	Run node tools/quality/run-local-tests.mjs	2026-10-05T12:55:43.5019306Z   duration_ms: 0.210193
local-invariants	Run node tools/quality/run-local-tests.mjs	2026-10-05T12:55:43.5019516Z   type: 'test'
local-invariants	Run node tools/quality/run-local-tests.mjs	2026-10-05T12:55:43.5019685Z   ...
local-invariants	Run node tools/quality/run-local-tests.mjs	2026-10-05T12:55:43.7895900Z # Subtest: operator upload and a new-process plan recover the same encrypted source
local-invariants	Run node tools/quality/run-local-tests.mjs	2026-10-05T12:55:43.7897254Z ok 529 - operator upload and a new-process plan recover the same encrypted source
local-invariants	Run node tools/quality/run-local-tests.mjs	2026-10-05T12:55:43.7897787Z   ---
local-invariants	Run node tools/quality/run-local-tests.mjs	2026-10-05T12:55:43.7897978Z   duration_ms: 200.752664
local-invariants	Run node tools/quality/run-local-tests.mjs	2026-10-05T12:55:43.7898213Z   type: 'test'
local-invariants	Run node tools/quality/run-local-tests.mjs	2026-10-05T12:55:43.7898409Z   ...
local-invariants	Run node tools/quality/run-local-tests.mjs	2026-10-05T12:55:43.9640906Z # Subtest: operator preparation fails without keys and never overwrites a report
local-invariants	Run node tools/quality/run-local-tests.mjs	2026-10-05T12:55:43.9641934Z ok 530 - operator preparation fails without keys and never overwrites a report
local-invariants	Run node tools/quality/run-local-tests.mjs	2026-10-05T12:55:43.9642485Z   ---
local-invariants	Run node tools/quality/run-local-tests.mjs	2026-10-05T12:55:43.9642709Z   duration_ms: 174.373728
local-invariants	Run node tools/quality/run-local-tests.mjs	2026-10-05T12:55:43.9642946Z   type: 'test'
local-invariants	Run node tools/quality/run-local-tests.mjs	2026-10-05T12:55:43.9643164Z   ...
local-invariants	Run node tools/quality/run-local-tests.mjs	2026-10-05T12:55:44.1445687Z # Subtest: unsupported files fail before any CRM write or success report
local-invariants	Run node tools/quality/run-local-tests.mjs	2026-10-05T12:55:44.1446769Z ok 531 - unsupported files fail before any CRM write or success report
local-invariants	Run node tools/quality/run-local-tests.mjs	2026-10-05T12:55:44.1447655Z   ---
local-invariants	Run node tools/quality/run-local-tests.mjs	2026-10-05T12:55:44.1447939Z   duration_ms: 180.45952
local-invariants	Run node tools/quality/run-local-tests.mjs	2026-10-05T12:55:44.1448210Z   type: 'test'
local-invariants	Run node tools/quality/run-local-tests.mjs	2026-10-05T12:55:44.1448398Z   ...
local-invariants	Run node tools/quality/run-local-tests.mjs	2026-10-05T12:55:44.2370553Z # Subtest: accepts the single governed executor boundary
local-invariants	Run node tools/quality/run-local-tests.mjs	2026-10-05T12:55:44.2371782Z ok 532 - accepts the single governed executor boundary
local-invariants	Run node tools/quality/run-local-tests.mjs	2026-10-05T12:55:44.2372505Z   ---
local-invariants	Run node tools/quality/run-local-tests.mjs	2026-10-05T12:55:44.2373057Z   duration_ms: 9.548913
local-invariants	Run node tools/quality/run-local-tests.mjs	2026-10-05T12:55:44.2374244Z   type: 'test'
local-invariants	Run node tools/quality/run-local-tests.mjs	2026-10-05T12:55:44.2374546Z   ...
local-invariants	Run node tools/quality/run-local-tests.mjs	2026-10-05T12:55:44.2402273Z # Subtest: reports direct catalog execution in production source
local-invariants	Run node tools/quality/run-local-tests.mjs	2026-10-05T12:55:44.2403088Z ok 533 - reports direct catalog execution in production source
local-invariants	Run node tools/quality/run-local-tests.mjs	2026-10-05T12:55:44.2403594Z   ---
local-invariants	Run node tools/quality/run-local-tests.mjs	2026-10-05T12:55:44.2403888Z   duration_ms: 3.305426
local-invariants	Run node tools/quality/run-local-tests.mjs	2026-10-05T12:55:44.2404221Z   type: 'test'
local-invariants	Run node tools/quality/run-local-tests.mjs	2026-10-05T12:55:44.2404486Z   ...
local-invariants	Run node tools/quality/run-local-tests.mjs	2026-10-05T12:55:44.2426004Z # Subtest: reports the removed parallel execution API
local-invariants	Run node tools/quality/run-local-tests.mjs	2026-10-05T12:55:44.2426554Z ok 534 - reports the removed parallel execution API
local-invariants	Run node tools/quality/run-local-tests.mjs	2026-10-05T12:55:44.2426936Z   ---
local-invariants	Run node tools/quality/run-local-tests.mjs	2026-10-05T12:55:44.2427151Z   duration_ms: 2.446459
local-invariants	Run node tools/quality/run-local-tests.mjs	2026-10-05T12:55:44.2427569Z   type: 'test'
local-invariants	Run node tools/quality/run-local-tests.mjs	2026-10-05T12:55:44.2427903Z   ...
local-invariants	Run node tools/quality/run-local-tests.mjs	2026-10-05T12:55:44.2460542Z # Subtest: reports direct executor calls outside the governed runtime
local-invariants	Run node tools/quality/run-local-tests.mjs	2026-10-05T12:55:44.2461383Z ok 535 - reports direct executor calls outside the governed runtime
local-invariants	Run node tools/quality/run-local-tests.mjs	2026-10-05T12:55:44.2461910Z   ---
local-invariants	Run node tools/quality/run-local-tests.mjs	2026-10-05T12:55:44.2462189Z   duration_ms: 3.369281
local-invariants	Run node tools/quality/run-local-tests.mjs	2026-10-05T12:55:44.2462541Z   type: 'test'
local-invariants	Run node tools/quality/run-local-tests.mjs	2026-10-05T12:55:44.2462840Z   ...
local-invariants	Run node tools/quality/run-local-tests.mjs	2026-10-05T12:55:44.2488023Z # Subtest: reports direct executor calls reached through a catalog lookup
local-invariants	Run node tools/quality/run-local-tests.mjs	2026-10-05T12:55:44.2489251Z ok 536 - reports direct executor calls reached through a catalog lookup
local-invariants	Run node tools/quality/run-local-tests.mjs	2026-10-05T12:55:44.2489897Z   ---
local-invariants	Run node tools/quality/run-local-tests.mjs	2026-10-05T12:55:44.2490494Z   duration_ms: 2.627108
local-invariants	Run node tools/quality/run-local-tests.mjs	2026-10-05T12:55:44.2491440Z   type: 'test'
local-invariants	Run node tools/quality/run-local-tests.mjs	2026-10-05T12:55:44.2491666Z   ...
local-invariants	Run node tools/quality/run-local-tests.mjs	2026-10-05T12:55:44.2513675Z # Subtest: excludes test and fixture paths from production findings
local-invariants	Run node tools/quality/run-local-tests.mjs	2026-10-05T12:55:44.2514571Z ok 537 - excludes test and fixture paths from production findings
local-invariants	Run node tools/quality/run-local-tests.mjs	2026-10-05T12:55:44.2515122Z   ---
local-invariants	Run node tools/quality/run-local-tests.mjs	2026-10-05T12:55:44.2515414Z   duration_ms: 2.520129
local-invariants	Run node tools/quality/run-local-tests.mjs	2026-10-05T12:55:44.2515783Z   type: 'test'
local-invariants	Run node tools/quality/run-local-tests.mjs	2026-10-05T12:55:44.2516119Z   ...
local-invariants	Run node tools/quality/run-local-tests.mjs	2026-10-05T12:55:44.2546890Z # Subtest: classifies the existing legacy dispatch as migration work instead of a hidden success
local-invariants	Run node tools/quality/run-local-tests.mjs	2026-10-05T12:55:44.2548125Z ok 538 - classifies the existing legacy dispatch as migration work instead of a hidden success
local-invariants	Run node tools/quality/run-local-tests.mjs	2026-10-05T12:55:44.2548743Z   ---
local-invariants	Run node tools/quality/run-local-tests.mjs	2026-10-05T12:55:44.2549011Z   duration_ms: 3.30113
local-invariants	Run node tools/quality/run-local-tests.mjs	2026-10-05T12:55:44.2549337Z   type: 'test'
local-invariants	Run node tools/quality/run-local-tests.mjs	2026-10-05T12:55:44.2549615Z   ...
local-invariants	Run node tools/quality/run-local-tests.mjs	2026-10-05T12:55:44.2580542Z # Subtest: accepts low-level run side effects only inside the governed bridge
local-invariants	Run node tools/quality/run-local-tests.mjs	2026-10-05T12:55:44.2581503Z ok 539 - accepts low-level run side effects only inside the governed bridge
local-invariants	Run node tools/quality/run-local-tests.mjs	2026-10-05T12:55:44.2581872Z   ---
local-invariants	Run node tools/quality/run-local-tests.mjs	2026-10-05T12:55:44.2582123Z   duration_ms: 3.173371
local-invariants	Run node tools/quality/run-local-tests.mjs	2026-10-05T12:55:44.2582445Z   type: 'test'
local-invariants	Run node tools/quality/run-local-tests.mjs	2026-10-05T12:55:44.2582774Z   ...
local-invariants	Run node tools/quality/run-local-tests.mjs	2026-10-05T12:55:44.2608428Z # Subtest: reports direct run side-effect calls outside the governed bridge
local-invariants	Run node tools/quality/run-local-tests.mjs	2026-10-05T12:55:44.2609310Z ok 540 - reports direct run side-effect calls outside the governed bridge
local-invariants	Run node tools/quality/run-local-tests.mjs	2026-10-05T12:55:44.2609775Z   ---
local-invariants	Run node tools/quality/run-local-tests.mjs	2026-10-05T12:55:44.2610065Z   duration_ms: 2.651944
local-invariants	Run node tools/quality/run-local-tests.mjs	2026-10-05T12:55:44.2610526Z   type: 'test'
local-invariants	Run node tools/quality/run-local-tests.mjs	2026-10-05T12:55:44.2610817Z   ...
local-invariants	Run node tools/quality/run-local-tests.mjs	2026-10-05T12:55:44.2635062Z # Subtest: reports removed direct run-action entrypoints as migration work
local-invariants	Run node tools/quality/run-local-tests.mjs	2026-10-05T12:55:44.2636232Z ok 541 - reports removed direct run-action entrypoints as migration work
local-invariants	Run node tools/quality/run-local-tests.mjs	2026-10-05T12:55:44.2636649Z   ---
local-invariants	Run node tools/quality/run-local-tests.mjs	2026-10-05T12:55:44.2636859Z   duration_ms: 2.760586
local-invariants	Run node tools/quality/run-local-tests.mjs	2026-10-05T12:55:44.2637074Z   type: 'test'
local-invariants	Run node tools/quality/run-local-tests.mjs	2026-10-05T12:55:44.2637259Z   ...
local-invariants	Run node tools/quality/run-local-tests.mjs	2026-10-05T12:55:44.3531742Z # Subtest: deal create and stage changes invoke strict sidecar synchronization inside the CRM transaction
local-invariants	Run node tools/quality/run-local-tests.mjs	2026-10-05T12:55:44.3533073Z ok 542 - deal create and stage changes invoke strict sidecar synchronization inside the CRM transaction
local-invariants	Run node tools/quality/run-local-tests.mjs	2026-10-05T12:55:44.3534200Z   ---
local-invariants	Run node tools/quality/run-local-tests.mjs	2026-10-05T12:55:44.3534493Z   duration_ms: 4.147219
local-invariants	Run node tools/quality/run-local-tests.mjs	2026-10-05T12:55:44.3534813Z   type: 'test'
local-invariants	Run node tools/quality/run-local-tests.mjs	2026-10-05T12:55:44.3535102Z   ...
local-invariants	Run node tools/quality/run-local-tests.mjs	2026-10-05T12:55:44.3546806Z # Subtest: legacy reads remain authoritative in this checkpoint
local-invariants	Run node tools/quality/run-local-tests.mjs	2026-10-05T12:55:44.3548465Z ok 543 - legacy reads remain authoritative in this checkpoint
local-invariants	Run node tools/quality/run-local-tests.mjs	2026-10-05T12:55:44.3548920Z   ---
local-invariants	Run node tools/quality/run-local-tests.mjs	2026-10-05T12:55:44.3549180Z   duration_ms: 1.764755
local-invariants	Run node tools/quality/run-local-tests.mjs	2026-10-05T12:55:44.3549486Z   type: 'test'
local-invariants	Run node tools/quality/run-local-tests.mjs	2026-10-05T12:55:44.3549770Z   ...
local-invariants	Run node tools/quality/run-local-tests.mjs	2026-10-05T12:55:44.3557282Z # Subtest: strict dual-write is opt-in and the example environment leaves it off
local-invariants	Run node tools/quality/run-local-tests.mjs	2026-10-05T12:55:44.3558213Z ok 544 - strict dual-write is opt-in and the example environment leaves it off
local-invariants	Run node tools/quality/run-local-tests.mjs	2026-10-05T12:55:44.3558828Z   ---
local-invariants	Run node tools/quality/run-local-tests.mjs	2026-10-05T12:55:44.3559117Z   duration_ms: 1.057262
local-invariants	Run node tools/quality/run-local-tests.mjs	2026-10-05T12:55:44.3559494Z   type: 'test'
local-invariants	Run node tools/quality/run-local-tests.mjs	2026-10-05T12:55:44.3559835Z   ...
local-invariants	Run node tools/quality/run-local-tests.mjs	2026-10-05T12:55:44.3567334Z # Subtest: the additive migration never removes or rewrites legacy deal.stage
local-invariants	Run node tools/quality/run-local-tests.mjs	2026-10-05T12:55:44.3568364Z ok 545 - the additive migration never removes or rewrites legacy deal.stage
local-invariants	Run node tools/quality/run-local-tests.mjs	2026-10-05T12:55:44.3568901Z   ---
local-invariants	Run node tools/quality/run-local-tests.mjs	2026-10-05T12:55:44.3569156Z   duration_ms: 0.961951
local-invariants	Run node tools/quality/run-local-tests.mjs	2026-10-05T12:55:44.3569461Z   type: 'test'
local-invariants	Run node tools/quality/run-local-tests.mjs	2026-10-05T12:55:44.3569651Z   ...
local-invariants	Run node tools/quality/run-local-tests.mjs	2026-10-05T12:55:44.3576332Z # Subtest: strict mode guards default-pipeline handoff until every mapping is migrated
local-invariants	Run node tools/quality/run-local-tests.mjs	2026-10-05T12:55:44.3577461Z ok 546 - strict mode guards default-pipeline handoff until every mapping is migrated
local-invariants	Run node tools/quality/run-local-tests.mjs	2026-10-05T12:55:44.3578069Z   ---
local-invariants	Run node tools/quality/run-local-tests.mjs	2026-10-05T12:55:44.3578343Z   duration_ms: 0.816394
local-invariants	Run node tools/quality/run-local-tests.mjs	2026-10-05T12:55:44.3578725Z   type: 'test'
local-invariants	Run node tools/quality/run-local-tests.mjs	2026-10-05T12:55:44.3578982Z   ...
local-invariants	Run node tools/quality/run-local-tests.mjs	2026-10-05T12:55:44.3585966Z # Subtest: mapped stage removal or outcome-type mutation is blocked before runtime update
local-invariants	Run node tools/quality/run-local-tests.mjs	2026-10-05T12:55:44.3586830Z ok 547 - mapped stage removal or outcome-type mutation is blocked before runtime update
local-invariants	Run node tools/quality/run-local-tests.mjs	2026-10-05T12:55:44.3587396Z   ---
local-invariants	Run node tools/quality/run-local-tests.mjs	2026-10-05T12:55:44.3587658Z   duration_ms: 0.821612
local-invariants	Run node tools/quality/run-local-tests.mjs	2026-10-05T12:55:44.3587958Z   type: 'test'
local-invariants	Run node tools/quality/run-local-tests.mjs	2026-10-05T12:55:44.3588146Z   ...
local-invariants	Run node tools/quality/run-local-tests.mjs	2026-10-05T12:55:44.3604946Z # Subtest: same-stage repair preserves the legacy stageChangedAt timestamp
local-invariants	Run node tools/quality/run-local-tests.mjs	2026-10-05T12:55:44.3605820Z ok 548 - same-stage repair preserves the legacy stageChangedAt timestamp
local-invariants	Run node tools/quality/run-local-tests.mjs	2026-10-05T12:55:44.3606322Z   ---
local-invariants	Run node tools/quality/run-local-tests.mjs	2026-10-05T12:55:44.3606529Z   duration_ms: 1.903881
local-invariants	Run node tools/quality/run-local-tests.mjs	2026-10-05T12:55:44.3606749Z   type: 'test'
local-invariants	Run node tools/quality/run-local-tests.mjs	2026-10-05T12:55:44.3606935Z   ...
local-invariants	Run node tools/quality/run-local-tests.mjs	2026-10-05T12:55:44.4482082Z # Subtest: migration persistence is tenant scoped and transactionally durable
local-invariants	Run node tools/quality/run-local-tests.mjs	2026-10-05T12:55:44.4483223Z ok 549 - migration persistence is tenant scoped and transactionally durable
local-invariants	Run node tools/quality/run-local-tests.mjs	2026-10-05T12:55:44.4483811Z   ---
local-invariants	Run node tools/quality/run-local-tests.mjs	2026-10-05T12:55:44.4484106Z   duration_ms: 3.64422
local-invariants	Run node tools/quality/run-local-tests.mjs	2026-10-05T12:55:44.4484465Z   type: 'test'
local-invariants	Run node tools/quality/run-local-tests.mjs	2026-10-05T12:55:44.4484758Z   ...
local-invariants	Run node tools/quality/run-local-tests.mjs	2026-10-05T12:55:44.4495406Z # Subtest: migration schema permits intentional reuse of the same source file
local-invariants	Run node tools/quality/run-local-tests.mjs	2026-10-05T12:55:44.4496311Z ok 550 - migration schema permits intentional reuse of the same source file
local-invariants	Run node tools/quality/run-local-tests.mjs	2026-10-05T12:55:44.4496893Z   ---
local-invariants	Run node tools/quality/run-local-tests.mjs	2026-10-05T12:55:44.4497172Z   duration_ms: 1.326122
local-invariants	Run node tools/quality/run-local-tests.mjs	2026-10-05T12:55:44.4497503Z   type: 'test'
local-invariants	Run node tools/quality/run-local-tests.mjs	2026-10-05T12:55:44.4497777Z   ...
local-invariants	Run node tools/quality/run-local-tests.mjs	2026-10-05T12:55:44.4511122Z # Subtest: migration coordinator validates source identity and final accounting
local-invariants	Run node tools/quality/run-local-tests.mjs	2026-10-05T12:55:44.4513636Z ok 551 - migration coordinator validates source identity and final accounting
local-invariants	Run node tools/quality/run-local-tests.mjs	2026-10-05T12:55:44.4514250Z   ---
local-invariants	Run node tools/quality/run-local-tests.mjs	2026-10-05T12:55:44.4514543Z   duration_ms: 1.79548
local-invariants	Run node tools/quality/run-local-tests.mjs	2026-10-05T12:55:44.4514888Z   type: 'test'
local-invariants	Run node tools/quality/run-local-tests.mjs	2026-10-05T12:55:44.4515661Z   ...
local-invariants	Run node tools/quality/run-local-tests.mjs	2026-10-05T12:55:44.5385292Z # Subtest: both new routers enforce authenticated interactive sessions
local-invariants	Run node tools/quality/run-local-tests.mjs	2026-10-05T12:55:44.5386059Z ok 552 - both new routers enforce authenticated interactive sessions
local-invariants	Run node tools/quality/run-local-tests.mjs	2026-10-05T12:55:44.5386534Z   ---
local-invariants	Run node tools/quality/run-local-tests.mjs	2026-10-05T12:55:44.5386811Z   duration_ms: 5.224261
local-invariants	Run node tools/quality/run-local-tests.mjs	2026-10-05T12:55:44.5387124Z   type: 'test'
local-invariants	Run node tools/quality/run-local-tests.mjs	2026-10-05T12:55:44.5387386Z   ...
local-invariants	Run node tools/quality/run-local-tests.mjs	2026-10-05T12:55:44.5406772Z # Subtest: mutation input contracts cannot select tenant, actor, raw CRM rows or role
local-invariants	Run node tools/quality/run-local-tests.mjs	2026-10-05T12:55:44.5408848Z ok 553 - mutation input contracts cannot select tenant, actor, raw CRM rows or role
local-invariants	Run node tools/quality/run-local-tests.mjs	2026-10-05T12:55:44.5409408Z   ---
local-invariants	Run node tools/quality/run-local-tests.mjs	2026-10-05T12:55:44.5409653Z   duration_ms: 2.30594
local-invariants	Run node tools/quality/run-local-tests.mjs	2026-10-05T12:55:44.5409916Z   type: 'test'
local-invariants	Run node tools/quality/run-local-tests.mjs	2026-10-05T12:55:44.5410104Z   ...
local-invariants	Run node tools/quality/run-local-tests.mjs	2026-10-05T12:55:44.5420545Z # Subtest: operator API contains no public approval request or direct provider execute endpoint
local-invariants	Run node tools/quality/run-local-tests.mjs	2026-10-05T12:55:44.5421992Z ok 554 - operator API contains no public approval request or direct provider execute endpoint
local-invariants	Run node tools/quality/run-local-tests.mjs	2026-10-05T12:55:44.5422779Z   ---
local-invariants	Run node tools/quality/run-local-tests.mjs	2026-10-05T12:55:44.5423157Z   duration_ms: 1.254486
local-invariants	Run node tools/quality/run-local-tests.mjs	2026-10-05T12:55:44.5423567Z   type: 'test'
local-invariants	Run node tools/quality/run-local-tests.mjs	2026-10-05T12:55:44.5423932Z   ...
local-invariants	Run node tools/quality/run-local-tests.mjs	2026-10-05T12:55:44.5429425Z # Subtest: new writes and approval storage are opt-in in the example environment
local-invariants	Run node tools/quality/run-local-tests.mjs	2026-10-05T12:55:44.5430775Z ok 555 - new writes and approval storage are opt-in in the example environment
local-invariants	Run node tools/quality/run-local-tests.mjs	2026-10-05T12:55:44.5431620Z   ---
local-invariants	Run node tools/quality/run-local-tests.mjs	2026-10-05T12:55:44.5432100Z   duration_ms: 0.907199
local-invariants	Run node tools/quality/run-local-tests.mjs	2026-10-05T12:55:44.5432638Z   type: 'test'
local-invariants	Run node tools/quality/run-local-tests.mjs	2026-10-05T12:55:44.5433088Z   ...
local-invariants	Run node tools/quality/run-local-tests.mjs	2026-10-05T12:55:44.5439762Z # Subtest: operator body bounds run before Nest initialization without globally consuming webhook bodies
local-invariants	Run node tools/quality/run-local-tests.mjs	2026-10-05T12:55:44.5440764Z ok 556 - operator body bounds run before Nest initialization without globally consuming webhook bodies
local-invariants	Run node tools/quality/run-local-tests.mjs	2026-10-05T12:55:44.5441227Z   ---
local-invariants	Run node tools/quality/run-local-tests.mjs	2026-10-05T12:55:44.5441419Z   duration_ms: 0.993738
local-invariants	Run node tools/quality/run-local-tests.mjs	2026-10-05T12:55:44.5441666Z   type: 'test'
local-invariants	Run node tools/quality/run-local-tests.mjs	2026-10-05T12:55:44.5441940Z   ...
local-invariants	Run node tools/quality/run-local-tests.mjs	2026-10-05T12:55:44.5454837Z # Subtest: additive operations schema preserves legacy data and composite source isolation
local-invariants	Run node tools/quality/run-local-tests.mjs	2026-10-05T12:55:44.5456024Z ok 557 - additive operations schema preserves legacy data and composite source isolation
local-invariants	Run node tools/quality/run-local-tests.mjs	2026-10-05T12:55:44.5456633Z   ---
local-invariants	Run node tools/quality/run-local-tests.mjs	2026-10-05T12:55:44.5456876Z   duration_ms: 1.481724
local-invariants	Run node tools/quality/run-local-tests.mjs	2026-10-05T12:55:44.5457092Z   type: 'test'
local-invariants	Run node tools/quality/run-local-tests.mjs	2026-10-05T12:55:44.5457276Z   ...
local-invariants	Run node tools/quality/run-local-tests.mjs	2026-10-05T12:55:44.5471430Z # Subtest: real operations DB acceptance is explicit and never replaced by local doubles
local-invariants	Run node tools/quality/run-local-tests.mjs	2026-10-05T12:55:44.5482856Z ok 558 - real operations DB acceptance is explicit and never replaced by local doubles
local-invariants	Run node tools/quality/run-local-tests.mjs	2026-10-05T12:55:44.5483330Z   ---
local-invariants	Run node tools/quality/run-local-tests.mjs	2026-10-05T12:55:44.5483522Z   duration_ms: 1.699238
local-invariants	Run node tools/quality/run-local-tests.mjs	2026-10-05T12:55:44.5483728Z   type: 'test'
local-invariants	Run node tools/quality/run-local-tests.mjs	2026-10-05T12:55:44.5483905Z   ...
local-invariants	Run node tools/quality/run-local-tests.mjs	2026-10-05T12:55:44.6355842Z # Subtest: pipeline router is registered and requires authenticated interactive sessions
local-invariants	Run node tools/quality/run-local-tests.mjs	2026-10-05T12:55:44.6357670Z ok 559 - pipeline router is registered and requires authenticated interactive sessions
local-invariants	Run node tools/quality/run-local-tests.mjs	2026-10-05T12:55:44.6358310Z   ---
local-invariants	Run node tools/quality/run-local-tests.mjs	2026-10-05T12:55:44.6358560Z   duration_ms: 4.335268
local-invariants	Run node tools/quality/run-local-tests.mjs	2026-10-05T12:55:44.6358781Z   type: 'test'
local-invariants	Run node tools/quality/run-local-tests.mjs	2026-10-05T12:55:44.6358966Z   ...
local-invariants	Run node tools/quality/run-local-tests.mjs	2026-10-05T12:55:44.6376932Z # Subtest: pipeline mutations replay stable commands before reading mutable state
local-invariants	Run node tools/quality/run-local-tests.mjs	2026-10-05T12:55:44.6378232Z ok 560 - pipeline mutations replay stable commands before reading mutable state
local-invariants	Run node tools/quality/run-local-tests.mjs	2026-10-05T12:55:44.6378728Z   ---
local-invariants	Run node tools/quality/run-local-tests.mjs	2026-10-05T12:55:44.6379017Z   duration_ms: 2.315524
local-invariants	Run node tools/quality/run-local-tests.mjs	2026-10-05T12:55:44.6379342Z   type: 'test'
local-invariants	Run node tools/quality/run-local-tests.mjs	2026-10-05T12:55:44.6379553Z   ...
local-invariants	Run node tools/quality/run-local-tests.mjs	2026-10-05T12:55:44.6387179Z # Subtest: public pipeline contracts are strict and expose no tenant selector
local-invariants	Run node tools/quality/run-local-tests.mjs	2026-10-05T12:55:44.6388139Z ok 561 - public pipeline contracts are strict and expose no tenant selector
local-invariants	Run node tools/quality/run-local-tests.mjs	2026-10-05T12:55:44.6388607Z   ---
local-invariants	Run node tools/quality/run-local-tests.mjs	2026-10-05T12:55:44.6388915Z   duration_ms: 1.104153
local-invariants	Run node tools/quality/run-local-tests.mjs	2026-10-05T12:55:44.6389140Z   type: 'test'
local-invariants	Run node tools/quality/run-local-tests.mjs	2026-10-05T12:55:44.6389333Z   ...
local-invariants	Run node tools/quality/run-local-tests.mjs	2026-10-05T12:55:44.6395368Z # Subtest: pipeline persistence uses bounded reads and serializable optimistic mutations
local-invariants	Run node tools/quality/run-local-tests.mjs	2026-10-05T12:55:44.6396814Z ok 562 - pipeline persistence uses bounded reads and serializable optimistic mutations
local-invariants	Run node tools/quality/run-local-tests.mjs	2026-10-05T12:55:44.6397264Z   ---
local-invariants	Run node tools/quality/run-local-tests.mjs	2026-10-05T12:55:44.6397469Z   duration_ms: 0.742785
local-invariants	Run node tools/quality/run-local-tests.mjs	2026-10-05T12:55:44.6397685Z   type: 'test'
local-invariants	Run node tools/quality/run-local-tests.mjs	2026-10-05T12:55:44.6397865Z   ...
local-invariants	Run node tools/quality/run-local-tests.mjs	2026-10-05T12:55:44.6403216Z # Subtest: HTTP 412 remains a precondition failure at the tRPC error boundary
local-invariants	Run node tools/quality/run-local-tests.mjs	2026-10-05T12:55:44.6404061Z ok 563 - HTTP 412 remains a precondition failure at the tRPC error boundary
local-invariants	Run node tools/quality/run-local-tests.mjs	2026-10-05T12:55:44.6404828Z   ---
local-invariants	Run node tools/quality/run-local-tests.mjs	2026-10-05T12:55:44.6405020Z   duration_ms: 0.659621
local-invariants	Run node tools/quality/run-local-tests.mjs	2026-10-05T12:55:44.6405235Z   type: 'test'
local-invariants	Run node tools/quality/run-local-tests.mjs	2026-10-05T12:55:44.6405421Z   ...
local-invariants	Run node tools/quality/run-local-tests.mjs	2026-10-05T12:55:44.6420098Z # Subtest: generated client and accessible settings UI are connected without unsafe casts
local-invariants	Run node tools/quality/run-local-tests.mjs	2026-10-05T12:55:44.6421284Z ok 564 - generated client and accessible settings UI are connected without unsafe casts
local-invariants	Run node tools/quality/run-local-tests.mjs	2026-10-05T12:55:44.6421924Z   ---
local-invariants	Run node tools/quality/run-local-tests.mjs	2026-10-05T12:55:44.6422196Z   duration_ms: 1.754099
local-invariants	Run node tools/quality/run-local-tests.mjs	2026-10-05T12:55:44.6422510Z   type: 'test'
local-invariants	Run node tools/quality/run-local-tests.mjs	2026-10-05T12:55:44.6422801Z   ...
local-invariants	Run node tools/quality/run-local-tests.mjs	2026-10-05T12:55:44.7311693Z # Subtest: PostgreSQL gate refuses implicit or production database targets
local-invariants	Run node tools/quality/run-local-tests.mjs	2026-10-05T12:55:44.7312609Z ok 565 - PostgreSQL gate refuses implicit or production database targets
local-invariants	Run node tools/quality/run-local-tests.mjs	2026-10-05T12:55:44.7313128Z   ---
local-invariants	Run node tools/quality/run-local-tests.mjs	2026-10-05T12:55:44.7313418Z   duration_ms: 3.458224
local-invariants	Run node tools/quality/run-local-tests.mjs	2026-10-05T12:55:44.7313647Z   type: 'test'
local-invariants	Run node tools/quality/run-local-tests.mjs	2026-10-05T12:55:44.7313840Z   ...
local-invariants	Run node tools/quality/run-local-tests.mjs	2026-10-05T12:55:44.8043314Z # Subtest: PostgreSQL integration spec exercises row locking, rollback and simultaneous writers
local-invariants	Run node tools/quality/run-local-tests.mjs	2026-10-05T12:55:44.8044549Z ok 566 - PostgreSQL integration spec exercises row locking, rollback and simultaneous writers
local-invariants	Run node tools/quality/run-local-tests.mjs	2026-10-05T12:55:44.8045179Z   ---
local-invariants	Run node tools/quality/run-local-tests.mjs	2026-10-05T12:55:44.8045477Z   duration_ms: 73.100439
local-invariants	Run node tools/quality/run-local-tests.mjs	2026-10-05T12:55:44.8045801Z   type: 'test'
local-invariants	Run node tools/quality/run-local-tests.mjs	2026-10-05T12:55:44.8046078Z   ...
local-invariants	Run node tools/quality/run-local-tests.mjs	2026-10-05T12:55:44.8911945Z # Subtest: public migration routes expose consent, not unrestricted worker execution
local-invariants	Run node tools/quality/run-local-tests.mjs	2026-10-05T12:55:44.8913067Z ok 567 - public migration routes expose consent, not unrestricted worker execution
local-invariants	Run node tools/quality/run-local-tests.mjs	2026-10-05T12:55:44.8913755Z   ---
local-invariants	Run node tools/quality/run-local-tests.mjs	2026-10-05T12:55:44.8914053Z   duration_ms: 3.787383
local-invariants	Run node tools/quality/run-local-tests.mjs	2026-10-05T12:55:44.8914386Z   type: 'test'
local-invariants	Run node tools/quality/run-local-tests.mjs	2026-10-05T12:55:44.8914678Z   ...
local-invariants	Run node tools/quality/run-local-tests.mjs	2026-10-05T12:55:44.8928078Z # Subtest: source lifecycle schema expands data and preserves receipt/source foreign keys
local-invariants	Run node tools/quality/run-local-tests.mjs	2026-10-05T12:55:44.8936986Z ok 568 - source lifecycle schema expands data and preserves receipt/source foreign keys
local-invariants	Run node tools/quality/run-local-tests.mjs	2026-10-05T12:55:44.8937562Z   ---
local-invariants	Run node tools/quality/run-local-tests.mjs	2026-10-05T12:55:44.8938017Z   duration_ms: 1.396908
local-invariants	Run node tools/quality/run-local-tests.mjs	2026-10-05T12:55:44.8938478Z   type: 'test'
local-invariants	Run node tools/quality/run-local-tests.mjs	2026-10-05T12:55:44.8938869Z   ...
local-invariants	Run node tools/quality/run-local-tests.mjs	2026-10-05T12:55:44.8948266Z # Subtest: source cleanup and worker CLIs use deployment workspace and never embed a credential
local-invariants	Run node tools/quality/run-local-tests.mjs	2026-10-05T12:55:44.8950314Z ok 569 - source cleanup and worker CLIs use deployment workspace and never embed a credential
local-invariants	Run node tools/quality/run-local-tests.mjs	2026-10-05T12:55:44.8950759Z   ---
local-invariants	Run node tools/quality/run-local-tests.mjs	2026-10-05T12:55:44.8950960Z   duration_ms: 2.289114
local-invariants	Run node tools/quality/run-local-tests.mjs	2026-10-05T12:55:44.8951179Z   type: 'test'
local-invariants	Run node tools/quality/run-local-tests.mjs	2026-10-05T12:55:44.8951377Z   ...
local-invariants	Run node tools/quality/run-local-tests.mjs	2026-10-05T12:55:44.9811471Z # Subtest: release test evidence accepts a complete TAP summary on LF and Windows CRLF
local-invariants	Run node tools/quality/run-local-tests.mjs	2026-10-05T12:55:44.9812264Z ok 570 - release test evidence accepts a complete TAP summary on LF and Windows CRLF
local-invariants	Run node tools/quality/run-local-tests.mjs	2026-10-05T12:55:44.9812855Z   ---
local-invariants	Run node tools/quality/run-local-tests.mjs	2026-10-05T12:55:44.9813059Z   duration_ms: 1.72771
local-invariants	Run node tools/quality/run-local-tests.mjs	2026-10-05T12:55:44.9813269Z   type: 'test'
local-invariants	Run node tools/quality/run-local-tests.mjs	2026-10-05T12:55:44.9813466Z   ...
local-invariants	Run node tools/quality/run-local-tests.mjs	2026-10-05T12:55:44.9815156Z # Subtest: release test evidence cannot turn missing, skipped, cancelled or failed coverage green
local-invariants	Run node tools/quality/run-local-tests.mjs	2026-10-05T12:55:44.9816300Z ok 571 - release test evidence cannot turn missing, skipped, cancelled or failed coverage green
local-invariants	Run node tools/quality/run-local-tests.mjs	2026-10-05T12:55:44.9816716Z   ---
local-invariants	Run node tools/quality/run-local-tests.mjs	2026-10-05T12:55:44.9817010Z   duration_ms: 0.205786
local-invariants	Run node tools/quality/run-local-tests.mjs	2026-10-05T12:55:44.9817347Z   type: 'test'
local-invariants	Run node tools/quality/run-local-tests.mjs	2026-10-05T12:55:44.9817545Z   ...
local-invariants	Run node tools/quality/run-local-tests.mjs	2026-10-05T12:55:44.9819016Z # Subtest: release test evidence uses the final TAP summary rather than an earlier passing run
local-invariants	Run node tools/quality/run-local-tests.mjs	2026-10-05T12:55:44.9821653Z ok 572 - release test evidence uses the final TAP summary rather than an earlier passing run
local-invariants	Run node tools/quality/run-local-tests.mjs	2026-10-05T12:55:44.9822634Z   ---
local-invariants	Run node tools/quality/run-local-tests.mjs	2026-10-05T12:55:44.9822829Z   duration_ms: 0.263101
local-invariants	Run node tools/quality/run-local-tests.mjs	2026-10-05T12:55:44.9823036Z   type: 'test'
local-invariants	Run node tools/quality/run-local-tests.mjs	2026-10-05T12:55:44.9823223Z   ...
local-invariants	Run node tools/quality/run-local-tests.mjs	2026-10-05T12:55:45.1750795Z # Subtest: JSONC parser preserves quoted URLs and comment-like strings
local-invariants	Run node tools/quality/run-local-tests.mjs	2026-10-05T12:55:45.1751466Z ok 573 - JSONC parser preserves quoted URLs and comment-like strings
local-invariants	Run node tools/quality/run-local-tests.mjs	2026-10-05T12:55:45.1752072Z   ---
local-invariants	Run node tools/quality/run-local-tests.mjs	2026-10-05T12:55:45.1752405Z   duration_ms: 1.535073
local-invariants	Run node tools/quality/run-local-tests.mjs	2026-10-05T12:55:45.1753301Z   type: 'test'
local-invariants	Run node tools/quality/run-local-tests.mjs	2026-10-05T12:55:45.1753598Z   ...
local-invariants	Run node tools/quality/run-local-tests.mjs	2026-10-05T12:55:45.1755790Z # Subtest: every declared workspace and local dependency is represented in lock metadata
local-invariants	Run node tools/quality/run-local-tests.mjs	2026-10-05T12:55:45.1757304Z ok 574 - every declared workspace and local dependency is represented in lock metadata
local-invariants	Run node tools/quality/run-local-tests.mjs	2026-10-05T12:55:45.1757951Z   ---
local-invariants	Run node tools/quality/run-local-tests.mjs	2026-10-05T12:55:45.1758171Z   duration_ms: 67.442103
local-invariants	Run node tools/quality/run-local-tests.mjs	2026-10-05T12:55:45.1758475Z   type: 'test'
local-invariants	Run node tools/quality/run-local-tests.mjs	2026-10-05T12:55:45.1758772Z   ...
local-invariants	Run node tools/quality/run-local-tests.mjs	2026-10-05T12:55:45.1759854Z # Subtest: missing or stale workspace metadata is a failing finding, not a baseline exemption
local-invariants	Run node tools/quality/run-local-tests.mjs	2026-10-05T12:55:45.1762222Z ok 575 - missing or stale workspace metadata is a failing finding, not a baseline exemption
local-invariants	Run node tools/quality/run-local-tests.mjs	2026-10-05T12:55:45.1762693Z   ---
local-invariants	Run node tools/quality/run-local-tests.mjs	2026-10-05T12:55:45.1762888Z   duration_ms: 35.321136
local-invariants	Run node tools/quality/run-local-tests.mjs	2026-10-05T12:55:45.1763106Z   type: 'test'
local-invariants	Run node tools/quality/run-local-tests.mjs	2026-10-05T12:55:45.1763297Z   ...
local-invariants	Run node tools/quality/run-local-tests.mjs	2026-10-05T12:55:45.1948628Z 1..575
local-invariants	Run node tools/quality/run-local-tests.mjs	2026-10-05T12:55:45.1949042Z # tests 575
local-invariants	Run node tools/quality/run-local-tests.mjs	2026-10-05T12:55:45.1949352Z # suites 0
local-invariants	Run node tools/quality/run-local-tests.mjs	2026-10-05T12:55:45.1949687Z # pass 575
local-invariants	Run node tools/quality/run-local-tests.mjs	2026-10-05T12:55:45.1949960Z # fail 0
local-invariants	Run node tools/quality/run-local-tests.mjs	2026-10-05T12:55:45.1954576Z # cancelled 0
local-invariants	Run node tools/quality/run-local-tests.mjs	2026-10-05T12:55:45.1954912Z # skipped 0
local-invariants	Run node tools/quality/run-local-tests.mjs	2026-10-05T12:55:45.1955191Z # todo 0
local-invariants	Run node tools/quality/run-local-tests.mjs	2026-10-05T12:55:45.1955516Z # duration_ms 10117.64736
local-invariants	Run node scripts/verify-manifests.mjs	﻿2026-10-05T12:55:45.2099046Z ##[group]Run node scripts/verify-manifests.mjs
local-invariants	Run node scripts/verify-manifests.mjs	2026-10-05T12:55:45.2099458Z ^[[36;1mnode scripts/verify-manifests.mjs^[[0m
local-invariants	Run node scripts/verify-manifests.mjs	2026-10-05T12:55:45.2164117Z shell: /usr/bin/bash -e {0}
local-invariants	Run node scripts/verify-manifests.mjs	2026-10-05T12:55:45.2164393Z ##[endgroup]
local-invariants	Run node scripts/verify-manifests.mjs	2026-10-05T12:55:45.2784742Z Verified 20 package.json manifest(s).
local-invariants	Run node tools/quality/verify-workspace-lock.mjs	﻿2026-10-05T12:55:45.2877320Z ##[group]Run node tools/quality/verify-workspace-lock.mjs
local-invariants	Run node tools/quality/verify-workspace-lock.mjs	2026-10-05T12:55:45.2877752Z ^[[36;1mnode tools/quality/verify-workspace-lock.mjs^[[0m
local-invariants	Run node tools/quality/verify-workspace-lock.mjs	2026-10-05T12:55:45.2942117Z shell: /usr/bin/bash -e {0}
local-invariants	Run node tools/quality/verify-workspace-lock.mjs	2026-10-05T12:55:45.2942388Z ##[endgroup]
local-invariants	Run node tools/quality/verify-workspace-lock.mjs	2026-10-05T12:55:45.3975374Z {
local-invariants	Run node tools/quality/verify-workspace-lock.mjs	2026-10-05T12:55:45.4058977Z   "scope": "Workspace metadata only; not a Bun frozen install or registry integrity check",
local-invariants	Run node tools/quality/verify-workspace-lock.mjs	2026-10-05T12:55:45.4059446Z   "findings": []
local-invariants	Run node tools/quality/verify-workspace-lock.mjs	2026-10-05T12:55:45.4059656Z }
local-invariants	Run node tools/quality/generate-appearance.mjs --check	﻿2026-10-05T12:55:45.4102656Z ##[group]Run node tools/quality/generate-appearance.mjs --check
local-invariants	Run node tools/quality/generate-appearance.mjs --check	2026-10-05T12:55:45.4103374Z ^[[36;1mnode tools/quality/generate-appearance.mjs --check^[[0m
local-invariants	Run node tools/quality/generate-appearance.mjs --check	2026-10-05T12:55:45.4192522Z shell: /usr/bin/bash -e {0}
local-invariants	Run node tools/quality/generate-appearance.mjs --check	2026-10-05T12:55:45.4192941Z ##[endgroup]
local-invariants	Run node scripts/repository-audit.mjs	﻿2026-10-05T12:55:45.4625439Z ##[group]Run node scripts/repository-audit.mjs
local-invariants	Run node scripts/repository-audit.mjs	2026-10-05T12:55:45.4625796Z ^[[36;1mnode scripts/repository-audit.mjs^[[0m
local-invariants	Run node scripts/repository-audit.mjs	2026-10-05T12:55:45.4689664Z shell: /usr/bin/bash -e {0}
local-invariants	Run node scripts/repository-audit.mjs	2026-10-05T12:55:45.4689999Z ##[endgroup]
local-invariants	Run node scripts/repository-audit.mjs	2026-10-05T12:55:45.9142591Z Repository audit passed: no critical identity, secret, BOM, or manifest findings.
local-invariants	Run node tools/quality/audit-agent-action-boundaries.mjs --check --strict-legacy	﻿2026-10-05T12:55:45.9225865Z ##[group]Run node tools/quality/audit-agent-action-boundaries.mjs --check --strict-legacy
local-invariants	Run node tools/quality/audit-agent-action-boundaries.mjs --check --strict-legacy	2026-10-05T12:55:45.9226475Z ^[[36;1mnode tools/quality/audit-agent-action-boundaries.mjs --check --strict-legacy^[[0m
local-invariants	Run node tools/quality/audit-agent-action-boundaries.mjs --check --strict-legacy	2026-10-05T12:55:45.9290074Z shell: /usr/bin/bash -e {0}
local-invariants	Run node tools/quality/audit-agent-action-boundaries.mjs --check --strict-legacy	2026-10-05T12:55:45.9290634Z ##[endgroup]
local-invariants	Run node tools/quality/audit-agent-action-boundaries.mjs --check --strict-legacy	2026-10-05T12:55:46.0419121Z {
local-invariants	Run node tools/quality/audit-agent-action-boundaries.mjs --check --strict-legacy	2026-10-05T12:55:46.0419513Z   "generatedAt": "2026-10-05T12:55:46.040Z",
local-invariants	Run node tools/quality/audit-agent-action-boundaries.mjs --check --strict-legacy	2026-10-05T12:55:46.0419823Z   "findingCount": 0,
local-invariants	Run node tools/quality/audit-agent-action-boundaries.mjs --check --strict-legacy	2026-10-05T12:55:46.0420048Z   "errorCount": 0,
local-invariants	Run node tools/quality/audit-agent-action-boundaries.mjs --check --strict-legacy	2026-10-05T12:55:46.0420457Z   "migrationCount": 0,
local-invariants	Run node tools/quality/audit-agent-action-boundaries.mjs --check --strict-legacy	2026-10-05T12:55:46.0420662Z   "findings": [],
local-invariants	Run node tools/quality/audit-agent-action-boundaries.mjs --check --strict-legacy	2026-10-05T12:55:46.0420852Z   "policy": {
local-invariants	Run node tools/quality/audit-agent-action-boundaries.mjs --check --strict-legacy	2026-10-05T12:55:46.0421040Z     "checkFailsOn": [
local-invariants	Run node tools/quality/audit-agent-action-boundaries.mjs --check --strict-legacy	2026-10-05T12:55:46.0421237Z       "error",
local-invariants	Run node tools/quality/audit-agent-action-boundaries.mjs --check --strict-legacy	2026-10-05T12:55:46.0421432Z       "migration"
local-invariants	Run node tools/quality/audit-agent-action-boundaries.mjs --check --strict-legacy	2026-10-05T12:55:46.0421615Z     ],
local-invariants	Run node tools/quality/audit-agent-action-boundaries.mjs --check --strict-legacy	2026-10-05T12:55:46.0422102Z     "testsAndFixturesExcluded": true,
local-invariants	Run node tools/quality/audit-agent-action-boundaries.mjs --check --strict-legacy	2026-10-05T12:55:46.0422497Z     "soleExecutorBoundary": "packages/agent-action-runtime/src/index.mjs"
local-invariants	Run node tools/quality/audit-agent-action-boundaries.mjs --check --strict-legacy	2026-10-05T12:55:46.0422932Z   }
local-invariants	Run node tools/quality/audit-agent-action-boundaries.mjs --check --strict-legacy	2026-10-05T12:55:46.0423119Z }
local-invariants	Run node scripts/audit-tenant-boundaries.mjs --check	﻿2026-10-05T12:55:46.0495799Z ##[group]Run node scripts/audit-tenant-boundaries.mjs --check
local-invariants	Run node scripts/audit-tenant-boundaries.mjs --check	2026-10-05T12:55:46.0496240Z ^[[36;1mnode scripts/audit-tenant-boundaries.mjs --check^[[0m
local-invariants	Run node scripts/audit-tenant-boundaries.mjs --check	2026-10-05T12:55:46.0559912Z shell: /usr/bin/bash -e {0}
local-invariants	Run node scripts/audit-tenant-boundaries.mjs --check	2026-10-05T12:55:46.0560385Z ##[endgroup]
local-invariants	Run node scripts/audit-tenant-boundaries.mjs --check	2026-10-05T12:55:48.0681045Z Tenant boundary ratchet passed. Current findings: 15; new findings: 0.
local-invariants	Post Run actions/setup-node@v4	﻿2026-10-05T12:55:48.0848864Z Post job cleanup.
local-invariants	Post Run actions/setup-node@v4	2026-10-05T12:55:48.1959369Z (node:2866) [DEP0040] DeprecationWarning: The `punycode` module is deprecated. Please use a userland alternative instead.
local-invariants	Post Run actions/setup-node@v4	2026-10-05T12:55:48.1960383Z (Use `node --trace-deprecation ...` to show where the warning was created)
local-invariants	Post Run actions/checkout@v4	﻿2026-10-05T12:55:48.2173977Z Post job cleanup.
local-invariants	Post Run actions/checkout@v4	2026-10-05T12:55:48.3020927Z [command]/usr/bin/git version
local-invariants	Post Run actions/checkout@v4	2026-10-05T12:55:48.3063480Z git version 2.55.0
local-invariants	Post Run actions/checkout@v4	2026-10-05T12:55:48.3100469Z Temporarily overriding HOME='/home/runner/work/_temp/0ae52238-7159-4ee4-aab1-cecb05f632d8' before making global git config changes
local-invariants	Post Run actions/checkout@v4	2026-10-05T12:55:48.3101907Z Adding repository directory to the temporary git global config as a safe directory
local-invariants	Post Run actions/checkout@v4	2026-10-05T12:55:48.3106408Z [command]/usr/bin/git config --global --add safe.directory /home/runner/work/tayvero/tayvero
local-invariants	Post Run actions/checkout@v4	2026-10-05T12:55:48.3152719Z [command]/usr/bin/git config --local --name-only --get-regexp core\.sshCommand
local-invariants	Post Run actions/checkout@v4	2026-10-05T12:55:48.3201057Z [command]/usr/bin/git submodule foreach --recursive sh -c "git config --local --name-only --get-regexp 'core\.sshCommand' && git config --local --unset-all 'core.sshCommand' || :"
local-invariants	Post Run actions/checkout@v4	2026-10-05T12:55:48.3459045Z [command]/usr/bin/git config --local --name-only --get-regexp http\.https\:\/\/github\.com\/\.extraheader
local-invariants	Post Run actions/checkout@v4	2026-10-05T12:55:48.3492142Z http.https://github.com/.extraheader
local-invariants	Post Run actions/checkout@v4	2026-10-05T12:55:48.3504398Z [command]/usr/bin/git config --local --unset-all http.https://github.com/.extraheader
local-invariants	Post Run actions/checkout@v4	2026-10-05T12:55:48.3548621Z [command]/usr/bin/git submodule foreach --recursive sh -c "git config --local --name-only --get-regexp 'http\.https\:\/\/github\.com\/\.extraheader' && git config --local --unset-all 'http.https://github.com/.extraheader' || :"
local-invariants	Post Run actions/checkout@v4	2026-10-05T12:55:48.3810880Z [command]/usr/bin/git config --local --name-only --get-regexp ^includeIf\.gitdir:
local-invariants	Post Run actions/checkout@v4	2026-10-05T12:55:48.3855524Z [command]/usr/bin/git submodule foreach --recursive git config --local --show-origin --name-only --get-regexp remote.origin.url
local-invariants	Complete job	﻿2026-10-05T12:55:48.4238196Z Cleaning up orphan processes
local-invariants	Complete job	2026-10-05T12:55:48.4531287Z ##[warning]Node.js 20 is deprecated. The following actions target Node.js 20 but are being forced to run on Node.js 24: actions/checkout@v4, actions/setup-node@v4. For more information see: https://github.blog/changelog/2025-09-19-deprecation-of-node-20-on-github-actions-runners/
