
===== Dependency-free regression =====
node tools/quality/run-local-tests.mjs
status=passed exit=0
TAP version 13
# Subtest: continuation token admits only the exact session/decision body and preserves principal
ok 1 - continuation token admits only the exact session/decision body and preserves principal
  ---
  duration_ms: 10.552246
  type: 'test'
  ...
# Subtest: session/create/general token, altered body, verb, signature and time are rejected before admission
ok 2 - session/create/general token, altered body, verb, signature and time are rejected before admission
  ---
  duration_ms: 4.284559
  type: 'test'
  ...
# Subtest: bounded authentication rejects oversized and malicious JSON without creating consent
ok 3 - bounded authentication rejects oversized and malicious JSON without creating consent
  ---
  duration_ms: 1.420795
  type: 'test'
  ...
# Subtest: expired token during bounded body processing does not enter admission
ok 4 - expired token during bounded body processing does not enter admission
  ---
  duration_ms: 0.69541
  type: 'test'
  ...
# Subtest: transport sends one exact ID request on a real loopback HTTP server, never a new session
ok 5 - transport sends one exact ID request on a real loopback HTTP server, never a new session
  ---
  duration_ms: 24.043487
  type: 'test'
  ...
# Subtest: transport rejects untrusted origins, redirects/errors, mismatched acknowledgement and never retries
ok 6 - transport rejects untrusted origins, redirects/errors, mismatched acknowledgement and never retries
  ---
  duration_ms: 1.569296
  type: 'test'
  ...
# Subtest: both native mutation tools preserve disabled-default behavior before parsing optional input
ok 7 - both native mutation tools preserve disabled-default behavior before parsing optional input
  ---
  duration_ms: 1.180339
  type: 'test'
  ...
# Subtest: native event journal observer is wired outside the best-effort audit catch
ok 8 - native event journal observer is wired outside the best-effort audit catch
  ---
  duration_ms: 0.230201
  type: 'test'
  ...
# Subtest: timeout confirmation remains inside the locked transaction and completion cannot skip pending consent
ok 9 - timeout confirmation remains inside the locked transaction and completion cannot skip pending consent
  ---
  duration_ms: 0.227067
  type: 'test'
  ...
# Subtest: strict Turbo development passes the actual application feature/config variable names
ok 10 - strict Turbo development passes the actual application feature/config variable names
  ---
  duration_ms: 0.709692
  type: 'test'
  ...
# Subtest: unset and example-env blank rules preserve the bounded deployed manifest policy
ok 11 - unset and example-env blank rules preserve the bounded deployed manifest policy
  ---
  duration_ms: 0.740737
  type: 'test'
  ...
# Subtest: malformed configuration fails closed, never silently ignores intended restrictions
ok 12 - malformed configuration fails closed, never silently ignores intended restrictions
  ---
  duration_ms: 0.477137
  type: 'test'
  ...
# Subtest: deployment rules and read-only mode cannot be changed with request fields
ok 13 - deployment rules and read-only mode cannot be changed with request fields
  ---
  duration_ms: 0.13511
  type: 'test'
  ...
# Subtest: the dependency-free service core delegates only through the governed executor
ok 14 - the dependency-free service core delegates only through the governed executor
  ---
  duration_ms: 13.043729
  type: 'test'
  ...
# Subtest: the production service composition uses the same governed path
ok 15 - the production service composition uses the same governed path
  ---
  duration_ms: 0.747258
  type: 'test'
  ...
# Subtest: requires an explicit catalog-only registry
ok 16 - requires an explicit catalog-only registry
  ---
  duration_ms: 0.409827
  type: 'test'
  ...
# Subtest: rejects model attempts to provide execution context or control fields
ok 17 - rejects model attempts to provide execution context or control fields
  ---
  duration_ms: 0.381686
  type: 'test'
  ...
# Subtest: rejects invalid input before any action executor side effect
ok 18 - rejects invalid input before any action executor side effect
  ---
  duration_ms: 0.505819
  type: 'test'
  ...
# Subtest: rejects invalid cancellation objects and unknown execution options
ok 19 - rejects invalid cancellation objects and unknown execution options
  ---
  duration_ms: 0.333885
  type: 'test'
  ...
# Subtest: the Prisma composition persists receipts and audit through the governed path
ok 20 - the Prisma composition persists receipts and audit through the governed path
  ---
  duration_ms: 2.163186
  type: 'test'
  ...
# Subtest: the Prisma composition fails fast when governance dependencies are missing
ok 21 - the Prisma composition fails fast when governance dependencies are missing
  ---
  duration_ms: 0.261908
  type: 'test'
  ...
# Subtest: publishes only the two governed external run actions
ok 22 - publishes only the two governed external run actions
  ---
  duration_ms: 30.377012
  type: 'test'
  ...
# Subtest: passes the full governed idempotency envelope to the CRM side effect
ok 23 - passes the full governed idempotency envelope to the CRM side effect
  ---
  duration_ms: 7.056916
  type: 'test'
  ...
# Subtest: replays a completed governed receipt without repeating the business side effect
ok 24 - replays a completed governed receipt without repeating the business side effect
  ---
  duration_ms: 1.801169
  type: 'test'
  ...
# Subtest: rejects reuse of one run call for different business input
ok 25 - rejects reuse of one run call for different business input
  ---
  duration_ms: 1.979944
  type: 'test'
  ...
# Subtest: denies execution before the side effect when object authorization fails
ok 26 - denies execution before the side effect when object authorization fails
  ---
  duration_ms: 0.962347
  type: 'test'
  ...
# Subtest: rejects model/control-field injection and invalid business input
ok 27 - rejects model/control-field injection and invalid business input
  ---
  duration_ms: 0.49924
  type: 'test'
  ...
# Subtest: honors cancellation before acquiring or executing a side effect
ok 28 - honors cancellation before acquiring or executing a side effect
  ---
  duration_ms: 0.596224
  type: 'test'
  ...
# Subtest: routes Slack through the same governed receipt and execution envelope
ok 29 - routes Slack through the same governed receipt and execution envelope
  ---
  duration_ms: 1.26234
  type: 'test'
  ...
# Subtest: rejects accessor-backed request fields without invoking application code
ok 30 - rejects accessor-backed request fields without invoking application code
  ---
  duration_ms: 0.54013
  type: 'test'
  ...
# Subtest: rejects accessor-backed business input without evaluating its getter
ok 31 - rejects accessor-backed business input without evaluating its getter
  ---
  duration_ms: 0.49288
  type: 'test'
  ...
# Subtest: rejects ambiguous identifier separators before deriving an idempotency key
ok 32 - rejects ambiguous identifier separators before deriving an idempotency key
  ---
  duration_ms: 1.26234
  type: 'test'
  ...
# Subtest: rejects malformed policy decisions before acquiring a receipt
ok 33 - rejects malformed policy decisions before acquiring a receipt
  ---
  duration_ms: 0.669462
  type: 'test'
  ...
# Subtest: rejects misspelled runtime dependencies instead of ignoring configuration
ok 34 - rejects misspelled runtime dependencies instead of ignoring configuration
  ---
  duration_ms: 0.233025
  type: 'test'
  ...
# Subtest: agent runner tools invoke only the governed run-action bridge
ok 35 - agent runner tools invoke only the governed run-action bridge
  ---
  duration_ms: 6.553661
  type: 'test'
  ...
# Subtest: the governed bridge is the sole production caller of low-level run side effects
ok 36 - the governed bridge is the sole production caller of low-level run side effects
  ---
  duration_ms: 99.930471
  type: 'test'
  ...
# Subtest: run-runtime requires the governed envelope and no longer exposes legacy entrypoints
ok 37 - run-runtime requires the governed envelope and no longer exposes legacy entrypoints
  ---
  duration_ms: 1.232607
  type: 'test'
  ...
# Subtest: run.summary remains a run-control capability instead of becoming an external side effect
ok 38 - run.summary remains a run-control capability instead of becoming an external side effect
  ---
  duration_ms: 0.857671
  type: 'test'
  ...
# Subtest: timeout selection cannot fail a run that parked after the query snapshot
ok 39 - timeout selection cannot fail a run that parked after the query snapshot
  ---
  duration_ms: 0.730393
  type: 'test'
  ...
# Subtest: resume uses extended execution budget without changing historical startedAt
ok 40 - resume uses extended execution budget without changing historical startedAt
  ---
  duration_ms: 0.153397
  type: 'test'
  ...
# Subtest: cancelled, detached and terminal runs are never timed out by a stale scan
ok 41 - cancelled, detached and terminal runs are never timed out by a stale scan
  ---
  duration_ms: 0.159246
  type: 'test'
  ...
# Subtest: execution budget rejects corrupt configuration and saved deadlines
ok 42 - execution budget rejects corrupt configuration and saved deadlines
  ---
  duration_ms: 0.413953
  type: 'test'
  ...
# Subtest: approved native request traverses real governed executor once, then receipt completes continuation
ok 43 - approved native request traverses real governed executor once, then receipt completes continuation
  ---
  duration_ms: 48.616069
  type: 'test'
  ...
# Subtest: lost native acknowledgement is reconciled from actual runtime receipt without another HTTP request
ok 44 - lost native acknowledgement is reconciled from actual runtime receipt without another HTTP request
  ---
  duration_ms: 13.968058
  type: 'test'
  ...
# Subtest: native child/session/call binding is durable across fresh service instances
ok 45 - native child/session/call binding is durable across fresh service instances
  ---
  duration_ms: 11.035272
  type: 'test'
  ...
# Subtest: consent alone cannot resume before durable native input and waiting boundary
ok 46 - consent alone cannot resume before durable native input and waiting boundary
  ---
  duration_ms: 2.984472
  type: 'test'
  ...
# Subtest: pending consent parks without dispatch and polling is bounded/fair
ok 47 - pending consent parks without dispatch and polling is bounded/fair
  ---
  duration_ms: 3.105532
  type: 'test'
  ...
# Subtest: wrong session, actor workspace, payload, call and native request cannot rebind consent
ok 48 - wrong session, actor workspace, payload, call and native request cannot rebind consent
  ---
  duration_ms: 2.741543
  type: 'test'
  ...
# Subtest: two dispatchers cannot both submit one approval or two calls of the same waiting run
ok 49 - two dispatchers cannot both submit one approval or two calls of the same waiting run
  ---
  duration_ms: 5.484577
  type: 'test'
  ...
# Subtest: lost transport acknowledgement is quarantined; never whole-run/new-key replay
ok 50 - lost transport acknowledgement is quarantined; never whole-run/new-key replay
  ---
  duration_ms: 3.208444
  type: 'test'
  ...
# Subtest: crashed dispatcher lease is quarantined, not reacquired
ok 51 - crashed dispatcher lease is quarantined, not reacquired
  ---
  duration_ms: 3.100023
  type: 'test'
  ...
# Subtest: exact-session mismatch in transport acknowledgement fails closed
ok 52 - exact-session mismatch in transport acknowledgement fails closed
  ---
  duration_ms: 2.301972
  type: 'test'
  ...
# Subtest: expired/rejected/cancelled approval resumes only a native denial
ok 53 - expired/rejected/cancelled approval resumes only a native denial
  ---
  duration_ms: 6.816981
  type: 'test'
  ...
# Subtest: revoked approver denies; revoked requester quarantines; cancellation never dispatches
ok 54 - revoked approver denies; revoked requester quarantines; cancellation never dispatches
  ---
  duration_ms: 3.879438
  type: 'test'
  ...
# Subtest: approval waiting extends only execution deadline; original startedAt is preserved
ok 55 - approval waiting extends only execution deadline; original startedAt is preserved
  ---
  duration_ms: 1.156845
  type: 'test'
  ...
# Subtest: replayed waiting event cannot park a resumed run again
ok 56 - replayed waiting event cannot park a resumed run again
  ---
  duration_ms: 2.570278
  type: 'test'
  ...
# Subtest: audit failure rolls back waiting/dispatch state and produces no delivery
ok 57 - audit failure rolls back waiting/dispatch state and produces no delivery
  ---
  duration_ms: 1.291504
  type: 'test'
  ...
# Subtest: only a successful matching governed receipt closes observed execution
ok 58 - only a successful matching governed receipt closes observed execution
  ---
  duration_ms: 2.178928
  type: 'test'
  ...
# Subtest: native HTTP admission is one-use and rechecks fresh authority without consuming business consent
ok 59 - native HTTP admission is one-use and rechecks fresh authority without consuming business consent
  ---
  duration_ms: 2.32846
  type: 'test'
  ...
# Subtest: late expiry/revocation/cancellation at native admission cannot use earlier dispatch authority
ok 60 - late expiry/revocation/cancellation at native admission cannot use earlier dispatch authority
  ---
  duration_ms: 3.939147
  type: 'test'
  ...
# Subtest: execution budget already exhausted before waiting is not restored by approval
ok 61 - execution budget already exhausted before waiting is not restored by approval
  ---
  duration_ms: 1.20831
  type: 'test'
  ...
# Subtest: scheduled continuation preserves the dispatch principal, never the immutable version editor
ok 62 - scheduled continuation preserves the dispatch principal, never the immutable version editor
  ---
  duration_ms: 1.197805
  type: 'test'
  ...
# Subtest: historical scheduled run principal follows original dispatch, and contradictory manual identity is denied
ok 63 - historical scheduled run principal follows original dispatch, and contradictory manual identity is denied
  ---
  duration_ms: 1.904142
  type: 'test'
  ...
# Subtest: request is immutable, requester-bound and idempotent across service instances
ok 64 - request is immutable, requester-bound and idempotent across service instances
  ---
  duration_ms: 5.671714
  type: 'test'
  ...
# Subtest: no forged tenant or digest is accepted
ok 65 - no forged tenant or digest is accepted
  ---
  duration_ms: 0.415686
  type: 'test'
  ...
# Subtest: queue and decisions require current administrator membership
ok 66 - queue and decisions require current administrator membership
  ---
  duration_ms: 1.235
  type: 'test'
  ...
# Subtest: self approval is prohibited for both direct human and agent-run requesters
ok 67 - self approval is prohibited for both direct human and agent-run requesters
  ---
  duration_ms: 1.377091
  type: 'test'
  ...
# Subtest: agent run linkage is loaded server-side and inactive runs fail closed
ok 68 - agent run linkage is loaded server-side and inactive runs fail closed
  ---
  duration_ms: 0.826034
  type: 'test'
  ...
# Subtest: approval and audit are atomic; audit failure cannot leave consent behind
ok 69 - approval and audit are atomic; audit failure cannot leave consent behind
  ---
  duration_ms: 1.158016
  type: 'test'
  ...
# Subtest: repeated same decision is idempotent but stale opposite decisions are blocked
ok 70 - repeated same decision is idempotent but stale opposite decisions are blocked
  ---
  duration_ms: 1.138577
  type: 'test'
  ...
# Subtest: expiry is committed and audited instead of rolled back with an exception
ok 71 - expiry is committed and audited instead of rolled back with an exception
  ---
  duration_ms: 0.807707
  type: 'test'
  ...
# Subtest: cannot explicitly expire before deadline
ok 72 - cannot explicitly expire before deadline
  ---
  duration_ms: 1.317011
  type: 'test'
  ...
# Subtest: cannot approve redacted or truncated content without a complete safe preview
ok 73 - cannot approve redacted or truncated content without a complete safe preview
  ---
  duration_ms: 1.47119
  type: 'test'
  ...
# Subtest: approved consent is one-shot and bound to execution key, digest and actor
ok 74 - approved consent is one-shot and bound to execution key, digest and actor
  ---
  duration_ms: 1.307257
  type: 'test'
  ...
# Subtest: revoked approving administrator invalidates unused consent
ok 75 - revoked approving administrator invalidates unused consent
  ---
  duration_ms: 0.840275
  type: 'test'
  ...
# Subtest: consumption audit failure leaves consent unconsumed and executes nothing
ok 76 - consumption audit failure leaves consent unconsumed and executes nothing
  ---
  duration_ms: 0.923639
  type: 'test'
  ...
# Subtest: cancel and reject are terminal and do not start execution
ok 77 - cancel and reject are terminal and do not start execution
  ---
  duration_ms: 1.98352
  type: 'test'
  ...
# Subtest: legacy unbound approvals are visible but cannot be newly approved or consumed
ok 78 - legacy unbound approvals are visible but cannot be newly approved or consumed
  ---
  duration_ms: 0.463417
  type: 'test'
  ...
# Subtest: two decision callers cannot both create conflicting final states
ok 79 - two decision callers cannot both create conflicting final states
  ---
  duration_ms: 0.689362
  type: 'test'
  ...
# Subtest: two consumers cannot both obtain one approval (query-contract double, not database proof)
ok 80 - two consumers cannot both obtain one approval (query-contract double, not database proof)
  ---
  duration_ms: 0.915086
  type: 'test'
  ...
# Subtest: list cursor keeps distinct requests with identical timestamps
ok 81 - list cursor keeps distinct requests with identical timestamps
  ---
  duration_ms: 35.245888
  type: 'test'
  ...
# Subtest: pending expiry filters reflect deadlines even without a scheduled sweeper
ok 82 - pending expiry filters reflect deadlines even without a scheduled sweeper
  ---
  duration_ms: 0.590275
  type: 'test'
  ...
# Subtest: governed executor requests consent, rechecks authorization, consumes once and replays receipt
ok 83 - governed executor requests consent, rechecks authorization, consumes once and replays receipt
  ---
  duration_ms: 4.712554
  type: 'test'
  ...
# Subtest: denied actions never allocate approval requests
ok 84 - denied actions never allocate approval requests
  ---
  duration_ms: 0.298873
  type: 'test'
  ...
# Subtest: expiry uses the current service clock, never a caller-provided backdated timestamp
ok 85 - expiry uses the current service clock, never a caller-provided backdated timestamp
  ---
  duration_ms: 0.546009
  type: 'test'
  ...
# Subtest: approval cannot be consumed if authority queries cross its deadline
ok 86 - approval cannot be consumed if authority queries cross its deadline
  ---
  duration_ms: 0.624946
  type: 'test'
  ...
# Subtest: decision crossing the deadline becomes an audited expiration instead of late consent
ok 87 - decision crossing the deadline becomes an audited expiration instead of late consent
  ---
  duration_ms: 0.502324
  type: 'test'
  ...
# Subtest: clear means no configured signals, not win probability or ROI
ok 88 - clear means no configured signals, not win probability or ROI
  ---
  duration_ms: 18.107111
  type: 'test'
  ...
# Subtest: closed, unqualified and archived records never get an open-deal risk score
ok 89 - closed, unqualified and archived records never get an open-deal risk score
  ---
  duration_ms: 0.518178
  type: 'test'
  ...
# Subtest: every signal points to a recorded source and a reproducible weight
ok 90 - every signal points to a recorded source and a reproducible weight
  ---
  duration_ms: 0.332292
  type: 'test'
  ...
# Subtest: overdue tasks link to the exact activity, not an inferred commitment
ok 91 - overdue tasks link to the exact activity, not an inferred commitment
  ---
  duration_ms: 0.233976
  type: 'test'
  ...
# Subtest: future/missing source timestamps make score unknown, never silently healthy
ok 92 - future/missing source timestamps make score unknown, never silently healthy
  ---
  duration_ms: 0.449026
  type: 'test'
  ...
# Subtest: task snapshot gaps are not reported as absence of a next step
ok 93 - task snapshot gaps are not reported as absence of a next step
  ---
  duration_ms: 0.212595
  type: 'test'
  ...
# Subtest: business-date comparison follows Tashkent midnight rather than UTC midnight
ok 94 - business-date comparison follows Tashkent midnight rather than UTC midnight
  ---
  duration_ms: 0.433663
  type: 'test'
  ...
# Subtest: activity and stage thresholds use complete days without boundary rounding
ok 95 - activity and stage thresholds use complete days without boundary rounding
  ---
  duration_ms: 0.353204
  type: 'test'
  ...
# Subtest: does not mutate the source record and produces deterministic snapshots
ok 96 - does not mutate the source record and produces deterministic snapshots
  ---
  duration_ms: 0.893965
  type: 'test'
  ...
# Subtest: unknown stage semantics and incomplete task records fail closed
ok 97 - unknown stage semantics and incomplete task records fail closed
  ---
  duration_ms: 0.448865
  type: 'test'
  ...
# Subtest: dual-write defaults off and accepts only explicit strict mode
ok 98 - dual-write defaults off and accepts only explicit strict mode
  ---
  duration_ms: 1.020572
  type: 'test'
  ...
# Subtest: plans assignment creation for a backfilled mapping target
ok 99 - plans assignment creation for a backfilled mapping target
  ---
  duration_ms: 0.71526
  type: 'test'
  ...
# Subtest: is idempotent when legacy and sidecar stages already agree
ok 100 - is idempotent when legacy and sidecar stages already agree
  ---
  duration_ms: 0.139667
  type: 'test'
  ...
# Subtest: plans optimistic assignment update when stages drift
ok 101 - plans optimistic assignment update when stages drift
  ---
  duration_ms: 0.119547
  type: 'test'
  ...
# Subtest: fails closed for missing mapping, non-default mapping or semantic mismatch
ok 102 - fails closed for missing mapping, non-default mapping or semantic mismatch
  ---
  duration_ms: 0.225684
  type: 'test'
  ...
# Subtest: privileged operations derive dedicated workspace and recheck current membership
ok 103 - privileged operations derive dedicated workspace and recheck current membership
  ---
  duration_ms: 12.165976
  type: 'test'
  ...
# Subtest: disabled execution is a real server gate, not a disabled UI button
ok 104 - disabled execution is a real server gate, not a disabled UI button
  ---
  duration_ms: 15.806941
  type: 'test'
  ...
# Subtest: upload persists encrypted bytes and preview survives application recreation
ok 105 - upload persists encrypted bytes and preview survives application recreation
  ---
  duration_ms: 7.708572
  type: 'test'
  ...
# Subtest: invalid encoding, canonical base64, large files and XLSX fail before publication
ok 106 - invalid encoding, canonical base64, large files and XLSX fail before publication
  ---
  duration_ms: 2.871735
  type: 'test'
  ...
# Subtest: source fingerprints and cross-workspace source lookups fail closed
ok 107 - source fingerprints and cross-workspace source lookups fail closed
  ---
  duration_ms: 4.214675
  type: 'test'
  ...
# Subtest: mapping cannot assign owner/tenant fields; unsupported deal writes fail
ok 108 - mapping cannot assign owner/tenant fields; unsupported deal writes fail
  ---
  duration_ms: 14.134863
  type: 'test'
  ...
# Subtest: prepare is atomic, idempotent and immutable for the same command
ok 109 - prepare is atomic, idempotent and immutable for the same command
  ---
  duration_ms: 7.690605
  type: 'test'
  ...
# Subtest: preparation failure rolls back job, plan and issues together
ok 110 - preparation failure rolls back job, plan and issues together
  ---
  duration_ms: 5.276258
  type: 'test'
  ...
# Subtest: every valid row gets a receipt in the transaction creating the CRM record
ok 111 - every valid row gets a receipt in the transaction creating the CRM record
  ---
  duration_ms: 13.346786
  type: 'test'
  ...
# Subtest: repeat execution and repeat import never merge or overwrite exact contacts
ok 112 - repeat execution and repeat import never merge or overwrite exact contacts
  ---
  duration_ms: 13.97706
  type: 'test'
  ...
# Subtest: database receipt failure rolls back customer writes before any retry
ok 113 - database receipt failure rolls back customer writes before any retry
  ---
  duration_ms: 10.3597
  type: 'test'
  ...
# Subtest: crash after CRM commit but before batch settlement replays receipts, not writes
ok 114 - crash after CRM commit but before batch settlement replays receipts, not writes
  ---
  duration_ms: 9.024621
  type: 'test'
  ...
# Subtest: invalid rows and in-file duplicates remain separate, paginatable outcomes
ok 115 - invalid rows and in-file duplicates remain separate, paginatable outcomes
  ---
  duration_ms: 8.630327
  type: 'test'
  ...
# Subtest: source and plan tampering prevent writes
ok 116 - source and plan tampering prevent writes
  ---
  duration_ms: 4.538585
  type: 'test'
  ...
# Subtest: membership revocation between preview and execute prevents all writes
ok 117 - membership revocation between preview and execute prevents all writes
  ---
  duration_ms: 3.829364
  type: 'test'
  ...
# Subtest: cancellation is idempotent, stops new batches and does not claim rollback
ok 118 - cancellation is idempotent, stops new batches and does not claim rollback
  ---
  duration_ms: 5.464957
  type: 'test'
  ...
# Subtest: rollback previews first, requires exact confirmation, archives only own unchanged rows
ok 119 - rollback previews first, requires exact confirmation, archives only own unchanged rows
  ---
  duration_ms: 10.318499
  type: 'test'
  ...
# Subtest: rollback will not archive edited or linked CRM records
ok 120 - rollback will not archive edited or linked CRM records
  ---
  duration_ms: 5.976826
  type: 'test'
  ...
# Subtest: sources used by jobs are retained; unused sources can be tombstoned and physically removed
ok 121 - sources used by jobs are retained; unused sources can be tombstoned and physically removed
  ---
  duration_ms: 6.107289
  type: 'test'
  ...
# Subtest: company imports use source evidence and create-only exact duplicate checks
ok 122 - company imports use source evidence and create-only exact duplicate checks
  ---
  duration_ms: 7.988887
  type: 'test'
  ...
# Subtest: report refuses ambiguous row accounting instead of claiming completion
ok 123 - report refuses ambiguous row accounting instead of claiming completion
  ---
  duration_ms: 13.715132
  type: 'test'
  ...
# Subtest: a lease that expires during CRM writes aborts the entire write transaction
ok 124 - a lease that expires during CRM writes aborts the entire write transaction
  ---
  duration_ms: 6.72152
  type: 'test'
  ...
# Subtest: distinct contacts matching email and phone are rejected, never silently merged
ok 125 - distinct contacts matching email and phone are rejected, never silently merged
  ---
  duration_ms: 6.704283
  type: 'test'
  ...
# Subtest: a replacement admin cannot assign newly imported records to a removed owner
ok 126 - a replacement admin cannot assign newly imported records to a removed owner
  ---
  duration_ms: 4.287914
  type: 'test'
  ...
# Subtest: two application instances replay one prepared job instead of allocating duplicate intents
ok 127 - two application instances replay one prepared job instead of allocating duplicate intents
  ---
  duration_ms: 3.675085
  type: 'test'
  ...
# Subtest: multi-batch report pagination does not truncate row outcomes silently
ok 128 - multi-batch report pagination does not truncate row outcomes silently
  ---
  duration_ms: 51.180549
  type: 'test'
  ...
# Subtest: rollback preserves imported contacts referenced by calendarAttendee
ok 129 - rollback preserves imported contacts referenced by calendarAttendee
  ---
  duration_ms: 7.609114
  type: 'test'
  ...
# Subtest: rollback preserves imported contacts referenced by contactBrief
ok 130 - rollback preserves imported contacts referenced by contactBrief
  ---
  duration_ms: 6.629363
  type: 'test'
  ...
# Subtest: rollback preserves imported contacts referenced by company
ok 131 - rollback preserves imported contacts referenced by company
  ---
  duration_ms: 7.564709
  type: 'test'
  ...
# Subtest: full report export is one persisted snapshot, not the current 100-row page
ok 132 - full report export is one persisted snapshot, not the current 100-row page
  ---
  duration_ms: 46.462473
  type: 'test'
  ...
# Subtest: report CSV neutralizes formula-shaped metadata and includes no raw client contact fields
ok 133 - report CSV neutralizes formula-shaped metadata and includes no raw client contact fields
  ---
  duration_ms: 7.625088
  type: 'test'
  ...
# Subtest: export is reauthorized and never presents an active import as a final report
ok 134 - export is reauthorized and never presents an active import as a final report
  ---
  duration_ms: 5.755418
  type: 'test'
  ...
# Subtest: export audit failure aborts the download instead of silently losing its access record
ok 135 - export audit failure aborts the download instead of silently losing its access record
  ---
  duration_ms: 9.089448
  type: 'test'
  ...
# Subtest: bounded operator body is preserved as raw JSON text for the tRPC reader
ok 136 - bounded operator body is preserved as raw JSON text for the tRPC reader
  ---
  duration_ms: 4.550492
  type: 'test'
  ...
# Subtest: oversized declared and chunked bodies are rejected before tRPC
ok 137 - oversized declared and chunked bodies are rejected before tRPC
  ---
  duration_ms: 1.092569
  type: 'test'
  ...
# Subtest: compressed bodies, non-JSON CSRF-like posts and invalid UTF-8 are rejected
ok 138 - compressed bodies, non-JSON CSRF-like posts and invalid UTF-8 are rejected
  ---
  duration_ms: 1.128111
  type: 'test'
  ...
# Subtest: unrelated CRM and webhook paths are not parsed or altered
ok 139 - unrelated CRM and webhook paths are not parsed or altered
  ---
  duration_ms: 0.370098
  type: 'test'
  ...
# Subtest: mixed batches and encoded procedure paths receive the same limit
ok 140 - mixed batches and encoded procedure paths receive the same limit
  ---
  duration_ms: 1.003396
  type: 'test'
  ...
# Subtest: inflight cap lasts through response completion, not just upload completion
ok 141 - inflight cap lasts through response completion, not just upload completion
  ---
  duration_ms: 0.927595
  type: 'test'
  ...
# Subtest: timeouts and aborted uploads free the slot
ok 142 - timeouts and aborted uploads free the slot
  ---
  duration_ms: 31.676244
  type: 'test'
  ...
# Subtest: real Node HTTP transport enforces streaming byte bounds on loopback
ok 143 - real Node HTTP transport enforces streaming byte bounds on loopback
  ---
  duration_ms: 29.93812
  type: 'test'
  ...
# Subtest: overview is current-admin only and dedicated-workspace bound
ok 144 - overview is current-admin only and dedicated-workspace bound
  ---
  duration_ms: 3.821102
  type: 'test'
  ...
# Subtest: private drafts and unrelated receipts do not leak into team overview
ok 145 - private drafts and unrelated receipts do not leak into team overview
  ---
  duration_ms: 1.904231
  type: 'test'
  ...
# Subtest: costs use exact micro-USD and report missing records separately
ok 146 - costs use exact micro-USD and report missing records separately
  ---
  duration_ms: 0.184664
  type: 'test'
  ...
# Subtest: missing, negative, invalid costs and zero-completion rates are not invented
ok 147 - missing, negative, invalid costs and zero-completion rates are not invented
  ---
  duration_ms: 0.102161
  type: 'test'
  ...
# Subtest: a truncated window cannot masquerade as a full success rate or cost total
ok 148 - a truncated window cannot masquerade as a full success rate or cost total
  ---
  duration_ms: 0.090784
  type: 'test'
  ...
# Subtest: read period has explicit rolling UTC bounds and rejects arbitrary large windows
ok 149 - read period has explicit rolling UTC bounds and rejects arbitrary large windows
  ---
  duration_ms: 1.270342
  type: 'test'
  ...
# Subtest: operations never turns lack of provider/outcome instrumentation into positive health
ok 150 - operations never turns lack of provider/outcome instrumentation into positive health
  ---
  duration_ms: 0.674129
  type: 'test'
  ...
# Subtest: unsafe database errors and prompt-like error messages are not returned to operators
ok 151 - unsafe database errors and prompt-like error messages are not returned to operators
  ---
  duration_ms: 0.57402
  type: 'test'
  ...
# Subtest: disabled approval lifecycle performs no mutation even for administrators
ok 152 - disabled approval lifecycle performs no mutation even for administrators
  ---
  duration_ms: 0.473281
  type: 'test'
  ...
# Subtest: empty team yields a true empty state, no seeded demo metrics
ok 153 - empty team yields a true empty state, no seeded demo metrics
  ---
  duration_ms: 0.621181
  type: 'test'
  ...
# Subtest: receipt correlation uses governed metadata, never the unrelated CRM requestHash
ok 154 - receipt correlation uses governed metadata, never the unrelated CRM requestHash
  ---
  duration_ms: 1.15389
  type: 'test'
  ...
# Subtest: a different action kind cannot borrow the digest correlation
ok 155 - a different action kind cannot borrow the digest correlation
  ---
  duration_ms: 0.760918
  type: 'test'
  ...
# Subtest: metadata lookup refuses accessors and inherited correlation
ok 156 - metadata lookup refuses accessors and inherited correlation
  ---
  duration_ms: 0.116673
  type: 'test'
  ...
# Subtest: continuation view is current-admin only, opt-in and exposes no lease/JWT/raw payload
ok 157 - continuation view is current-admin only, opt-in and exposes no lease/JWT/raw payload
  ---
  duration_ms: 1.198345
  type: 'test'
  ...
# Subtest: continuation pagination has stable tie-breaks and does not silently drop same-time rows
ok 158 - continuation pagination has stable tie-breaks and does not silently drop same-time rows
  ---
  duration_ms: 2.973526
  type: 'test'
  ...
# Subtest: maps workspace roles to least-privilege pipeline permissions
ok 159 - maps workspace roles to least-privilege pipeline permissions
  ---
  duration_ms: 1.4038
  type: 'test'
  ...
# Subtest: creates deterministic server-owned pipeline and stage identifiers
ok 160 - creates deterministic server-owned pipeline and stage identifiers
  ---
  duration_ms: 2.609836
  type: 'test'
  ...
# Subtest: preserves an explicit default request in the canonical create payload
ok 161 - preserves an explicit default request in the canonical create payload
  ---
  duration_ms: 0.410699
  type: 'test'
  ...
# Subtest: different tenants and command keys produce different server IDs
ok 162 - different tenants and command keys produce different server IDs
  ---
  duration_ms: 0.141539
  type: 'test'
  ...
# Subtest: preserves existing stage identity during update and creates only new IDs
ok 163 - preserves existing stage identity during update and creates only new IDs
  ---
  duration_ms: 0.590755
  type: 'test'
  ...
# Subtest: rejects foreign stage IDs and unknown transition keys
ok 164 - rejects foreign stage IDs and unknown transition keys
  ---
  duration_ms: 0.419281
  type: 'test'
  ...
# Subtest: rejects client-owned IDs on create and mismatched pipeline IDs on update
ok 165 - rejects client-owned IDs on create and mismatched pipeline IDs on update
  ---
  duration_ms: 0.460172
  type: 'test'
  ...
# Subtest: command payload excludes idempotency metadata and is immutable
ok 166 - command payload excludes idempotency metadata and is immutable
  ---
  duration_ms: 0.152717
  type: 'test'
  ...
# Subtest: command payload rejects unknown and accessor-backed input
ok 167 - command payload rejects unknown and accessor-backed input
  ---
  duration_ms: 0.278263
  type: 'test'
  ...
# Subtest: API output hides tenant identity and exposes transition keys
ok 168 - API output hides tenant identity and exposes transition keys
  ---
  duration_ms: 0.515874
  type: 'test'
  ...
# Subtest: unexpected server errors never expose raw diagnostic messages
ok 169 - unexpected server errors never expose raw diagnostic messages
  ---
  duration_ms: 0.696442
  type: 'test'
  ...
# Subtest: expected validation guidance remains useful but bounded and single-line
ok 170 - expected validation guidance remains useful but bounded and single-line
  ---
  duration_ms: 0.724895
  type: 'test'
  ...
# Subtest: misclassified internal or credential diagnostics are masked
ok 171 - misclassified internal or credential diagnostics are masked
  ---
  duration_ms: 0.171544
  type: 'test'
  ...
# Subtest: allows failed/cancelled runs only when no attempted side effects are recorded
ok 172 - allows failed/cancelled runs only when no attempted side effects are recorded
  ---
  duration_ms: 0.771043
  type: 'test'
  ...
# Subtest: blocks a succeeded action even when the run failed afterwards
ok 173 - blocks a succeeded action even when the run failed afterwards
  ---
  duration_ms: 0.119287
  type: 'test'
  ...
# Subtest: blocks uncertain remote outcomes and attempts that are marked failed
ok 174 - blocks uncertain remote outcomes and attempts that are marked failed
  ---
  duration_ms: 0.111445
  type: 'test'
  ...
# Subtest: missing/truncated history never becomes proof of no side effects
ok 175 - missing/truncated history never becomes proof of no side effects
  ---
  duration_ms: 0.088811
  type: 'test'
  ...
# Subtest: ambiguous receipt errors stay blocked even without an action mirror
ok 176 - ambiguous receipt errors stay blocked even without an action mirror
  ---
  duration_ms: 0.278874
  type: 'test'
  ...
# Subtest: successful, active and unknown run states are not retried under a failure label
ok 177 - successful, active and unknown run states are not retried under a failure label
  ---
  duration_ms: 0.115481
  type: 'test'
  ...
# Subtest: unknown attempt counters or action states fail closed
ok 178 - unknown attempt counters or action states fail closed
  ---
  duration_ms: 0.201699
  type: 'test'
  ...
# Subtest: auth revalidates current membership using trusted deployment identity
ok 179 - auth revalidates current membership using trusted deployment identity
  ---
  duration_ms: 1.198666
  type: 'test'
  ...
# Subtest: removed member with otherwise live session is forbidden immediately
ok 180 - removed member with otherwise live session is forbidden immediately
  ---
  duration_ms: 0.433242
  type: 'test'
  ...
# Subtest: foreign workspace session cannot read singleton CRM tables
ok 181 - foreign workspace session cannot read singleton CRM tables
  ---
  duration_ms: 0.169782
  type: 'test'
  ...
# Subtest: API-key synthetic session without active organization still needs membership
ok 182 - API-key synthetic session without active organization still needs membership
  ---
  duration_ms: 0.221709
  type: 'test'
  ...
# Subtest: expired, mismatched, missing or malformed sessions fail closed
ok 183 - expired, mismatched, missing or malformed sessions fail closed
  ---
  duration_ms: 0.397278
  type: 'test'
  ...
# Subtest: unrecognized membership roles are denied rather than promoted to member
ok 184 - unrecognized membership roles are denied rather than promoted to member
  ---
  duration_ms: 0.326934
  type: 'test'
  ...
# Subtest: approval submission carries the exact current immutable snapshot, never tenant or action input
ok 185 - approval submission carries the exact current immutable snapshot, never tenant or action input
  ---
  duration_ms: 1.081994
  type: 'test'
  ...
# Subtest: expired, unbound, redacted or disabled snapshots cannot submit approval
ok 186 - expired, unbound, redacted or disabled snapshots cannot submit approval
  ---
  duration_ms: 0.555634
  type: 'test'
  ...
# Subtest: only unconsumed consent may be revoked; terminal actions cannot be resubmitted
ok 187 - only unconsumed consent may be revoked; terminal actions cannot be resubmitted
  ---
  duration_ms: 0.174209
  type: 'test'
  ...
# Subtest: operator notes are bounded and no arbitrary decision is accepted
ok 188 - operator notes are bounded and no arbitrary decision is accepted
  ---
  duration_ms: 0.109772
  type: 'test'
  ...
# Subtest: operation language catalogs contain the same complete set of nonempty keys
ok 189 - operation language catalogs contain the same complete set of nonempty keys
  ---
  duration_ms: 2.046763
  type: 'test'
  ...
# Subtest: display never treats missing counts as completed work
ok 190 - display never treats missing counts as completed work
  ---
  duration_ms: 0.225094
  type: 'test'
  ...
# Subtest: UI execution respects server capability and terminal state
ok 191 - UI execution respects server capability and terminal state
  ---
  duration_ms: 0.243441
  type: 'test'
  ...
# Subtest: required mapping cannot be omitted and skipped columns are not sent
ok 192 - required mapping cannot be omitted and skipped columns are not sent
  ---
  duration_ms: 0.416907
  type: 'test'
  ...
# Subtest: reuses the same key for a retry of an unchanged command
ok 193 - reuses the same key for a retry of an unchanged command
  ---
  duration_ms: 1.004989
  type: 'test'
  ...
# Subtest: rotates the key when the command payload changes
ok 194 - rotates the key when the command payload changes
  ---
  duration_ms: 0.167839
  type: 'test'
  ...
# Subtest: clears only the key that completed
ok 195 - clears only the key that completed
  ---
  duration_ms: 0.129261
  type: 'test'
  ...
# Subtest: bounds retained failed-command keys
ok 196 - bounds retained failed-command keys
  ---
  duration_ms: 0.157283
  type: 'test'
  ...
# Subtest: rejects malformed scopes, fingerprints and generated keys
ok 197 - rejects malformed scopes, fingerprints and generated keys
  ---
  duration_ms: 0.405621
  type: 'test'
  ...
# Subtest: default draft is complete and valid
ok 198 - default draft is complete and valid
  ---
  duration_ms: 1.52523
  type: 'test'
  ...
# Subtest: renaming a stage key updates transition references
ok 199 - renaming a stage key updates transition references
  ---
  duration_ms: 0.362046
  type: 'test'
  ...
# Subtest: terminal and open stage probabilities remain deterministic
ok 200 - terminal and open stage probabilities remain deterministic
  ---
  duration_ms: 0.170282
  type: 'test'
  ...
# Subtest: reordering and removal keep contiguous positions and remove dangling transitions
ok 201 - reordering and removal keep contiguous positions and remove dangling transitions
  ---
  duration_ms: 0.286725
  type: 'test'
  ...
# Subtest: create mutation excludes server-owned identity and preserves default intent
ok 202 - create mutation excludes server-owned identity and preserves default intent
  ---
  duration_ms: 0.423197
  type: 'test'
  ...
# Subtest: update mutation preserves optimistic version and existing stage identity
ok 203 - update mutation preserves optimistic version and existing stage identity
  ---
  duration_ms: 0.518318
  type: 'test'
  ...
# Subtest: validation rejects malformed probabilities, colors, positions and transitions
ok 204 - validation rejects malformed probabilities, colors, positions and transitions
  ---
  duration_ms: 0.31755
  type: 'test'
  ...
# Subtest: mutation conversion refuses invalid drafts and idempotency keys
ok 205 - mutation conversion refuses invalid drafts and idempotency keys
  ---
  duration_ms: 0.446332
  type: 'test'
  ...
# Subtest: summaries use visible facts, exclude archived review and disclose old-server coverage
ok 206 - summaries use visible facts, exclude archived review and disclose old-server coverage
  ---
  duration_ms: 1.057506
  type: 'test'
  ...
# Subtest: current filter excludes archived without hiding it from the all view
ok 207 - current filter excludes archived without hiding it from the all view
  ---
  duration_ms: 1.183403
  type: 'test'
  ...
# Subtest: review is explicitly the latest run, not a global approval count
ok 208 - review is explicitly the latest run, not a global approval count
  ---
  duration_ms: 0.203812
  type: 'test'
  ...
# Subtest: search is trimmed case insensitive and matches description
ok 209 - search is trimmed case insensitive and matches description
  ---
  duration_ms: 0.207648
  type: 'test'
  ...
# Subtest: zero cost is real recorded cost; unknown does not become zero
ok 210 - zero cost is real recorded cost; unknown does not become zero
  ---
  duration_ms: 14.879717
  type: 'test'
  ...
# Subtest: empty data never produces invented runs, savings or success rates
ok 211 - empty data never produces invented runs, savings or success rates
  ---
  duration_ms: 0.197673
  type: 'test'
  ...
# Subtest: registers immutable typed action entries without exposing a direct execution path
ok 212 - registers immutable typed action entries without exposing a direct execution path
  ---
  duration_ms: 1.543447
  type: 'test'
  ...
# Subtest: normalizes legacy risk and idempotency vocabulary into the governed runtime contract
ok 213 - normalizes legacy risk and idempotency vocabulary into the governed runtime contract
  ---
  duration_ms: 0.342578
  type: 'test'
  ...
# Subtest: converts JSON schemas into runtime validators
ok 214 - converts JSON schemas into runtime validators
  ---
  duration_ms: 1.175342
  type: 'test'
  ...
# Subtest: defensively snapshots schemas, metadata, permissions and retry configuration
ok 215 - defensively snapshots schemas, metadata, permissions and retry configuration
  ---
  duration_ms: 0.296109
  type: 'test'
  ...
# Subtest: rejects duplicate action identifiers
ok 216 - rejects duplicate action identifiers
  ---
  duration_ms: 0.264492
  type: 'test'
  ...
# Subtest: rejects execution-state options because execution belongs to the governed runtime
ok 217 - rejects execution-state options because execution belongs to the governed runtime
  ---
  duration_ms: 0.169941
  type: 'test'
  ...
# Subtest: rejects a mutating manifest without idempotency
ok 218 - rejects a mutating manifest without idempotency
  ---
  duration_ms: 0.800025
  type: 'test'
  ...
# Subtest: rejects manifests without explicit permissions
ok 219 - rejects manifests without explicit permissions
  ---
  duration_ms: 0.129572
  type: 'test'
  ...
# Subtest: rejects unsafe retry policies for mutating actions
ok 220 - rejects unsafe retry policies for mutating actions
  ---
  duration_ms: 0.276349
  type: 'test'
  ...
# Subtest: rejects non-integer and non-finite retry configuration
ok 221 - rejects non-integer and non-finite retry configuration
  ---
  duration_ms: 0.48614
  type: 'test'
  ...
# Subtest: registerMany accepts tuple and entry forms and returns stable sorted manifests
ok 222 - registerMany accepts tuple and entry forms and returns stable sorted manifests
  ---
  duration_ms: 6.818923
  type: 'test'
  ...
# Subtest: requires own properties instead of inherited prototype properties
ok 223 - requires own properties instead of inherited prototype properties
  ---
  duration_ms: 0.261177
  type: 'test'
  ...
# Subtest: rejects unsafe JSON-schema and metadata object keys
ok 224 - rejects unsafe JSON-schema and metadata object keys
  ---
  duration_ms: 0.167649
  type: 'test'
  ...
# Subtest: executes a validated authorized action and records redacted audit events
ok 225 - executes a validated authorized action and records redacted audit events
  ---
  duration_ms: 4.635288
  type: 'test'
  ...
# Subtest: rejects tenant ownership fields at any nesting depth
ok 226 - rejects tenant ownership fields at any nesting depth
  ---
  duration_ms: 0.572077
  type: 'test'
  ...
# Subtest: rejects missing permissions and object-level authorization
ok 227 - rejects missing permissions and object-level authorization
  ---
  duration_ms: 0.396197
  type: 'test'
  ...
# Subtest: replays a completed idempotent result without executing again
ok 228 - replays a completed idempotent result without executing again
  ---
  duration_ms: 1.874728
  type: 'test'
  ...
# Subtest: rejects reuse of an idempotency key for another payload
ok 229 - rejects reuse of an idempotency key for another payload
  ---
  duration_ms: 0.957899
  type: 'test'
  ...
# Subtest: rejects changed payload after an approval failure acquired the same idempotency key
ok 230 - rejects changed payload after an approval failure acquired the same idempotency key
  ---
  duration_ms: 0.730442
  type: 'test'
  ...
# Subtest: allows only one concurrent execution for the same receipt
ok 231 - allows only one concurrent execution for the same receipt
  ---
  duration_ms: 6.457799
  type: 'test'
  ...
# Subtest: requires payload-bound tenant-bound approval for high-risk actions
ok 232 - requires payload-bound tenant-bound approval for high-risk actions
  ---
  duration_ms: 1.319906
  type: 'test'
  ...
# Subtest: rejects approval bound to another tenant or modified payload
ok 233 - rejects approval bound to another tenant or modified payload
  ---
  duration_ms: 0.476727
  type: 'test'
  ...
# Subtest: times out a non-cooperative executor and records failure
ok 234 - times out a non-cooperative executor and records failure
  ---
  duration_ms: 21.573816
  type: 'test'
  ...
# Subtest: propagates cancellation and does not retry it
ok 235 - propagates cancellation and does not retry it
  ---
  duration_ms: 0.500151
  type: 'test'
  ...
# Subtest: keeps the success receipt when the success audit write fails
ok 236 - keeps the success receipt when the success audit write fails
  ---
  duration_ms: 0.571187
  type: 'test'
  ...
# Subtest: propagates the operation digest and idempotency key to the executor
ok 237 - propagates the operation digest and idempotency key to the executor
  ---
  duration_ms: 0.429867
  type: 'test'
  ...
# Subtest: validates untrusted model input and executor output
ok 238 - validates untrusted model input and executor output
  ---
  duration_ms: 0.521002
  type: 'test'
  ...
# Subtest: rejects mutating manifests without idempotency
ok 239 - rejects mutating manifests without idempotency
  ---
  duration_ms: 0.204963
  type: 'test'
  ...
# Subtest: rejects manifests without explicit permissions
ok 240 - rejects manifests without explicit permissions
  ---
  duration_ms: 0.151625
  type: 'test'
  ...
# Subtest: rejects non-integer, non-finite and unsafe retry policies
ok 241 - rejects non-integer, non-finite and unsafe retry policies
  ---
  duration_ms: 0.819204
  type: 'test'
  ...
# Subtest: passes an immutable permission snapshot to validators, policy and executor
ok 242 - passes an immutable permission snapshot to validators, policy and executor
  ---
  duration_ms: 0.499571
  type: 'test'
  ...
# Subtest: passes immutable validated input to business validation and authorization
ok 243 - passes immutable validated input to business validation and authorization
  ---
  duration_ms: 0.717143
  type: 'test'
  ...
# Subtest: rejects invalid clock values before durable state mutation
ok 244 - rejects invalid clock values before durable state mutation
  ---
  duration_ms: 0.33778
  type: 'test'
  ...
# Subtest: rejects plain object registries that could expose prototype-backed actions
ok 245 - rejects plain object registries that could expose prototype-backed actions
  ---
  duration_ms: 0.222139
  type: 'test'
  ...
# Subtest: invalid approval expiry is rejected instead of being treated as non-expiring
ok 246 - invalid approval expiry is rejected instead of being treated as non-expiring
  ---
  duration_ms: 0.361516
  type: 'test'
  ...
# Subtest: rejects unknown request and execution-option control fields
ok 247 - rejects unknown request and execution-option control fields
  ---
  duration_ms: 0.313865
  type: 'test'
  ...
# Subtest: requires both input and output validators even for a custom registry implementation
ok 248 - requires both input and output validators even for a custom registry implementation
  ---
  duration_ms: 0.285963
  type: 'test'
  ...
# Subtest: normalizes failures from business validation, authorization and policy evaluation
ok 249 - normalizes failures from business validation, authorization and policy evaluation
  ---
  duration_ms: 0.887195
  type: 'test'
  ...
# Subtest: redacts common secret values even when the property name is generic
ok 250 - redacts common secret values even when the property name is generic
  ---
  duration_ms: 0.388596
  type: 'test'
  ...
# Subtest: memory receipt store validates its lease configuration and fails closed on lost leases
ok 251 - memory receipt store validates its lease configuration and fails closed on lost leases
  ---
  duration_ms: 0.184533
  type: 'test'
  ...
# Subtest: a pre-aborted request does not acquire a receipt, consume approval or call an executor
ok 252 - a pre-aborted request does not acquire a receipt, consume approval or call an executor
  ---
  duration_ms: 0.186587
  type: 'test'
  ...
# Subtest: canonical JSON rejects cyclic arrays and unsafe object keys
ok 253 - canonical JSON rejects cyclic arrays and unsafe object keys
  ---
  duration_ms: 0.40442
  type: 'test'
  ...
# Subtest: audit redaction stores unsafe property names without invoking prototype setters
ok 254 - audit redaction stores unsafe property names without invoking prototype setters
  ---
  duration_ms: 0.106819
  type: 'test'
  ...
# Subtest: rejects malformed trusted correlation identifiers
ok 255 - rejects malformed trusted correlation identifiers
  ---
  duration_ms: 0.342136
  type: 'test'
  ...
# Subtest: fails closed when policy approval metadata is malformed
ok 256 - fails closed when policy approval metadata is malformed
  ---
  duration_ms: 0.366293
  type: 'test'
  ...
# Subtest: rejects non-plain request objects without invoking custom serialization hooks
ok 257 - rejects non-plain request objects without invoking custom serialization hooks
  ---
  duration_ms: 0.234087
  type: 'test'
  ...
# Subtest: revalidates validator-transformed input for tenant ownership fields
ok 258 - revalidates validator-transformed input for tenant ownership fields
  ---
  duration_ms: 0.245774
  type: 'test'
  ...
# Subtest: preflight shares authorization but only requests consent: no receipt, consumption or side effects
ok 259 - preflight shares authorization but only requests consent: no receipt, consumption or side effects
  ---
  duration_ms: 0.653728
  type: 'test'
  ...
# Subtest: preflight cannot grant authority, skip policy or silently use missing approval persistence
ok 260 - preflight cannot grant authority, skip policy or silently use missing approval persistence
  ---
  duration_ms: 0.608582
  type: 'test'
  ...
# Subtest: canonical hashing rejects accessor properties without invoking them
ok 261 - canonical hashing rejects accessor properties without invoking them
  ---
  duration_ms: 1.483017
  type: 'test'
  ...
# Subtest: rejects sparse arrays so absent elements cannot alias explicit null
ok 262 - rejects sparse arrays so absent elements cannot alias explicit null
  ---
  duration_ms: 0.139917
  type: 'test'
  ...
# Subtest: rejects over-depth inputs with a bounded domain error rather than stack overflow
ok 263 - rejects over-depth inputs with a bounded domain error rather than stack overflow
  ---
  duration_ms: 0.301016
  type: 'test'
  ...
# Subtest: rejects oversized strings and excessive node counts
ok 264 - rejects oversized strings and excessive node counts
  ---
  duration_ms: 8.363202
  type: 'test'
  ...
# Subtest: input snapshot rejects a getter before execution
ok 265 - input snapshot rejects a getter before execution
  ---
  duration_ms: 1.077947
  type: 'test'
  ...
# Subtest: normal JSON digests remain stable and object undefined fields stay omitted
ok 266 - normal JSON digests remain stable and object undefined fields stay omitted
  ---
  duration_ms: 0.230261
  type: 'test'
  ...
# Subtest: unknown actions default to denial
ok 267 - unknown actions default to denial
  ---
  duration_ms: 0.775709
  type: 'test'
  ...
# Subtest: exact ALLOW rule permits only already-authorized low-risk action
ok 268 - exact ALLOW rule permits only already-authorized low-risk action
  ---
  duration_ms: 0.378671
  type: 'test'
  ...
# Subtest: high and critical risks cannot be downgraded by an ALLOW rule
ok 269 - high and critical risks cannot be downgraded by an ALLOW rule
  ---
  duration_ms: 0.150153
  type: 'test'
  ...
# Subtest: read-only overrides allow and approval for mutating actions
ok 270 - read-only overrides allow and approval for mutating actions
  ---
  duration_ms: 0.152806
  type: 'test'
  ...
# Subtest: explicit REQUIRE_APPROVAL is honored for low-risk actions
ok 271 - explicit REQUIRE_APPROVAL is honored for low-risk actions
  ---
  duration_ms: 0.082332
  type: 'test'
  ...
# Subtest: malformed rules, wildcards and getters are rejected without execution
ok 272 - malformed rules, wildcards and getters are rejected without execution
  ---
  duration_ms: 0.265363
  type: 'test'
  ...
# Subtest: malformed risk never becomes an implicitly allowed action
ok 273 - malformed risk never becomes an implicitly allowed action
  ---
  duration_ms: 0.147318
  type: 'test'
  ...
# Subtest: model-supplied policy fields have no authority
ok 274 - model-supplied policy fields have no authority
  ---
  duration_ms: 0.099016
  type: 'test'
  ...
# Subtest: receipt store atomically acquires, completes and replays
ok 275 - receipt store atomically acquires, completes and replays
  ---
  duration_ms: 2.613993
  type: 'test'
  ...
# Subtest: receipt rejects same key with another digest
ok 276 - receipt rejects same key with another digest
  ---
  duration_ms: 0.660048
  type: 'test'
  ...
# Subtest: receipt completion requires the acquired lease token
ok 277 - receipt completion requires the acquired lease token
  ---
  duration_ms: 0.375616
  type: 'test'
  ...
# Subtest: approval consumption is tenant, action, digest and expiry bound
ok 278 - approval consumption is tenant, action, digest and expiry bound
  ---
  duration_ms: 0.346484
  type: 'test'
  ...
# Subtest: audit sink redacts secret-bearing properties
ok 279 - audit sink redacts secret-bearing properties
  ---
  duration_ms: 0.910289
  type: 'test'
  ...
# Subtest: expired unsafe receipt is quarantined instead of repeating an unknown external side effect
ok 280 - expired unsafe receipt is quarantined instead of repeating an unknown external side effect
  ---
  duration_ms: 0.443186
  type: 'test'
  ...
# Subtest: expired receipt may replay only with an explicit safe adapter capability
ok 281 - expired receipt may replay only with an explicit safe adapter capability
  ---
  duration_ms: 0.908706
  type: 'test'
  ...
# Subtest: receipt lease covers the complete declared execution/retry budget
ok 282 - receipt lease covers the complete declared execution/retry budget
  ---
  duration_ms: 0.247687
  type: 'test'
  ...
# Subtest: memory reference adapter quarantines expired unsafe execution too
ok 283 - memory reference adapter quarantines expired unsafe execution too
  ---
  duration_ms: 1.508686
  type: 'test'
  ...
# Subtest: canonical JSON is stable across object key order
ok 284 - canonical JSON is stable across object key order
  ---
  duration_ms: 1.098628
  type: 'test'
  ...
# Subtest: idempotency key is deterministic and tenant scoped
ok 285 - idempotency key is deterministic and tenant scoped
  ---
  duration_ms: 0.668681
  type: 'test'
  ...
# Subtest: money avoids floating point and uses explicit rounding
ok 286 - money avoids floating point and uses explicit rounding
  ---
  duration_ms: 0.486691
  type: 'test'
  ...
# Subtest: agent policy is deny by default and approval is payload-bound
ok 287 - agent policy is deny by default and approval is payload-bound
  ---
  duration_ms: 0.451509
  type: 'test'
  ...
# Subtest: retry is bounded and uses injected deterministic sleep
ok 288 - retry is bounded and uses injected deterministic sleep
  ---
  duration_ms: 0.828959
  type: 'test'
  ...
# Subtest: integration URL policy blocks local, credential and rebinding targets
ok 289 - integration URL policy blocks local, credential and rebinding targets
  ---
  duration_ms: 4.219753
  type: 'test'
  ...
# Subtest: pipeline validates terminal semantics and transition policy
ok 290 - pipeline validates terminal semantics and transition policy
  ---
  duration_ms: 0.407694
  type: 'test'
  ...
# Subtest: deal health returns deterministic evidence factors
ok 291 - deal health returns deterministic evidence factors
  ---
  duration_ms: 0.31713
  type: 'test'
  ...
# Subtest: contact normalization supports Uzbekistan and safe mapping errors
ok 292 - contact normalization supports Uzbekistan and safe mapping errors
  ---
  duration_ms: 0.522574
  type: 'test'
  ...
# Subtest: ROI calculation uses integer arithmetic
ok 293 - ROI calculation uses integer arithmetic
  ---
  duration_ms: 0.372101
  type: 'test'
  ...
# Subtest: approval payload hash changes when action data changes
ok 294 - approval payload hash changes when action data changes
  ---
  duration_ms: 0.142641
  type: 'test'
  ...
# Subtest: decimal money input converts exactly without binary floating-point rounding
ok 295 - decimal money input converts exactly without binary floating-point rounding
  ---
  duration_ms: 0.853234
  type: 'test'
  ...
# Subtest: rejects parseFloat-style trailing junk, grouping, exponent, negative and overprecision
ok 296 - rejects parseFloat-style trailing junk, grouping, exponent, negative and overprecision
  ---
  duration_ms: 0.51353
  type: 'test'
  ...
# Subtest: maximum supported amount round trips exactly and overflow is rejected
ok 297 - maximum supported amount round trips exactly and overflow is rejected
  ---
  duration_ms: 0.262719
  type: 'test'
  ...
# Subtest: input formatter does not turn absent data into zero or accept corrupt stored cents
ok 298 - input formatter does not turn absent data into zero or accept corrupt stored cents
  ---
  duration_ms: 0.133848
  type: 'test'
  ...
# Subtest: test DB never derives a target from DATABASE_URL
ok 299 - test DB never derives a target from DATABASE_URL
  ---
  duration_ms: 0.950158
  type: 'test'
  ...
# Subtest: explicit disposable loopback target is accepted without leaking configuration
ok 300 - explicit disposable loopback target is accepted without leaking configuration
  ---
  duration_ms: 0.305743
  type: 'test'
  ...
# Subtest: same DB is rejected despite changed credentials, scheme, port default and query
ok 301 - same DB is rejected despite changed credentials, scheme, port default and query
  ---
  duration_ms: 0.302388
  type: 'test'
  ...
# Subtest: remote targets require opt-in and still reject normalized live identity
ok 302 - remote targets require opt-in and still reject normalized live identity
  ---
  duration_ms: 0.289309
  type: 'test'
  ...
# Subtest: unsafe database identifiers and ambiguous paths fail closed
ok 303 - unsafe database identifiers and ambiguous paths fail closed
  ---
  duration_ms: 0.339613
  type: 'test'
  ...
# Subtest: connection redirection, schema changes and repeated params are rejected
ok 304 - connection redirection, schema changes and repeated params are rejected
  ---
  duration_ms: 0.426221
  type: 'test'
  ...
# Subtest: invalid URLs do not echo credentials in errors
ok 305 - invalid URLs do not echo credentials in errors
  ---
  duration_ms: 0.244231
  type: 'test'
  ...
# Subtest: reset needs separate explicit consent
ok 306 - reset needs separate explicit consent
  ---
  duration_ms: 0.171664
  type: 'test'
  ...
# Subtest: test DB implementation has no implicit live fallback, auto-reset or credential printing
ok 307 - test DB implementation has no implicit live fallback, auto-reset or credential printing
  ---
  duration_ms: 0.397178
  type: 'test'
  ...
# Subtest: blocks private, loopback, link-local, metadata, documentation and multicast IP ranges
ok 308 - blocks private, loopback, link-local, metadata, documentation and multicast IP ranges
  ---
  duration_ms: 5.008461
  type: 'test'
  ...
# Subtest: rejects URL credentials and DNS rebinding to a private address
ok 309 - rejects URL credentials and DNS rebinding to a private address
  ---
  duration_ms: 0.752806
  type: 'test'
  ...
# Subtest: enforces connector host allowlists
ok 310 - enforces connector host allowlists
  ---
  duration_ms: 0.257371
  type: 'test'
  ...
# Subtest: executes a pinned bounded request and parses JSON
ok 311 - executes a pinned bounded request and parses JSON
  ---
  duration_ms: 15.897755
  type: 'test'
  ...
# Subtest: rejects mutation retry without idempotency
ok 312 - rejects mutation retry without idempotency
  ---
  duration_ms: 0.444689
  type: 'test'
  ...
# Subtest: rejects redirect to a private destination
ok 313 - rejects redirect to a private destination
  ---
  duration_ms: 5.276328
  type: 'test'
  ...
# Subtest: verifies HMAC webhooks and rejects replay
ok 314 - verifies HMAC webhooks and rejects replay
  ---
  duration_ms: 1.211164
  type: 'test'
  ...
# Subtest: rejects tampered webhook body
ok 315 - rejects tampered webhook body
  ---
  duration_ms: 0.380254
  type: 'test'
  ...
# Subtest: compiles bounded OpenAPI operations and classifies risk
ok 316 - compiles bounded OpenAPI operations and classifies risk
  ---
  duration_ms: 0.824923
  type: 'test'
  ...
# Subtest: rejects external OpenAPI references
ok 317 - rejects external OpenAPI references
  ---
  duration_ms: 0.362587
  type: 'test'
  ...
# Subtest: rejects malformed resolver results before opening a socket
ok 318 - rejects malformed resolver results before opening a socket
  ---
  duration_ms: 0.422806
  type: 'test'
  ...
# Subtest: validates the retry-delay boundary
ok 319 - validates the retry-delay boundary
  ---
  duration_ms: 0.271823
  type: 'test'
  ...
# Subtest: enforces a total request deadline even while response bytes keep arriving
ok 320 - enforces a total request deadline even while response bytes keep arriving
  ---
  duration_ms: 101.725567
  type: 'test'
  ...
# Subtest: SSRF: all mapped, expanded, reserved and transition representations are blocked
ok 321 - SSRF: all mapped, expanded, reserved and transition representations are blocked
  ---
  duration_ms: 5.10886
  type: 'test'
  ...
# Subtest: HTTP: cross-origin redirect cannot forward secrets or reach its destination
ok 322 - HTTP: cross-origin redirect cannot forward secrets or reach its destination
  ---
  duration_ms: 14.66562
  type: 'test'
  ...
# Subtest: HTTP: safe same-origin GET redirect still works
ok 323 - HTTP: safe same-origin GET redirect still works
  ---
  duration_ms: 3.90117
  type: 'test'
  ...
# Subtest: HTTP: an idempotency header alone does not prove the provider can safely retry
ok 324 - HTTP: an idempotency header alone does not prove the provider can safely retry
  ---
  duration_ms: 0.310009
  type: 'test'
  ...
# Subtest: HTTP: abort before dispatch performs no DNS lookup
ok 325 - HTTP: abort before dispatch performs no DNS lookup
  ---
  duration_ms: 0.192445
  type: 'test'
  ...
# Subtest: HTTP: deadline includes stalled DNS resolution
ok 326 - HTTP: deadline includes stalled DNS resolution
  ---
  duration_ms: 100.74927
  type: 'test'
  ...
# Subtest: Webhook: replay protection must not silently disappear
ok 327 - Webhook: replay protection must not silently disappear
  ---
  duration_ms: 1.307818
  type: 'test'
  ...
# Subtest: Webhook: ambiguous duplicate signature fields are rejected
ok 328 - Webhook: ambiguous duplicate signature fields are rejected
  ---
  duration_ms: 0.420834
  type: 'test'
  ...
# Subtest: OpenAPI: server base path is retained and schema is an immutable snapshot
ok 329 - OpenAPI: server base path is retained and schema is an immutable snapshot
  ---
  duration_ms: 0.710993
  type: 'test'
  ...
# Subtest: OpenAPI: reject host-changing and traversal paths
ok 330 - OpenAPI: reject host-changing and traversal paths
  ---
  duration_ms: 0.597155
  type: 'test'
  ...
# Subtest: OpenAPI: cyclic objects are bounded failures, not stack overflows
ok 331 - OpenAPI: cyclic objects are bounded failures, not stack overflows
  ---
  duration_ms: 0.151605
  type: 'test'
  ...
# Subtest: CSV: auto-detection works beyond the 30-row sampling boundary
ok 332 - CSV: auto-detection works beyond the 30-row sampling boundary
  ---
  duration_ms: 3.502159
  type: 'test'
  ...
# Subtest: CSV: rejects text or a second quoted string after a closing quote
ok 333 - CSV: rejects text or a second quoted string after a closing quote
  ---
  duration_ms: 0.524157
  type: 'test'
  ...
# Subtest: CSV: single-column imports are valid without explicit delimiter selection
ok 334 - CSV: single-column imports are valid without explicit delimiter selection
  ---
  duration_ms: 0.5935
  type: 'test'
  ...
# Subtest: CSV: formula escaping includes line breaks and Unicode whitespace
ok 335 - CSV: formula escaping includes line breaks and Unicode whitespace
  ---
  duration_ms: 0.261848
  type: 'test'
  ...
# Subtest: CSV: limits cannot be disabled by NaN or Infinity
ok 336 - CSV: limits cannot be disabled by NaN or Infinity
  ---
  duration_ms: 0.176862
  type: 'test'
  ...
# Subtest: CSV: source row numbers survive blank and multiline records
ok 337 - CSV: source row numbers survive blank and multiline records
  ---
  duration_ms: 1.343571
  type: 'test'
  ...
# Subtest: CSV: format detection rejects backslash paths and control characters on every OS
ok 338 - CSV: format detection rejects backslash paths and control characters on every OS
  ---
  duration_ms: 0.568372
  type: 'test'
  ...
# Subtest: rejects inherited targets instead of resolving Object.prototype
ok 339 - rejects inherited targets instead of resolving Object.prototype
  ---
  duration_ms: 1.150795
  type: 'test'
  ...
# Subtest: rejects prototype transformer names
ok 340 - rejects prototype transformer names
  ---
  duration_ms: 0.141409
  type: 'test'
  ...
# Subtest: rejects duplicate and blank headers without choosing an arbitrary column
ok 341 - rejects duplicate and blank headers without choosing an arbitrary column
  ---
  duration_ms: 0.11496
  type: 'test'
  ...
# Subtest: compiled defaults are immutable snapshots, not caller-owned objects
ok 342 - compiled defaults are immutable snapshots, not caller-owned objects
  ---
  duration_ms: 0.365672
  type: 'test'
  ...
# Subtest: accessor field definitions are rejected without invoking them
ok 343 - accessor field definitions are rejected without invoking them
  ---
  duration_ms: 0.295668
  type: 'test'
  ...
# Subtest: rejects object defaults and unsafe reserved destination fields
ok 344 - rejects object defaults and unsafe reserved destination fields
  ---
  duration_ms: 0.161189
  type: 'test'
  ...
# Subtest: rejects non-cell values rather than executing coercion hooks
ok 345 - rejects non-cell values rather than executing coercion hooks
  ---
  duration_ms: 0.140017
  type: 'test'
  ...
# Subtest: rejects unsupported entity types before creating an executable migration plan
ok 346 - rejects unsupported entity types before creating an executable migration plan
  ---
  duration_ms: 0.461434
  type: 'test'
  ...
# Subtest: parses RFC4180 quoted commas, newlines, and escaped quotes
ok 347 - parses RFC4180 quoted commas, newlines, and escaped quotes
  ---
  duration_ms: 2.145039
  type: 'test'
  ...
# Subtest: detects a semicolon delimiter
ok 348 - detects a semicolon delimiter
  ---
  duration_ms: 0.354174
  type: 'test'
  ...
# Subtest: removes UTF-8 BOM from the first header
ok 349 - removes UTF-8 BOM from the first header
  ---
  duration_ms: 0.119727
  type: 'test'
  ...
# Subtest: rejects an unclosed quote
ok 350 - rejects an unclosed quote
  ---
  duration_ms: 0.453642
  type: 'test'
  ...
# Subtest: rejects duplicate normalized headers
ok 351 - rejects duplicate normalized headers
  ---
  duration_ms: 0.187868
  type: 'test'
  ...
# Subtest: enforces row limits
ok 352 - enforces row limits
  ---
  duration_ms: 0.111916
  type: 'test'
  ...
# Subtest: neutralizes spreadsheet formulas in exported reports
ok 353 - neutralizes spreadsheet formulas in exported reports
  ---
  duration_ms: 0.199906
  type: 'test'
  ...
# Subtest: serializes error reports with formula protection
ok 354 - serializes error reports with formula protection
  ---
  duration_ms: 0.482485
  type: 'test'
  ...
# Subtest: parses money deterministically in minor units
ok 355 - parses money deterministically in minor units
  ---
  duration_ms: 0.420954
  type: 'test'
  ...
# Subtest: normalizes Uzbekistan phone numbers
ok 356 - normalizes Uzbekistan phone numbers
  ---
  duration_ms: 0.408195
  type: 'test'
  ...
# Subtest: validates extension, MIME, and XLSX ZIP signature
ok 357 - validates extension, MIME, and XLSX ZIP signature
  ---
  duration_ms: 0.370099
  type: 'test'
  ...
# Subtest: compiles deterministic mappings and validates required fields
ok 358 - compiles deterministic mappings and validates required fields
  ---
  duration_ms: 0.609523
  type: 'test'
  ...
# Subtest: creates deterministic dry-run batches and duplicate issues
ok 359 - creates deterministic dry-run batches and duplicate issues
  ---
  duration_ms: 1.647772
  type: 'test'
  ...
# Subtest: marks existing-record matches as warnings without silently dropping the row
ok 360 - marks existing-record matches as warnings without silently dropping the row
  ---
  duration_ms: 0.369408
  type: 'test'
  ...
# Subtest: migration: a stale claim cannot settle a newer lease even with the same workerId
ok 361 - migration: a stale claim cannot settle a newer lease even with the same workerId
  ---
  duration_ms: 6.852154
  type: 'test'
  ...
# Subtest: migration: process crashes consume attempts and eventually quarantine the batch
ok 362 - migration: process crashes consume attempts and eventually quarantine the batch
  ---
  duration_ms: 3.019038
  type: 'test'
  ...
# Subtest: migration: failure after cancellation cannot overwrite CANCELLED with FAILED
ok 363 - migration: failure after cancellation cannot overwrite CANCELLED with FAILED
  ---
  duration_ms: 1.384161
  type: 'test'
  ...
# Subtest: migration: invalid importer result is a terminal contract error
ok 364 - migration: invalid importer result is a terminal contract error
  ---
  duration_ms: 0.753817
  type: 'test'
  ...
# Subtest: migration: tenant/job delimiter ambiguity cannot alias storage keys
ok 365 - migration: tenant/job delimiter ambiguity cannot alias storage keys
  ---
  duration_ms: 0.178575
  type: 'test'
  ...
# Subtest: uses serializable transactions and scopes durable job reads by tenant
ok 366 - uses serializable transactions and scopes durable job reads by tenant
  ---
  duration_ms: 2.200611
  type: 'test'
  ...
# Subtest: persists batch leases, counters and optimistic versions
ok 367 - persists batch leases, counters and optimistic versions
  ---
  duration_ms: 0.929077
  type: 'test'
  ...
# Subtest: fails closed on a stale batch instead of silently losing a worker update
ok 368 - fails closed on a stale batch instead of silently losing a worker update
  ---
  duration_ms: 1.195281
  type: 'test'
  ...
# Subtest: persists an append-only runtime event with operational details
ok 369 - persists an append-only runtime event with operational details
  ---
  duration_ms: 0.383799
  type: 'test'
  ...
# Subtest: sanitizes event details to durable JSON and rejects non-serializable values
ok 370 - sanitizes event details to durable JSON and rejects non-serializable values
  ---
  duration_ms: 0.513371
  type: 'test'
  ...
# Subtest: coordinator can restart on the Prisma repository without losing durable batch state
ok 371 - coordinator can restart on the Prisma repository without losing durable batch state
  ---
  duration_ms: 2.534155
  type: 'test'
  ...
# Subtest: rejects invalid state transitions
ok 372 - rejects invalid state transitions
  ---
  duration_ms: 1.0733
  type: 'test'
  ...
# Subtest: rejects a dry-run from another tenant
ok 373 - rejects a dry-run from another tenant
  ---
  duration_ms: 1.704535
  type: 'test'
  ...
# Subtest: processes bounded batches and completes after the last checkpoint
ok 374 - processes bounded batches and completes after the last checkpoint
  ---
  duration_ms: 2.521096
  type: 'test'
  ...
# Subtest: concurrent workers claim distinct batches and never duplicate the same lease
ok 375 - concurrent workers claim distinct batches and never duplicate the same lease
  ---
  duration_ms: 4.910356
  type: 'test'
  ...
# Subtest: an expired RUNNING lease is reclaimed with the same operation identity
ok 376 - an expired RUNNING lease is reclaimed with the same operation identity
  ---
  duration_ms: 1.697165
  type: 'test'
  ...
# Subtest: retries a transient failure with the same idempotency key
ok 377 - retries a transient failure with the same idempotency key
  ---
  duration_ms: 1.010177
  type: 'test'
  ...
# Subtest: moves a poison batch and job to FAILED after bounded attempts
ok 378 - moves a poison batch and job to FAILED after bounded attempts
  ---
  duration_ms: 0.964449
  type: 'test'
  ...
# Subtest: cancellation is terminal and prevents execution
ok 379 - cancellation is terminal and prevents execution
  ---
  duration_ms: 0.408815
  type: 'test'
  ...
# Subtest: rejects a dry-run for a different entity type
ok 380 - rejects a dry-run for a different entity type
  ---
  duration_ms: 0.434133
  type: 'test'
  ...
# Subtest: rejects non-contiguous batch indexes and count drift
ok 381 - rejects non-contiguous batch indexes and count drift
  ---
  duration_ms: 0.84382
  type: 'test'
  ...
# Subtest: rejects unsafe source filenames before persistence
ok 382 - rejects unsafe source filenames before persistence
  ---
  duration_ms: 0.930709
  type: 'test'
  ...
# Subtest: fails immediately when importer counters do not reconcile to the claimed batch
ok 383 - fails immediately when importer counters do not reconcile to the claimed batch
  ---
  duration_ms: 0.672046
  type: 'test'
  ...
# Subtest: real filesystem encrypted source survives a fresh process and contains no plaintext customer data
ok 384 - real filesystem encrypted source survives a fresh process and contains no plaintext customer data
  ---
  duration_ms: 52.078649
  type: 'test'
  ...
# Subtest: same source bytes can be uploaded as distinct import intents
ok 385 - same source bytes can be uploaded as distinct import intents
  ---
  duration_ms: 8.04498
  type: 'test'
  ...
# Subtest: tenant, hash and ciphertext tampering fail closed
ok 386 - tenant, hash and ciphertext tampering fail closed
  ---
  duration_ms: 8.933227
  type: 'test'
  ...
# Subtest: old source keys remain readable across active-key rotation
ok 387 - old source keys remain readable across active-key rotation
  ---
  duration_ms: 13.049706
  type: 'test'
  ...
# Subtest: opaque identifiers, file limits and symlinks cannot access arbitrary paths
ok 388 - opaque identifiers, file limits and symlinks cannot access arbitrary paths
  ---
  duration_ms: 5.776509
  type: 'test'
  ...
# Subtest: concurrent ID collision publishes exactly one source without overwriting
ok 389 - concurrent ID collision publishes exactly one source without overwriting
  ---
  duration_ms: 6.381305
  type: 'test'
  ...
# Subtest: preparation plans from reloaded persisted bytes, preserving physical source rows
ok 390 - preparation plans from reloaded persisted bytes, preserving physical source rows
  ---
  duration_ms: 8.607775
  type: 'test'
  ...
# Subtest: unsupported XLSX and invalid UTF-8 are rejected before storage side effects
ok 391 - unsupported XLSX and invalid UTF-8 are rejected before storage side effects
  ---
  duration_ms: 2.800189
  type: 'test'
  ...
# Subtest: a private root inside an attacker-writable ancestor is rejected
ok 392 - a private root inside an attacker-writable ancestor is rejected
  ---
  duration_ms: 1.517148
  type: 'test'
  ...
# Subtest: directory permissions are rechecked when an existing store is used
ok 393 - directory permissions are rechecked when an existing store is used
  ---
  duration_ms: 2.970912
  type: 'test'
  ...
# Subtest: compiles a complete deterministic legacy stage map
ok 394 - compiles a complete deterministic legacy stage map
  ---
  duration_ms: 3.530881
  type: 'test'
  ...
# Subtest: requires every legacy stage to be mapped
ok 395 - requires every legacy stage to be mapped
  ---
  duration_ms: 0.766255
  type: 'test'
  ...
# Subtest: rejects semantic mismatch between legacy outcome and pipeline stage type
ok 396 - rejects semantic mismatch between legacy outcome and pipeline stage type
  ---
  duration_ms: 0.183262
  type: 'test'
  ...
# Subtest: reconciliation reports missing, wrong and orphan assignments deterministically
ok 397 - reconciliation reports missing, wrong and orphan assignments deterministically
  ---
  duration_ms: 1.049585
  type: 'test'
  ...
# Subtest: normalizes a safe pipeline slug
ok 398 - normalizes a safe pipeline slug
  ---
  duration_ms: 1.023998
  type: 'test'
  ...
# Subtest: accepts a complete pipeline definition
ok 399 - accepts a complete pipeline definition
  ---
  duration_ms: 0.714408
  type: 'test'
  ...
# Subtest: rejects duplicate stage IDs
ok 400 - rejects duplicate stage IDs
  ---
  duration_ms: 0.468274
  type: 'test'
  ...
# Subtest: rejects non-contiguous positions
ok 401 - rejects non-contiguous positions
  ---
  duration_ms: 0.266305
  type: 'test'
  ...
# Subtest: rejects invalid terminal probability
ok 402 - rejects invalid terminal probability
  ---
  duration_ms: 0.147108
  type: 'test'
  ...
# Subtest: rejects an archived default pipeline
ok 403 - rejects an archived default pipeline
  ---
  duration_ms: 0.173517
  type: 'test'
  ...
# Subtest: plans an allowed transition with optimistic version increment
ok 404 - plans an allowed transition with optimistic version increment
  ---
  duration_ms: 0.355928
  type: 'test'
  ...
# Subtest: treats same-stage movement as idempotent
ok 405 - treats same-stage movement as idempotent
  ---
  duration_ms: 0.133869
  type: 'test'
  ...
# Subtest: rejects a transition that violates stage rules
ok 406 - rejects a transition that violates stage rules
  ---
  duration_ms: 0.236641
  type: 'test'
  ...
# Subtest: rejects stale optimistic version
ok 407 - rejects stale optimistic version
  ---
  duration_ms: 0.350379
  type: 'test'
  ...
# Subtest: rejects cross-tenant assignment
ok 408 - rejects cross-tenant assignment
  ---
  duration_ms: 0.153828
  type: 'test'
  ...
# Subtest: requires explicit permission to reopen a terminal deal
ok 409 - requires explicit permission to reopen a terminal deal
  ---
  duration_ms: 0.1283
  type: 'test'
  ...
# Subtest: allows an explicitly authorized terminal reopen
ok 410 - allows an explicitly authorized terminal reopen
  ---
  duration_ms: 0.126647
  type: 'test'
  ...
# Subtest: builds deterministic legacy assignments
ok 411 - builds deterministic legacy assignments
  ---
  duration_ms: 0.737533
  type: 'test'
  ...
# Subtest: fails closed when a legacy stage has no mapping
ok 412 - fails closed when a legacy stage has no mapping
  ---
  duration_ms: 0.212705
  type: 'test'
  ...
# Subtest: calculates exact minor-unit analytics without floating point
ok 413 - calculates exact minor-unit analytics without floating point
  ---
  duration_ms: 0.734589
  type: 'test'
  ...
# Subtest: maps Prisma pipeline rows into the domain shape
ok 414 - maps Prisma pipeline rows into the domain shape
  ---
  duration_ms: 1.85556
  type: 'test'
  ...
# Subtest: scopes every pipeline read by workspace and bounds the list
ok 415 - scopes every pipeline read by workspace and bounds the list
  ---
  duration_ms: 0.779735
  type: 'test'
  ...
# Subtest: uses serializable interactive transactions
ok 416 - uses serializable interactive transactions
  ---
  duration_ms: 1.132068
  type: 'test'
  ...
# Subtest: retries only bounded Prisma serialization conflicts
ok 417 - retries only bounded Prisma serialization conflicts
  ---
  duration_ms: 0.315007
  type: 'test'
  ...
# Subtest: does not retry permanent Prisma errors
ok 418 - does not retry permanent Prisma errors
  ---
  duration_ms: 0.323559
  type: 'test'
  ...
# Subtest: maps exhausted serialization retries to a stable runtime error
ok 419 - maps exhausted serialization retries to a stable runtime error
  ---
  duration_ms: 0.426552
  type: 'test'
  ...
# Subtest: rejects an invalid retry jitter source before sleeping
ok 420 - rejects an invalid retry jitter source before sleeping
  ---
  duration_ms: 0.239364
  type: 'test'
  ...
# Subtest: persists command receipts and audit events using workspace-owned fields
ok 421 - persists command receipts and audit events using workspace-owned fields
  ---
  duration_ms: 0.311542
  type: 'test'
  ...
# Subtest: enforces the maximum number of pipelines inside the transaction
ok 422 - enforces the maximum number of pipelines inside the transaction
  ---
  duration_ms: 0.61386
  type: 'test'
  ...
# Subtest: atomically hands off the default during pipeline creation
ok 423 - atomically hands off the default during pipeline creation
  ---
  duration_ms: 0.610385
  type: 'test'
  ...
# Subtest: maps a duplicate slug to a stable domain error
ok 424 - maps a duplicate slug to a stable domain error
  ---
  duration_ms: 0.38464
  type: 'test'
  ...
# Subtest: neutralizes stage keys and positions before an ordered replacement
ok 425 - neutralizes stage keys and positions before an ordered replacement
  ---
  duration_ms: 1.238715
  type: 'test'
  ...
# Subtest: blocks removal of a stage that already owns assignments
ok 426 - blocks removal of a stage that already owns assignments
  ---
  duration_ms: 0.331301
  type: 'test'
  ...
# Subtest: maps a foreign-key race during stage deletion to STAGE_IN_USE
ok 427 - maps a foreign-key race during stage deletion to STAGE_IN_USE
  ---
  duration_ms: 0.419722
  type: 'test'
  ...
# Subtest: sets the default pipeline with an optimistic version predicate
ok 428 - sets the default pipeline with an optimistic version predicate
  ---
  duration_ms: 0.27635
  type: 'test'
  ...
# Subtest: rejects a stale default-pipeline request before changing any defaults
ok 429 - rejects a stale default-pipeline request before changing any defaults
  ---
  duration_ms: 0.7898
  type: 'test'
  ...
# Subtest: creates an idempotent pipeline and writes one audit event
ok 430 - creates an idempotent pipeline and writes one audit event
  ---
  duration_ms: 4.759723
  type: 'test'
  ...
# Subtest: forces the first pipeline to default even when the caller does not request it
ok 431 - forces the first pipeline to default even when the caller does not request it
  ---
  duration_ms: 0.514863
  type: 'test'
  ...
# Subtest: atomically promotes an explicitly default second pipeline during creation
ok 432 - atomically promotes an explicitly default second pipeline during creation
  ---
  duration_ms: 7.135133
  type: 'test'
  ...
# Subtest: keeps an explicitly non-default later pipeline non-default
ok 433 - keeps an explicitly non-default later pipeline non-default
  ---
  duration_ms: 1.519512
  type: 'test'
  ...
# Subtest: replays a concurrently committed command after a deterministic mutation race
ok 434 - replays a concurrently committed command after a deterministic mutation race
  ---
  duration_ms: 0.719607
  type: 'test'
  ...
# Subtest: canonical payload hashing never invokes object or array accessors
ok 435 - canonical payload hashing never invokes object or array accessors
  ---
  duration_ms: 0.485299
  type: 'test'
  ...
# Subtest: canonical payload hashing rejects cycles, sparse arrays and custom serialization
ok 436 - canonical payload hashing rejects cycles, sparse arrays and custom serialization
  ---
  duration_ms: 0.261187
  type: 'test'
  ...
# Subtest: replays a command by its stable API payload before service-side reads
ok 437 - replays a command by its stable API payload before service-side reads
  ---
  duration_ms: 0.913013
  type: 'test'
  ...
# Subtest: rejects an idempotency key reused with another payload
ok 438 - rejects an idempotency key reused with another payload
  ---
  duration_ms: 0.825664
  type: 'test'
  ...
# Subtest: rejects tenant ownership supplied for another tenant
ok 439 - rejects tenant ownership supplied for another tenant
  ---
  duration_ms: 0.347836
  type: 'test'
  ...
# Subtest: normalizes pipeline-domain validation failures at the runtime boundary
ok 440 - normalizes pipeline-domain validation failures at the runtime boundary
  ---
  duration_ms: 0.361265
  type: 'test'
  ...
# Subtest: enforces action permission at the operation boundary
ok 441 - enforces action permission at the operation boundary
  ---
  duration_ms: 0.246766
  type: 'test'
  ...
# Subtest: transitions a seeded deal with optimistic concurrency
ok 442 - transitions a seeded deal with optimistic concurrency
  ---
  duration_ms: 1.577778
  type: 'test'
  ...
# Subtest: serializes two concurrent transitions so only one stale version wins
ok 443 - serializes two concurrent transitions so only one stale version wins
  ---
  duration_ms: 0.947224
  type: 'test'
  ...
# Subtest: prevents deleting a stage that still owns a deal assignment
ok 444 - prevents deleting a stage that still owns a deal assignment
  ---
  duration_ms: 1.097596
  type: 'test'
  ...
# Subtest: atomically switches the default pipeline with optimistic concurrency
ok 445 - atomically switches the default pipeline with optimistic concurrency
  ---
  duration_ms: 1.587042
  type: 'test'
  ...
# Subtest: restore requires its own permission rather than archive permission
ok 446 - restore requires its own permission rather than archive permission
  ---
  duration_ms: 1.247078
  type: 'test'
  ...
# Subtest: in-memory keys do not collide when tenant and entity IDs contain colons
ok 447 - in-memory keys do not collide when tenant and entity IDs contain colons
  ---
  duration_ms: 0.251864
  type: 'test'
  ...
# Subtest: enforces the bounded pipeline count
ok 448 - enforces the bounded pipeline count
  ---
  duration_ms: 8.329637
  type: 'test'
  ...
# Subtest: givenPlainCredential_whenSealingAndOpening_thenReturnsValidatedPlaintext
ok 449 - givenPlainCredential_whenSealingAndOpening_thenReturnsValidatedPlaintext
  ---
  duration_ms: 3.815334
  type: 'test'
  ...
# Subtest: givenLegacyPlaintextAndStrictMode_whenOpening_thenRejects
ok 450 - givenLegacyPlaintextAndStrictMode_whenOpening_thenRejects
  ---
  duration_ms: 0.516886
  type: 'test'
  ...
# Subtest: givenLegacyPlaintextAndMigrationMode_whenOpening_thenMarksMigrationRequired
ok 451 - givenLegacyPlaintextAndMigrationMode_whenOpening_thenMarksMigrationRequired
  ---
  duration_ms: 0.366443
  type: 'test'
  ...
# Subtest: givenEncryptedValue_whenSealingAgain_thenPreventsDoubleEncryption
ok 452 - givenEncryptedValue_whenSealingAgain_thenPreventsDoubleEncryption
  ---
  duration_ms: 0.414094
  type: 'test'
  ...
# Subtest: givenValidContext_whenEncryptingAndDecrypting_thenRoundTripsWithoutPlaintextLeakage
ok 453 - givenValidContext_whenEncryptingAndDecrypting_thenRoundTripsWithoutPlaintextLeakage
  ---
  duration_ms: 3.740527
  type: 'test'
  ...
# Subtest: givenSamePlaintext_whenEncryptedTwice_thenRandomIvProducesDifferentEnvelopes
ok 454 - givenSamePlaintext_whenEncryptedTwice_thenRandomIvProducesDifferentEnvelopes
  ---
  duration_ms: 0.731414
  type: 'test'
  ...
# Subtest: givenWrongTenantContext_whenDecrypting_thenAuthenticationFails
ok 455 - givenWrongTenantContext_whenDecrypting_thenAuthenticationFails
  ---
  duration_ms: 0.689872
  type: 'test'
  ...
# Subtest: givenTamperedCiphertext_whenDecrypting_thenAuthenticationFails
ok 456 - givenTamperedCiphertext_whenDecrypting_thenAuthenticationFails
  ---
  duration_ms: 0.462986
  type: 'test'
  ...
# Subtest: givenMissingHistoricalKey_whenDecrypting_thenFailsWithoutLeakingSecret
ok 457 - givenMissingHistoricalKey_whenDecrypting_thenFailsWithoutLeakingSecret
  ---
  duration_ms: 0.489685
  type: 'test'
  ...
# Subtest: givenHistoricalKeyAndNewActiveKey_whenRotating_thenReencryptsWithNewKey
ok 458 - givenHistoricalKeyAndNewActiveKey_whenRotating_thenReencryptsWithNewKey
  ---
  duration_ms: 0.716231
  type: 'test'
  ...
# Subtest: givenPlaintext_whenDecrypting_thenRejectsImplicitLegacyFallback
ok 459 - givenPlaintext_whenDecrypting_thenRejectsImplicitLegacyFallback
  ---
  duration_ms: 0.253976
  type: 'test'
  ...
# Subtest: givenInvalidKeyLength_whenCreatingProvider_thenFailsFast
ok 460 - givenInvalidKeyLength_whenCreatingProvider_thenFailsFast
  ---
  duration_ms: 0.158725
  type: 'test'
  ...
# Subtest: givenEnvironmentKeyring_whenCreatingProvider_thenValidatesAndDecrypts
ok 461 - givenEnvironmentKeyring_whenCreatingProvider_thenValidatesAndDecrypts
  ---
  duration_ms: 0.706106
  type: 'test'
  ...
# Subtest: givenEnvelope_whenRedactingAndFingerprinting_thenNeverReturnsPlaintext
ok 462 - givenEnvelope_whenRedactingAndFingerprinting_thenNeverReturnsPlaintext
  ---
  duration_ms: 0.957819
  type: 'test'
  ...
# Subtest: givenOversizedPlaintext_whenEncrypting_thenRejectsBeforeEncryption
ok 463 - givenOversizedPlaintext_whenEncrypting_thenRejectsBeforeEncryption
  ---
  duration_ms: 0.204964
  type: 'test'
  ...
# Subtest: givenUnscopedWhere_whenScoping_thenInjectsActiveTenant
ok 464 - givenUnscopedWhere_whenScoping_thenInjectsActiveTenant
  ---
  duration_ms: 1.348038
  type: 'test'
  ...
# Subtest: givenCrossTenantSelector_whenScoping_thenRejects
ok 465 - givenCrossTenantSelector_whenScoping_thenRejects
  ---
  duration_ms: 0.394204
  type: 'test'
  ...
# Subtest: givenCreatePayloadForAnotherTenant_whenScoping_thenRejects
ok 466 - givenCreatePayloadForAnotherTenant_whenScoping_thenRejects
  ---
  duration_ms: 0.206536
  type: 'test'
  ...
# Subtest: givenAttemptedTenantReassignment_whenUpdating_thenRejects
ok 467 - givenAttemptedTenantReassignment_whenUpdating_thenRejects
  ---
  duration_ms: 0.135661
  type: 'test'
  ...
# Subtest: givenUniqueSelector_whenScoping_thenKeepsUniqueFieldAndAddsTenant
ok 468 - givenUniqueSelector_whenScoping_thenKeepsUniqueFieldAndAddsTenant
  ---
  duration_ms: 0.205615
  type: 'test'
  ...
# Subtest: givenSameOperationInDifferentTenants_whenBuildingIdempotencyKey_thenKeysDiffer
ok 469 - givenSameOperationInDifferentTenants_whenBuildingIdempotencyKey_thenKeysDiffer
  ---
  duration_ms: 0.636613
  type: 'test'
  ...
# Subtest: givenTenantScopedDelegate_whenReading_thenAlwaysInjectsTenantAndValidatesResults
ok 470 - givenTenantScopedDelegate_whenReading_thenAlwaysInjectsTenantAndValidatesResults
  ---
  duration_ms: 0.408185
  type: 'test'
  ...
# Subtest: givenCompromisedDelegateReturningAnotherTenant_whenReading_thenFailsClosed
ok 471 - givenCompromisedDelegateReturningAnotherTenant_whenReading_thenFailsClosed
  ---
  duration_ms: 0.282369
  type: 'test'
  ...
# Subtest: givenScopedMutation_whenUpdating_thenScopesWhereAndForbidsOwnershipChange
ok 472 - givenScopedMutation_whenUpdating_thenScopesWhereAndForbidsOwnershipChange
  ---
  duration_ms: 0.387354
  type: 'test'
  ...
# Subtest: givenPrototypePollutionKey_whenScoping_thenRejectsInput
ok 473 - givenPrototypePollutionKey_whenScoping_thenRejectsInput
  ---
  duration_ms: 0.541362
  type: 'test'
  ...
# Subtest: givenCallerSelectExcludesTenantField_whenReading_thenVerifiesInternallyAndRestoresRequestedShape
ok 474 - givenCallerSelectExcludesTenantField_whenReading_thenVerifiesInternallyAndRestoresRequestedShape
  ---
  duration_ms: 0.263921
  type: 'test'
  ...
# Subtest: graphite/light: semantic text and controls meet contrast thresholds
ok 475 - graphite/light: semantic text and controls meet contrast thresholds
  ---
  duration_ms: 1.128031
  type: 'test'
  ...
# Subtest: graphite/dark: semantic text and controls meet contrast thresholds
ok 476 - graphite/dark: semantic text and controls meet contrast thresholds
  ---
  duration_ms: 0.274316
  type: 'test'
  ...
# Subtest: grove/light: semantic text and controls meet contrast thresholds
ok 477 - grove/light: semantic text and controls meet contrast thresholds
  ---
  duration_ms: 0.767067
  type: 'test'
  ...
# Subtest: grove/dark: semantic text and controls meet contrast thresholds
ok 478 - grove/dark: semantic text and controls meet contrast thresholds
  ---
  duration_ms: 0.139938
  type: 'test'
  ...
# Subtest: sand/light: semantic text and controls meet contrast thresholds
ok 479 - sand/light: semantic text and controls meet contrast thresholds
  ---
  duration_ms: 0.160257
  type: 'test'
  ...
# Subtest: sand/dark: semantic text and controls meet contrast thresholds
ok 480 - sand/dark: semantic text and controls meet contrast thresholds
  ---
  duration_ms: 0.113619
  type: 'test'
  ...
# Subtest: indigo/light: semantic text and controls meet contrast thresholds
ok 481 - indigo/light: semantic text and controls meet contrast thresholds
  ---
  duration_ms: 0.16244
  type: 'test'
  ...
# Subtest: indigo/dark: semantic text and controls meet contrast thresholds
ok 482 - indigo/dark: semantic text and controls meet contrast thresholds
  ---
  duration_ms: 0.117304
  type: 'test'
  ...
# Subtest: invalid, oversized or future-version stored preferences fall back safely
ok 483 - invalid, oversized or future-version stored preferences fall back safely
  ---
  duration_ms: 0.881867
  type: 'test'
  ...
# Subtest: whitelisted preferences survive parsing and DOM application; unrelated attributes remain
ok 484 - whitelisted preferences survive parsing and DOM application; unrelated attributes remain
  ---
  duration_ms: 0.379923
  type: 'test'
  ...
# Subtest: pre-paint bootstrap and parser agree, including unavailable storage
ok 485 - pre-paint bootstrap and parser agree, including unavailable storage
  ---
  duration_ms: 3.967289
  type: 'test'
  ...
# Subtest: generated CSS is exactly derived from the tested token registry
ok 486 - generated CSS is exactly derived from the tested token registry
  ---
  duration_ms: 10.669459
  type: 'test'
  ...
# Subtest: palette contracts are immutable and equally capable
ok 487 - palette contracts are immutable and equally capable
  ---
  duration_ms: 0.59415
  type: 'test'
  ...
# Subtest: semantic check-types is mandatory, not an absent typecheck alias
ok 488 - semantic check-types is mandatory, not an absent typecheck alias
  ---
  duration_ms: 1.330872
  type: 'test'
  ...
# Subtest: a full quality gate cannot silently skip build
ok 489 - a full quality gate cannot silently skip build
  ---
  duration_ms: 0.136231
  type: 'test'
  ...
# Subtest: given clean repository when audited then returns no findings
ok 490 - given clean repository when audited then returns no findings
  ---
  duration_ms: 8.225123
  type: 'test'
  ...
# Subtest: given UTF-8 BOM package manifest when audited then reports JSON_BOM
ok 491 - given UTF-8 BOM package manifest when audited then reports JSON_BOM
  ---
  duration_ms: 3.158821
  type: 'test'
  ...
# Subtest: given legacy identity in source when audited then reports it
ok 492 - given legacy identity in source when audited then reports it
  ---
  duration_ms: 2.762197
  type: 'test'
  ...
# Subtest: given secret-like token in source when audited then reports without exposing token
ok 493 - given secret-like token in source when audited then reports without exposing token
  ---
  duration_ms: 2.063788
  type: 'test'
  ...
# Subtest: given secret placeholder in .env.example when audited then does not treat it as committed secret
ok 494 - given secret placeholder in .env.example when audited then does not treat it as committed secret
  ---
  duration_ms: 3.094515
  type: 'test'
  ...
# Subtest: operator upload and a new-process plan recover the same encrypted source
ok 495 - operator upload and a new-process plan recover the same encrypted source
  ---
  duration_ms: 198.802165
  type: 'test'
  ...
# Subtest: operator preparation fails without keys and never overwrites a report
ok 496 - operator preparation fails without keys and never overwrites a report
  ---
  duration_ms: 213.089936
  type: 'test'
  ...
# Subtest: unsupported files fail before any CRM write or success report
ok 497 - unsupported files fail before any CRM write or success report
  ---
  duration_ms: 88.486482
  type: 'test'
  ...
# Subtest: accepts the single governed executor boundary
ok 498 - accepts the single governed executor boundary
  ---
  duration_ms: 9.902724
  type: 'test'
  ...
# Subtest: reports direct catalog execution in production source
ok 499 - reports direct catalog execution in production source
  ---
  duration_ms: 2.877363
  type: 'test'
  ...
# Subtest: reports the removed parallel execution API
ok 500 - reports the removed parallel execution API
  ---
  duration_ms: 4.721106
  type: 'test'
  ...
# Subtest: reports direct executor calls outside the governed runtime
ok 501 - reports direct executor calls outside the governed runtime
  ---
  duration_ms: 3.500237
  type: 'test'
  ...
# Subtest: reports direct executor calls reached through a catalog lookup
ok 502 - reports direct executor calls reached through a catalog lookup
  ---
  duration_ms: 2.772688
  type: 'test'
  ...
# Subtest: excludes test and fixture paths from production findings
ok 503 - excludes test and fixture paths from production findings
  ---
  duration_ms: 2.361289
  type: 'test'
  ...
# Subtest: classifies the existing legacy dispatch as migration work instead of a hidden success
ok 504 - classifies the existing legacy dispatch as migration work instead of a hidden success
  ---
  duration_ms: 3.31366
  type: 'test'
  ...
# Subtest: accepts low-level run side effects only inside the governed bridge
ok 505 - accepts low-level run side effects only inside the governed bridge
  ---
  duration_ms: 2.894258
  type: 'test'
  ...
# Subtest: reports direct run side-effect calls outside the governed bridge
ok 506 - reports direct run side-effect calls outside the governed bridge
  ---
  duration_ms: 2.939631
  type: 'test'
  ...
# Subtest: reports removed direct run-action entrypoints as migration work
ok 507 - reports removed direct run-action entrypoints as migration work
  ---
  duration_ms: 4.063612
  type: 'test'
  ...
# Subtest: deal create and stage changes invoke strict sidecar synchronization inside the CRM transaction
ok 508 - deal create and stage changes invoke strict sidecar synchronization inside the CRM transaction
  ---
  duration_ms: 3.712923
  type: 'test'
  ...
# Subtest: legacy reads remain authoritative in this checkpoint
ok 509 - legacy reads remain authoritative in this checkpoint
  ---
  duration_ms: 1.681401
  type: 'test'
  ...
# Subtest: strict dual-write is opt-in and the example environment leaves it off
ok 510 - strict dual-write is opt-in and the example environment leaves it off
  ---
  duration_ms: 0.964309
  type: 'test'
  ...
# Subtest: the additive migration never removes or rewrites legacy deal.stage
ok 511 - the additive migration never removes or rewrites legacy deal.stage
  ---
  duration_ms: 0.731725
  type: 'test'
  ...
# Subtest: strict mode guards default-pipeline handoff until every mapping is migrated
ok 512 - strict mode guards default-pipeline handoff until every mapping is migrated
  ---
  duration_ms: 0.720247
  type: 'test'
  ...
# Subtest: mapped stage removal or outcome-type mutation is blocked before runtime update
ok 513 - mapped stage removal or outcome-type mutation is blocked before runtime update
  ---
  duration_ms: 0.64073
  type: 'test'
  ...
# Subtest: same-stage repair preserves the legacy stageChangedAt timestamp
ok 514 - same-stage repair preserves the legacy stageChangedAt timestamp
  ---
  duration_ms: 2.036538
  type: 'test'
  ...
# Subtest: migration persistence is tenant scoped and transactionally durable
ok 515 - migration persistence is tenant scoped and transactionally durable
  ---
  duration_ms: 2.914719
  type: 'test'
  ...
# Subtest: migration schema permits intentional reuse of the same source file
ok 516 - migration schema permits intentional reuse of the same source file
  ---
  duration_ms: 1.405904
  type: 'test'
  ...
# Subtest: migration coordinator validates source identity and final accounting
ok 517 - migration coordinator validates source identity and final accounting
  ---
  duration_ms: 1.706319
  type: 'test'
  ...
# Subtest: both new routers enforce authenticated interactive sessions
ok 518 - both new routers enforce authenticated interactive sessions
  ---
  duration_ms: 4.993239
  type: 'test'
  ...
# Subtest: mutation input contracts cannot select tenant, actor, raw CRM rows or role
ok 519 - mutation input contracts cannot select tenant, actor, raw CRM rows or role
  ---
  duration_ms: 1.54602
  type: 'test'
  ...
# Subtest: operator API contains no public approval request or direct provider execute endpoint
ok 520 - operator API contains no public approval request or direct provider execute endpoint
  ---
  duration_ms: 1.960194
  type: 'test'
  ...
# Subtest: new writes and approval storage are opt-in in the example environment
ok 521 - new writes and approval storage are opt-in in the example environment
  ---
  duration_ms: 1.16714
  type: 'test'
  ...
# Subtest: operator body bounds run before Nest initialization without globally consuming webhook bodies
ok 522 - operator body bounds run before Nest initialization without globally consuming webhook bodies
  ---
  duration_ms: 0.760627
  type: 'test'
  ...
# Subtest: additive operations schema preserves legacy data and composite source isolation
ok 523 - additive operations schema preserves legacy data and composite source isolation
  ---
  duration_ms: 1.931432
  type: 'test'
  ...
# Subtest: real operations DB acceptance is explicit and never replaced by local doubles
ok 524 - real operations DB acceptance is explicit and never replaced by local doubles
  ---
  duration_ms: 1.902308
  type: 'test'
  ...
# Subtest: pipeline router is registered and requires authenticated interactive sessions
ok 525 - pipeline router is registered and requires authenticated interactive sessions
  ---
  duration_ms: 3.628937
  type: 'test'
  ...
# Subtest: pipeline mutations replay stable commands before reading mutable state
ok 526 - pipeline mutations replay stable commands before reading mutable state
  ---
  duration_ms: 1.90988
  type: 'test'
  ...
# Subtest: public pipeline contracts are strict and expose no tenant selector
ok 527 - public pipeline contracts are strict and expose no tenant selector
  ---
  duration_ms: 3.150278
  type: 'test'
  ...
# Subtest: pipeline persistence uses bounded reads and serializable optimistic mutations
ok 528 - pipeline persistence uses bounded reads and serializable optimistic mutations
  ---
  duration_ms: 0.738785
  type: 'test'
  ...
# Subtest: HTTP 412 remains a precondition failure at the tRPC error boundary
ok 529 - HTTP 412 remains a precondition failure at the tRPC error boundary
  ---
  duration_ms: 0.678415
  type: 'test'
  ...
# Subtest: generated client and accessible settings UI are connected without unsafe casts
ok 530 - generated client and accessible settings UI are connected without unsafe casts
  ---
  duration_ms: 1.713139
  type: 'test'
  ...
# Subtest: PostgreSQL gate refuses implicit or production database targets
ok 531 - PostgreSQL gate refuses implicit or production database targets
  ---
  duration_ms: 5.194317
  type: 'test'
  ...
# Subtest: PostgreSQL integration spec exercises row locking, rollback and simultaneous writers
ok 532 - PostgreSQL integration spec exercises row locking, rollback and simultaneous writers
  ---
  duration_ms: 1.95032
  type: 'test'
  ...
# Subtest: JSONC parser preserves quoted URLs and comment-like strings
ok 533 - JSONC parser preserves quoted URLs and comment-like strings
  ---
  duration_ms: 2.182524
  type: 'test'
  ...
# Subtest: every declared workspace and local dependency is represented in lock metadata
ok 534 - every declared workspace and local dependency is represented in lock metadata
  ---
  duration_ms: 68.046119
  type: 'test'
  ...
# Subtest: missing or stale workspace metadata is a failing finding, not a baseline exemption
ok 535 - missing or stale workspace metadata is a failing finding, not a baseline exemption
  ---
  duration_ms: 31.178519
  type: 'test'
  ...
1..535
# tests 535
# suites 0
# pass 535
# fail 0
# cancelled 0
# skipped 0
# todo 0
# duration_ms 7878.257673



===== All ESM syntax =====
node tools/quality/check-esm.mjs
status=passed exit=0
{
  "checkedFiles": 190,
  "failures": []
}



===== TypeScript parser sweep (not semantic typecheck) =====
node tools/quality/check-typescript-syntax.mjs
status=passed exit=0
{
  "compilerVersion": "5.8.3",
  "checkedFiles": 902,
  "failureCount": 0,
  "failures": []
}



===== Package manifests =====
node scripts/verify-manifests.mjs
status=passed exit=0
Verified 20 package.json manifest(s).



===== Workspace lock metadata (not frozen install) =====
node tools/quality/verify-workspace-lock.mjs
status=passed exit=0
{
  "scope": "Workspace metadata only; not a Bun frozen install or registry integrity check",
  "findings": []
}



===== Generated appearance tokens current =====
node tools/quality/generate-appearance.mjs --check
status=passed exit=0



===== Repository identity/secrets/BOM audit =====
node scripts/repository-audit.mjs
status=passed exit=0
Repository audit passed: no critical identity, secret, BOM, or manifest findings.



===== Credential configuration contract =====
node scripts/verify-security-config.mjs
status=passed exit=0
Credential vault configuration is optional in this non-production verification context.



===== Tenant-boundary ratchet (existing findings remain) =====
node scripts/audit-tenant-boundaries.mjs --check
status=passed exit=0
Tenant boundary ratchet passed. Current findings: 15; new findings: 0.



===== Strict governed-action boundary =====
node tools/quality/audit-agent-action-boundaries.mjs --check --strict-legacy
status=passed exit=0
{
  "generatedAt": "2026-09-17T20:41:28.298Z",
  "findingCount": 0,
  "errorCount": 0,
  "migrationCount": 0,
  "findings": [],
  "policy": {
    "checkFailsOn": [
      "error",
      "migration"
    ],
    "testsAndFixturesExcluded": true,
    "soleExecutorBoundary": "packages/agent-action-runtime/src/index.mjs"
  }
}



===== Legacy action migration structure =====
node tools/release/verify-legacy-agent-action-migration.mjs
status=passed exit=0
{"ok":true,"requiredFiles":21,"blockingBoundaryFindings":0,"legacyMigrationFindings":0,"nextScopeId":"CRM-PIPE-API-003"}



===== Pipeline API structure =====
node tools/release/verify-pipeline-api-r3.mjs
status=passed exit=0
{"verified":true,"requiredFiles":11,"packageFiles":20}



===== Dual-write structure =====
node tools/release/verify-pipeline-dual-write-r4.mjs
status=passed exit=0
{"ok":true,"requiredFiles":8,"nextScopeId":"CRM-PIPE-POSTGRES-005"}



===== PostgreSQL gate structure (no DB execution) =====
node tools/release/verify-pipeline-postgres-r5.mjs
status=passed exit=0
{"ok":true,"requiredFiles":3,"failures":[],"nextScopeId":"CRM-PIPE-POSTGRES-005"}



===== Migration persistence structure =====
node tools/release/verify-migration-persistence-r13.mjs
status=passed exit=0
{"ok":true,"requiredFiles":8,"parallelScopeId":"MIG-PERSIST-002","nextScopeId":"CRM-PIPE-POSTGRES-005","migrationNextScopeId":"MIG-API-002"}


